分类: 📺央视频道, 名称: CCTV1, 有效: 8, IPv4: 73, IPv6: 0, 最小延迟: 32 ms, 最高速率: 13.70 MiB/s, 平均速率: 6.65 MiB/s, 最高分辨率: 1920x1080, 平均帧率: 25.29, 视频编解码器: h264, 音频编解码器: aac
分类: 📺央视频道, 名称: CCTV2, 有效: 7, IPv4: 51, IPv6: 0, 最小延迟: 33 ms, 最高速率: 19.21 MiB/s, 平均速率: 11.41 MiB/s, 最高分辨率: 1920x1080, 平均帧率: 25.36, 视频编解码器: h264, 音频编解码器: aac
分类: 📺央视频道, 名称: CCTV3, 有效: 7, IPv4: 51, IPv6: 0, 最小延迟: 48 ms, 最高速率: 9.77 MiB/s, 平均速率: 2.65 MiB/s, 最高分辨率: 1920x1080, 平均帧率: 27.27, 视频编解码器: h264, 音频编解码器: aac
分类: 📺央视频道, 名称: CCTV4, 有效: 9, IPv4: 37, IPv6: 0, 最小延迟: 14 ms, 最高速率: 8.37 MiB/s, 平均速率: 3.26 MiB/s, 最高分辨率: 1920x1080, 平均帧率: 25.0, 视频编解码器: h264, 音频编解码器: aac
分类: 📺央视频道, 名称: CCTV4美洲, 有效: 0, IPv4: 14, IPv6: 0, 最小延迟: 496 ms, 最高速率: 0.24 MiB/s, 平均速率: 0.00 MiB/s, 最高分辨率: —, 平均帧率: 25.0, 视频编解码器: h264, 音频编解码器: mp2
分类: 📺央视频道, 名称: CCTV4欧洲, 有效: 0, IPv4: 14, IPv6: 0, 最小延迟: 512 ms, 最高速率: 0.23 MiB/s, 平均速率: 0.00 MiB/s, 最高分辨率: 1920x1080, 平均帧率: 25.0, 视频编解码器: h264, 音频编解码器: mp2
分类: 📺央视频道, 名称: CCTV5, 有效: 6, IPv4: 58, IPv6: 0, 最小延迟: 34 ms, 最高速率: 5.85 MiB/s, 平均速率: 2.48 MiB/s, 最高分辨率: 1920x1080, 平均帧率: 28.42, 视频编解码器: h264, 音频编解码器: aac
分类: 📺央视频道, 名称: CCTV5+, 有效: 5, IPv4: 47, IPv6: 0, 最小延迟: 32 ms, 最高速率: 17.89 MiB/s, 平均速率: 5.88 MiB/s, 最高分辨率: 1920x1080, 平均帧率: 27.08, 视频编解码器: h264, 音频编解码器: mp2
分类: 📺央视频道, 名称: CCTV6, 有效: 7, IPv4: 52, IPv6: 0, 最小延迟: 32 ms, 最高速率: 14.62 MiB/s, 平均速率: 7.42 MiB/s, 最高分辨率: 1920x1080, 平均帧率: 26.76, 视频编解码器: h264, 音频编解码器: aac
分类: 📺央视频道, 名称: CCTV7, 有效: 8, IPv4: 47, IPv6: 0, 最小延迟: 48 ms, 最高速率: 8.24 MiB/s, 平均速率: 3.83 MiB/s, 最高分辨率: 1920x1080, 平均帧率: 26.19, 视频编解码器: h264, 音频编解码器: mp2
分类: 📺央视频道, 名称: CCTV8, 有效: 9, IPv4: 50, IPv6: 0, 最小延迟: 32 ms, 最高速率: 11.66 MiB/s, 平均速率: 5.36 MiB/s, 最高分辨率: 1920x1080, 平均帧率: 26.39, 视频编解码器: h264, 音频编解码器: aac
分类: 📺央视频道, 名称: CCTV9, 有效: 9, IPv4: 50, IPv6: 0, 最小延迟: 32 ms, 最高速率: 18.56 MiB/s, 平均速率: 4.23 MiB/s, 最高分辨率: 1920x1080, 平均帧率: 26.67, 视频编解码器: h264, 音频编解码器: aac
分类: 📺央视频道, 名称: CCTV10, 有效: 9, IPv4: 51, IPv6: 0, 最小延迟: 32 ms, 最高速率: 20.54 MiB/s, 平均速率: 5.24 MiB/s, 最高分辨率: 1920x1080, 平均帧率: 26.19, 视频编解码器: h264, 音频编解码器: aac
分类: 📺央视频道, 名称: CCTV11, 有效: 8, IPv4: 50, IPv6: 0, 最小延迟: 32 ms, 最高速率: 9.71 MiB/s, 平均速率: 5.01 MiB/s, 最高分辨率: 1920x1080, 平均帧率: 29.06, 视频编解码器: h264, 音频编解码器: aac
分类: 📺央视频道, 名称: CCTV12, 有效: 8, IPv4: 50, IPv6: 0, 最小延迟: 32 ms, 最高速率: 24.98 MiB/s, 平均速率: 8.55 MiB/s, 最高分辨率: 1920x1080, 平均帧率: 28.42, 视频编解码器: h264, 音频编解码器: mp2
分类: 📺央视频道, 名称: CCTV13, 有效: 8, IPv4: 53, IPv6: 0, 最小延迟: 32 ms, 最高速率: 21.38 MiB/s, 平均速率: 9.92 MiB/s, 最高分辨率: 1920x1080, 平均帧率: 27.31, 视频编解码器: h264, 音频编解码器: aac
分类: 📺央视频道, 名称: CCTV14, 有效: 8, IPv4: 53, IPv6: 0, 最小延迟: 32 ms, 最高速率: 27.25 MiB/s, 平均速率: 15.87 MiB/s, 最高分辨率: 1920x1080, 平均帧率: 25.29, 视频编解码器: h264, 音频编解码器: aac
分类: 📺央视频道, 名称: CCTV15, 有效: 8, IPv4: 51, IPv6: 0, 最小延迟: 32 ms, 最高速率: 22.96 MiB/s, 平均速率: 11.63 MiB/s, 最高分辨率: 1920x1080, 平均帧率: 25.36, 视频编解码器: h264, 音频编解码器: aac
分类: 📺央视频道, 名称: CCTV16, 有效: 5, IPv4: 21, IPv6: 0, 最小延迟: 35 ms, 最高速率: 9.31 MiB/s, 平均速率: 3.21 MiB/s, 最高分辨率: 3840x2160, 平均帧率: 25.0, 视频编解码器: h264, 音频编解码器: aac
分类: 📺央视频道, 名称: CCTV17, 有效: 8, IPv4: 47, IPv6: 0, 最小延迟: 34 ms, 最高速率: 23.56 MiB/s, 平均速率: 5.30 MiB/s, 最高分辨率: 1920x1080, 平均帧率: 25.0, 视频编解码器: h264, 音频编解码器: aac
分类: 📺央视频道, 名称: CCTV4K, 有效: 1, IPv4: 23, IPv6: 0, 最小延迟: 48 ms, 最高速率: 1.90 MiB/s, 平均速率: 1.90 MiB/s, 最高分辨率: 3840x2160, 平均帧率: 25.0, 视频编解码器: h264, 音频编解码器: aac
分类: 📺央视频道, 名称: CCTV8K, 有效: 1, IPv4: 2, IPv6: 0, 最小延迟: 32 ms, 最高速率: 10.90 MiB/s, 平均速率: 10.90 MiB/s, 最高分辨率: 1280x720, 平均帧率: 25.0, 视频编解码器: h264, 音频编解码器: aac
分类: 📺央视频道, 名称: CETV1, 有效: 2, IPv4: 29, IPv6: 0, 最小延迟: 48 ms, 最高速率: 9.73 MiB/s, 平均速率: 9.35 MiB/s, 最高分辨率: 1920x1080, 平均帧率: 25.0, 视频编解码器: h264, 音频编解码器: mp2
分类: 📺央视频道, 名称: CETV2, 有效: 0, IPv4: 19, IPv6: 0, 最小延迟: 51 ms, 最高速率: 8.97 MiB/s, 平均速率: 0.00 MiB/s, 最高分辨率: 720x576, 平均帧率: 25.0, 视频编解码器: h264, 音频编解码器: aac
分类: 📺央视频道, 名称: CETV3, 有效: 0, IPv4: 4, IPv6: 0, 最小延迟: 33 ms, 最高速率: 24.78 MiB/s, 平均速率: 0.00 MiB/s, 最高分辨率: 720x576, 平均帧率: 25.0, 视频编解码器: h264, 音频编解码器: aac
分类: 📺央视频道, 名称: CETV4, 有效: 0, IPv4: 23, IPv6: 0, 最小延迟: 48 ms, 最高速率: 9.72 MiB/s, 平均速率: 0.00 MiB/s, 最高分辨率: 1920x1080, 平均帧率: 25.0, 视频编解码器: h264, 音频编解码器: mp2
分类: 📺央视频道, 名称: CETV早期教育, 有效: 0, IPv4: 2, IPv6: 0, 最小延迟: 47 ms, 最高速率: 6.38 MiB/s, 平均速率: 0.00 MiB/s, 最高分辨率: 1920x1080, 平均帧率: 25.0, 视频编解码器: h264, 音频编解码器: aac
分类: 📺央视频道, 名称: 第一剧场, 有效: 6, IPv4: 16, IPv6: 0, 最小延迟: 43 ms, 最高速率: 28.22 MiB/s, 平均速率: 18.01 MiB/s, 最高分辨率: 1920x1080, 平均帧率: 25.0, 视频编解码器: h264, 音频编解码器: aac
分类: 📺央视频道, 名称: 怀旧剧场, 有效: 7, IPv4: 16, IPv6: 0, 最小延迟: 32 ms, 最高速率: 32.22 MiB/s, 平均速率: 15.23 MiB/s, 最高分辨率: 1920x1080, 平均帧率: 30.0, 视频编解码器: h264, 音频编解码器: aac
分类: 📺央视频道, 名称: 风云剧场, 有效: 6, IPv4: 14, IPv6: 0, 最小延迟: 35 ms, 最高速率: 32.37 MiB/s, 平均速率: 13.22 MiB/s, 最高分辨率: 1920x1080, 平均帧率: 25.0, 视频编解码器: h264, 音频编解码器: aac
分类: 📺央视频道, 名称: 风云音乐, 有效: 7, IPv4: 16, IPv6: 0, 最小延迟: 32 ms, 最高速率: 29.33 MiB/s, 平均速率: 15.48 MiB/s, 最高分辨率: 1920x1080, 平均帧率: 31.67, 视频编解码器: h264, 音频编解码器: aac
分类: 📺央视频道, 名称: 兵器科技, 有效: 7, IPv4: 15, IPv6: 0, 最小延迟: 36 ms, 最高速率: 41.26 MiB/s, 平均速率: 15.42 MiB/s, 最高分辨率: 1920x1080, 平均帧率: 25.0, 视频编解码器: h264, 音频编解码器: aac
分类: 📺央视频道, 名称: 风云足球, 有效: 7, IPv4: 17, IPv6: 0, 最小延迟: 33 ms, 最高速率: 29.97 MiB/s, 平均速率: 15.45 MiB/s, 最高分辨率: 1920x1080, 平均帧率: 25.0, 视频编解码器: h264, 音频编解码器: aac
分类: 📺央视频道, 名称: 高尔夫网球, 有效: 6, IPv4: 15, IPv6: 0, 最小延迟: 48 ms, 最高速率: 9.43 MiB/s, 平均速率: 4.42 MiB/s, 最高分辨率: 1920x1080, 平均帧率: 29.38, 视频编解码器: h264, 音频编解码器: aac
分类: 📺央视频道, 名称: 央视台球, 有效: 6, IPv4: 16, IPv6: 0, 最小延迟: 48 ms, 最高速率: 13.97 MiB/s, 平均速率: 10.94 MiB/s, 最高分辨率: 1920x1080, 平均帧率: 25.0, 视频编解码器: h264, 音频编解码器: aac
分类: 📺央视频道, 名称: 世界地理, 有效: 6, IPv4: 19, IPv6: 0, 最小延迟: 48 ms, 最高速率: 18.17 MiB/s, 平均速率: 10.17 MiB/s, 最高分辨率: 1920x1080, 平均帧率: 28.12, 视频编解码器: h264, 音频编解码器: aac
分类: 📺央视频道, 名称: 发现之旅, 有效: 0, IPv4: 10, IPv6: 0, 最小延迟: 32 ms, 最高速率: 13.53 MiB/s, 平均速率: 0.00 MiB/s, 最高分辨率: 640x480, 平均帧率: 25.0, 视频编解码器: h264, 音频编解码器: aac
分类: 📺央视频道, 名称: 央视文化精品, 有效: 5, IPv4: 11, IPv6: 0, 最小延迟: 48 ms, 最高速率: 25.19 MiB/s, 平均速率: 11.89 MiB/s, 最高分辨率: 1920x1080, 平均帧率: 25.0, 视频编解码器: h264, 音频编解码器: aac
分类: 📺央视频道, 名称: 女性时尚, 有效: 7, IPv4: 15, IPv6: 0, 最小延迟: 32 ms, 最高速率: 30.92 MiB/s, 平均速率: 18.72 MiB/s, 最高分辨率: 1920x1080, 平均帧率: 25.0, 视频编解码器: h264, 音频编解码器: aac
分类: 📺央视频道, 名称: 百姓健康, 有效: 5, IPv4: 5, IPv6: 0, 最小延迟: 36 ms, 最高速率: 12.04 MiB/s, 平均速率: 9.41 MiB/s, 最高分辨率: 1920x1080, 平均帧率: 25.0, 视频编解码器: h264, 音频编解码器: aac
分类: 📺央视频道, 名称: 电视指南, 有效: 6, IPv4: 15, IPv6: 0, 最小延迟: 33 ms, 最高速率: 33.61 MiB/s, 平均速率: 8.77 MiB/s, 最高分辨率: 1920x1080, 平均帧率: 25.0, 视频编解码器: h264, 音频编解码器: aac
分类: 📺央视频道, 名称: 老故事, 有效: 0, IPv4: 10, IPv6: 0, 最小延迟: 32 ms, 最高速率: 22.97 MiB/s, 平均速率: 0.00 MiB/s, 最高分辨率: 720x576, 平均帧率: 25.0, 视频编解码器: h264, 音频编解码器: aac
分类: 📺央视频道, 名称: 中学生, 有效: 0, IPv4: 5, IPv6: 0, 最小延迟: — ms, 最高速率: 0.00 MiB/s, 平均速率: 0.00 MiB/s, 最高分辨率: —, 平均帧率: 未知, 视频编解码器: 未知, 音频编解码器: 未知
分类: 📺央视频道, 名称: 中国天气, 有效: 0, IPv4: 5, IPv6: 0, 最小延迟: — ms, 最高速率: 0.00 MiB/s, 平均速率: 0.00 MiB/s, 最高分辨率: —, 平均帧率: 未知, 视频编解码器: 未知, 音频编解码器: 未知
分类: 📺央视频道, 名称: CGTN英语, 有效: 0, IPv4: 5, IPv6: 0, 最小延迟: — ms, 最高速率: 0.00 MiB/s, 平均速率: 0.00 MiB/s, 最高分辨率: —, 平均帧率: 未知, 视频编解码器: 未知, 音频编解码器: 未知
分类: 📺央视频道, 名称: CGTN西语, 有效: 2, IPv4: 7, IPv6: 0, 最小延迟: 28 ms, 最高速率: 16.42 MiB/s, 平均速率: 13.52 MiB/s, 最高分辨率: 1920x1080, 平均帧率: 25.0, 视频编解码器: h264, 音频编解码器: aac
分类: 📺央视频道, 名称: CGTN阿语, 有效: 1, IPv4: 9, IPv6: 0, 最小延迟: 38 ms, 最高速率: 12.29 MiB/s, 平均速率: 12.29 MiB/s, 最高分辨率: 1920x1080, 平均帧率: 25.0, 视频编解码器: h264, 音频编解码器: aac
分类: 📺央视频道, 名称: CGTN俄语, 有效: 0, IPv4: 8, IPv6: 0, 最小延迟: — ms, 最高速率: 0.00 MiB/s, 平均速率: 0.00 MiB/s, 最高分辨率: —, 平均帧率: 未知, 视频编解码器: 未知, 音频编解码器: 未知
分类: 📺央视频道, 名称: CGTN法语, 有效: 0, IPv4: 9, IPv6: 0, 最小延迟: — ms, 最高速率: 0.00 MiB/s, 平均速率: 0.00 MiB/s, 最高分辨率: —, 平均帧率: 未知, 视频编解码器: 未知, 音频编解码器: 未知
分类: 🎬电影频道, 名称: CHC影迷电影, 有效: 4, IPv4: 17, IPv6: 0, 最小延迟: 32 ms, 最高速率: 28.15 MiB/s, 平均速率: 16.21 MiB/s, 最高分辨率: 1920x1080, 平均帧率: 25.0, 视频编解码器: h264, 音频编解码器: aac
分类: 🎬电影频道, 名称: CHC动作电影, 有效: 4, IPv4: 15, IPv6: 0, 最小延迟: 32 ms, 最高速率: 24.36 MiB/s, 平均速率: 22.62 MiB/s, 最高分辨率: 1920x1080, 平均帧率: 25.0, 视频编解码器: h264, 音频编解码器: aac
分类: 🎬电影频道, 名称: CHC家庭影院, 有效: 4, IPv4: 15, IPv6: 0, 最小延迟: 32 ms, 最高速率: 24.59 MiB/s, 平均速率: 21.16 MiB/s, 最高分辨率: 1920x1080, 平均帧率: 25.0, 视频编解码器: h264, 音频编解码器: aac
分类: 🎬电影频道, 名称: 黑莓电影, 有效: 0, IPv4: 5, IPv6: 0, 最小延迟: — ms, 最高速率: 0.00 MiB/s, 平均速率: 0.00 MiB/s, 最高分辨率: —, 平均帧率: 未知, 视频编解码器: 未知, 音频编解码器: 未知
分类: 🎬电影频道, 名称: 动作电影, 有效: 1, IPv4: 8, IPv6: 0, 最小延迟: 71 ms, 最高速率: 0.66 MiB/s, 平均速率: 0.66 MiB/s, 最高分辨率: 1280x720, 平均帧率: 25.0, 视频编解码器: h264, 音频编解码器: aac
分类: 🎬电影频道, 名称: 1905电影网, 有效: 0, IPv4: 2, IPv6: 0, 最小延迟: 676 ms, 最高速率: 0.05 MiB/s, 平均速率: 0.00 MiB/s, 最高分辨率: —, 平均帧率: 未知, 视频编解码器: 未知, 音频编解码器: 未知
分类: 🎬电影频道, 名称: 超级电影, 有效: 0, IPv4: 3, IPv6: 0, 最小延迟: — ms, 最高速率: 0.00 MiB/s, 平均速率: 0.00 MiB/s, 最高分辨率: —, 平均帧率: 未知, 视频编解码器: 未知, 音频编解码器: 未知
分类: 🎬电影频道, 名称: 惊悚悬疑, 有效: 0, IPv4: 3, IPv6: 0, 最小延迟: — ms, 最高速率: 0.00 MiB/s, 平均速率: 0.00 MiB/s, 最高分辨率: —, 平均帧率: 未知, 视频编解码器: 未知, 音频编解码器: 未知
分类: 🎬电影频道, 名称: 东方影视, 有效: 1, IPv4: 8, IPv6: 0, 最小延迟: 47 ms, 最高速率: 9.79 MiB/s, 平均速率: 9.79 MiB/s, 最高分辨率: 1920x1080, 平均帧率: 25.0, 视频编解码器: h264, 音频编解码器: aac
分类: 🎬电影频道, 名称: 经典香港电影, 有效: 0, IPv4: 5, IPv6: 0, 最小延迟: — ms, 最高速率: 0.00 MiB/s, 平均速率: 0.00 MiB/s, 最高分辨率: —, 平均帧率: 未知, 视频编解码器: 未知, 音频编解码器: 未知
分类: 🎬电影频道, 名称: 经典电影, 有效: 1, IPv4: 3, IPv6: 0, 最小延迟: 200 ms, 最高速率: 0.82 MiB/s, 平均速率: 0.82 MiB/s, 最高分辨率: 1280x720, 平均帧率: 24.0, 视频编解码器: h264, 音频编解码器: aac
分类: 🎬电影频道, 名称: 新片放映厅, 有效: 0, IPv4: 5, IPv6: 0, 最小延迟: — ms, 最高速率: 0.00 MiB/s, 平均速率: 0.00 MiB/s, 最高分辨率: —, 平均帧率: 未知, 视频编解码器: 未知, 音频编解码器: 未知
分类: 🎬电影频道, 名称: 高清大片, 有效: 0, IPv4: 1, IPv6: 0, 最小延迟: — ms, 最高速率: 0.00 MiB/s, 平均速率: 0.00 MiB/s, 最高分辨率: —, 平均帧率: 未知, 视频编解码器: 未知, 音频编解码器: 未知
分类: 🎬电影频道, 名称: IPTV经典电影, 有效: 0, IPv4: 1, IPv6: 0, 最小延迟: — ms, 最高速率: 0.00 MiB/s, 平均速率: 0.00 MiB/s, 最高分辨率: —, 平均帧率: 未知, 视频编解码器: 未知, 音频编解码器: 未知
分类: 4K频道, 名称: 北京卫视4K, 有效: 6, IPv4: 62, IPv6: 0, 最小延迟: 32 ms, 最高速率: 9.59 MiB/s, 平均速率: 4.74 MiB/s, 最高分辨率: 1920x1080, 平均帧率: 25.0, 视频编解码器: h264, 音频编解码器: aac
分类: 4K频道, 名称: 东方卫视4K, 有效: 4, IPv4: 59, IPv6: 0, 最小延迟: 47 ms, 最高速率: 9.20 MiB/s, 平均速率: 7.84 MiB/s, 最高分辨率: 3840x2160, 平均帧率: 26.32, 视频编解码器: h264, 音频编解码器: aac
分类: 4K频道, 名称: 湖南卫视4K, 有效: 2, IPv4: 11, IPv6: 0, 最小延迟: 22 ms, 最高速率: 12.36 MiB/s, 平均速率: 7.87 MiB/s, 最高分辨率: 3840x2160, 平均帧率: 37.5, 视频编解码器: hevc, 音频编解码器: aac
分类: 4K频道, 名称: 江苏卫视4K, 有效: 0, IPv4: 13, IPv6: 0, 最小延迟: 493 ms, 最高速率: 0.23 MiB/s, 平均速率: 0.00 MiB/s, 最高分辨率: 3840x2160, 平均帧率: 50.0, 视频编解码器: hevc, 音频编解码器: aac
分类: 4K频道, 名称: 深圳卫视4K, 有效: 0, IPv4: 11, IPv6: 0, 最小延迟: 493 ms, 最高速率: 0.23 MiB/s, 平均速率: 0.00 MiB/s, 最高分辨率: 3840x2160, 平均帧率: 25.0, 视频编解码器: hevc, 音频编解码器: aac
分类: 4K频道, 名称: 绚影4K, 有效: 0, IPv4: 2, IPv6: 0, 最小延迟: 530 ms, 最高速率: 0.05 MiB/s, 平均速率: 0.00 MiB/s, 最高分辨率: —, 平均帧率: 未知, 视频编解码器: 未知, 音频编解码器: 未知
分类: 4K频道, 名称: 华数爱上4K, 有效: 0, IPv4: 6, IPv6: 0, 最小延迟: 511 ms, 最高速率: 0.23 MiB/s, 平均速率: 0.00 MiB/s, 最高分辨率: 3840x2160, 平均帧率: 未知, 视频编解码器: hevc, 音频编解码器: aac
分类: 4K频道, 名称: 爱上4K, 有效: 0, IPv4: 2, IPv6: 0, 最小延迟: 549 ms, 最高速率: 0.23 MiB/s, 平均速率: 0.00 MiB/s, 最高分辨率: —, 平均帧率: 25.0, 视频编解码器: hevc, 音频编解码器: aac
分类: 4K频道, 名称: 南国都市4K, 有效: 0, IPv4: 8, IPv6: 0, 最小延迟: 258 ms, 最高速率: 0.23 MiB/s, 平均速率: 0.00 MiB/s, 最高分辨率: 1920x1080, 平均帧率: 50.0, 视频编解码器: h264, 音频编解码器: aac
分类: 卫视频道, 名称: 重温经典, 有效: 5, IPv4: 15, IPv6: 0, 最小延迟: 48 ms, 最高速率: 11.91 MiB/s, 平均速率: 9.85 MiB/s, 最高分辨率: 1920x1080, 平均帧率: 25.0, 视频编解码器: h264, 音频编解码器: aac
分类: 卫视频道, 名称: 湖南卫视, 有效: 4, IPv4: 37, IPv6: 0, 最小延迟: 40 ms, 最高速率: 2.92 MiB/s, 平均速率: 1.23 MiB/s, 最高分辨率: 1920x1080, 平均帧率: 25.0, 视频编解码器: h264, 音频编解码器: mp2
分类: 卫视频道, 名称: 浙江卫视, 有效: 2, IPv4: 37, IPv6: 0, 最小延迟: 48 ms, 最高速率: 8.44 MiB/s, 平均速率: 4.97 MiB/s, 最高分辨率: 1920x1080, 平均帧率: 25.0, 视频编解码器: h264, 音频编解码器: aac
分类: 卫视频道, 名称: 江苏卫视, 有效: 2, IPv4: 42, IPv6: 0, 最小延迟: 48 ms, 最高速率: 9.38 MiB/s, 平均速率: 4.95 MiB/s, 最高分辨率: 1920x1080, 平均帧率: 27.08, 视频编解码器: h264, 音频编解码器: mp2
分类: 卫视频道, 名称: 安徽卫视, 有效: 4, IPv4: 37, IPv6: 0, 最小延迟: 32 ms, 最高速率: 12.53 MiB/s, 平均速率: 4.03 MiB/s, 最高分辨率: 1920x1080, 平均帧率: 26.92, 视频编解码器: h264, 音频编解码器: mp2
分类: 卫视频道, 名称: 重庆卫视, 有效: 3, IPv4: 40, IPv6: 0, 最小延迟: 48 ms, 最高速率: 8.90 MiB/s, 平均速率: 5.27 MiB/s, 最高分辨率: 1920x1080, 平均帧率: 25.0, 视频编解码器: h264, 音频编解码器: mp2
分类: 卫视频道, 名称: 四川卫视, 有效: 3, IPv4: 33, IPv6: 0, 最小延迟: 48 ms, 最高速率: 9.09 MiB/s, 平均速率: 3.41 MiB/s, 最高分辨率: 1920x1080, 平均帧率: 25.0, 视频编解码器: h264, 音频编解码器: mp2
分类: 卫视频道, 名称: 东南卫视, 有效: 5, IPv4: 43, IPv6: 0, 最小延迟: 48 ms, 最高速率: 8.51 MiB/s, 平均速率: 2.20 MiB/s, 最高分辨率: 1920x1080, 平均帧率: 25.0, 视频编解码器: h264, 音频编解码器: aac
分类: 卫视频道, 名称: 深圳卫视, 有效: 3, IPv4: 35, IPv6: 0, 最小延迟: 48 ms, 最高速率: 2.30 MiB/s, 平均速率: 1.34 MiB/s, 最高分辨率: 1920x1080, 平均帧率: 30.0, 视频编解码器: h264, 音频编解码器: mp2
分类: 卫视频道, 名称: 广东卫视, 有效: 4, IPv4: 43, IPv6: 0, 最小延迟: 33 ms, 最高速率: 8.44 MiB/s, 平均速率: 2.53 MiB/s, 最高分辨率: 1920x1080, 平均帧率: 25.0, 视频编解码器: h264, 音频编解码器: mp2
分类: 卫视频道, 名称: 广西卫视, 有效: 4, IPv4: 33, IPv6: 0, 最小延迟: 47 ms, 最高速率: 8.65 MiB/s, 平均速率: 2.74 MiB/s, 最高分辨率: 1920x1080, 平均帧率: 25.0, 视频编解码器: h264, 音频编解码器: mp2
分类: 卫视频道, 名称: 厦门卫视, 有效: 0, IPv4: 11, IPv6: 0, 最小延迟: 47 ms, 最高速率: 9.80 MiB/s, 平均速率: 0.00 MiB/s, 最高分辨率: 720x576, 平均帧率: 25.0, 视频编解码器: h264, 音频编解码器: aac
分类: 卫视频道, 名称: 甘肃卫视, 有效: 3, IPv4: 30, IPv6: 0, 最小延迟: 47 ms, 最高速率: 9.75 MiB/s, 平均速率: 9.61 MiB/s, 最高分辨率: 1920x1080, 平均帧率: 25.0, 视频编解码器: h264, 音频编解码器: aac
分类: 卫视频道, 名称: 贵州卫视, 有效: 3, IPv4: 32, IPv6: 0, 最小延迟: 32 ms, 最高速率: 14.45 MiB/s, 平均速率: 8.98 MiB/s, 最高分辨率: 1920x1080, 平均帧率: 25.0, 视频编解码器: h264, 音频编解码器: mp2
分类: 卫视频道, 名称: 河北卫视, 有效: 5, IPv4: 38, IPv6: 0, 最小延迟: 48 ms, 最高速率: 1.78 MiB/s, 平均速率: 1.23 MiB/s, 最高分辨率: 1920x1080, 平均帧率: 25.0, 视频编解码器: h264, 音频编解码器: mp2
分类: 卫视频道, 名称: 河南卫视, 有效: 3, IPv4: 40, IPv6: 0, 最小延迟: 48 ms, 最高速率: 8.45 MiB/s, 平均速率: 3.99 MiB/s, 最高分辨率: 1920x1080, 平均帧率: 25.0, 视频编解码器: h264, 音频编解码器: mp2
分类: 卫视频道, 名称: 黑龙江卫视, 有效: 3, IPv4: 35, IPv6: 0, 最小延迟: 48 ms, 最高速率: 4.92 MiB/s, 平均速率: 3.81 MiB/s, 最高分辨率: 1920x1080, 平均帧率: 28.5, 视频编解码器: h264, 音频编解码器: mp2
分类: 卫视频道, 名称: 湖北卫视, 有效: 2, IPv4: 37, IPv6: 0, 最小延迟: 48 ms, 最高速率: 7.96 MiB/s, 平均速率: 4.50 MiB/s, 最高分辨率: 1920x1080, 平均帧率: 25.0, 视频编解码器: h264, 音频编解码器: mp2
分类: 卫视频道, 名称: 江西卫视, 有效: 1, IPv4: 40, IPv6: 0, 最小延迟: 33 ms, 最高速率: 5.41 MiB/s, 平均速率: 5.41 MiB/s, 最高分辨率: 1920x1080, 平均帧率: 27.5, 视频编解码器: h264, 音频编解码器: mp2
分类: 卫视频道, 名称: 吉林卫视, 有效: 3, IPv4: 36, IPv6: 0, 最小延迟: 48 ms, 最高速率: 9.72 MiB/s, 平均速率: 5.42 MiB/s, 最高分辨率: 1920x1080, 平均帧率: 25.0, 视频编解码器: h264, 音频编解码器: mp2
分类: 卫视频道, 名称: 内蒙古卫视, 有效: 5, IPv4: 27, IPv6: 0, 最小延迟: 48 ms, 最高速率: 9.74 MiB/s, 平均速率: 2.80 MiB/s, 最高分辨率: 1920x1080, 平均帧率: 25.0, 视频编解码器: h264, 音频编解码器: aac
分类: 卫视频道, 名称: 辽宁卫视, 有效: 3, IPv4: 39, IPv6: 0, 最小延迟: 32 ms, 最高速率: 38.83 MiB/s, 平均速率: 18.71 MiB/s, 最高分辨率: 1920x1080, 平均帧率: 25.0, 视频编解码器: h264, 音频编解码器: mp2
分类: 卫视频道, 名称: 宁夏卫视, 有效: 4, IPv4: 30, IPv6: 0, 最小延迟: 48 ms, 最高速率: 8.09 MiB/s, 平均速率: 3.21 MiB/s, 最高分辨率: 3840x2160, 平均帧率: 25.0, 视频编解码器: h264, 音频编解码器: aac
分类: 卫视频道, 名称: 青海卫视, 有效: 4, IPv4: 38, IPv6: 0, 最小延迟: 47 ms, 最高速率: 13.49 MiB/s, 平均速率: 7.07 MiB/s, 最高分辨率: 1920x1080, 平均帧率: 25.0, 视频编解码器: h264, 音频编解码器: mp2
分类: 卫视频道, 名称: 山东卫视, 有效: 3, IPv4: 34, IPv6: 0, 最小延迟: 47 ms, 最高速率: 9.76 MiB/s, 平均速率: 3.61 MiB/s, 最高分辨率: 1920x1080, 平均帧率: 26.67, 视频编解码器: h264, 音频编解码器: mp2
分类: 卫视频道, 名称: 山东教育卫视, 有效: 2, IPv4: 18, IPv6: 0, 最小延迟: 411 ms, 最高速率: 0.32 MiB/s, 平均速率: 0.27 MiB/s, 最高分辨率: 1920x1080, 平均帧率: 25.0, 视频编解码器: h264, 音频编解码器: mp2
分类: 卫视频道, 名称: 山西卫视, 有效: 2, IPv4: 24, IPv6: 0, 最小延迟: 50 ms, 最高速率: 4.22 MiB/s, 平均速率: 2.50 MiB/s, 最高分辨率: 1920x1080, 平均帧率: 25.0, 视频编解码器: h264, 音频编解码器: mp2
分类: 卫视频道, 名称: 天津卫视, 有效: 2, IPv4: 31, IPv6: 0, 最小延迟: 48 ms, 最高速率: 8.11 MiB/s, 平均速率: 4.31 MiB/s, 最高分辨率: 1920x1080, 平均帧率: 25.0, 视频编解码器: h264, 音频编解码器: aac
分类: 卫视频道, 名称: 海南卫视, 有效: 0, IPv4: 28, IPv6: 0, 最小延迟: 506 ms, 最高速率: 0.23 MiB/s, 平均速率: 0.00 MiB/s, 最高分辨率: 1920x1080, 平均帧率: 25.0, 视频编解码器: h264, 音频编解码器: mp2
分类: 卫视频道, 名称: 新疆卫视, 有效: 1, IPv4: 24, IPv6: 0, 最小延迟: 33 ms, 最高速率: 9.75 MiB/s, 平均速率: 9.75 MiB/s, 最高分辨率: 1920x1080, 平均帧率: 28.57, 视频编解码器: h264, 音频编解码器: aac
分类: 卫视频道, 名称: 云南卫视, 有效: 3, IPv4: 26, IPv6: 0, 最小延迟: 48 ms, 最高速率: 9.09 MiB/s, 平均速率: 3.49 MiB/s, 最高分辨率: 1920x1080, 平均帧率: 25.0, 视频编解码器: h264, 音频编解码器: mp2
分类: 卫视频道, 名称: 西藏卫视, 有效: 0, IPv4: 21, IPv6: 0, 最小延迟: 52 ms, 最高速率: 0.42 MiB/s, 平均速率: 0.00 MiB/s, 最高分辨率: 1920x1080, 平均帧率: 31.25, 视频编解码器: h264, 音频编解码器: mp2
分类: 卫视频道, 名称: 海峡卫视, 有效: 0, IPv4: 6, IPv6: 0, 最小延迟: 389 ms, 最高速率: 0.10 MiB/s, 平均速率: 0.00 MiB/s, 最高分辨率: —, 平均帧率: 未知, 视频编解码器: 未知, 音频编解码器: 未知
分类: 卫视频道, 名称: 兵团卫视, 有效: 0, IPv4: 28, IPv6: 0, 最小延迟: 48 ms, 最高速率: 9.56 MiB/s, 平均速率: 0.00 MiB/s, 最高分辨率: 720x576, 平均帧率: 30.56, 视频编解码器: h264, 音频编解码器: mp2
分类: 卫视频道, 名称: 安多卫视, 有效: 0, IPv4: 3, IPv6: 0, 最小延迟: — ms, 最高速率: 0.00 MiB/s, 平均速率: 0.00 MiB/s, 最高分辨率: —, 平均帧率: 未知, 视频编解码器: 未知, 音频编解码器: 未知
分类: 卫视频道, 名称: 陕西卫视, 有效: 3, IPv4: 28, IPv6: 0, 最小延迟: 49 ms, 最高速率: 7.93 MiB/s, 平均速率: 5.53 MiB/s, 最高分辨率: 1920x1080, 平均帧率: 25.0, 视频编解码器: h264, 音频编解码器: aac
分类: 卫视频道, 名称: 农林卫视, 有效: 0, IPv4: 8, IPv6: 0, 最小延迟: — ms, 最高速率: 0.00 MiB/s, 平均速率: 0.00 MiB/s, 最高分辨率: —, 平均帧率: 未知, 视频编解码器: 未知, 音频编解码器: 未知
分类: 卫视频道, 名称: 三沙卫视, 有效: 0, IPv4: 19, IPv6: 0, 最小延迟: 48 ms, 最高速率: 7.27 MiB/s, 平均速率: 0.00 MiB/s, 最高分辨率: 720x576, 平均帧率: 25.0, 视频编解码器: h264, 音频编解码器: mp2
分类: 卫视频道, 名称: 延边卫视, 有效: 0, IPv4: 4, IPv6: 0, 最小延迟: — ms, 最高速率: 0.00 MiB/s, 平均速率: 0.00 MiB/s, 最高分辨率: —, 平均帧率: 未知, 视频编解码器: 未知, 音频编解码器: 未知
分类: 卫视频道, 名称: 旅游卫视, 有效: 0, IPv4: 1, IPv6: 0, 最小延迟: 389 ms, 最高速率: 0.33 MiB/s, 平均速率: 0.00 MiB/s, 最高分辨率: 720x576, 平均帧率: 50.0, 视频编解码器: h264, 音频编解码器: mp2
分类: 📡特色频道, 名称: 华数少儿动画, 有效: 0, IPv4: 5, IPv6: 0, 最小延迟: 504 ms, 最高速率: 0.21 MiB/s, 平均速率: 0.00 MiB/s, 最高分辨率: 1920x1080, 平均帧率: 25.0, 视频编解码器: h264, 音频编解码器: mp2
分类: 📡特色频道, 名称: 4K乐享超清, 有效: 0, IPv4: 2, IPv6: 0, 最小延迟: 557 ms, 最高速率: 0.24 MiB/s, 平均速率: 0.00 MiB/s, 最高分辨率: —, 平均帧率: 25.0, 视频编解码器: h264, 音频编解码器: mp2
分类: 📡特色频道, 名称: 华数动画, 有效: 0, IPv4: 5, IPv6: 0, 最小延迟: 515 ms, 最高速率: 0.21 MiB/s, 平均速率: 0.00 MiB/s, 最高分辨率: 1920x1080, 平均帧率: 25.0, 视频编解码器: h264, 音频编解码器: mp2
分类: 📡特色频道, 名称: 华数喜剧影院, 有效: 0, IPv4: 6, IPv6: 0, 最小延迟: 510 ms, 最高速率: 0.21 MiB/s, 平均速率: 0.00 MiB/s, 最高分辨率: 1920x1080, 平均帧率: 25.0, 视频编解码器: h264, 音频编解码器: mp2
分类: 📡特色频道, 名称: 华数动作影院, 有效: 0, IPv4: 6, IPv6: 0, 最小延迟: 507 ms, 最高速率: 0.21 MiB/s, 平均速率: 0.00 MiB/s, 最高分辨率: 1920x1080, 平均帧率: 25.0, 视频编解码器: h264, 音频编解码器: mp2
分类: 📡特色频道, 名称: 华数家庭影院, 有效: 0, IPv4: 6, IPv6: 0, 最小延迟: 523 ms, 最高速率: 0.21 MiB/s, 平均速率: 0.00 MiB/s, 最高分辨率: 1920x1080, 平均帧率: 25.0, 视频编解码器: h264, 音频编解码器: mp2
分类: 📡特色频道, 名称: 华数星影, 有效: 0, IPv4: 6, IPv6: 0, 最小延迟: 504 ms, 最高速率: 0.18 MiB/s, 平均速率: 0.00 MiB/s, 最高分辨率: —, 平均帧率: 未知, 视频编解码器: 未知, 音频编解码器: 未知
分类: 📡特色频道, 名称: 华数经典电影, 有效: 0, IPv4: 7, IPv6: 0, 最小延迟: 511 ms, 最高速率: 0.21 MiB/s, 平均速率: 0.00 MiB/s, 最高分辨率: 1920x1080, 平均帧率: 25.0, 视频编解码器: h264, 音频编解码器: mp2
分类: 📡特色频道, 名称: 华数热播剧场, 有效: 0, IPv4: 6, IPv6: 0, 最小延迟: 522 ms, 最高速率: 0.21 MiB/s, 平均速率: 0.00 MiB/s, 最高分辨率: 1920x1080, 平均帧率: 25.0, 视频编解码器: h264, 音频编解码器: mp2
分类: 📡特色频道, 名称: 华数魅力时尚, 有效: 0, IPv4: 6, IPv6: 0, 最小延迟: 506 ms, 最高速率: 0.21 MiB/s, 平均速率: 0.00 MiB/s, 最高分辨率: 1920x1080, 平均帧率: 25.0, 视频编解码器: h264, 音频编解码器: mp2
分类: 📡特色频道, 名称: 华数城市剧场, 有效: 0, IPv4: 5, IPv6: 0, 最小延迟: 528 ms, 最高速率: 0.21 MiB/s, 平均速率: 0.00 MiB/s, 最高分辨率: —, 平均帧率: 25.0, 视频编解码器: h264, 音频编解码器: mp2
分类: 📡特色频道, 名称: 华数军旅剧场, 有效: 0, IPv4: 6, IPv6: 0, 最小延迟: 518 ms, 最高速率: 0.21 MiB/s, 平均速率: 0.00 MiB/s, 最高分辨率: 1920x1080, 平均帧率: 25.0, 视频编解码器: h264, 音频编解码器: mp2
分类: 📡特色频道, 名称: 新动力量创一流, 有效: 0, IPv4: 4, IPv6: 0, 最小延迟: — ms, 最高速率: 0.00 MiB/s, 平均速率: 0.00 MiB/s, 最高分辨率: —, 平均帧率: 未知, 视频编解码器: 未知, 音频编解码器: 未知
分类: 📡特色频道, 名称: 华数古装剧场, 有效: 0, IPv4: 4, IPv6: 0, 最小延迟: 525 ms, 最高速率: 0.21 MiB/s, 平均速率: 0.00 MiB/s, 最高分辨率: 1920x1080, 平均帧率: 25.0, 视频编解码器: h264, 音频编解码器: mp2
分类: 📡特色频道, 名称: 新动漫, 有效: 0, IPv4: 7, IPv6: 0, 最小延迟: 505 ms, 最高速率: 0.05 MiB/s, 平均速率: 0.00 MiB/s, 最高分辨率: —, 平均帧率: 未知, 视频编解码器: 未知, 音频编解码器: 未知
分类: 📡特色频道, 名称: 最强综艺趴, 有效: 0, IPv4: 5, IPv6: 0, 最小延迟: — ms, 最高速率: 0.00 MiB/s, 平均速率: 0.00 MiB/s, 最高分辨率: —, 平均帧率: 未知, 视频编解码器: 未知, 音频编解码器: 未知
分类: 📡特色频道, 名称: 新视觉, 有效: 0, IPv4: 3, IPv6: 0, 最小延迟: — ms, 最高速率: 0.00 MiB/s, 平均速率: 0.00 MiB/s, 最高分辨率: —, 平均帧率: 未知, 视频编解码器: 未知, 音频编解码器: 未知
分类: 📡特色频道, 名称: 古装剧场, 有效: 0, IPv4: 2, IPv6: 0, 最小延迟: — ms, 最高速率: 0.00 MiB/s, 平均速率: 0.00 MiB/s, 最高分辨率: —, 平均帧率: 未知, 视频编解码器: 未知, 音频编解码器: 未知
分类: 📡特色频道, 名称: 东北热剧, 有效: 0, IPv4: 2, IPv6: 0, 最小延迟: — ms, 最高速率: 0.00 MiB/s, 平均速率: 0.00 MiB/s, 最高分辨率: —, 平均帧率: 未知, 视频编解码器: 未知, 音频编解码器: 未知
分类: 📡特色频道, 名称: 中国功夫, 有效: 0, IPv4: 2, IPv6: 0, 最小延迟: — ms, 最高速率: 0.00 MiB/s, 平均速率: 0.00 MiB/s, 最高分辨率: —, 平均帧率: 未知, 视频编解码器: 未知, 音频编解码器: 未知
分类: 📡特色频道, 名称: 军事评论, 有效: 0, IPv4: 2, IPv6: 0, 最小延迟: — ms, 最高速率: 0.00 MiB/s, 平均速率: 0.00 MiB/s, 最高分辨率: —, 平均帧率: 未知, 视频编解码器: 未知, 音频编解码器: 未知
分类: 📡特色频道, 名称: 军旅剧场, 有效: 0, IPv4: 2, IPv6: 0, 最小延迟: — ms, 最高速率: 0.00 MiB/s, 平均速率: 0.00 MiB/s, 最高分辨率: —, 平均帧率: 未知, 视频编解码器: 未知, 音频编解码器: 未知
分类: 📡特色频道, 名称: 农业致富, 有效: 0, IPv4: 2, IPv6: 0, 最小延迟: — ms, 最高速率: 0.00 MiB/s, 平均速率: 0.00 MiB/s, 最高分辨率: —, 平均帧率: 未知, 视频编解码器: 未知, 音频编解码器: 未知
分类: 📡特色频道, 名称: 家庭剧场, 有效: 0, IPv4: 3, IPv6: 0, 最小延迟: — ms, 最高速率: 0.00 MiB/s, 平均速率: 0.00 MiB/s, 最高分辨率: —, 平均帧率: 未知, 视频编解码器: 未知, 音频编解码器: 未知
分类: 📡特色频道, 名称: 怡伴健康, 有效: 0, IPv4: 4, IPv6: 0, 最小延迟: — ms, 最高速率: 0.00 MiB/s, 平均速率: 0.00 MiB/s, 最高分辨率: —, 平均帧率: 未知, 视频编解码器: 未知, 音频编解码器: 未知
分类: 📡特色频道, 名称: 明星大片, 有效: 0, IPv4: 3, IPv6: 0, 最小延迟: — ms, 最高速率: 0.00 MiB/s, 平均速率: 0.00 MiB/s, 最高分辨率: —, 平均帧率: 未知, 视频编解码器: 未知, 音频编解码器: 未知
分类: 📡特色频道, 名称: 欢乐剧场, 有效: 0, IPv4: 2, IPv6: 0, 最小延迟: — ms, 最高速率: 0.00 MiB/s, 平均速率: 0.00 MiB/s, 最高分辨率: —, 平均帧率: 未知, 视频编解码器: 未知, 音频编解码器: 未知
分类: 📡特色频道, 名称: 武搏世界, 有效: 0, IPv4: 2, IPv6: 0, 最小延迟: — ms, 最高速率: 0.00 MiB/s, 平均速率: 0.00 MiB/s, 最高分辨率: —, 平均帧率: 未知, 视频编解码器: 未知, 音频编解码器: 未知
分类: 📡特色频道, 名称: 潮妈辣婆, 有效: 0, IPv4: 2, IPv6: 0, 最小延迟: — ms, 最高速率: 0.00 MiB/s, 平均速率: 0.00 MiB/s, 最高分辨率: —, 平均帧率: 未知, 视频编解码器: 未知, 音频编解码器: 未知
分类: 📡特色频道, 名称: 炫舞未来, 有效: 0, IPv4: 3, IPv6: 0, 最小延迟: — ms, 最高速率: 0.00 MiB/s, 平均速率: 0.00 MiB/s, 最高分辨率: —, 平均帧率: 未知, 视频编解码器: 未知, 音频编解码器: 未知
分类: 📡特色频道, 名称: 爱情喜剧, 有效: 0, IPv4: 2, IPv6: 0, 最小延迟: — ms, 最高速率: 0.00 MiB/s, 平均速率: 0.00 MiB/s, 最高分辨率: —, 平均帧率: 未知, 视频编解码器: 未知, 音频编解码器: 未知
分类: 📡特色频道, 名称: 精品大剧, 有效: 0, IPv4: 3, IPv6: 0, 最小延迟: — ms, 最高速率: 0.00 MiB/s, 平均速率: 0.00 MiB/s, 最高分辨率: —, 平均帧率: 未知, 视频编解码器: 未知, 音频编解码器: 未知
分类: 📡特色频道, 名称: 精品萌宠, 有效: 0, IPv4: 2, IPv6: 0, 最小延迟: — ms, 最高速率: 0.00 MiB/s, 平均速率: 0.00 MiB/s, 最高分辨率: —, 平均帧率: 未知, 视频编解码器: 未知, 音频编解码器: 未知
分类: 📡特色频道, 名称: 超级电视剧, 有效: 0, IPv4: 3, IPv6: 0, 最小延迟: — ms, 最高速率: 0.00 MiB/s, 平均速率: 0.00 MiB/s, 最高分辨率: —, 平均帧率: 未知, 视频编解码器: 未知, 音频编解码器: 未知
分类: 📡特色频道, 名称: 超级综艺, 有效: 0, IPv4: 3, IPv6: 0, 最小延迟: — ms, 最高速率: 0.00 MiB/s, 平均速率: 0.00 MiB/s, 最高分辨率: —, 平均帧率: 未知, 视频编解码器: 未知, 音频编解码器: 未知
分类: 📡特色频道, 名称: 金牌综艺, 有效: 0, IPv4: 3, IPv6: 0, 最小延迟: — ms, 最高速率: 0.00 MiB/s, 平均速率: 0.00 MiB/s, 最高分辨率: —, 平均帧率: 未知, 视频编解码器: 未知, 音频编解码器: 未知
分类: 📡特色频道, 名称: 魅力潇湘, 有效: 0, IPv4: 2, IPv6: 0, 最小延迟: — ms, 最高速率: 0.00 MiB/s, 平均速率: 0.00 MiB/s, 最高分辨率: —, 平均帧率: 未知, 视频编解码器: 未知, 音频编解码器: 未知
分类: 📡特色频道, 名称: IPTV收视指南, 有效: 0, IPv4: 1, IPv6: 0, 最小延迟: — ms, 最高速率: 0.00 MiB/s, 平均速率: 0.00 MiB/s, 最高分辨率: —, 平均帧率: 未知, 视频编解码器: 未知, 音频编解码器: 未知
分类: ☘️安徽频道, 名称: 安徽国际, 有效: 0, IPv4: 1, IPv6: 0, 最小延迟: 359 ms, 最高速率: 0.51 MiB/s, 平均速率: 0.00 MiB/s, 最高分辨率: —, 平均帧率: 未知, 视频编解码器: 未知, 音频编解码器: 未知
分类: ☘️安徽频道, 名称: 安徽影视, 有效: 0, IPv4: 1, IPv6: 0, 最小延迟: — ms, 最高速率: 0.00 MiB/s, 平均速率: 0.00 MiB/s, 最高分辨率: —, 平均帧率: 未知, 视频编解码器: 未知, 音频编解码器: 未知
分类: ☘️安徽频道, 名称: 安徽经济生活, 有效: 0, IPv4: 1, IPv6: 0, 最小延迟: — ms, 最高速率: 0.00 MiB/s, 平均速率: 0.00 MiB/s, 最高分辨率: —, 平均帧率: 未知, 视频编解码器: 未知, 音频编解码器: 未知
分类: ☘️安徽频道, 名称: 灵璧综合, 有效: 0, IPv4: 1, IPv6: 0, 最小延迟: 491 ms, 最高速率: 0.08 MiB/s, 平均速率: 0.00 MiB/s, 最高分辨率: —, 平均帧率: 未知, 视频编解码器: 未知, 音频编解码器: 未知
分类: ☘️安徽频道, 名称: 安徽导视, 有效: 0, IPv4: 1, IPv6: 0, 最小延迟: 207 ms, 最高速率: 0.22 MiB/s, 平均速率: 0.00 MiB/s, 最高分辨率: 1920x1080, 平均帧率: 30.0, 视频编解码器: h264, 音频编解码器: aac
分类: ☘️安徽频道, 名称: 安徽综艺体育, 有效: 0, IPv4: 1, IPv6: 0, 最小延迟: — ms, 最高速率: 0.00 MiB/s, 平均速率: 0.00 MiB/s, 最高分辨率: —, 平均帧率: 未知, 视频编解码器: 未知, 音频编解码器: 未知
分类: ☘️安徽频道, 名称: 固镇新闻, 有效: 0, IPv4: 1, IPv6: 0, 最小延迟: 330 ms, 最高速率: 0.22 MiB/s, 平均速率: 0.00 MiB/s, 最高分辨率: 1920x1080, 平均帧率: 25.0, 视频编解码器: h264, 音频编解码器: aac
分类: ☘️安徽频道, 名称: 广德生活, 有效: 0, IPv4: 1, IPv6: 0, 最小延迟: — ms, 最高速率: 0.00 MiB/s, 平均速率: 0.00 MiB/s, 最高分辨率: —, 平均帧率: 未知, 视频编解码器: 未知, 音频编解码器: 未知
分类: ☘️北京频道, 名称: 北京国际, 有效: 0, IPv4: 4, IPv6: 0, 最小延迟: 385 ms, 最高速率: 0.25 MiB/s, 平均速率: 0.00 MiB/s, 最高分辨率: 1920x1080, 平均帧率: 25.0, 视频编解码器: h264, 音频编解码器: aac
分类: ☘️北京频道, 名称: 北京新闻, 有效: 1, IPv4: 6, IPv6: 0, 最小延迟: 3 ms, 最高速率: 15.18 MiB/s, 平均速率: 15.18 MiB/s, 最高分辨率: 1920x1080, 平均帧率: 25.0, 视频编解码器: h264, 音频编解码器: aac
分类: ☘️北京频道, 名称: 北京影视, 有效: 0, IPv4: 5, IPv6: 0, 最小延迟: 388 ms, 最高速率: 0.25 MiB/s, 平均速率: 0.00 MiB/s, 最高分辨率: 1920x1080, 平均帧率: 25.0, 视频编解码器: h264, 音频编解码器: aac
分类: ☘️北京频道, 名称: 北京文艺, 有效: 0, IPv4: 5, IPv6: 0, 最小延迟: 386 ms, 最高速率: 0.26 MiB/s, 平均速率: 0.00 MiB/s, 最高分辨率: 1920x1080, 平均帧率: 25.0, 视频编解码器: h264, 音频编解码器: aac
分类: ☘️北京频道, 名称: 北京卡酷少儿, 有效: 0, IPv4: 22, IPv6: 0, 最小延迟: 32 ms, 最高速率: 9.78 MiB/s, 平均速率: 0.00 MiB/s, 最高分辨率: 1920x1080, 平均帧率: 25.0, 视频编解码器: h264, 音频编解码器: aac
分类: ☘️北京频道, 名称: 北京体育休闲, 有效: 0, IPv4: 4, IPv6: 0, 最小延迟: 380 ms, 最高速率: 0.24 MiB/s, 平均速率: 0.00 MiB/s, 最高分辨率: 1920x1080, 平均帧率: 25.0, 视频编解码器: h264, 音频编解码器: aac
分类: ☘️北京频道, 名称: 北京生活, 有效: 0, IPv4: 5, IPv6: 0, 最小延迟: 382 ms, 最高速率: 0.25 MiB/s, 平均速率: 0.00 MiB/s, 最高分辨率: 1920x1080, 平均帧率: 25.0, 视频编解码器: h264, 音频编解码器: aac
分类: ☘️北京频道, 名称: 北京纪实科教, 有效: 4, IPv4: 10, IPv6: 0, 最小延迟: 36 ms, 最高速率: 9.96 MiB/s, 平均速率: 9.73 MiB/s, 最高分辨率: 1920x1080, 平均帧率: 25.0, 视频编解码器: h264, 音频编解码器: aac
分类: ☘️北京频道, 名称: 北京财经, 有效: 0, IPv4: 5, IPv6: 0, 最小延迟: 393 ms, 最高速率: 0.26 MiB/s, 平均速率: 0.00 MiB/s, 最高分辨率: 1920x1080, 平均帧率: 25.0, 视频编解码器: h264, 音频编解码器: aac
分类: ☘️北京频道, 名称: 淘Baby, 有效: 0, IPv4: 7, IPv6: 0, 最小延迟: 535 ms, 最高速率: 0.23 MiB/s, 平均速率: 0.00 MiB/s, 最高分辨率: —, 平均帧率: 25.0, 视频编解码器: h264, 音频编解码器: aac
分类: ☘️北京频道, 名称: 北京青年, 有效: 0, IPv4: 2, IPv6: 0, 最小延迟: — ms, 最高速率: 0.00 MiB/s, 平均速率: 0.00 MiB/s, 最高分辨率: —, 平均帧率: 未知, 视频编解码器: 未知, 音频编解码器: 未知
分类: ☘️北京频道, 名称: 淘剧场, 有效: 0, IPv4: 7, IPv6: 0, 最小延迟: 518 ms, 最高速率: 0.22 MiB/s, 平均速率: 0.00 MiB/s, 最高分辨率: 1920x1080, 平均帧率: 25.0, 视频编解码器: h264, 音频编解码器: aac
分类: ☘️北京频道, 名称: 淘电影, 有效: 0, IPv4: 7, IPv6: 0, 最小延迟: 535 ms, 最高速率: 0.23 MiB/s, 平均速率: 0.00 MiB/s, 最高分辨率: 1920x1080, 平均帧率: 25.0, 视频编解码器: h264, 音频编解码器: aac
分类: ☘️北京频道, 名称: 淘娱乐, 有效: 0, IPv4: 7, IPv6: 0, 最小延迟: 511 ms, 最高速率: 0.23 MiB/s, 平均速率: 0.00 MiB/s, 最高分辨率: 1920x1080, 平均帧率: 25.0, 视频编解码器: h264, 音频编解码器: aac
分类: ☘️北京频道, 名称: 萌宠TV, 有效: 0, IPv4: 5, IPv6: 0, 最小延迟: 518 ms, 最高速率: 0.24 MiB/s, 平均速率: 0.00 MiB/s, 最高分辨率: 1920x1080, 平均帧率: 25.0, 视频编解码器: h264, 音频编解码器: aac
分类: ☘️北京频道, 名称: 房山电视台, 有效: 0, IPv4: 2, IPv6: 0, 最小延迟: — ms, 最高速率: 0.00 MiB/s, 平均速率: 0.00 MiB/s, 最高分辨率: —, 平均帧率: 未知, 视频编解码器: 未知, 音频编解码器: 未知
分类: ☘️北京频道, 名称: 密云电视台, 有效: 0, IPv4: 2, IPv6: 0, 最小延迟: — ms, 最高速率: 0.00 MiB/s, 平均速率: 0.00 MiB/s, 最高分辨率: —, 平均帧率: 未知, 视频编解码器: 未知, 音频编解码器: 未知
分类: ☘️北京频道, 名称: 延庆电视台, 有效: 0, IPv4: 2, IPv6: 0, 最小延迟: — ms, 最高速率: 0.00 MiB/s, 平均速率: 0.00 MiB/s, 最高分辨率: —, 平均帧率: 未知, 视频编解码器: 未知, 音频编解码器: 未知
分类: ☘️北京频道, 名称: 中国交通, 有效: 0, IPv4: 7, IPv6: 0, 最小延迟: 497 ms, 最高速率: 0.29 MiB/s, 平均速率: 0.00 MiB/s, 最高分辨率: 1920x1080, 平均帧率: 25.0, 视频编解码器: h264, 音频编解码器: mp2
分类: ☘️北京频道, 名称: 朝阳融媒, 有效: 0, IPv4: 2, IPv6: 0, 最小延迟: — ms, 最高速率: 0.00 MiB/s, 平均速率: 0.00 MiB/s, 最高分辨率: —, 平均帧率: 未知, 视频编解码器: 未知, 音频编解码器: 未知
分类: ☘️天津频道, 名称: 滨海新闻, 有效: 0, IPv4: 2, IPv6: 0, 最小延迟: — ms, 最高速率: 0.00 MiB/s, 平均速率: 0.00 MiB/s, 最高分辨率: —, 平均帧率: 未知, 视频编解码器: 未知, 音频编解码器: 未知
分类: ☘️天津频道, 名称: 滨海综艺, 有效: 0, IPv4: 2, IPv6: 0, 最小延迟: — ms, 最高速率: 0.00 MiB/s, 平均速率: 0.00 MiB/s, 最高分辨率: —, 平均帧率: 未知, 视频编解码器: 未知, 音频编解码器: 未知
分类: ☘️天津频道, 名称: 天津都市, 有效: 1, IPv4: 2, IPv6: 0, 最小延迟: 48 ms, 最高速率: 3.66 MiB/s, 平均速率: 3.66 MiB/s, 最高分辨率: 1280x720, 平均帧率: 25.0, 视频编解码器: h264, 音频编解码器: aac
分类: ☘️天津频道, 名称: 天津新闻, 有效: 1, IPv4: 2, IPv6: 0, 最小延迟: 33 ms, 最高速率: 12.86 MiB/s, 平均速率: 12.86 MiB/s, 最高分辨率: 1280x720, 平均帧率: 25.0, 视频编解码器: h264, 音频编解码器: aac
分类: ☘️天津频道, 名称: 天津文艺, 有效: 1, IPv4: 1, IPv6: 0, 最小延迟: 32 ms, 最高速率: 19.17 MiB/s, 平均速率: 19.17 MiB/s, 最高分辨率: 1280x720, 平均帧率: 25.0, 视频编解码器: h264, 音频编解码器: aac
分类: ☘️天津频道, 名称: 津南一套, 有效: 0, IPv4: 2, IPv6: 0, 最小延迟: 4 ms, 最高速率: 29.38 MiB/s, 平均速率: 0.00 MiB/s, 最高分辨率: 720x576, 平均帧率: 25.0, 视频编解码器: h264, 音频编解码器: aac
分类: ☘️上海频道, 名称: 上海新闻综合, 有效: 0, IPv4: 5, IPv6: 0, 最小延迟: — ms, 最高速率: 0.00 MiB/s, 平均速率: 0.00 MiB/s, 最高分辨率: —, 平均帧率: 未知, 视频编解码器: 未知, 音频编解码器: 未知
分类: ☘️上海频道, 名称: 第一财经, 有效: 2, IPv4: 8, IPv6: 0, 最小延迟: 3 ms, 最高速率: 16.84 MiB/s, 平均速率: 15.93 MiB/s, 最高分辨率: —, 平均帧率: 未知, 视频编解码器: 未知, 音频编解码器: aac
分类: ☘️上海频道, 名称: 纪实人文, 有效: 0, IPv4: 2, IPv6: 0, 最小延迟: 479 ms, 最高速率: 0.00 MiB/s, 平均速率: 0.00 MiB/s, 最高分辨率: —, 平均帧率: 未知, 视频编解码器: 未知, 音频编解码器: 未知
分类: ☘️上海频道, 名称: 动漫秀场, 有效: 0, IPv4: 6, IPv6: 0, 最小延迟: 505 ms, 最高速率: 0.27 MiB/s, 平均速率: 0.00 MiB/s, 最高分辨率: 1920x1080, 平均帧率: 25.0, 视频编解码器: h264, 音频编解码器: aac
分类: ☘️上海频道, 名称: 哈哈炫动, 有效: 0, IPv4: 3, IPv6: 0, 最小延迟: — ms, 最高速率: 0.00 MiB/s, 平均速率: 0.00 MiB/s, 最高分辨率: —, 平均帧率: 未知, 视频编解码器: 未知, 音频编解码器: 未知
分类: ☘️上海频道, 名称: 欢笑剧场, 有效: 1, IPv4: 3, IPv6: 0, 最小延迟: 48 ms, 最高速率: 2.74 MiB/s, 平均速率: 2.74 MiB/s, 最高分辨率: 1920x1080, 平均帧率: 25.0, 视频编解码器: h264, 音频编解码器: aac
分类: ☘️上海频道, 名称: 生活时尚, 有效: 0, IPv4: 6, IPv6: 0, 最小延迟: 496 ms, 最高速率: 0.32 MiB/s, 平均速率: 0.00 MiB/s, 最高分辨率: —, 平均帧率: 未知, 视频编解码器: h264, 音频编解码器: aac
分类: ☘️上海频道, 名称: 新闻综合, 有效: 0, IPv4: 1, IPv6: 0, 最小延迟: 859 ms, 最高速率: 0.44 MiB/s, 平均速率: 0.00 MiB/s, 最高分辨率: 1920x1080, 平均帧率: 25.0, 视频编解码器: h264, 音频编解码器: aac
分类: ☘️上海频道, 名称: 都市剧场, 有效: 1, IPv4: 7, IPv6: 0, 最小延迟: 48 ms, 最高速率: 8.53 MiB/s, 平均速率: 8.53 MiB/s, 最高分辨率: 1920x1080, 平均帧率: 25.0, 视频编解码器: h264, 音频编解码器: aac
分类: ☘️上海频道, 名称: 乐游, 有效: 0, IPv4: 5, IPv6: 0, 最小延迟: 485 ms, 最高速率: 0.24 MiB/s, 平均速率: 0.00 MiB/s, 最高分辨率: —, 平均帧率: 未知, 视频编解码器: h264, 音频编解码器: mp2
分类: ☘️江苏频道, 名称: 江苏城市, 有效: 0, IPv4: 4, IPv6: 0, 最小延迟: — ms, 最高速率: 0.00 MiB/s, 平均速率: 0.00 MiB/s, 最高分辨率: —, 平均帧率: 未知, 视频编解码器: 未知, 音频编解码器: 未知
分类: ☘️江苏频道, 名称: 江苏综艺, 有效: 0, IPv4: 4, IPv6: 0, 最小延迟: — ms, 最高速率: 0.00 MiB/s, 平均速率: 0.00 MiB/s, 最高分辨率: —, 平均帧率: 未知, 视频编解码器: 未知, 音频编解码器: 未知
分类: ☘️江苏频道, 名称: 江苏影视, 有效: 0, IPv4: 4, IPv6: 0, 最小延迟: — ms, 最高速率: 0.00 MiB/s, 平均速率: 0.00 MiB/s, 最高分辨率: —, 平均帧率: 未知, 视频编解码器: 未知, 音频编解码器: 未知
分类: ☘️江苏频道, 名称: 江苏国际, 有效: 0, IPv4: 4, IPv6: 0, 最小延迟: — ms, 最高速率: 0.00 MiB/s, 平均速率: 0.00 MiB/s, 最高分辨率: —, 平均帧率: 未知, 视频编解码器: 未知, 音频编解码器: 未知
分类: ☘️江苏频道, 名称: 江苏教育, 有效: 0, IPv4: 4, IPv6: 0, 最小延迟: — ms, 最高速率: 0.00 MiB/s, 平均速率: 0.00 MiB/s, 最高分辨率: —, 平均帧率: 未知, 视频编解码器: 未知, 音频编解码器: 未知
分类: ☘️江苏频道, 名称: 淮安新闻综合, 有效: 0, IPv4: 4, IPv6: 0, 最小延迟: — ms, 最高速率: 0.00 MiB/s, 平均速率: 0.00 MiB/s, 最高分辨率: —, 平均帧率: 未知, 视频编解码器: 未知, 音频编解码器: 未知
分类: ☘️江苏频道, 名称: 连云港新闻综合, 有效: 0, IPv4: 6, IPv6: 0, 最小延迟: — ms, 最高速率: 0.00 MiB/s, 平均速率: 0.00 MiB/s, 最高分辨率: —, 平均帧率: 未知, 视频编解码器: 未知, 音频编解码器: 未知
分类: ☘️江苏频道, 名称: 南京新闻综合, 有效: 0, IPv4: 4, IPv6: 0, 最小延迟: — ms, 最高速率: 0.00 MiB/s, 平均速率: 0.00 MiB/s, 最高分辨率: —, 平均帧率: 未知, 视频编解码器: 未知, 音频编解码器: 未知
分类: ☘️江苏频道, 名称: 南京十八, 有效: 0, IPv4: 7, IPv6: 0, 最小延迟: — ms, 最高速率: 0.00 MiB/s, 平均速率: 0.00 MiB/s, 最高分辨率: —, 平均帧率: 未知, 视频编解码器: 未知, 音频编解码器: 未知
分类: ☘️江苏频道, 名称: 南京教科, 有效: 0, IPv4: 4, IPv6: 0, 最小延迟: — ms, 最高速率: 0.00 MiB/s, 平均速率: 0.00 MiB/s, 最高分辨率: —, 平均帧率: 未知, 视频编解码器: 未知, 音频编解码器: 未知
分类: ☘️江苏频道, 名称: 南京娱乐, 有效: 0, IPv4: 3, IPv6: 0, 最小延迟: — ms, 最高速率: 0.00 MiB/s, 平均速率: 0.00 MiB/s, 最高分辨率: —, 平均帧率: 未知, 视频编解码器: 未知, 音频编解码器: 未知
分类: ☘️江苏频道, 名称: 徐州-1, 有效: 0, IPv4: 4, IPv6: 0, 最小延迟: — ms, 最高速率: 0.00 MiB/s, 平均速率: 0.00 MiB/s, 最高分辨率: —, 平均帧率: 未知, 视频编解码器: 未知, 音频编解码器: 未知
分类: ☘️江苏频道, 名称: 盐城-1, 有效: 0, IPv4: 4, IPv6: 0, 最小延迟: — ms, 最高速率: 0.00 MiB/s, 平均速率: 0.00 MiB/s, 最高分辨率: —, 平均帧率: 未知, 视频编解码器: 未知, 音频编解码器: 未知
分类: ☘️江苏频道, 名称: 南通新闻综合, 有效: 0, IPv4: 4, IPv6: 0, 最小延迟: — ms, 最高速率: 0.00 MiB/s, 平均速率: 0.00 MiB/s, 最高分辨率: —, 平均帧率: 未知, 视频编解码器: 未知, 音频编解码器: 未知
分类: ☘️江苏频道, 名称: 苏州文化生活, 有效: 1, IPv4: 1, IPv6: 0, 最小延迟: 701 ms, 最高速率: 0.38 MiB/s, 平均速率: 0.38 MiB/s, 最高分辨率: 1280x720, 平均帧率: 25.0, 视频编解码器: h264, 音频编解码器: aac
分类: ☘️江苏频道, 名称: 连云港公共, 有效: 0, IPv4: 1, IPv6: 0, 最小延迟: — ms, 最高速率: 0.00 MiB/s, 平均速率: 0.00 MiB/s, 最高分辨率: —, 平均帧率: 未知, 视频编解码器: 未知, 音频编解码器: 未知
分类: ☘️江苏频道, 名称: 苏州社会经济, 有效: 1, IPv4: 1, IPv6: 0, 最小延迟: 678 ms, 最高速率: 1.49 MiB/s, 平均速率: 1.49 MiB/s, 最高分辨率: 1920x1080, 平均帧率: 25.0, 视频编解码器: h264, 音频编解码器: aac
分类: ☘️江苏频道, 名称: 苏州新闻综合, 有效: 1, IPv4: 1, IPv6: 0, 最小延迟: 658 ms, 最高速率: 1.08 MiB/s, 平均速率: 1.08 MiB/s, 最高分辨率: 1920x1080, 平均帧率: 25.0, 视频编解码器: h264, 音频编解码器: aac
分类: ☘️江苏频道, 名称: 苏州生活资讯, 有效: 1, IPv4: 1, IPv6: 0, 最小延迟: 1102 ms, 最高速率: 0.26 MiB/s, 平均速率: 0.26 MiB/s, 最高分辨率: 1280x720, 平均帧率: 25.0, 视频编解码器: h264, 音频编解码器: aac
分类: ☘️江苏频道, 名称: 句容影院, 有效: 0, IPv4: 1, IPv6: 0, 最小延迟: 1214 ms, 最高速率: 0.05 MiB/s, 平均速率: 0.00 MiB/s, 最高分辨率: —, 平均帧率: 未知, 视频编解码器: 未知, 音频编解码器: 未知
分类: ☘️江苏频道, 名称: 句容党建, 有效: 0, IPv4: 3, IPv6: 0, 最小延迟: 1773 ms, 最高速率: 0.04 MiB/s, 平均速率: 0.00 MiB/s, 最高分辨率: 768x576, 平均帧率: 未知, 视频编解码器: 未知, 音频编解码器: 未知
分类: ☘️江苏频道, 名称: 宜兴新闻, 有效: 0, IPv4: 6, IPv6: 0, 最小延迟: — ms, 最高速率: 0.00 MiB/s, 平均速率: 0.00 MiB/s, 最高分辨率: —, 平均帧率: 未知, 视频编解码器: 未知, 音频编解码器: 未知
分类: ☘️江苏频道, 名称: 句容新闻综合, 有效: 0, IPv4: 2, IPv6: 0, 最小延迟: 1545 ms, 最高速率: 0.05 MiB/s, 平均速率: 0.00 MiB/s, 最高分辨率: 1024x576, 平均帧率: 未知, 视频编解码器: 未知, 音频编解码器: 未知
分类: ☘️江苏频道, 名称: 姜堰新闻综合, 有效: 0, IPv4: 2, IPv6: 0, 最小延迟: — ms, 最高速率: 0.00 MiB/s, 平均速率: 0.00 MiB/s, 最高分辨率: —, 平均帧率: 未知, 视频编解码器: 未知, 音频编解码器: 未知
分类: ☘️江苏频道, 名称: 宿迁新闻综合, 有效: 0, IPv4: 4, IPv6: 0, 最小延迟: — ms, 最高速率: 0.00 MiB/s, 平均速率: 0.00 MiB/s, 最高分辨率: —, 平均帧率: 未知, 视频编解码器: 未知, 音频编解码器: 未知
分类: ☘️江苏频道, 名称: 宜兴紫砂, 有效: 0, IPv4: 1, IPv6: 0, 最小延迟: — ms, 最高速率: 0.00 MiB/s, 平均速率: 0.00 MiB/s, 最高分辨率: —, 平均帧率: 未知, 视频编解码器: 未知, 音频编解码器: 未知
分类: ☘️江苏频道, 名称: 句容生活, 有效: 0, IPv4: 2, IPv6: 0, 最小延迟: 999 ms, 最高速率: 0.06 MiB/s, 平均速率: 0.00 MiB/s, 最高分辨率: 1024x576, 平均帧率: 未知, 视频编解码器: 未知, 音频编解码器: 未知
分类: ☘️江苏频道, 名称: 沛县新闻综合, 有效: 0, IPv4: 2, IPv6: 0, 最小延迟: — ms, 最高速率: 0.00 MiB/s, 平均速率: 0.00 MiB/s, 最高分辨率: —, 平均帧率: 未知, 视频编解码器: 未知, 音频编解码器: 未知
分类: ☘️江苏频道, 名称: 江宁电视台综合, 有效: 0, IPv4: 1, IPv6: 0, 最小延迟: — ms, 最高速率: 0.00 MiB/s, 平均速率: 0.00 MiB/s, 最高分辨率: —, 平均帧率: 未知, 视频编解码器: 未知, 音频编解码器: 未知
分类: ☘️江苏频道, 名称: 武进生活, 有效: 0, IPv4: 3, IPv6: 0, 最小延迟: 825 ms, 最高速率: 0.05 MiB/s, 平均速率: 0.00 MiB/s, 最高分辨率: —, 平均帧率: 未知, 视频编解码器: 未知, 音频编解码器: 未知
分类: ☘️江苏频道, 名称: 武进新闻, 有效: 0, IPv4: 1, IPv6: 0, 最小延迟: — ms, 最高速率: 0.00 MiB/s, 平均速率: 0.00 MiB/s, 最高分辨率: —, 平均帧率: 未知, 视频编解码器: 未知, 音频编解码器: 未知
分类: ☘️江苏频道, 名称: 泗洪新闻综合, 有效: 0, IPv4: 2, IPv6: 0, 最小延迟: — ms, 最高速率: 0.00 MiB/s, 平均速率: 0.00 MiB/s, 最高分辨率: —, 平均帧率: 未知, 视频编解码器: 未知, 音频编解码器: 未知
分类: ☘️江苏频道, 名称: 泗阳综合, 有效: 0, IPv4: 2, IPv6: 0, 最小延迟: — ms, 最高速率: 0.00 MiB/s, 平均速率: 0.00 MiB/s, 最高分辨率: —, 平均帧率: 未知, 视频编解码器: 未知, 音频编解码器: 未知
分类: ☘️江苏频道, 名称: 泗阳资讯, 有效: 0, IPv4: 1, IPv6: 0, 最小延迟: — ms, 最高速率: 0.00 MiB/s, 平均速率: 0.00 MiB/s, 最高分辨率: —, 平均帧率: 未知, 视频编解码器: 未知, 音频编解码器: 未知
分类: ☘️江苏频道, 名称: 泰州新闻综合, 有效: 0, IPv4: 5, IPv6: 0, 最小延迟: — ms, 最高速率: 0.00 MiB/s, 平均速率: 0.00 MiB/s, 最高分辨率: —, 平均帧率: 未知, 视频编解码器: 未知, 音频编解码器: 未知
分类: ☘️江苏频道, 名称: 溧水新闻综合, 有效: 0, IPv4: 4, IPv6: 0, 最小延迟: — ms, 最高速率: 0.00 MiB/s, 平均速率: 0.00 MiB/s, 最高分辨率: —, 平均帧率: 未知, 视频编解码器: 未知, 音频编解码器: 未知
分类: ☘️江苏频道, 名称: 滨海新闻综合, 有效: 0, IPv4: 1, IPv6: 0, 最小延迟: 282 ms, 最高速率: 0.00 MiB/s, 平均速率: 0.00 MiB/s, 最高分辨率: —, 平均帧率: 未知, 视频编解码器: 未知, 音频编解码器: 未知
分类: ☘️江苏频道, 名称: 睢宁三农, 有效: 0, IPv4: 3, IPv6: 0, 最小延迟: — ms, 最高速率: 0.00 MiB/s, 平均速率: 0.00 MiB/s, 最高分辨率: —, 平均帧率: 未知, 视频编解码器: 未知, 音频编解码器: 未知
分类: ☘️江苏频道, 名称: 睢宁综合, 有效: 1, IPv4: 3, IPv6: 0, 最小延迟: 487 ms, 最高速率: 0.33 MiB/s, 平均速率: 0.33 MiB/s, 最高分辨率: 1280x720, 平均帧率: 25.0, 视频编解码器: h264, 音频编解码器: aac
分类: ☘️江苏频道, 名称: 张家港新闻综合, 有效: 0, IPv4: 1, IPv6: 0, 最小延迟: — ms, 最高速率: 0.00 MiB/s, 平均速率: 0.00 MiB/s, 最高分辨率: —, 平均帧率: 未知, 视频编解码器: 未知, 音频编解码器: 未知
分类: ☘️江苏频道, 名称: 赣榆新闻综合, 有效: 0, IPv4: 1, IPv6: 0, 最小延迟: — ms, 最高速率: 0.00 MiB/s, 平均速率: 0.00 MiB/s, 最高分辨率: —, 平均帧率: 未知, 视频编解码器: 未知, 音频编解码器: 未知
分类: ☘️江苏频道, 名称: 镇江新闻综合, 有效: 0, IPv4: 5, IPv6: 0, 最小延迟: — ms, 最高速率: 0.00 MiB/s, 平均速率: 0.00 MiB/s, 最高分辨率: —, 平均帧率: 未知, 视频编解码器: 未知, 音频编解码器: 未知
分类: ☘️江苏频道, 名称: 淮安公共, 有效: 0, IPv4: 1, IPv6: 0, 最小延迟: — ms, 最高速率: 0.00 MiB/s, 平均速率: 0.00 MiB/s, 最高分辨率: —, 平均帧率: 未知, 视频编解码器: 未知, 音频编解码器: 未知
分类: ☘️江苏频道, 名称: 淮安影院娱乐, 有效: 0, IPv4: 1, IPv6: 0, 最小延迟: — ms, 最高速率: 0.00 MiB/s, 平均速率: 0.00 MiB/s, 最高分辨率: —, 平均帧率: 未知, 视频编解码器: 未知, 音频编解码器: 未知
分类: ☘️江苏频道, 名称: 靖江新闻综合, 有效: 0, IPv4: 2, IPv6: 0, 最小延迟: 262 ms, 最高速率: 0.04 MiB/s, 平均速率: 0.00 MiB/s, 最高分辨率: 1280x720, 平均帧率: 未知, 视频编解码器: 未知, 音频编解码器: 未知
分类: ☘️江苏频道, 名称: 江阴新闻综合, 有效: 0, IPv4: 5, IPv6: 0, 最小延迟: 510 ms, 最高速率: 0.10 MiB/s, 平均速率: 0.00 MiB/s, 最高分辨率: —, 平均帧率: 未知, 视频编解码器: 未知, 音频编解码器: 未知
分类: ☘️江苏频道, 名称: 高邮综合, 有效: 0, IPv4: 2, IPv6: 0, 最小延迟: — ms, 最高速率: 0.00 MiB/s, 平均速率: 0.00 MiB/s, 最高分辨率: —, 平均帧率: 未知, 视频编解码器: 未知, 音频编解码器: 未知
分类: ☘️江苏频道, 名称: 镇江二套社会民生, 有效: 0, IPv4: 1, IPv6: 0, 最小延迟: — ms, 最高速率: 0.00 MiB/s, 平均速率: 0.00 MiB/s, 最高分辨率: —, 平均帧率: 未知, 视频编解码器: 未知, 音频编解码器: 未知
分类: ☘️广东频道, 名称: 广东珠江, 有效: 8, IPv4: 34, IPv6: 0, 最小延迟: 32 ms, 最高速率: 23.91 MiB/s, 平均速率: 10.47 MiB/s, 最高分辨率: 1920x1080, 平均帧率: 25.0, 视频编解码器: h264, 音频编解码器: aac
分类: ☘️广东频道, 名称: 广东影视, 有效: 0, IPv4: 3, IPv6: 0, 最小延迟: — ms, 最高速率: 0.00 MiB/s, 平均速率: 0.00 MiB/s, 最高分辨率: —, 平均帧率: 未知, 视频编解码器: 未知, 音频编解码器: 未知
分类: ☘️广东频道, 名称: 广东体育, 有效: 3, IPv4: 9, IPv6: 0, 最小延迟: 32 ms, 最高速率: 9.17 MiB/s, 平均速率: 6.14 MiB/s, 最高分辨率: 1920x1080, 平均帧率: 25.0, 视频编解码器: h264, 音频编解码器: aac
分类: ☘️广东频道, 名称: 广东新闻, 有效: 8, IPv4: 12, IPv6: 0, 最小延迟: 32 ms, 最高速率: 20.31 MiB/s, 平均速率: 13.20 MiB/s, 最高分辨率: 1280x720, 平均帧率: 25.0, 视频编解码器: h264, 音频编解码器: aac
分类: ☘️广东频道, 名称: 广东少儿, 有效: 4, IPv4: 6, IPv6: 0, 最小延迟: 32 ms, 最高速率: 14.18 MiB/s, 平均速率: 5.87 MiB/s, 最高分辨率: 1280x720, 平均帧率: 25.0, 视频编解码器: h264, 音频编解码器: aac
分类: ☘️广东频道, 名称: 广东民生, 有效: 5, IPv4: 9, IPv6: 0, 最小延迟: 32 ms, 最高速率: 16.97 MiB/s, 平均速率: 10.55 MiB/s, 最高分辨率: 1280x720, 平均帧率: 25.0, 视频编解码器: h264, 音频编解码器: aac
分类: ☘️广东频道, 名称: 大湾区卫视, 有效: 4, IPv4: 16, IPv6: 0, 最小延迟: 32 ms, 最高速率: 19.57 MiB/s, 平均速率: 16.86 MiB/s, 最高分辨率: 1280x720, 平均帧率: 25.0, 视频编解码器: h264, 音频编解码器: aac
分类: ☘️广东频道, 名称: 广东经济科教, 有效: 0, IPv4: 1, IPv6: 0, 最小延迟: — ms, 最高速率: 0.00 MiB/s, 平均速率: 0.00 MiB/s, 最高分辨率: —, 平均帧率: 未知, 视频编解码器: 未知, 音频编解码器: 未知
分类: ☘️广东频道, 名称: 广州综合, 有效: 6, IPv4: 15, IPv6: 0, 最小延迟: 252 ms, 最高速率: 1.22 MiB/s, 平均速率: 0.65 MiB/s, 最高分辨率: 1280x720, 平均帧率: 25.0, 视频编解码器: h264, 音频编解码器: aac
分类: ☘️广东频道, 名称: 广州竞赛, 有效: 0, IPv4: 2, IPv6: 0, 最小延迟: — ms, 最高速率: 0.00 MiB/s, 平均速率: 0.00 MiB/s, 最高分辨率: —, 平均帧率: 未知, 视频编解码器: 未知, 音频编解码器: 未知
分类: ☘️广东频道, 名称: 广州法治, 有效: 0, IPv4: 2, IPv6: 0, 最小延迟: — ms, 最高速率: 0.00 MiB/s, 平均速率: 0.00 MiB/s, 最高分辨率: —, 平均帧率: 未知, 视频编解码器: 未知, 音频编解码器: 未知
分类: ☘️广东频道, 名称: 广州影视, 有效: 0, IPv4: 1, IPv6: 0, 最小延迟: — ms, 最高速率: 0.00 MiB/s, 平均速率: 0.00 MiB/s, 最高分辨率: —, 平均帧率: 未知, 视频编解码器: 未知, 音频编解码器: 未知
分类: ☘️广东频道, 名称: 岭南戏曲, 有效: 0, IPv4: 5, IPv6: 0, 最小延迟: 32 ms, 最高速率: 11.97 MiB/s, 平均速率: 0.00 MiB/s, 最高分辨率: 960x540, 平均帧率: 25.0, 视频编解码器: h264, 音频编解码器: aac
分类: ☘️广东频道, 名称: 深圳都市, 有效: 0, IPv4: 2, IPv6: 0, 最小延迟: 1043 ms, 最高速率: 0.00 MiB/s, 平均速率: 0.00 MiB/s, 最高分辨率: —, 平均帧率: 未知, 视频编解码器: 未知, 音频编解码器: 未知
分类: ☘️广东频道, 名称: 深圳少儿, 有效: 0, IPv4: 2, IPv6: 0, 最小延迟: 724 ms, 最高速率: 0.01 MiB/s, 平均速率: 0.00 MiB/s, 最高分辨率: —, 平均帧率: 未知, 视频编解码器: 未知, 音频编解码器: 未知
分类: ☘️广东频道, 名称: 汕头综合, 有效: 0, IPv4: 1, IPv6: 0, 最小延迟: — ms, 最高速率: 0.00 MiB/s, 平均速率: 0.00 MiB/s, 最高分辨率: —, 平均帧率: 未知, 视频编解码器: 未知, 音频编解码器: 未知
分类: ☘️广东频道, 名称: 汕头经济, 有效: 0, IPv4: 1, IPv6: 0, 最小延迟: — ms, 最高速率: 0.00 MiB/s, 平均速率: 0.00 MiB/s, 最高分辨率: —, 平均帧率: 未知, 视频编解码器: 未知, 音频编解码器: 未知
分类: ☘️广东频道, 名称: 东莞新闻综合, 有效: 1, IPv4: 3, IPv6: 0, 最小延迟: 262 ms, 最高速率: 0.28 MiB/s, 平均速率: 0.28 MiB/s, 最高分辨率: 1280x720, 平均帧率: 25.0, 视频编解码器: h264, 音频编解码器: aac
分类: ☘️广东频道, 名称: 佛山综合, 有效: 0, IPv4: 1, IPv6: 0, 最小延迟: — ms, 最高速率: 0.00 MiB/s, 平均速率: 0.00 MiB/s, 最高分辨率: —, 平均帧率: 未知, 视频编解码器: 未知, 音频编解码器: 未知
分类: ☘️广东频道, 名称: 河源公共, 有效: 0, IPv4: 2, IPv6: 0, 最小延迟: — ms, 最高速率: 0.00 MiB/s, 平均速率: 0.00 MiB/s, 最高分辨率: —, 平均帧率: 未知, 视频编解码器: 未知, 音频编解码器: 未知
分类: ☘️广东频道, 名称: 东莞生活资讯, 有效: 1, IPv4: 4, IPv6: 0, 最小延迟: 444 ms, 最高速率: 0.20 MiB/s, 平均速率: 0.20 MiB/s, 最高分辨率: 1280x720, 平均帧率: 25.0, 视频编解码器: h264, 音频编解码器: aac
分类: ☘️广东频道, 名称: 河源综合, 有效: 0, IPv4: 3, IPv6: 0, 最小延迟: — ms, 最高速率: 0.00 MiB/s, 平均速率: 0.00 MiB/s, 最高分辨率: —, 平均帧率: 未知, 视频编解码器: 未知, 音频编解码器: 未知
分类: ☘️广东频道, 名称: 番禺综合, 有效: 0, IPv4: 1, IPv6: 0, 最小延迟: — ms, 最高速率: 0.00 MiB/s, 平均速率: 0.00 MiB/s, 最高分辨率: —, 平均帧率: 未知, 视频编解码器: 未知, 音频编解码器: 未知
分类: ☘️广西频道, 名称: 广西国际, 有效: 4, IPv4: 4, IPv6: 0, 最小延迟: 48 ms, 最高速率: 9.62 MiB/s, 平均速率: 9.49 MiB/s, 最高分辨率: 1920x1080, 平均帧率: 25.0, 视频编解码器: h264, 音频编解码器: aac
分类: ☘️广西频道, 名称: 广西新闻, 有效: 4, IPv4: 5, IPv6: 0, 最小延迟: 48 ms, 最高速率: 28.44 MiB/s, 平均速率: 13.36 MiB/s, 最高分辨率: 1920x1080, 平均帧率: 25.0, 视频编解码器: h264, 音频编解码器: aac
分类: ☘️广西频道, 名称: 广西影视, 有效: 4, IPv4: 6, IPv6: 0, 最小延迟: 48 ms, 最高速率: 13.98 MiB/s, 平均速率: 10.70 MiB/s, 最高分辨率: 1920x1080, 平均帧率: 25.0, 视频编解码器: h264, 音频编解码器: aac
分类: ☘️广西频道, 名称: 广西都市, 有效: 4, IPv4: 5, IPv6: 0, 最小延迟: 47 ms, 最高速率: 9.82 MiB/s, 平均速率: 9.71 MiB/s, 最高分辨率: 1920x1080, 平均帧率: 25.0, 视频编解码器: h264, 音频编解码器: aac
分类: ☘️广西频道, 名称: 北海新闻综合, 有效: 0, IPv4: 1, IPv6: 0, 最小延迟: 248 ms, 最高速率: 0.00 MiB/s, 平均速率: 0.00 MiB/s, 最高分辨率: —, 平均帧率: 未知, 视频编解码器: 未知, 音频编解码器: 未知
分类: ☘️广西频道, 名称: 南宁影视娱乐, 有效: 0, IPv4: 1, IPv6: 0, 最小延迟: 1097 ms, 最高速率: 0.10 MiB/s, 平均速率: 0.00 MiB/s, 最高分辨率: —, 平均帧率: 未知, 视频编解码器: 未知, 音频编解码器: 未知
分类: ☘️广西频道, 名称: 南宁新闻综合, 有效: 0, IPv4: 1, IPv6: 0, 最小延迟: 1031 ms, 最高速率: 0.17 MiB/s, 平均速率: 0.00 MiB/s, 最高分辨率: —, 平均帧率: 未知, 视频编解码器: 未知, 音频编解码器: 未知
分类: ☘️广西频道, 名称: 广西综艺, 有效: 0, IPv4: 1, IPv6: 0, 最小延迟: — ms, 最高速率: 0.00 MiB/s, 平均速率: 0.00 MiB/s, 最高分辨率: —, 平均帧率: 未知, 视频编解码器: 未知, 音频编解码器: 未知
分类: ☘️广西频道, 名称: 来宾综合, 有效: 0, IPv4: 1, IPv6: 0, 最小延迟: 392 ms, 最高速率: 0.21 MiB/s, 平均速率: 0.00 MiB/s, 最高分辨率: 1920x1080, 平均帧率: 未知, 视频编解码器: 未知, 音频编解码器: 未知
分类: ☘️广西频道, 名称: 南宁都市生活, 有效: 0, IPv4: 1, IPv6: 0, 最小延迟: — ms, 最高速率: 0.00 MiB/s, 平均速率: 0.00 MiB/s, 最高分辨率: —, 平均帧率: 未知, 视频编解码器: 未知, 音频编解码器: 未知
分类: ☘️广西频道, 名称: 罗城综合, 有效: 0, IPv4: 1, IPv6: 0, 最小延迟: — ms, 最高速率: 0.00 MiB/s, 平均速率: 0.00 MiB/s, 最高分辨率: —, 平均帧率: 未知, 视频编解码器: 未知, 音频编解码器: 未知
分类: ☘️广西频道, 名称: 贺州综合, 有效: 0, IPv4: 2, IPv6: 0, 最小延迟: — ms, 最高速率: 0.00 MiB/s, 平均速率: 0.00 MiB/s, 最高分辨率: —, 平均帧率: 未知, 视频编解码器: 未知, 音频编解码器: 未知
分类: ☘️广西频道, 名称: 桂林新闻, 有效: 0, IPv4: 2, IPv6: 0, 最小延迟: — ms, 最高速率: 0.00 MiB/s, 平均速率: 0.00 MiB/s, 最高分辨率: —, 平均帧率: 未知, 视频编解码器: 未知, 音频编解码器: 未知
分类: ☘️山东频道, 名称: 山东少儿, 有效: 0, IPv4: 2, IPv6: 0, 最小延迟: — ms, 最高速率: 0.00 MiB/s, 平均速率: 0.00 MiB/s, 最高分辨率: —, 平均帧率: 未知, 视频编解码器: 未知, 音频编解码器: 未知
分类: ☘️山东频道, 名称: 青岛城阳, 有效: 0, IPv4: 1, IPv6: 0, 最小延迟: — ms, 最高速率: 0.00 MiB/s, 平均速率: 0.00 MiB/s, 最高分辨率: —, 平均帧率: 未知, 视频编解码器: 未知, 音频编解码器: 未知
分类: ☘️山东频道, 名称: 中华美食, 有效: 0, IPv4: 2, IPv6: 0, 最小延迟: — ms, 最高速率: 0.00 MiB/s, 平均速率: 0.00 MiB/s, 最高分辨率: —, 平均帧率: 未知, 视频编解码器: 未知, 音频编解码器: 未知
分类: ☘️山东频道, 名称: 枣庄教育, 有效: 0, IPv4: 1, IPv6: 0, 最小延迟: — ms, 最高速率: 0.00 MiB/s, 平均速率: 0.00 MiB/s, 最高分辨率: —, 平均帧率: 未知, 视频编解码器: 未知, 音频编解码器: 未知
分类: ☘️山东频道, 名称: 菏泽影, 有效: 0, IPv4: 1, IPv6: 0, 最小延迟: — ms, 最高速率: 0.00 MiB/s, 平均速率: 0.00 MiB/s, 最高分辨率: —, 平均帧率: 未知, 视频编解码器: 未知, 音频编解码器: 未知
分类: ☘️山东频道, 名称: 枣庄新闻综合, 有效: 0, IPv4: 2, IPv6: 0, 最小延迟: — ms, 最高速率: 0.00 MiB/s, 平均速率: 0.00 MiB/s, 最高分辨率: —, 平均帧率: 未知, 视频编解码器: 未知, 音频编解码器: 未知
分类: ☘️山东频道, 名称: 烟台公共, 有效: 0, IPv4: 1, IPv6: 0, 最小延迟: — ms, 最高速率: 0.00 MiB/s, 平均速率: 0.00 MiB/s, 最高分辨率: —, 平均帧率: 未知, 视频编解码器: 未知, 音频编解码器: 未知
分类: ☘️山东频道, 名称: 烟台新闻综合, 有效: 0, IPv4: 2, IPv6: 0, 最小延迟: — ms, 最高速率: 0.00 MiB/s, 平均速率: 0.00 MiB/s, 最高分辨率: —, 平均帧率: 未知, 视频编解码器: 未知, 音频编解码器: 未知
分类: ☘️山东频道, 名称: 菏泽新闻综合, 有效: 0, IPv4: 2, IPv6: 0, 最小延迟: 738 ms, 最高速率: 0.12 MiB/s, 平均速率: 0.00 MiB/s, 最高分辨率: —, 平均帧率: 未知, 视频编解码器: 未知, 音频编解码器: 未知
分类: ☘️山东频道, 名称: 烟台经济科技, 有效: 0, IPv4: 2, IPv6: 0, 最小延迟: — ms, 最高速率: 0.00 MiB/s, 平均速率: 0.00 MiB/s, 最高分辨率: —, 平均帧率: 未知, 视频编解码器: 未知, 音频编解码器: 未知
分类: ☘️山东频道, 名称: 菏泽经济生活, 有效: 0, IPv4: 2, IPv6: 0, 最小延迟: — ms, 最高速率: 0.00 MiB/s, 平均速率: 0.00 MiB/s, 最高分辨率: —, 平均帧率: 未知, 视频编解码器: 未知, 音频编解码器: 未知
分类: ☘️山西频道, 名称: 原平综合, 有效: 0, IPv4: 1, IPv6: 0, 最小延迟: — ms, 最高速率: 0.00 MiB/s, 平均速率: 0.00 MiB/s, 最高分辨率: —, 平均帧率: 未知, 视频编解码器: 未知, 音频编解码器: 未知
分类: ☘️山西频道, 名称: 太谷新闻综合, 有效: 0, IPv4: 1, IPv6: 0, 最小延迟: 673 ms, 最高速率: 0.53 MiB/s, 平均速率: 0.00 MiB/s, 最高分辨率: 1024x768, 平均帧率: 25.0, 视频编解码器: h264, 音频编解码器: aac
分类: ☘️山西频道, 名称: 大宁综合, 有效: 0, IPv4: 1, IPv6: 0, 最小延迟: 462 ms, 最高速率: 0.06 MiB/s, 平均速率: 0.00 MiB/s, 最高分辨率: —, 平均帧率: 未知, 视频编解码器: 未知, 音频编解码器: 未知
分类: ☘️山西频道, 名称: 古县综合, 有效: 0, IPv4: 1, IPv6: 0, 最小延迟: 607 ms, 最高速率: 0.38 MiB/s, 平均速率: 0.00 MiB/s, 最高分辨率: 720x480, 平均帧率: 未知, 视频编解码器: 未知, 音频编解码器: 未知
分类: ☘️山西频道, 名称: 武乡新闻综合, 有效: 0, IPv4: 1, IPv6: 0, 最小延迟: — ms, 最高速率: 0.00 MiB/s, 平均速率: 0.00 MiB/s, 最高分辨率: 1280x720, 平均帧率: 30.0, 视频编解码器: 未知, 音频编解码器: 未知
分类: ☘️山西频道, 名称: 平遥新闻综合, 有效: 0, IPv4: 1, IPv6: 0, 最小延迟: 646 ms, 最高速率: 0.14 MiB/s, 平均速率: 0.00 MiB/s, 最高分辨率: —, 平均帧率: 未知, 视频编解码器: 未知, 音频编解码器: 未知
分类: ☘️山西频道, 名称: 怀仁综合, 有效: 0, IPv4: 2, IPv6: 0, 最小延迟: 290 ms, 最高速率: 0.35 MiB/s, 平均速率: 0.00 MiB/s, 最高分辨率: 1920x1080, 平均帧率: 未知, 视频编解码器: h264, 音频编解码器: aac
分类: ☘️山西频道, 名称: 定襄综合, 有效: 0, IPv4: 1, IPv6: 0, 最小延迟: 746 ms, 最高速率: 0.14 MiB/s, 平均速率: 0.00 MiB/s, 最高分辨率: —, 平均帧率: 未知, 视频编解码器: 未知, 音频编解码器: 未知
分类: ☘️山西频道, 名称: 长子综合, 有效: 0, IPv4: 2, IPv6: 0, 最小延迟: 837 ms, 最高速率: 0.11 MiB/s, 平均速率: 0.00 MiB/s, 最高分辨率: —, 平均帧率: 未知, 视频编解码器: 未知, 音频编解码器: 未知
分类: ☘️山西频道, 名称: 汾西综合, 有效: 0, IPv4: 1, IPv6: 0, 最小延迟: 557 ms, 最高速率: 0.38 MiB/s, 平均速率: 0.00 MiB/s, 最高分辨率: 1920x1080, 平均帧率: 25.0, 视频编解码器: 未知, 音频编解码器: 未知
分类: ☘️山西频道, 名称: 黎城综合, 有效: 0, IPv4: 1, IPv6: 0, 最小延迟: — ms, 最高速率: 0.00 MiB/s, 平均速率: 0.00 MiB/s, 最高分辨率: —, 平均帧率: 未知, 视频编解码器: 未知, 音频编解码器: 未知
分类: ☘️山西频道, 名称: 高平综合, 有效: 0, IPv4: 1, IPv6: 0, 最小延迟: — ms, 最高速率: 0.00 MiB/s, 平均速率: 0.00 MiB/s, 最高分辨率: —, 平均帧率: 未知, 视频编解码器: 未知, 音频编解码器: 未知
分类: ☘️山西频道, 名称: 阳曲综合, 有效: 0, IPv4: 1, IPv6: 0, 最小延迟: 620 ms, 最高速率: 0.24 MiB/s, 平均速率: 0.00 MiB/s, 最高分辨率: 1920x1080, 平均帧率: 未知, 视频编解码器: 未知, 音频编解码器: 未知
分类: ☘️山西频道, 名称: 潞城新闻综合, 有效: 0, IPv4: 1, IPv6: 0, 最小延迟: — ms, 最高速率: 0.00 MiB/s, 平均速率: 0.00 MiB/s, 最高分辨率: —, 平均帧率: 未知, 视频编解码器: 未知, 音频编解码器: 未知
分类: ☘️陕西频道, 名称: 陕西新闻资讯, 有效: 0, IPv4: 6, IPv6: 0, 最小延迟: 332 ms, 最高速率: 0.11 MiB/s, 平均速率: 0.00 MiB/s, 最高分辨率: —, 平均帧率: 未知, 视频编解码器: 未知, 音频编解码器: 未知
分类: ☘️陕西频道, 名称: 陕西都市青春, 有效: 0, IPv4: 6, IPv6: 0, 最小延迟: 352 ms, 最高速率: 0.09 MiB/s, 平均速率: 0.00 MiB/s, 最高分辨率: —, 平均帧率: 未知, 视频编解码器: 未知, 音频编解码器: 未知
分类: ☘️陕西频道, 名称: 陕西体育休闲, 有效: 0, IPv4: 5, IPv6: 0, 最小延迟: — ms, 最高速率: 0.00 MiB/s, 平均速率: 0.00 MiB/s, 最高分辨率: —, 平均帧率: 未知, 视频编解码器: 未知, 音频编解码器: 未知
分类: ☘️陕西频道, 名称: 陕西生活, 有效: 0, IPv4: 1, IPv6: 0, 最小延迟: — ms, 最高速率: 0.00 MiB/s, 平均速率: 0.00 MiB/s, 最高分辨率: —, 平均帧率: 未知, 视频编解码器: 未知, 音频编解码器: 未知
分类: ☘️陕西频道, 名称: 陕西秦腔, 有效: 0, IPv4: 5, IPv6: 0, 最小延迟: 335 ms, 最高速率: 0.06 MiB/s, 平均速率: 0.00 MiB/s, 最高分辨率: —, 平均帧率: 未知, 视频编解码器: 未知, 音频编解码器: 未知
分类: ☘️陕西频道, 名称: 陕西公共, 有效: 0, IPv4: 1, IPv6: 0, 最小延迟: — ms, 最高速率: 0.00 MiB/s, 平均速率: 0.00 MiB/s, 最高分辨率: —, 平均帧率: 未知, 视频编解码器: 未知, 音频编解码器: 未知
分类: ☘️陕西频道, 名称: 陕西银龄, 有效: 0, IPv4: 5, IPv6: 0, 最小延迟: 1170 ms, 最高速率: 0.02 MiB/s, 平均速率: 0.00 MiB/s, 最高分辨率: —, 平均帧率: 未知, 视频编解码器: 未知, 音频编解码器: 未知
分类: ☘️陕西频道, 名称: 西安都市, 有效: 0, IPv4: 1, IPv6: 0, 最小延迟: — ms, 最高速率: 0.00 MiB/s, 平均速率: 0.00 MiB/s, 最高分辨率: —, 平均帧率: 未知, 视频编解码器: 未知, 音频编解码器: 未知
分类: ☘️陕西频道, 名称: 西安新闻, 有效: 0, IPv4: 1, IPv6: 0, 最小延迟: 766 ms, 最高速率: 0.02 MiB/s, 平均速率: 0.00 MiB/s, 最高分辨率: —, 平均帧率: 未知, 视频编解码器: 未知, 音频编解码器: 未知
分类: ☘️河南频道, 名称: 河南电视剧频道, 有效: 0, IPv4: 1, IPv6: 0, 最小延迟: — ms, 最高速率: 0.00 MiB/s, 平均速率: 0.00 MiB/s, 最高分辨率: —, 平均帧率: 未知, 视频编解码器: 未知, 音频编解码器: 未知
分类: ☘️河南频道, 名称: 河南新闻频道, 有效: 0, IPv4: 1, IPv6: 0, 最小延迟: — ms, 最高速率: 0.00 MiB/s, 平均速率: 0.00 MiB/s, 最高分辨率: —, 平均帧率: 未知, 视频编解码器: 未知, 音频编解码器: 未知
分类: ☘️河南频道, 名称: 河南都市频道, 有效: 0, IPv4: 2, IPv6: 0, 最小延迟: 542 ms, 最高速率: 0.00 MiB/s, 平均速率: 0.00 MiB/s, 最高分辨率: —, 平均帧率: 未知, 视频编解码器: 未知, 音频编解码器: 未知
分类: ☘️河南频道, 名称: 河南公共频道, 有效: 0, IPv4: 1, IPv6: 0, 最小延迟: — ms, 最高速率: 0.00 MiB/s, 平均速率: 0.00 MiB/s, 最高分辨率: —, 平均帧率: 未知, 视频编解码器: 未知, 音频编解码器: 未知
分类: ☘️河南频道, 名称: 河南文物宝库, 有效: 0, IPv4: 5, IPv6: 0, 最小延迟: 497 ms, 最高速率: 0.32 MiB/s, 平均速率: 0.00 MiB/s, 最高分辨率: —, 平均帧率: 25.0, 视频编解码器: h264, 音频编解码器: aac
分类: ☘️河南频道, 名称: 河南民生频道, 有效: 0, IPv4: 1, IPv6: 0, 最小延迟: 522 ms, 最高速率: 0.00 MiB/s, 平均速率: 0.00 MiB/s, 最高分辨率: —, 平均帧率: 未知, 视频编解码器: 未知, 音频编解码器: 未知
分类: ☘️河南频道, 名称: 河南乡村频道, 有效: 0, IPv4: 1, IPv6: 0, 最小延迟: — ms, 最高速率: 0.00 MiB/s, 平均速率: 0.00 MiB/s, 最高分辨率: —, 平均帧率: 未知, 视频编解码器: 未知, 音频编解码器: 未知
分类: ☘️河南频道, 名称: 河南武术频道, 有效: 0, IPv4: 9, IPv6: 0, 最小延迟: 499 ms, 最高速率: 0.28 MiB/s, 平均速率: 0.00 MiB/s, 最高分辨率: 1920x1080, 平均帧率: 25.0, 视频编解码器: h264, 音频编解码器: aac
分类: ☘️河南频道, 名称: 河南法治频道, 有效: 0, IPv4: 1, IPv6: 0, 最小延迟: — ms, 最高速率: 0.00 MiB/s, 平均速率: 0.00 MiB/s, 最高分辨率: —, 平均帧率: 未知, 视频编解码器: 未知, 音频编解码器: 未知
分类: ☘️河南频道, 名称: 河南国际, 有效: 0, IPv4: 1, IPv6: 0, 最小延迟: — ms, 最高速率: 0.00 MiB/s, 平均速率: 0.00 MiB/s, 最高分辨率: —, 平均帧率: 未知, 视频编解码器: 未知, 音频编解码器: 未知
分类: ☘️河南频道, 名称: 睛彩中原, 有效: 0, IPv4: 1, IPv6: 0, 最小延迟: — ms, 最高速率: 0.00 MiB/s, 平均速率: 0.00 MiB/s, 最高分辨率: —, 平均帧率: 未知, 视频编解码器: 未知, 音频编解码器: 未知
分类: ☘️河南频道, 名称: 移动戏曲, 有效: 0, IPv4: 1, IPv6: 0, 最小延迟: — ms, 最高速率: 0.00 MiB/s, 平均速率: 0.00 MiB/s, 最高分辨率: —, 平均帧率: 未知, 视频编解码器: 未知, 音频编解码器: 未知
分类: ☘️河南频道, 名称: 梨园频道, 有效: 1, IPv4: 11, IPv6: 0, 最小延迟: 330 ms, 最高速率: 0.51 MiB/s, 平均速率: 0.51 MiB/s, 最高分辨率: 1920x1080, 平均帧率: 25.0, 视频编解码器: h264, 音频编解码器: aac
分类: ☘️河南频道, 名称: 临颍综合, 有效: 0, IPv4: 1, IPv6: 0, 最小延迟: — ms, 最高速率: 0.00 MiB/s, 平均速率: 0.00 MiB/s, 最高分辨率: —, 平均帧率: 未知, 视频编解码器: 未知, 音频编解码器: 未知
分类: ☘️河南频道, 名称: 开封新闻综合, 有效: 0, IPv4: 1, IPv6: 0, 最小延迟: — ms, 最高速率: 0.00 MiB/s, 平均速率: 0.00 MiB/s, 最高分辨率: —, 平均帧率: 未知, 视频编解码器: 未知, 音频编解码器: 未知
分类: ☘️河南频道, 名称: 义马新闻综合, 有效: 0, IPv4: 1, IPv6: 0, 最小延迟: — ms, 最高速率: 0.00 MiB/s, 平均速率: 0.00 MiB/s, 最高分辨率: —, 平均帧率: 未知, 视频编解码器: 未知, 音频编解码器: 未知
分类: ☘️河南频道, 名称: 光山综合, 有效: 0, IPv4: 1, IPv6: 0, 最小延迟: — ms, 最高速率: 0.00 MiB/s, 平均速率: 0.00 MiB/s, 最高分辨率: —, 平均帧率: 未知, 视频编解码器: 未知, 音频编解码器: 未知
分类: ☘️河南频道, 名称: 兰考新闻, 有效: 0, IPv4: 1, IPv6: 0, 最小延迟: — ms, 最高速率: 0.00 MiB/s, 平均速率: 0.00 MiB/s, 最高分辨率: —, 平均帧率: 未知, 视频编解码器: 未知, 音频编解码器: 未知
分类: ☘️河南频道, 名称: 唐河一套, 有效: 0, IPv4: 1, IPv6: 0, 最小延迟: — ms, 最高速率: 0.00 MiB/s, 平均速率: 0.00 MiB/s, 最高分辨率: —, 平均帧率: 未知, 视频编解码器: 未知, 音频编解码器: 未知
分类: ☘️河南频道, 名称: 卫辉综合, 有效: 0, IPv4: 1, IPv6: 0, 最小延迟: — ms, 最高速率: 0.00 MiB/s, 平均速率: 0.00 MiB/s, 最高分辨率: —, 平均帧率: 未知, 视频编解码器: 未知, 音频编解码器: 未知
分类: ☘️河南频道, 名称: 固始综合, 有效: 0, IPv4: 1, IPv6: 0, 最小延迟: — ms, 最高速率: 0.00 MiB/s, 平均速率: 0.00 MiB/s, 最高分辨率: —, 平均帧率: 未知, 视频编解码器: 未知, 音频编解码器: 未知
分类: ☘️河南频道, 名称: 宝丰综合, 有效: 0, IPv4: 1, IPv6: 0, 最小延迟: — ms, 最高速率: 0.00 MiB/s, 平均速率: 0.00 MiB/s, 最高分辨率: —, 平均帧率: 未知, 视频编解码器: 未知, 音频编解码器: 未知
分类: ☘️河南频道, 名称: 巩义新闻综合, 有效: 0, IPv4: 1, IPv6: 0, 最小延迟: — ms, 最高速率: 0.00 MiB/s, 平均速率: 0.00 MiB/s, 最高分辨率: —, 平均帧率: 未知, 视频编解码器: 未知, 音频编解码器: 未知
分类: ☘️河南频道, 名称: 扶沟综合, 有效: 0, IPv4: 2, IPv6: 0, 最小延迟: — ms, 最高速率: 0.00 MiB/s, 平均速率: 0.00 MiB/s, 最高分辨率: —, 平均帧率: 未知, 视频编解码器: 未知, 音频编解码器: 未知
分类: ☘️河南频道, 名称: 新乡县电视台, 有效: 0, IPv4: 2, IPv6: 0, 最小延迟: — ms, 最高速率: 0.00 MiB/s, 平均速率: 0.00 MiB/s, 最高分辨率: —, 平均帧率: 未知, 视频编解码器: 未知, 音频编解码器: 未知
分类: ☘️河南频道, 名称: 新县综合, 有效: 0, IPv4: 1, IPv6: 0, 最小延迟: — ms, 最高速率: 0.00 MiB/s, 平均速率: 0.00 MiB/s, 最高分辨率: —, 平均帧率: 未知, 视频编解码器: 未知, 音频编解码器: 未知
分类: ☘️河南频道, 名称: 新蔡综合, 有效: 0, IPv4: 1, IPv6: 0, 最小延迟: — ms, 最高速率: 0.00 MiB/s, 平均速率: 0.00 MiB/s, 最高分辨率: —, 平均帧率: 未知, 视频编解码器: 未知, 音频编解码器: 未知
分类: ☘️河南频道, 名称: 渑池新闻综合, 有效: 0, IPv4: 1, IPv6: 0, 最小延迟: — ms, 最高速率: 0.00 MiB/s, 平均速率: 0.00 MiB/s, 最高分辨率: —, 平均帧率: 未知, 视频编解码器: 未知, 音频编解码器: 未知
分类: ☘️河南频道, 名称: 泌阳新闻综合, 有效: 0, IPv4: 1, IPv6: 0, 最小延迟: — ms, 最高速率: 0.00 MiB/s, 平均速率: 0.00 MiB/s, 最高分辨率: —, 平均帧率: 未知, 视频编解码器: 未知, 音频编解码器: 未知
分类: ☘️河南频道, 名称: 温县综合, 有效: 0, IPv4: 2, IPv6: 0, 最小延迟: — ms, 最高速率: 0.00 MiB/s, 平均速率: 0.00 MiB/s, 最高分辨率: —, 平均帧率: 未知, 视频编解码器: 未知, 音频编解码器: 未知
分类: ☘️河南频道, 名称: 潢川综合, 有效: 0, IPv4: 1, IPv6: 0, 最小延迟: — ms, 最高速率: 0.00 MiB/s, 平均速率: 0.00 MiB/s, 最高分辨率: —, 平均帧率: 未知, 视频编解码器: 未知, 音频编解码器: 未知
分类: ☘️河南频道, 名称: 登封综合, 有效: 0, IPv4: 1, IPv6: 0, 最小延迟: — ms, 最高速率: 0.00 MiB/s, 平均速率: 0.00 MiB/s, 最高分辨率: —, 平均帧率: 未知, 视频编解码器: 未知, 音频编解码器: 未知
分类: ☘️河南频道, 名称: 禹州综合, 有效: 0, IPv4: 2, IPv6: 0, 最小延迟: — ms, 最高速率: 0.00 MiB/s, 平均速率: 0.00 MiB/s, 最高分辨率: —, 平均帧率: 未知, 视频编解码器: 未知, 音频编解码器: 未知
分类: ☘️河南频道, 名称: 郏县综合, 有效: 0, IPv4: 2, IPv6: 0, 最小延迟: — ms, 最高速率: 0.00 MiB/s, 平均速率: 0.00 MiB/s, 最高分辨率: —, 平均帧率: 未知, 视频编解码器: 未知, 音频编解码器: 未知
分类: ☘️河南频道, 名称: 鄢陵综合, 有效: 0, IPv4: 1, IPv6: 0, 最小延迟: — ms, 最高速率: 0.00 MiB/s, 平均速率: 0.00 MiB/s, 最高分辨率: —, 平均帧率: 未知, 视频编解码器: 未知, 音频编解码器: 未知
分类: ☘️河南频道, 名称: 项城新闻, 有效: 0, IPv4: 1, IPv6: 0, 最小延迟: — ms, 最高速率: 0.00 MiB/s, 平均速率: 0.00 MiB/s, 最高分辨率: —, 平均帧率: 未知, 视频编解码器: 未知, 音频编解码器: 未知
分类: ☘️河南频道, 名称: 邓州新闻, 有效: 0, IPv4: 1, IPv6: 0, 最小延迟: — ms, 最高速率: 0.00 MiB/s, 平均速率: 0.00 MiB/s, 最高分辨率: —, 平均帧率: 未知, 视频编解码器: 未知, 音频编解码器: 未知
分类: ☘️河南频道, 名称: 荥阳综合, 有效: 0, IPv4: 2, IPv6: 0, 最小延迟: — ms, 最高速率: 0.00 MiB/s, 平均速率: 0.00 MiB/s, 最高分辨率: —, 平均帧率: 未知, 视频编解码器: 未知, 音频编解码器: 未知
分类: ☘️河南频道, 名称: 灵宝新闻综合, 有效: 0, IPv4: 2, IPv6: 0, 最小延迟: — ms, 最高速率: 0.00 MiB/s, 平均速率: 0.00 MiB/s, 最高分辨率: —, 平均帧率: 未知, 视频编解码器: 未知, 音频编解码器: 未知
分类: ☘️河南频道, 名称: 滑县新闻, 有效: 0, IPv4: 2, IPv6: 0, 最小延迟: — ms, 最高速率: 0.00 MiB/s, 平均速率: 0.00 MiB/s, 最高分辨率: —, 平均帧率: 未知, 视频编解码器: 未知, 音频编解码器: 未知
分类: ☘️河南频道, 名称: 济源电视一套, 有效: 0, IPv4: 2, IPv6: 0, 最小延迟: — ms, 最高速率: 0.00 MiB/s, 平均速率: 0.00 MiB/s, 最高分辨率: —, 平均帧率: 未知, 视频编解码器: 未知, 音频编解码器: 未知
分类: ☘️河南频道, 名称: 沁阳新闻综合, 有效: 0, IPv4: 1, IPv6: 0, 最小延迟: — ms, 最高速率: 0.00 MiB/s, 平均速率: 0.00 MiB/s, 最高分辨率: —, 平均帧率: 未知, 视频编解码器: 未知, 音频编解码器: 未知
分类: ☘️河南频道, 名称: 方城一套, 有效: 0, IPv4: 2, IPv6: 0, 最小延迟: — ms, 最高速率: 0.00 MiB/s, 平均速率: 0.00 MiB/s, 最高分辨率: —, 平均帧率: 未知, 视频编解码器: 未知, 音频编解码器: 未知
分类: ☘️河南频道, 名称: 新野综合, 有效: 0, IPv4: 2, IPv6: 0, 最小延迟: — ms, 最高速率: 0.00 MiB/s, 平均速率: 0.00 MiB/s, 最高分辨率: —, 平均帧率: 未知, 视频编解码器: 未知, 音频编解码器: 未知
分类: ☘️河南频道, 名称: 新安新闻综合, 有效: 0, IPv4: 2, IPv6: 0, 最小延迟: — ms, 最高速率: 0.00 MiB/s, 平均速率: 0.00 MiB/s, 最高分辨率: —, 平均帧率: 未知, 视频编解码器: 未知, 音频编解码器: 未知
分类: ☘️河南频道, 名称: 嵩县综合新闻, 有效: 0, IPv4: 2, IPv6: 0, 最小延迟: — ms, 最高速率: 0.00 MiB/s, 平均速率: 0.00 MiB/s, 最高分辨率: —, 平均帧率: 未知, 视频编解码器: 未知, 音频编解码器: 未知
分类: ☘️河南频道, 名称: 内乡综合, 有效: 0, IPv4: 1, IPv6: 0, 最小延迟: — ms, 最高速率: 0.00 MiB/s, 平均速率: 0.00 MiB/s, 最高分辨率: —, 平均帧率: 未知, 视频编解码器: 未知, 音频编解码器: 未知
分类: ☘️河南频道, 名称: 焦作综合, 有效: 0, IPv4: 1, IPv6: 0, 最小延迟: — ms, 最高速率: 0.00 MiB/s, 平均速率: 0.00 MiB/s, 最高分辨率: —, 平均帧率: 未知, 视频编解码器: 未知, 音频编解码器: 未知
分类: ☘️河南频道, 名称: 焦作公共, 有效: 0, IPv4: 1, IPv6: 0, 最小延迟: — ms, 最高速率: 0.00 MiB/s, 平均速率: 0.00 MiB/s, 最高分辨率: —, 平均帧率: 未知, 视频编解码器: 未知, 音频编解码器: 未知
分类: ☘️河南频道, 名称: 周口扶沟, 有效: 0, IPv4: 1, IPv6: 0, 最小延迟: — ms, 最高速率: 0.00 MiB/s, 平均速率: 0.00 MiB/s, 最高分辨率: —, 平均帧率: 未知, 视频编解码器: 未知, 音频编解码器: 未知
分类: ☘️河北频道, 名称: 河北都市, 有效: 0, IPv4: 1, IPv6: 0, 最小延迟: 533 ms, 最高速率: 0.11 MiB/s, 平均速率: 0.00 MiB/s, 最高分辨率: —, 平均帧率: 未知, 视频编解码器: 未知, 音频编解码器: 未知
分类: ☘️河北频道, 名称: 石家庄城市服务, 有效: 0, IPv4: 2, IPv6: 0, 最小延迟: — ms, 最高速率: 0.00 MiB/s, 平均速率: 0.00 MiB/s, 最高分辨率: —, 平均帧率: 未知, 视频编解码器: 未知, 音频编解码器: 未知
分类: ☘️河北频道, 名称: 石家庄新闻综合, 有效: 0, IPv4: 1, IPv6: 0, 最小延迟: — ms, 最高速率: 0.00 MiB/s, 平均速率: 0.00 MiB/s, 最高分辨率: —, 平均帧率: 未知, 视频编解码器: 未知, 音频编解码器: 未知
分类: ☘️河北频道, 名称: 石家庄文化娱乐, 有效: 0, IPv4: 1, IPv6: 0, 最小延迟: — ms, 最高速率: 0.00 MiB/s, 平均速率: 0.00 MiB/s, 最高分辨率: —, 平均帧率: 未知, 视频编解码器: 未知, 音频编解码器: 未知
分类: ☘️河北频道, 名称: 河北影视剧, 有效: 0, IPv4: 1, IPv6: 0, 最小延迟: 495 ms, 最高速率: 0.32 MiB/s, 平均速率: 0.00 MiB/s, 最高分辨率: 960x540, 平均帧率: 50.0, 视频编解码器: h264, 音频编解码器: aac
分类: ☘️河北频道, 名称: 河北经济, 有效: 0, IPv4: 1, IPv6: 0, 最小延迟: 660 ms, 最高速率: 0.54 MiB/s, 平均速率: 0.00 MiB/s, 最高分辨率: 960x540, 平均帧率: 25.0, 视频编解码器: h264, 音频编解码器: aac
分类: ☘️河北频道, 名称: 河北公共, 有效: 0, IPv4: 1, IPv6: 0, 最小延迟: — ms, 最高速率: 0.00 MiB/s, 平均速率: 0.00 MiB/s, 最高分辨率: —, 平均帧率: 未知, 视频编解码器: 未知, 音频编解码器: 未知
分类: ☘️河北频道, 名称: 河北少儿, 有效: 0, IPv4: 1, IPv6: 0, 最小延迟: 309 ms, 最高速率: 1.20 MiB/s, 平均速率: 0.00 MiB/s, 最高分辨率: 960x540, 平均帧率: 25.0, 视频编解码器: h264, 音频编解码器: aac
分类: ☘️湖南频道, 名称: 湖南都市, 有效: 0, IPv4: 2, IPv6: 0, 最小延迟: — ms, 最高速率: 0.00 MiB/s, 平均速率: 0.00 MiB/s, 最高分辨率: —, 平均帧率: 未知, 视频编解码器: 未知, 音频编解码器: 未知
分类: ☘️湖南频道, 名称: 湖南经视, 有效: 0, IPv4: 2, IPv6: 0, 最小延迟: — ms, 最高速率: 0.00 MiB/s, 平均速率: 0.00 MiB/s, 最高分辨率: —, 平均帧率: 未知, 视频编解码器: 未知, 音频编解码器: 未知
分类: ☘️湖南频道, 名称: 湖南电视剧, 有效: 0, IPv4: 2, IPv6: 0, 最小延迟: — ms, 最高速率: 0.00 MiB/s, 平均速率: 0.00 MiB/s, 最高分辨率: —, 平均帧率: 未知, 视频编解码器: 未知, 音频编解码器: 未知
分类: ☘️湖南频道, 名称: 湖南电影, 有效: 0, IPv4: 2, IPv6: 0, 最小延迟: — ms, 最高速率: 0.00 MiB/s, 平均速率: 0.00 MiB/s, 最高分辨率: —, 平均帧率: 未知, 视频编解码器: 未知, 音频编解码器: 未知
分类: ☘️湖南频道, 名称: 湖南爱晚, 有效: 0, IPv4: 2, IPv6: 0, 最小延迟: — ms, 最高速率: 0.00 MiB/s, 平均速率: 0.00 MiB/s, 最高分辨率: —, 平均帧率: 未知, 视频编解码器: 未知, 音频编解码器: 未知
分类: ☘️湖南频道, 名称: 湖南教育, 有效: 0, IPv4: 3, IPv6: 0, 最小延迟: — ms, 最高速率: 0.00 MiB/s, 平均速率: 0.00 MiB/s, 最高分辨率: —, 平均帧率: 未知, 视频编解码器: 未知, 音频编解码器: 未知
分类: ☘️湖南频道, 名称: 湖南娱乐, 有效: 0, IPv4: 5, IPv6: 0, 最小延迟: — ms, 最高速率: 0.00 MiB/s, 平均速率: 0.00 MiB/s, 最高分辨率: —, 平均帧率: 未知, 视频编解码器: 未知, 音频编解码器: 未知
分类: ☘️湖南频道, 名称: 湖南国际, 有效: 0, IPv4: 2, IPv6: 0, 最小延迟: — ms, 最高速率: 0.00 MiB/s, 平均速率: 0.00 MiB/s, 最高分辨率: —, 平均帧率: 未知, 视频编解码器: 未知, 音频编解码器: 未知
分类: ☘️湖南频道, 名称: 茶频道, 有效: 0, IPv4: 13, IPv6: 0, 最小延迟: 487 ms, 最高速率: 0.23 MiB/s, 平均速率: 0.00 MiB/s, 最高分辨率: 1920x1080, 平均帧率: 25.0, 视频编解码器: h264, 音频编解码器: aac
分类: ☘️湖南频道, 名称: 金鹰纪实, 有效: 0, IPv4: 16, IPv6: 0, 最小延迟: 495 ms, 最高速率: 0.33 MiB/s, 平均速率: 0.00 MiB/s, 最高分辨率: 1920x1080, 平均帧率: 25.0, 视频编解码器: h264, 音频编解码器: mp2
分类: ☘️湖南频道, 名称: 金色学堂, 有效: 0, IPv4: 5, IPv6: 0, 最小延迟: 509 ms, 最高速率: 0.23 MiB/s, 平均速率: 0.00 MiB/s, 最高分辨率: 1920x1080, 平均帧率: 25.0, 视频编解码器: h264, 音频编解码器: aac
分类: ☘️湖南频道, 名称: 长沙新闻, 有效: 0, IPv4: 1, IPv6: 0, 最小延迟: — ms, 最高速率: 0.00 MiB/s, 平均速率: 0.00 MiB/s, 最高分辨率: —, 平均帧率: 未知, 视频编解码器: 未知, 音频编解码器: 未知
分类: ☘️湖南频道, 名称: 长沙政法, 有效: 0, IPv4: 1, IPv6: 0, 最小延迟: — ms, 最高速率: 0.00 MiB/s, 平均速率: 0.00 MiB/s, 最高分辨率: —, 平均帧率: 未知, 视频编解码器: 未知, 音频编解码器: 未知
分类: ☘️湖南频道, 名称: 长沙女性, 有效: 0, IPv4: 1, IPv6: 0, 最小延迟: — ms, 最高速率: 0.00 MiB/s, 平均速率: 0.00 MiB/s, 最高分辨率: —, 平均帧率: 未知, 视频编解码器: 未知, 音频编解码器: 未知
分类: ☘️湖南频道, 名称: 衡阳新闻综合, 有效: 0, IPv4: 1, IPv6: 0, 最小延迟: 659 ms, 最高速率: 0.01 MiB/s, 平均速率: 0.00 MiB/s, 最高分辨率: —, 平均帧率: 未知, 视频编解码器: 未知, 音频编解码器: 未知
分类: ☘️湖南频道, 名称: 湘潭新闻综合, 有效: 0, IPv4: 2, IPv6: 0, 最小延迟: — ms, 最高速率: 0.00 MiB/s, 平均速率: 0.00 MiB/s, 最高分辨率: —, 平均帧率: 未知, 视频编解码器: 未知, 音频编解码器: 未知
分类: ☘️湖北频道, 名称: 湖北综合, 有效: 0, IPv4: 6, IPv6: 0, 最小延迟: 597 ms, 最高速率: 0.02 MiB/s, 平均速率: 0.00 MiB/s, 最高分辨率: —, 平均帧率: 未知, 视频编解码器: 未知, 音频编解码器: 未知
分类: ☘️湖北频道, 名称: 湖北经济, 有效: 0, IPv4: 7, IPv6: 0, 最小延迟: 967 ms, 最高速率: 0.02 MiB/s, 平均速率: 0.00 MiB/s, 最高分辨率: —, 平均帧率: 未知, 视频编解码器: 未知, 音频编解码器: 未知
分类: ☘️湖北频道, 名称: 湖北生活, 有效: 1, IPv4: 6, IPv6: 0, 最小延迟: 32 ms, 最高速率: 3.30 MiB/s, 平均速率: 3.30 MiB/s, 最高分辨率: 1280x720, 平均帧率: 60.0, 视频编解码器: h264, 音频编解码器: aac
分类: ☘️湖北频道, 名称: 湖北教育, 有效: 0, IPv4: 6, IPv6: 0, 最小延迟: 1504 ms, 最高速率: 0.00 MiB/s, 平均速率: 0.00 MiB/s, 最高分辨率: —, 平均帧率: 未知, 视频编解码器: 未知, 音频编解码器: 未知
分类: ☘️湖北频道, 名称: 湖北影视, 有效: 1, IPv4: 6, IPv6: 0, 最小延迟: 32 ms, 最高速率: 11.55 MiB/s, 平均速率: 11.55 MiB/s, 最高分辨率: 1280x720, 平均帧率: 60.0, 视频编解码器: h264, 音频编解码器: aac
分类: ☘️湖北频道, 名称: 湖北垄上, 有效: 2, IPv4: 6, IPv6: 0, 最小延迟: 47 ms, 最高速率: 2.67 MiB/s, 平均速率: 2.38 MiB/s, 最高分辨率: 1280x720, 平均帧率: 25.0, 视频编解码器: h264, 音频编解码器: aac
分类: ☘️湖北频道, 名称: 湖北公共, 有效: 0, IPv4: 2, IPv6: 0, 最小延迟: — ms, 最高速率: 0.00 MiB/s, 平均速率: 0.00 MiB/s, 最高分辨率: —, 平均帧率: 未知, 视频编解码器: 未知, 音频编解码器: 未知
分类: ☘️湖北频道, 名称: 武汉电视剧, 有效: 0, IPv4: 3, IPv6: 0, 最小延迟: — ms, 最高速率: 0.00 MiB/s, 平均速率: 0.00 MiB/s, 最高分辨率: —, 平均帧率: 未知, 视频编解码器: 未知, 音频编解码器: 未知
分类: ☘️湖北频道, 名称: 武汉科技生活, 有效: 0, IPv4: 3, IPv6: 0, 最小延迟: — ms, 最高速率: 0.00 MiB/s, 平均速率: 0.00 MiB/s, 最高分辨率: —, 平均帧率: 未知, 视频编解码器: 未知, 音频编解码器: 未知
分类: ☘️湖北频道, 名称: 武汉新闻综合, 有效: 0, IPv4: 3, IPv6: 0, 最小延迟: 1891 ms, 最高速率: 0.00 MiB/s, 平均速率: 0.00 MiB/s, 最高分辨率: —, 平均帧率: 未知, 视频编解码器: 未知, 音频编解码器: 未知
分类: ☘️湖北频道, 名称: 武汉经济, 有效: 0, IPv4: 1, IPv6: 0, 最小延迟: — ms, 最高速率: 0.00 MiB/s, 平均速率: 0.00 MiB/s, 最高分辨率: —, 平均帧率: 未知, 视频编解码器: 未知, 音频编解码器: 未知
分类: ☘️湖北频道, 名称: 武汉文体, 有效: 0, IPv4: 2, IPv6: 0, 最小延迟: 557 ms, 最高速率: 0.00 MiB/s, 平均速率: 0.00 MiB/s, 最高分辨率: —, 平均帧率: 未知, 视频编解码器: 未知, 音频编解码器: 未知
分类: ☘️湖北频道, 名称: 武汉外语, 有效: 0, IPv4: 1, IPv6: 0, 最小延迟: — ms, 最高速率: 0.00 MiB/s, 平均速率: 0.00 MiB/s, 最高分辨率: —, 平均帧率: 未知, 视频编解码器: 未知, 音频编解码器: 未知
分类: ☘️湖北频道, 名称: 武汉教育, 有效: 0, IPv4: 3, IPv6: 0, 最小延迟: 1138 ms, 最高速率: 0.00 MiB/s, 平均速率: 0.00 MiB/s, 最高分辨率: —, 平均帧率: 未知, 视频编解码器: 未知, 音频编解码器: 未知
分类: ☘️湖北频道, 名称: 十堰新闻, 有效: 0, IPv4: 1, IPv6: 0, 最小延迟: — ms, 最高速率: 0.00 MiB/s, 平均速率: 0.00 MiB/s, 最高分辨率: —, 平均帧率: 未知, 视频编解码器: 未知, 音频编解码器: 未知
分类: ☘️湖北频道, 名称: 江夏新闻综合, 有效: 0, IPv4: 1, IPv6: 0, 最小延迟: 421 ms, 最高速率: 0.14 MiB/s, 平均速率: 0.00 MiB/s, 最高分辨率: —, 平均帧率: 未知, 视频编解码器: 未知, 音频编解码器: 未知
分类: ☘️湖北频道, 名称: 崇阳综合, 有效: 0, IPv4: 1, IPv6: 0, 最小延迟: — ms, 最高速率: 0.00 MiB/s, 平均速率: 0.00 MiB/s, 最高分辨率: —, 平均帧率: 未知, 视频编解码器: 未知, 音频编解码器: 未知
分类: ☘️浙江频道, 名称: 浙江留学, 有效: 0, IPv4: 1, IPv6: 0, 最小延迟: 416 ms, 最高速率: 0.08 MiB/s, 平均速率: 0.00 MiB/s, 最高分辨率: —, 平均帧率: 未知, 视频编解码器: 未知, 音频编解码器: 未知
分类: ☘️浙江频道, 名称: 浙江遂昌, 有效: 0, IPv4: 1, IPv6: 0, 最小延迟: 430 ms, 最高速率: 0.13 MiB/s, 平均速率: 0.00 MiB/s, 最高分辨率: —, 平均帧率: 未知, 视频编解码器: 未知, 音频编解码器: 未知
分类: ☘️浙江频道, 名称: 龙游生活娱乐, 有效: 0, IPv4: 3, IPv6: 0, 最小延迟: 630 ms, 最高速率: 0.12 MiB/s, 平均速率: 0.00 MiB/s, 最高分辨率: —, 平均帧率: 未知, 视频编解码器: 未知, 音频编解码器: 未知
分类: ☘️浙江频道, 名称: 诸暨新闻综合, 有效: 0, IPv4: 2, IPv6: 0, 最小延迟: 660 ms, 最高速率: 0.08 MiB/s, 平均速率: 0.00 MiB/s, 最高分辨率: —, 平均帧率: 未知, 视频编解码器: 未知, 音频编解码器: 未知
分类: ☘️浙江频道, 名称: 湖州新闻综合, 有效: 0, IPv4: 1, IPv6: 0, 最小延迟: — ms, 最高速率: 0.00 MiB/s, 平均速率: 0.00 MiB/s, 最高分辨率: —, 平均帧率: 未知, 视频编解码器: 未知, 音频编解码器: 未知
分类: ☘️浙江频道, 名称: 湖州文化娱乐, 有效: 0, IPv4: 1, IPv6: 0, 最小延迟: — ms, 最高速率: 0.00 MiB/s, 平均速率: 0.00 MiB/s, 最高分辨率: —, 平均帧率: 未知, 视频编解码器: 未知, 音频编解码器: 未知
分类: ☘️浙江频道, 名称: 龙游新闻综合, 有效: 0, IPv4: 3, IPv6: 0, 最小延迟: 1357 ms, 最高速率: 0.04 MiB/s, 平均速率: 0.00 MiB/s, 最高分辨率: —, 平均帧率: 未知, 视频编解码器: 未知, 音频编解码器: 未知
分类: ☘️浙江频道, 名称: 龙泉新闻综合, 有效: 0, IPv4: 2, IPv6: 0, 最小延迟: 1231 ms, 最高速率: 0.04 MiB/s, 平均速率: 0.00 MiB/s, 最高分辨率: —, 平均帧率: 未知, 视频编解码器: 未知, 音频编解码器: 未知
分类: ☘️浙江频道, 名称: 象山综合, 有效: 1, IPv4: 1, IPv6: 0, 最小延迟: 504 ms, 最高速率: 0.73 MiB/s, 平均速率: 0.73 MiB/s, 最高分辨率: 1920x1080, 平均帧率: 25.0, 视频编解码器: h264, 音频编解码器: aac
分类: ☘️浙江频道, 名称: 青田电视台, 有效: 0, IPv4: 1, IPv6: 0, 最小延迟: — ms, 最高速率: 0.00 MiB/s, 平均速率: 0.00 MiB/s, 最高分辨率: —, 平均帧率: 未知, 视频编解码器: 未知, 音频编解码器: 未知
分类: ☘️浙江频道, 名称: 遂昌综合, 有效: 0, IPv4: 1, IPv6: 0, 最小延迟: 1519 ms, 最高速率: 0.04 MiB/s, 平均速率: 0.00 MiB/s, 最高分辨率: —, 平均帧率: 未知, 视频编解码器: 未知, 音频编解码器: 未知
分类: ☘️浙江频道, 名称: 象山新闻综合, 有效: 0, IPv4: 1, IPv6: 0, 最小延迟: — ms, 最高速率: 0.00 MiB/s, 平均速率: 0.00 MiB/s, 最高分辨率: —, 平均帧率: 未知, 视频编解码器: 未知, 音频编解码器: 未知
分类: ☘️浙江频道, 名称: 衢江新闻综合, 有效: 0, IPv4: 1, IPv6: 0, 最小延迟: — ms, 最高速率: 0.00 MiB/s, 平均速率: 0.00 MiB/s, 最高分辨率: —, 平均帧率: 未知, 视频编解码器: 未知, 音频编解码器: 未知
分类: ☘️浙江频道, 名称: 萧山生活, 有效: 0, IPv4: 1, IPv6: 0, 最小延迟: 1129 ms, 最高速率: 0.05 MiB/s, 平均速率: 0.00 MiB/s, 最高分辨率: —, 平均帧率: 未知, 视频编解码器: 未知, 音频编解码器: 未知
分类: ☘️浙江频道, 名称: 萧山新闻综合, 有效: 0, IPv4: 4, IPv6: 0, 最小延迟: 1731 ms, 最高速率: 0.02 MiB/s, 平均速率: 0.00 MiB/s, 最高分辨率: —, 平均帧率: 未知, 视频编解码器: 未知, 音频编解码器: 未知
分类: ☘️浙江频道, 名称: 苍南新闻综合, 有效: 0, IPv4: 2, IPv6: 0, 最小延迟: 543 ms, 最高速率: 0.19 MiB/s, 平均速率: 0.00 MiB/s, 最高分辨率: —, 平均帧率: 未知, 视频编解码器: 未知, 音频编解码器: 未知
分类: ☘️浙江频道, 名称: 缙云综合, 有效: 0, IPv4: 1, IPv6: 0, 最小延迟: 389 ms, 最高速率: 0.17 MiB/s, 平均速率: 0.00 MiB/s, 最高分辨率: —, 平均帧率: 未知, 视频编解码器: 未知, 音频编解码器: 未知
分类: ☘️浙江频道, 名称: 绍兴新闻综合, 有效: 0, IPv4: 3, IPv6: 0, 最小延迟: 589 ms, 最高速率: 0.11 MiB/s, 平均速率: 0.00 MiB/s, 最高分辨率: —, 平均帧率: 未知, 视频编解码器: 未知, 音频编解码器: 未知
分类: ☘️浙江频道, 名称: 缙云新闻综合, 有效: 0, IPv4: 1, IPv6: 0, 最小延迟: 1149 ms, 最高速率: 0.05 MiB/s, 平均速率: 0.00 MiB/s, 最高分辨率: —, 平均帧率: 未知, 视频编解码器: 未知, 音频编解码器: 未知
分类: ☘️浙江频道, 名称: 绍兴电视台公共, 有效: 0, IPv4: 1, IPv6: 0, 最小延迟: 1625 ms, 最高速率: 0.02 MiB/s, 平均速率: 0.00 MiB/s, 最高分辨率: —, 平均帧率: 未知, 视频编解码器: 未知, 音频编解码器: 未知
分类: ☘️浙江频道, 名称: 永嘉新闻综合, 有效: 0, IPv4: 2, IPv6: 0, 最小延迟: 484 ms, 最高速率: 0.13 MiB/s, 平均速率: 0.00 MiB/s, 最高分辨率: —, 平均帧率: 未知, 视频编解码器: 未知, 音频编解码器: 未知
分类: ☘️浙江频道, 名称: 绍兴文化影视, 有效: 0, IPv4: 1, IPv6: 0, 最小延迟: 458 ms, 最高速率: 0.12 MiB/s, 平均速率: 0.00 MiB/s, 最高分辨率: —, 平均帧率: 未知, 视频编解码器: 未知, 音频编解码器: 未知
分类: ☘️浙江频道, 名称: 绍兴文化影院, 有效: 0, IPv4: 1, IPv6: 0, 最小延迟: — ms, 最高速率: 0.00 MiB/s, 平均速率: 0.00 MiB/s, 最高分辨率: —, 平均帧率: 未知, 视频编解码器: 未知, 音频编解码器: 未知
分类: ☘️浙江频道, 名称: 绍兴公共, 有效: 0, IPv4: 1, IPv6: 0, 最小延迟: — ms, 最高速率: 0.00 MiB/s, 平均速率: 0.00 MiB/s, 最高分辨率: —, 平均帧率: 未知, 视频编解码器: 未知, 音频编解码器: 未知
分类: ☘️浙江频道, 名称: 洞头综合, 有效: 0, IPv4: 1, IPv6: 0, 最小延迟: 253 ms, 最高速率: 0.23 MiB/s, 平均速率: 0.00 MiB/s, 最高分辨率: 720x540, 平均帧率: 25.0, 视频编解码器: h264, 音频编解码器: aac
分类: ☘️浙江频道, 名称: 武义新闻综合, 有效: 0, IPv4: 1, IPv6: 0, 最小延迟: — ms, 最高速率: 0.00 MiB/s, 平均速率: 0.00 MiB/s, 最高分辨率: —, 平均帧率: 未知, 视频编解码器: 未知, 音频编解码器: 未知
分类: ☘️浙江频道, 名称: 海宁新闻综合, 有效: 1, IPv4: 1, IPv6: 0, 最小延迟: 375 ms, 最高速率: 0.27 MiB/s, 平均速率: 0.27 MiB/s, 最高分辨率: 1280x720, 平均帧率: 25.0, 视频编解码器: h264, 音频编解码器: aac
分类: ☘️浙江频道, 名称: 湖州公共民生, 有效: 0, IPv4: 1, IPv6: 0, 最小延迟: — ms, 最高速率: 0.00 MiB/s, 平均速率: 0.00 MiB/s, 最高分辨率: —, 平均帧率: 未知, 视频编解码器: 未知, 音频编解码器: 未知
分类: ☘️浙江频道, 名称: 普陀电视台, 有效: 0, IPv4: 1, IPv6: 0, 最小延迟: 946 ms, 最高速率: 0.05 MiB/s, 平均速率: 0.00 MiB/s, 最高分辨率: —, 平均帧率: 未知, 视频编解码器: 未知, 音频编解码器: 未知
分类: ☘️浙江频道, 名称: 新昌新闻综合, 有效: 0, IPv4: 1, IPv6: 0, 最小延迟: 1074 ms, 最高速率: 0.17 MiB/s, 平均速率: 0.00 MiB/s, 最高分辨率: —, 平均帧率: 未知, 视频编解码器: 未知, 音频编解码器: 未知
分类: ☘️浙江频道, 名称: 松阳综合, 有效: 0, IPv4: 1, IPv6: 0, 最小延迟: 1775 ms, 最高速率: 0.02 MiB/s, 平均速率: 0.00 MiB/s, 最高分辨率: —, 平均帧率: 未知, 视频编解码器: 未知, 音频编解码器: 未知
分类: ☘️浙江频道, 名称: 普陀新闻综合, 有效: 0, IPv4: 1, IPv6: 0, 最小延迟: 1870 ms, 最高速率: 0.02 MiB/s, 平均速率: 0.00 MiB/s, 最高分辨率: —, 平均帧率: 未知, 视频编解码器: 未知, 音频编解码器: 未知
分类: ☘️浙江频道, 名称: 文成综合, 有效: 0, IPv4: 2, IPv6: 0, 最小延迟: 1800 ms, 最高速率: 0.02 MiB/s, 平均速率: 0.00 MiB/s, 最高分辨率: —, 平均帧率: 未知, 视频编解码器: 未知, 音频编解码器: 未知
分类: ☘️浙江频道, 名称: 新昌生活, 有效: 0, IPv4: 1, IPv6: 0, 最小延迟: 1926 ms, 最高速率: 0.02 MiB/s, 平均速率: 0.00 MiB/s, 最高分辨率: —, 平均帧率: 未知, 视频编解码器: 未知, 音频编解码器: 未知
分类: ☘️浙江频道, 名称: 开化新闻综合, 有效: 0, IPv4: 1, IPv6: 0, 最小延迟: 1982 ms, 最高速率: 0.02 MiB/s, 平均速率: 0.00 MiB/s, 最高分辨率: —, 平均帧率: 未知, 视频编解码器: 未知, 音频编解码器: 未知
分类: ☘️浙江频道, 名称: 开化国家公园, 有效: 0, IPv4: 2, IPv6: 0, 最小延迟: 1094 ms, 最高速率: 0.05 MiB/s, 平均速率: 0.00 MiB/s, 最高分辨率: —, 平均帧率: 未知, 视频编解码器: 未知, 音频编解码器: 未知
分类: ☘️浙江频道, 名称: 庆元综合, 有效: 0, IPv4: 1, IPv6: 0, 最小延迟: — ms, 最高速率: 0.00 MiB/s, 平均速率: 0.00 MiB/s, 最高分辨率: —, 平均帧率: 未知, 视频编解码器: 未知, 音频编解码器: 未知
分类: ☘️浙江频道, 名称: 庆元新闻综合, 有效: 0, IPv4: 1, IPv6: 0, 最小延迟: 1642 ms, 最高速率: 0.03 MiB/s, 平均速率: 0.00 MiB/s, 最高分辨率: —, 平均帧率: 未知, 视频编解码器: 未知, 音频编解码器: 未知
分类: ☘️浙江频道, 名称: 平湖民生休闲, 有效: 0, IPv4: 2, IPv6: 0, 最小延迟: 1739 ms, 最高速率: 0.02 MiB/s, 平均速率: 0.00 MiB/s, 最高分辨率: —, 平均帧率: 未知, 视频编解码器: 未知, 音频编解码器: 未知
分类: ☘️浙江频道, 名称: 平湖新闻综合, 有效: 0, IPv4: 1, IPv6: 0, 最小延迟: — ms, 最高速率: 0.00 MiB/s, 平均速率: 0.00 MiB/s, 最高分辨率: —, 平均帧率: 未知, 视频编解码器: 未知, 音频编解码器: 未知
分类: ☘️浙江频道, 名称: 嵊泗综合, 有效: 0, IPv4: 1, IPv6: 0, 最小延迟: 1993 ms, 最高速率: 0.02 MiB/s, 平均速率: 0.00 MiB/s, 最高分辨率: —, 平均帧率: 未知, 视频编解码器: 未知, 音频编解码器: 未知
分类: ☘️浙江频道, 名称: 嵊州新闻综合, 有效: 1, IPv4: 2, IPv6: 0, 最小延迟: 577 ms, 最高速率: 0.30 MiB/s, 平均速率: 0.30 MiB/s, 最高分辨率: 1280x720, 平均帧率: 25.0, 视频编解码器: h264, 音频编解码器: aac
分类: ☘️浙江频道, 名称: 兰溪新闻综合, 有效: 0, IPv4: 2, IPv6: 0, 最小延迟: 1731 ms, 最高速率: 0.02 MiB/s, 平均速率: 0.00 MiB/s, 最高分辨率: —, 平均帧率: 未知, 视频编解码器: 未知, 音频编解码器: 未知
分类: ☘️浙江频道, 名称: 余杭综合, 有效: 0, IPv4: 1, IPv6: 0, 最小延迟: 1892 ms, 最高速率: 0.02 MiB/s, 平均速率: 0.00 MiB/s, 最高分辨率: —, 平均帧率: 未知, 视频编解码器: 未知, 音频编解码器: 未知
分类: ☘️浙江频道, 名称: 余杭未来E, 有效: 0, IPv4: 1, IPv6: 0, 最小延迟: — ms, 最高速率: 0.00 MiB/s, 平均速率: 0.00 MiB/s, 最高分辨率: —, 平均帧率: 未知, 视频编解码器: 未知, 音频编解码器: 未知
分类: ☘️浙江频道, 名称: 余姚综合, 有效: 0, IPv4: 1, IPv6: 0, 最小延迟: 1938 ms, 最高速率: 0.02 MiB/s, 平均速率: 0.00 MiB/s, 最高分辨率: —, 平均帧率: 未知, 视频编解码器: 未知, 音频编解码器: 未知
分类: ☘️浙江频道, 名称: 余姚新闻综合, 有效: 1, IPv4: 3, IPv6: 0, 最小延迟: 304 ms, 最高速率: 0.53 MiB/s, 平均速率: 0.53 MiB/s, 最高分辨率: 1920x1080, 平均帧率: 25.0, 视频编解码器: h264, 音频编解码器: aac
分类: ☘️浙江频道, 名称: 余姚姚江文化, 有效: 0, IPv4: 2, IPv6: 0, 最小延迟: 1190 ms, 最高速率: 0.06 MiB/s, 平均速率: 0.00 MiB/s, 最高分辨率: —, 平均帧率: 未知, 视频编解码器: 未知, 音频编解码器: 未知
分类: ☘️浙江频道, 名称: 云和新闻综合, 有效: 0, IPv4: 2, IPv6: 0, 最小延迟: 1542 ms, 最高速率: 0.03 MiB/s, 平均速率: 0.00 MiB/s, 最高分辨率: —, 平均帧率: 未知, 视频编解码器: 未知, 音频编解码器: 未知
分类: ☘️浙江频道, 名称: 东阳影视生活, 有效: 0, IPv4: 1, IPv6: 0, 最小延迟: 1726 ms, 最高速率: 0.02 MiB/s, 平均速率: 0.00 MiB/s, 最高分辨率: —, 平均帧率: 未知, 视频编解码器: 未知, 音频编解码器: 未知
分类: ☘️浙江频道, 名称: 上虞新闻综合, 有效: 0, IPv4: 1, IPv6: 0, 最小延迟: 752 ms, 最高速率: 0.06 MiB/s, 平均速率: 0.00 MiB/s, 最高分辨率: —, 平均帧率: 未知, 视频编解码器: 未知, 音频编解码器: 未知
分类: ☘️浙江频道, 名称: 上虞新商都, 有效: 0, IPv4: 2, IPv6: 0, 最小延迟: 530 ms, 最高速率: 0.12 MiB/s, 平均速率: 0.00 MiB/s, 最高分辨率: —, 平均帧率: 未知, 视频编解码器: 未知, 音频编解码器: 未知
分类: ☘️浙江频道, 名称: 义乌新闻综合, 有效: 0, IPv4: 1, IPv6: 0, 最小延迟: — ms, 最高速率: 0.00 MiB/s, 平均速率: 0.00 MiB/s, 最高分辨率: —, 平均帧率: 未知, 视频编解码器: 未知, 音频编解码器: 未知
分类: ☘️浙江频道, 名称: 上虞文化影院, 有效: 0, IPv4: 2, IPv6: 0, 最小延迟: 1417 ms, 最高速率: 0.04 MiB/s, 平均速率: 0.00 MiB/s, 最高分辨率: —, 平均帧率: 未知, 视频编解码器: 未知, 音频编解码器: 未知
分类: ☘️重庆频道, 名称: 铜梁综合, 有效: 0, IPv4: 3, IPv6: 0, 最小延迟: 936 ms, 最高速率: 0.09 MiB/s, 平均速率: 0.00 MiB/s, 最高分辨率: —, 平均帧率: 未知, 视频编解码器: 未知, 音频编解码器: 未知
分类: ☘️重庆频道, 名称: 璧山综合, 有效: 0, IPv4: 2, IPv6: 0, 最小延迟: 846 ms, 最高速率: 0.09 MiB/s, 平均速率: 0.00 MiB/s, 最高分辨率: —, 平均帧率: 未知, 视频编解码器: 未知, 音频编解码器: 未知
分类: ☘️重庆频道, 名称: 重庆汽摩, 有效: 0, IPv4: 2, IPv6: 0, 最小延迟: 562 ms, 最高速率: 0.00 MiB/s, 平均速率: 0.00 MiB/s, 最高分辨率: —, 平均帧率: 未知, 视频编解码器: 未知, 音频编解码器: 未知
分类: ☘️重庆频道, 名称: 荣昌综合, 有效: 0, IPv4: 2, IPv6: 0, 最小延迟: 842 ms, 最高速率: 0.09 MiB/s, 平均速率: 0.00 MiB/s, 最高分辨率: —, 平均帧率: 未知, 视频编解码器: 未知, 音频编解码器: 未知
分类: ☘️重庆频道, 名称: 万源新闻综合, 有效: 0, IPv4: 2, IPv6: 0, 最小延迟: — ms, 最高速率: 0.00 MiB/s, 平均速率: 0.00 MiB/s, 最高分辨率: —, 平均帧率: 未知, 视频编解码器: 未知, 音频编解码器: 未知
分类: ☘️重庆频道, 名称: 万州综合, 有效: 0, IPv4: 2, IPv6: 0, 最小延迟: — ms, 最高速率: 0.00 MiB/s, 平均速率: 0.00 MiB/s, 最高分辨率: —, 平均帧率: 未知, 视频编解码器: 未知, 音频编解码器: 未知
分类: ☘️重庆频道, 名称: 潼南综合, 有效: 0, IPv4: 1, IPv6: 0, 最小延迟: 558 ms, 最高速率: 0.12 MiB/s, 平均速率: 0.00 MiB/s, 最高分辨率: —, 平均帧率: 未知, 视频编解码器: 未知, 音频编解码器: 未知
分类: ☘️重庆频道, 名称: 重庆新闻, 有效: 0, IPv4: 4, IPv6: 0, 最小延迟: 535 ms, 最高速率: 0.23 MiB/s, 平均速率: 0.00 MiB/s, 最高分辨率: —, 平均帧率: 25.0, 视频编解码器: h264, 音频编解码器: mp2
分类: ☘️重庆频道, 名称: 涪陵电视台, 有效: 0, IPv4: 1, IPv6: 0, 最小延迟: 568 ms, 最高速率: 0.07 MiB/s, 平均速率: 0.00 MiB/s, 最高分辨率: —, 平均帧率: 未知, 视频编解码器: 未知, 音频编解码器: 未知
分类: ☘️重庆频道, 名称: 万州三峡移民, 有效: 0, IPv4: 2, IPv6: 0, 最小延迟: — ms, 最高速率: 0.00 MiB/s, 平均速率: 0.00 MiB/s, 最高分辨率: —, 平均帧率: 未知, 视频编解码器: 未知, 音频编解码器: 未知
分类: ☘️重庆频道, 名称: 武隆综合, 有效: 0, IPv4: 1, IPv6: 0, 最小延迟: — ms, 最高速率: 0.00 MiB/s, 平均速率: 0.00 MiB/s, 最高分辨率: —, 平均帧率: 未知, 视频编解码器: 未知, 音频编解码器: 未知
分类: ☘️重庆频道, 名称: 垫江综合, 有效: 0, IPv4: 1, IPv6: 0, 最小延迟: — ms, 最高速率: 0.00 MiB/s, 平均速率: 0.00 MiB/s, 最高分辨率: —, 平均帧率: 未知, 视频编解码器: 未知, 音频编解码器: 未知
分类: ☘️云南频道, 名称: 昆明经济生活, 有效: 0, IPv4: 1, IPv6: 0, 最小延迟: — ms, 最高速率: 0.00 MiB/s, 平均速率: 0.00 MiB/s, 最高分辨率: —, 平均帧率: 未知, 视频编解码器: 未知, 音频编解码器: 未知
分类: ☘️云南频道, 名称: 通海电视台, 有效: 0, IPv4: 1, IPv6: 0, 最小延迟: 367 ms, 最高速率: 0.23 MiB/s, 平均速率: 0.00 MiB/s, 最高分辨率: 1920x1080, 平均帧率: 25.0, 视频编解码器: h264, 音频编解码器: aac
分类: ☘️云南频道, 名称: 易门综合, 有效: 0, IPv4: 1, IPv6: 0, 最小延迟: 677 ms, 最高速率: 0.23 MiB/s, 平均速率: 0.00 MiB/s, 最高分辨率: 1920x1080, 平均帧率: 30.0, 视频编解码器: h264, 音频编解码器: aac
分类: ☘️贵州频道, 名称: 七星关电视台, 有效: 0, IPv4: 1, IPv6: 0, 最小延迟: — ms, 最高速率: 0.00 MiB/s, 平均速率: 0.00 MiB/s, 最高分辨率: —, 平均帧率: 未知, 视频编解码器: 未知, 音频编解码器: 未知
分类: ☘️贵州频道, 名称: 松桃新闻, 有效: 0, IPv4: 1, IPv6: 0, 最小延迟: — ms, 最高速率: 0.00 MiB/s, 平均速率: 0.00 MiB/s, 最高分辨率: —, 平均帧率: 未知, 视频编解码器: 未知, 音频编解码器: 未知
分类: ☘️贵州频道, 名称: 凤冈综合, 有效: 0, IPv4: 1, IPv6: 0, 最小延迟: — ms, 最高速率: 0.00 MiB/s, 平均速率: 0.00 MiB/s, 最高分辨率: —, 平均帧率: 未知, 视频编解码器: 未知, 音频编解码器: 未知
分类: ☘️四川频道, 名称: 天元围棋, 有效: 5, IPv4: 6, IPv6: 0, 最小延迟: 31 ms, 最高速率: 54.98 MiB/s, 平均速率: 40.26 MiB/s, 最高分辨率: 1920x1080, 平均帧率: 25.0, 视频编解码器: h264, 音频编解码器: aac
分类: ☘️四川频道, 名称: 四川科教, 有效: 0, IPv4: 1, IPv6: 0, 最小延迟: 407 ms, 最高速率: 0.13 MiB/s, 平均速率: 0.00 MiB/s, 最高分辨率: —, 平均帧率: 未知, 视频编解码器: 未知, 音频编解码器: 未知
分类: ☘️四川频道, 名称: 乐至综合, 有效: 0, IPv4: 2, IPv6: 0, 最小延迟: 270 ms, 最高速率: 0.26 MiB/s, 平均速率: 0.00 MiB/s, 最高分辨率: 1920x1080, 平均帧率: 25.0, 视频编解码器: h264, 音频编解码器: aac
分类: ☘️四川频道, 名称: 仁寿综合, 有效: 0, IPv4: 1, IPv6: 0, 最小延迟: 717 ms, 最高速率: 0.06 MiB/s, 平均速率: 0.00 MiB/s, 最高分辨率: —, 平均帧率: 未知, 视频编解码器: 未知, 音频编解码器: 未知
分类: ☘️四川频道, 名称: 井研综合, 有效: 0, IPv4: 1, IPv6: 0, 最小延迟: 697 ms, 最高速率: 0.13 MiB/s, 平均速率: 0.00 MiB/s, 最高分辨率: —, 平均帧率: 未知, 视频编解码器: 未知, 音频编解码器: 未知
分类: ☘️四川频道, 名称: 利州综合, 有效: 0, IPv4: 2, IPv6: 0, 最小延迟: — ms, 最高速率: 0.00 MiB/s, 平均速率: 0.00 MiB/s, 最高分辨率: —, 平均帧率: 未知, 视频编解码器: 未知, 音频编解码器: 未知
分类: ☘️四川频道, 名称: 叙州新闻综合, 有效: 0, IPv4: 1, IPv6: 0, 最小延迟: — ms, 最高速率: 0.00 MiB/s, 平均速率: 0.00 MiB/s, 最高分辨率: —, 平均帧率: 未知, 视频编解码器: 未知, 音频编解码器: 未知
分类: ☘️四川频道, 名称: 凉山语, 有效: 0, IPv4: 2, IPv6: 0, 最小延迟: 322 ms, 最高速率: 0.27 MiB/s, 平均速率: 0.00 MiB/s, 最高分辨率: 720x404, 平均帧率: 25.0, 视频编解码器: h264, 音频编解码器: aac
分类: ☘️四川频道, 名称: 叙永综合, 有效: 0, IPv4: 1, IPv6: 0, 最小延迟: — ms, 最高速率: 0.00 MiB/s, 平均速率: 0.00 MiB/s, 最高分辨率: —, 平均帧率: 未知, 视频编解码器: 未知, 音频编解码器: 未知
分类: ☘️四川频道, 名称: 凉山新闻综合, 有效: 0, IPv4: 1, IPv6: 0, 最小延迟: 447 ms, 最高速率: 0.26 MiB/s, 平均速率: 0.00 MiB/s, 最高分辨率: 720x404, 平均帧率: 25.0, 视频编解码器: h264, 音频编解码器: aac
分类: ☘️四川频道, 名称: 什邡新闻, 有效: 0, IPv4: 2, IPv6: 0, 最小延迟: — ms, 最高速率: 0.00 MiB/s, 平均速率: 0.00 MiB/s, 最高分辨率: —, 平均帧率: 未知, 视频编解码器: 未知, 音频编解码器: 未知
分类: ☘️四川频道, 名称: 名山综合, 有效: 0, IPv4: 1, IPv6: 0, 最小延迟: 615 ms, 最高速率: 0.22 MiB/s, 平均速率: 0.00 MiB/s, 最高分辨率: 1920x1080, 平均帧率: 未知, 视频编解码器: h264, 音频编解码器: aac
分类: ☘️四川频道, 名称: 甘孜综合, 有效: 0, IPv4: 2, IPv6: 0, 最小延迟: — ms, 最高速率: 0.00 MiB/s, 平均速率: 0.00 MiB/s, 最高分辨率: —, 平均帧率: 未知, 视频编解码器: 未知, 音频编解码器: 未知
分类: ☘️四川频道, 名称: 广元公共, 有效: 0, IPv4: 1, IPv6: 0, 最小延迟: — ms, 最高速率: 0.00 MiB/s, 平均速率: 0.00 MiB/s, 最高分辨率: —, 平均帧率: 未知, 视频编解码器: 未知, 音频编解码器: 未知
分类: ☘️四川频道, 名称: 德阳公共, 有效: 0, IPv4: 2, IPv6: 0, 最小延迟: — ms, 最高速率: 0.00 MiB/s, 平均速率: 0.00 MiB/s, 最高分辨率: —, 平均帧率: 未知, 视频编解码器: 未知, 音频编解码器: 未知
分类: ☘️四川频道, 名称: 德阳新闻综合, 有效: 0, IPv4: 1, IPv6: 0, 最小延迟: — ms, 最高速率: 0.00 MiB/s, 平均速率: 0.00 MiB/s, 最高分辨率: —, 平均帧率: 未知, 视频编解码器: 未知, 音频编解码器: 未知
分类: ☘️四川频道, 名称: 长宁综合, 有效: 0, IPv4: 1, IPv6: 0, 最小延迟: — ms, 最高速率: 0.00 MiB/s, 平均速率: 0.00 MiB/s, 最高分辨率: —, 平均帧率: 未知, 视频编解码器: 未知, 音频编解码器: 未知
分类: ☘️四川频道, 名称: 荥经综合, 有效: 0, IPv4: 1, IPv6: 0, 最小延迟: 545 ms, 最高速率: 0.25 MiB/s, 平均速率: 0.00 MiB/s, 最高分辨率: 1920x1080, 平均帧率: 未知, 视频编解码器: h264, 音频编解码器: aac
分类: ☘️四川频道, 名称: 马尔康综合, 有效: 0, IPv4: 2, IPv6: 0, 最小延迟: — ms, 最高速率: 0.00 MiB/s, 平均速率: 0.00 MiB/s, 最高分辨率: —, 平均帧率: 未知, 视频编解码器: 未知, 音频编解码器: 未知
分类: ☘️四川频道, 名称: 攀枝花新闻, 有效: 0, IPv4: 1, IPv6: 0, 最小延迟: — ms, 最高速率: 0.00 MiB/s, 平均速率: 0.00 MiB/s, 最高分辨率: —, 平均帧率: 未知, 视频编解码器: 未知, 音频编解码器: 未知
分类: ☘️四川频道, 名称: 青川综合, 有效: 0, IPv4: 1, IPv6: 0, 最小延迟: 409 ms, 最高速率: 0.29 MiB/s, 平均速率: 0.00 MiB/s, 最高分辨率: 1920x1080, 平均帧率: 25.0, 视频编解码器: h264, 音频编解码器: aac
分类: ☘️四川频道, 名称: 金川乡村, 有效: 0, IPv4: 1, IPv6: 0, 最小延迟: — ms, 最高速率: 0.00 MiB/s, 平均速率: 0.00 MiB/s, 最高分辨率: —, 平均帧率: 未知, 视频编解码器: 未知, 音频编解码器: 未知
分类: ☘️四川频道, 名称: 金川新闻综合, 有效: 0, IPv4: 2, IPv6: 0, 最小延迟: — ms, 最高速率: 0.00 MiB/s, 平均速率: 0.00 MiB/s, 最高分辨率: —, 平均帧率: 未知, 视频编解码器: 未知, 音频编解码器: 未知
分类: ☘️四川频道, 名称: 自贡文化生活, 有效: 0, IPv4: 1, IPv6: 0, 最小延迟: — ms, 最高速率: 0.00 MiB/s, 平均速率: 0.00 MiB/s, 最高分辨率: —, 平均帧率: 未知, 视频编解码器: 未知, 音频编解码器: 未知
分类: ☘️四川频道, 名称: 雅安新闻综合, 有效: 0, IPv4: 1, IPv6: 0, 最小延迟: — ms, 最高速率: 0.00 MiB/s, 平均速率: 0.00 MiB/s, 最高分辨率: —, 平均帧率: 未知, 视频编解码器: 未知, 音频编解码器: 未知
分类: ☘️四川频道, 名称: 青神综合, 有效: 0, IPv4: 2, IPv6: 0, 最小延迟: — ms, 最高速率: 0.00 MiB/s, 平均速率: 0.00 MiB/s, 最高分辨率: —, 平均帧率: 未知, 视频编解码器: 未知, 音频编解码器: 未知
分类: ☘️四川频道, 名称: 德阳新闻, 有效: 0, IPv4: 1, IPv6: 0, 最小延迟: — ms, 最高速率: 0.00 MiB/s, 平均速率: 0.00 MiB/s, 最高分辨率: —, 平均帧率: 未知, 视频编解码器: 未知, 音频编解码器: 未知
分类: ☘️黑龙江频道, 名称: 哈尔滨新闻综合, 有效: 0, IPv4: 1, IPv6: 0, 最小延迟: 610 ms, 最高速率: 0.03 MiB/s, 平均速率: 0.00 MiB/s, 最高分辨率: —, 平均帧率: 未知, 视频编解码器: 未知, 音频编解码器: 未知
分类: ☘️黑龙江频道, 名称: 哈尔滨影视, 有效: 0, IPv4: 3, IPv6: 0, 最小延迟: 1004 ms, 最高速率: 0.15 MiB/s, 平均速率: 0.00 MiB/s, 最高分辨率: —, 平均帧率: 未知, 视频编解码器: 未知, 音频编解码器: 未知
分类: ☘️黑龙江频道, 名称: 哈尔滨都市资讯, 有效: 0, IPv4: 2, IPv6: 0, 最小延迟: 921 ms, 最高速率: 0.02 MiB/s, 平均速率: 0.00 MiB/s, 最高分辨率: —, 平均帧率: 未知, 视频编解码器: 未知, 音频编解码器: 未知
分类: ☘️黑龙江频道, 名称: 哈尔滨生活, 有效: 0, IPv4: 2, IPv6: 0, 最小延迟: 1102 ms, 最高速率: 0.07 MiB/s, 平均速率: 0.00 MiB/s, 最高分辨率: —, 平均帧率: 未知, 视频编解码器: 未知, 音频编解码器: 未知
分类: ☘️黑龙江频道, 名称: 哈尔滨娱乐, 有效: 0, IPv4: 1, IPv6: 0, 最小延迟: 841 ms, 最高速率: 0.02 MiB/s, 平均速率: 0.00 MiB/s, 最高分辨率: —, 平均帧率: 未知, 视频编解码器: 未知, 音频编解码器: 未知
分类: ☘️黑龙江频道, 名称: 七台河新闻综合, 有效: 0, IPv4: 2, IPv6: 0, 最小延迟: 583 ms, 最高速率: 0.17 MiB/s, 平均速率: 0.00 MiB/s, 最高分辨率: —, 平均帧率: 未知, 视频编解码器: 未知, 音频编解码器: 未知
分类: ☘️黑龙江频道, 名称: 甘南县综合, 有效: 0, IPv4: 2, IPv6: 0, 最小延迟: 1019 ms, 最高速率: 0.02 MiB/s, 平均速率: 0.00 MiB/s, 最高分辨率: —, 平均帧率: 未知, 视频编解码器: 未知, 音频编解码器: 未知
分类: ☘️黑龙江频道, 名称: 双鸭山综合, 有效: 0, IPv4: 1, IPv6: 0, 最小延迟: 575 ms, 最高速率: 0.19 MiB/s, 平均速率: 0.00 MiB/s, 最高分辨率: —, 平均帧率: 未知, 视频编解码器: 未知, 音频编解码器: 未知
分类: ☘️黑龙江频道, 名称: 鹤岗新闻综合, 有效: 0, IPv4: 1, IPv6: 0, 最小延迟: — ms, 最高速率: 0.00 MiB/s, 平均速率: 0.00 MiB/s, 最高分辨率: —, 平均帧率: 未知, 视频编解码器: 未知, 音频编解码器: 未知
分类: ☘️黑龙江频道, 名称: 佳木斯新闻综合, 有效: 0, IPv4: 1, IPv6: 0, 最小延迟: — ms, 最高速率: 0.00 MiB/s, 平均速率: 0.00 MiB/s, 最高分辨率: —, 平均帧率: 未知, 视频编解码器: 未知, 音频编解码器: 未知
分类: ☘️吉林频道, 名称: 吉林都市, 有效: 0, IPv4: 3, IPv6: 0, 最小延迟: — ms, 最高速率: 0.00 MiB/s, 平均速率: 0.00 MiB/s, 最高分辨率: —, 平均帧率: 未知, 视频编解码器: 未知, 音频编解码器: 未知
分类: ☘️吉林频道, 名称: 吉林生活, 有效: 0, IPv4: 3, IPv6: 0, 最小延迟: — ms, 最高速率: 0.00 MiB/s, 平均速率: 0.00 MiB/s, 最高分辨率: —, 平均帧率: 未知, 视频编解码器: 未知, 音频编解码器: 未知
分类: ☘️吉林频道, 名称: 长影频道, 有效: 0, IPv4: 1, IPv6: 0, 最小延迟: 285 ms, 最高速率: 0.02 MiB/s, 平均速率: 0.00 MiB/s, 最高分辨率: —, 平均帧率: 未知, 视频编解码器: 未知, 音频编解码器: 未知
分类: ☘️吉林频道, 名称: 吉林乡村, 有效: 1, IPv4: 1, IPv6: 0, 最小延迟: 4 ms, 最高速率: 14.53 MiB/s, 平均速率: 14.53 MiB/s, 最高分辨率: —, 平均帧率: 未知, 视频编解码器: 未知, 音频编解码器: aac
分类: ☘️吉林频道, 名称: 延边-2, 有效: 0, IPv4: 3, IPv6: 0, 最小延迟: 433 ms, 最高速率: 0.11 MiB/s, 平均速率: 0.00 MiB/s, 最高分辨率: —, 平均帧率: 未知, 视频编解码器: 未知, 音频编解码器: 未知
分类: ☘️吉林频道, 名称: 延边-1, 有效: 0, IPv4: 1, IPv6: 0, 最小延迟: — ms, 最高速率: 0.00 MiB/s, 平均速率: 0.00 MiB/s, 最高分辨率: —, 平均帧率: 未知, 视频编解码器: 未知, 音频编解码器: 未知
分类: ☘️吉林频道, 名称: 长白山电视台, 有效: 0, IPv4: 1, IPv6: 0, 最小延迟: 419 ms, 最高速率: 0.11 MiB/s, 平均速率: 0.00 MiB/s, 最高分辨率: —, 平均帧率: 未知, 视频编解码器: 未知, 音频编解码器: 未知
分类: ☘️吉林频道, 名称: 德惠综合, 有效: 0, IPv4: 2, IPv6: 0, 最小延迟: 332 ms, 最高速率: 0.22 MiB/s, 平均速率: 0.00 MiB/s, 最高分辨率: 720x576, 平均帧率: 25.0, 视频编解码器: h264, 音频编解码器: aac
分类: ☘️吉林频道, 名称: 延边汉语综合, 有效: 0, IPv4: 1, IPv6: 0, 最小延迟: — ms, 最高速率: 0.00 MiB/s, 平均速率: 0.00 MiB/s, 最高分辨率: —, 平均帧率: 未知, 视频编解码器: 未知, 音频编解码器: 未知
分类: ☘️吉林频道, 名称: 靖宇综合, 有效: 0, IPv4: 2, IPv6: 0, 最小延迟: 426 ms, 最高速率: 0.16 MiB/s, 平均速率: 0.00 MiB/s, 最高分辨率: —, 平均帧率: 未知, 视频编解码器: 未知, 音频编解码器: 未知
分类: ☘️吉林频道, 名称: 敦化一套, 有效: 0, IPv4: 2, IPv6: 0, 最小延迟: 722 ms, 最高速率: 0.09 MiB/s, 平均速率: 0.00 MiB/s, 最高分辨率: —, 平均帧率: 未知, 视频编解码器: 未知, 音频编解码器: 未知
分类: ☘️吉林频道, 名称: 龙井综合, 有效: 0, IPv4: 2, IPv6: 0, 最小延迟: 315 ms, 最高速率: 0.48 MiB/s, 平均速率: 0.00 MiB/s, 最高分辨率: 720x576, 平均帧率: 25.0, 视频编解码器: h264, 音频编解码器: aac
分类: ☘️吉林频道, 名称: 九台综合, 有效: 0, IPv4: 1, IPv6: 0, 最小延迟: 449 ms, 最高速率: 0.21 MiB/s, 平均速率: 0.00 MiB/s, 最高分辨率: 720x576, 平均帧率: 25.0, 视频编解码器: h264, 音频编解码器: aac
分类: ☘️吉林频道, 名称: 桦甸综合, 有效: 0, IPv4: 3, IPv6: 0, 最小延迟: 287 ms, 最高速率: 0.30 MiB/s, 平均速率: 0.00 MiB/s, 最高分辨率: 720x576, 平均帧率: 25.0, 视频编解码器: h264, 音频编解码器: aac
分类: ☘️吉林频道, 名称: 梅河口综合, 有效: 0, IPv4: 1, IPv6: 0, 最小延迟: 410 ms, 最高速率: 0.08 MiB/s, 平均速率: 0.00 MiB/s, 最高分辨率: —, 平均帧率: 未知, 视频编解码器: 未知, 音频编解码器: 未知
分类: ☘️吉林频道, 名称: 磐石综合, 有效: 0, IPv4: 3, IPv6: 0, 最小延迟: 288 ms, 最高速率: 0.23 MiB/s, 平均速率: 0.00 MiB/s, 最高分辨率: 720x576, 平均帧率: 25.0, 视频编解码器: h264, 音频编解码器: aac
分类: ☘️吉林频道, 名称: 东丰综合, 有效: 0, IPv4: 3, IPv6: 0, 最小延迟: 326 ms, 最高速率: 0.54 MiB/s, 平均速率: 0.00 MiB/s, 最高分辨率: 720x576, 平均帧率: 25.0, 视频编解码器: h264, 音频编解码器: aac
分类: ☘️吉林频道, 名称: 双辽综合, 有效: 0, IPv4: 3, IPv6: 0, 最小延迟: 287 ms, 最高速率: 0.10 MiB/s, 平均速率: 0.00 MiB/s, 最高分辨率: —, 平均帧率: 未知, 视频编解码器: 未知, 音频编解码器: 未知
分类: ☘️吉林频道, 名称: 柳河综合, 有效: 0, IPv4: 3, IPv6: 0, 最小延迟: 304 ms, 最高速率: 0.16 MiB/s, 平均速率: 0.00 MiB/s, 最高分辨率: —, 平均帧率: 未知, 视频编解码器: 未知, 音频编解码器: 未知
分类: ☘️吉林频道, 名称: 舒兰新闻综合, 有效: 0, IPv4: 1, IPv6: 0, 最小延迟: 318 ms, 最高速率: 0.53 MiB/s, 平均速率: 0.00 MiB/s, 最高分辨率: 720x576, 平均帧率: 25.0, 视频编解码器: h264, 音频编解码器: aac
分类: ☘️吉林频道, 名称: 通化县综合, 有效: 0, IPv4: 2, IPv6: 0, 最小延迟: 298 ms, 最高速率: 0.08 MiB/s, 平均速率: 0.00 MiB/s, 最高分辨率: —, 平均帧率: 未知, 视频编解码器: 未知, 音频编解码器: 未知
分类: ☘️吉林频道, 名称: 汪清综合, 有效: 0, IPv4: 1, IPv6: 0, 最小延迟: 1583 ms, 最高速率: 0.04 MiB/s, 平均速率: 0.00 MiB/s, 最高分辨率: —, 平均帧率: 未知, 视频编解码器: 未知, 音频编解码器: 未知
分类: ☘️吉林频道, 名称: 辉南新闻综合, 有效: 0, IPv4: 1, IPv6: 0, 最小延迟: 574 ms, 最高速率: 0.61 MiB/s, 平均速率: 0.00 MiB/s, 最高分辨率: 720x576, 平均帧率: 25.0, 视频编解码器: h264, 音频编解码器: aac
分类: ☘️辽宁频道, 名称: 辽宁北方, 有效: 0, IPv4: 1, IPv6: 0, 最小延迟: — ms, 最高速率: 0.00 MiB/s, 平均速率: 0.00 MiB/s, 最高分辨率: —, 平均帧率: 未知, 视频编解码器: 未知, 音频编解码器: 未知
分类: ☘️辽宁频道, 名称: 朝阳新闻综合, 有效: 0, IPv4: 1, IPv6: 0, 最小延迟: — ms, 最高速率: 0.00 MiB/s, 平均速率: 0.00 MiB/s, 最高分辨率: —, 平均帧率: 未知, 视频编解码器: 未知, 音频编解码器: 未知
分类: ☘️辽宁频道, 名称: 辽宁影视剧, 有效: 0, IPv4: 1, IPv6: 0, 最小延迟: — ms, 最高速率: 0.00 MiB/s, 平均速率: 0.00 MiB/s, 最高分辨率: —, 平均帧率: 未知, 视频编解码器: 未知, 音频编解码器: 未知
分类: ☘️辽宁频道, 名称: 辽宁教育青少, 有效: 0, IPv4: 2, IPv6: 0, 最小延迟: — ms, 最高速率: 0.00 MiB/s, 平均速率: 0.00 MiB/s, 最高分辨率: —, 平均帧率: 未知, 视频编解码器: 未知, 音频编解码器: 未知
分类: ☘️辽宁频道, 名称: 辽宁生活, 有效: 0, IPv4: 1, IPv6: 0, 最小延迟: — ms, 最高速率: 0.00 MiB/s, 平均速率: 0.00 MiB/s, 最高分辨率: —, 平均帧率: 未知, 视频编解码器: 未知, 音频编解码器: 未知
分类: ☘️辽宁频道, 名称: 辽宁都市, 有效: 0, IPv4: 1, IPv6: 0, 最小延迟: — ms, 最高速率: 0.00 MiB/s, 平均速率: 0.00 MiB/s, 最高分辨率: —, 平均帧率: 未知, 视频编解码器: 未知, 音频编解码器: 未知
分类: ☘️辽宁频道, 名称: 辽宁经济, 有效: 0, IPv4: 1, IPv6: 0, 最小延迟: — ms, 最高速率: 0.00 MiB/s, 平均速率: 0.00 MiB/s, 最高分辨率: —, 平均帧率: 未知, 视频编解码器: 未知, 音频编解码器: 未知
分类: ☘️辽宁频道, 名称: 辽宁公共, 有效: 0, IPv4: 1, IPv6: 0, 最小延迟: — ms, 最高速率: 0.00 MiB/s, 平均速率: 0.00 MiB/s, 最高分辨率: —, 平均帧率: 未知, 视频编解码器: 未知, 音频编解码器: 未知
分类: ☘️福建频道, 名称: 三明新闻综合, 有效: 0, IPv4: 2, IPv6: 0, 最小延迟: — ms, 最高速率: 0.00 MiB/s, 平均速率: 0.00 MiB/s, 最高分辨率: —, 平均帧率: 未知, 视频编解码器: 未知, 音频编解码器: 未知
分类: ☘️福建频道, 名称: 福建新闻, 有效: 1, IPv4: 1, IPv6: 0, 最小延迟: 4 ms, 最高速率: 16.95 MiB/s, 平均速率: 16.95 MiB/s, 最高分辨率: —, 平均帧率: 未知, 视频编解码器: 未知, 音频编解码器: aac
分类: ☘️福建频道, 名称: 福建经济, 有效: 1, IPv4: 1, IPv6: 0, 最小延迟: 3 ms, 最高速率: 23.68 MiB/s, 平均速率: 23.68 MiB/s, 最高分辨率: —, 平均帧率: 未知, 视频编解码器: 未知, 音频编解码器: aac
分类: ☘️福建频道, 名称: 福建海峡卫视, 有效: 1, IPv4: 1, IPv6: 0, 最小延迟: 92 ms, 最高速率: 0.64 MiB/s, 平均速率: 0.64 MiB/s, 最高分辨率: 1920x1080, 平均帧率: 未知, 视频编解码器: 未知, 音频编解码器: 未知
分类: ☘️福建频道, 名称: 漳浦综合, 有效: 0, IPv4: 1, IPv6: 0, 最小延迟: — ms, 最高速率: 0.00 MiB/s, 平均速率: 0.00 MiB/s, 最高分辨率: —, 平均帧率: 未知, 视频编解码器: 未知, 音频编解码器: 未知
分类: ☘️福建频道, 名称: 漳州新闻, 有效: 0, IPv4: 1, IPv6: 0, 最小延迟: — ms, 最高速率: 0.00 MiB/s, 平均速率: 0.00 MiB/s, 最高分辨率: —, 平均帧率: 未知, 视频编解码器: 未知, 音频编解码器: 未知
分类: ☘️海南频道, 名称: 海南新闻, 有效: 0, IPv4: 4, IPv6: 0, 最小延迟: — ms, 最高速率: 0.00 MiB/s, 平均速率: 0.00 MiB/s, 最高分辨率: —, 平均帧率: 未知, 视频编解码器: 未知, 音频编解码器: 未知
分类: ☘️海南频道, 名称: 海南自贸, 有效: 0, IPv4: 4, IPv6: 0, 最小延迟: — ms, 最高速率: 0.00 MiB/s, 平均速率: 0.00 MiB/s, 最高分辨率: —, 平均帧率: 未知, 视频编解码器: 未知, 音频编解码器: 未知
分类: ☘️海南频道, 名称: 海南文旅, 有效: 0, IPv4: 4, IPv6: 0, 最小延迟: — ms, 最高速率: 0.00 MiB/s, 平均速率: 0.00 MiB/s, 最高分辨率: —, 平均帧率: 未知, 视频编解码器: 未知, 音频编解码器: 未知
分类: ☘️海南频道, 名称: 海南少儿, 有效: 0, IPv4: 4, IPv6: 0, 最小延迟: — ms, 最高速率: 0.00 MiB/s, 平均速率: 0.00 MiB/s, 最高分辨率: —, 平均帧率: 未知, 视频编解码器: 未知, 音频编解码器: 未知
分类: ☘️海南频道, 名称: 海南广播电视总台社会与法频道, 有效: 0, IPv4: 4, IPv6: 0, 最小延迟: — ms, 最高速率: 0.00 MiB/s, 平均速率: 0.00 MiB/s, 最高分辨率: —, 平均帧率: 未知, 视频编解码器: 未知, 音频编解码器: 未知
分类: ☘️甘肃频道, 名称: 甘肃都市, 有效: 1, IPv4: 1, IPv6: 0, 最小延迟: 3 ms, 最高速率: 16.36 MiB/s, 平均速率: 16.36 MiB/s, 最高分辨率: —, 平均帧率: 未知, 视频编解码器: 未知, 音频编解码器: aac
分类: ☘️甘肃频道, 名称: 甘肃经济, 有效: 1, IPv4: 1, IPv6: 0, 最小延迟: 3 ms, 最高速率: 20.08 MiB/s, 平均速率: 20.08 MiB/s, 最高分辨率: —, 平均帧率: 未知, 视频编解码器: 未知, 音频编解码器: aac
分类: ☘️甘肃频道, 名称: 天祝综合, 有效: 0, IPv4: 1, IPv6: 0, 最小延迟: — ms, 最高速率: 0.00 MiB/s, 平均速率: 0.00 MiB/s, 最高分辨率: —, 平均帧率: 未知, 视频编解码器: 未知, 音频编解码器: 未知
分类: ☘️甘肃频道, 名称: 嘉峪关综合, 有效: 0, IPv4: 2, IPv6: 0, 最小延迟: — ms, 最高速率: 0.00 MiB/s, 平均速率: 0.00 MiB/s, 最高分辨率: —, 平均帧率: 未知, 视频编解码器: 未知, 音频编解码器: 未知
分类: ☘️甘肃频道, 名称: 定西综合, 有效: 0, IPv4: 1, IPv6: 0, 最小延迟: — ms, 最高速率: 0.00 MiB/s, 平均速率: 0.00 MiB/s, 最高分辨率: —, 平均帧率: 未知, 视频编解码器: 未知, 音频编解码器: 未知
分类: ☘️甘肃频道, 名称: 岷县综合, 有效: 0, IPv4: 1, IPv6: 0, 最小延迟: — ms, 最高速率: 0.00 MiB/s, 平均速率: 0.00 MiB/s, 最高分辨率: —, 平均帧率: 未知, 视频编解码器: 未知, 音频编解码器: 未知
分类: ☘️甘肃频道, 名称: 张掖新闻综合, 有效: 0, IPv4: 1, IPv6: 0, 最小延迟: — ms, 最高速率: 0.00 MiB/s, 平均速率: 0.00 MiB/s, 最高分辨率: —, 平均帧率: 未知, 视频编解码器: 未知, 音频编解码器: 未知
分类: ☘️甘肃频道, 名称: 成县综合, 有效: 0, IPv4: 1, IPv6: 0, 最小延迟: — ms, 最高速率: 0.00 MiB/s, 平均速率: 0.00 MiB/s, 最高分辨率: —, 平均帧率: 未知, 视频编解码器: 未知, 音频编解码器: 未知
分类: ☘️甘肃频道, 名称: 景泰综合, 有效: 0, IPv4: 1, IPv6: 0, 最小延迟: — ms, 最高速率: 0.00 MiB/s, 平均速率: 0.00 MiB/s, 最高分辨率: —, 平均帧率: 未知, 视频编解码器: 未知, 音频编解码器: 未知
分类: ☘️甘肃频道, 名称: 永昌综合, 有效: 0, IPv4: 1, IPv6: 0, 最小延迟: — ms, 最高速率: 0.00 MiB/s, 平均速率: 0.00 MiB/s, 最高分辨率: —, 平均帧率: 未知, 视频编解码器: 未知, 音频编解码器: 未知
分类: ☘️甘肃频道, 名称: 渭源新闻, 有效: 0, IPv4: 1, IPv6: 0, 最小延迟: — ms, 最高速率: 0.00 MiB/s, 平均速率: 0.00 MiB/s, 最高分辨率: —, 平均帧率: 未知, 视频编解码器: 未知, 音频编解码器: 未知
分类: ☘️甘肃频道, 名称: 甘南综合, 有效: 0, IPv4: 2, IPv6: 0, 最小延迟: — ms, 最高速率: 0.00 MiB/s, 平均速率: 0.00 MiB/s, 最高分辨率: —, 平均帧率: 未知, 视频编解码器: 未知, 音频编解码器: 未知
分类: ☘️甘肃频道, 名称: 白银综合, 有效: 0, IPv4: 2, IPv6: 0, 最小延迟: — ms, 最高速率: 0.00 MiB/s, 平均速率: 0.00 MiB/s, 最高分辨率: —, 平均帧率: 未知, 视频编解码器: 未知, 音频编解码器: 未知
分类: ☘️甘肃频道, 名称: 秦安综合, 有效: 0, IPv4: 2, IPv6: 0, 最小延迟: — ms, 最高速率: 0.00 MiB/s, 平均速率: 0.00 MiB/s, 最高分辨率: —, 平均帧率: 未知, 视频编解码器: 未知, 音频编解码器: 未知
分类: ☘️甘肃频道, 名称: 西峰综合, 有效: 0, IPv4: 1, IPv6: 0, 最小延迟: — ms, 最高速率: 0.00 MiB/s, 平均速率: 0.00 MiB/s, 最高分辨率: —, 平均帧率: 未知, 视频编解码器: 未知, 音频编解码器: 未知
分类: ☘️甘肃频道, 名称: 酒泉综合, 有效: 0, IPv4: 1, IPv6: 0, 最小延迟: — ms, 最高速率: 0.00 MiB/s, 平均速率: 0.00 MiB/s, 最高分辨率: —, 平均帧率: 未知, 视频编解码器: 未知, 音频编解码器: 未知
分类: ☘️甘肃频道, 名称: 陇西综合, 有效: 0, IPv4: 1, IPv6: 0, 最小延迟: — ms, 最高速率: 0.00 MiB/s, 平均速率: 0.00 MiB/s, 最高分辨率: —, 平均帧率: 未知, 视频编解码器: 未知, 音频编解码器: 未知
分类: ☘️甘肃频道, 名称: 靖远综合, 有效: 0, IPv4: 1, IPv6: 0, 最小延迟: — ms, 最高速率: 0.00 MiB/s, 平均速率: 0.00 MiB/s, 最高分辨率: —, 平均帧率: 未知, 视频编解码器: 未知, 音频编解码器: 未知
分类: ☘️甘肃频道, 名称: 静宁综合, 有效: 0, IPv4: 1, IPv6: 0, 最小延迟: — ms, 最高速率: 0.00 MiB/s, 平均速率: 0.00 MiB/s, 最高分辨率: —, 平均帧率: 未知, 视频编解码器: 未知, 音频编解码器: 未知
分类: ☘️宁夏频道, 名称: 宁夏经济, 有效: 0, IPv4: 1, IPv6: 0, 最小延迟: — ms, 最高速率: 0.00 MiB/s, 平均速率: 0.00 MiB/s, 最高分辨率: —, 平均帧率: 未知, 视频编解码器: 未知, 音频编解码器: 未知
分类: ☘️宁夏频道, 名称: 宁夏少儿, 有效: 0, IPv4: 1, IPv6: 0, 最小延迟: — ms, 最高速率: 0.00 MiB/s, 平均速率: 0.00 MiB/s, 最高分辨率: —, 平均帧率: 未知, 视频编解码器: 未知, 音频编解码器: 未知
分类: ☘️宁夏频道, 名称: 宁夏文旅, 有效: 0, IPv4: 1, IPv6: 0, 最小延迟: — ms, 最高速率: 0.00 MiB/s, 平均速率: 0.00 MiB/s, 最高分辨率: —, 平均帧率: 未知, 视频编解码器: 未知, 音频编解码器: 未知
分类: ☘️宁夏频道, 名称: 吴忠综合, 有效: 0, IPv4: 1, IPv6: 0, 最小延迟: — ms, 最高速率: 0.00 MiB/s, 平均速率: 0.00 MiB/s, 最高分辨率: —, 平均帧率: 未知, 视频编解码器: 未知, 音频编解码器: 未知
分类: ☘️宁夏频道, 名称: 吴忠公共, 有效: 0, IPv4: 1, IPv6: 0, 最小延迟: — ms, 最高速率: 0.00 MiB/s, 平均速率: 0.00 MiB/s, 最高分辨率: —, 平均帧率: 未知, 视频编解码器: 未知, 音频编解码器: 未知
分类: ☘️内蒙古频道, 名称: 内蒙古综合, 有效: 0, IPv4: 1, IPv6: 0, 最小延迟: — ms, 最高速率: 0.00 MiB/s, 平均速率: 0.00 MiB/s, 最高分辨率: —, 平均帧率: 未知, 视频编解码器: 未知, 音频编解码器: 未知
分类: ☘️内蒙古频道, 名称: 内蒙古经济生活, 有效: 0, IPv4: 1, IPv6: 0, 最小延迟: — ms, 最高速率: 0.00 MiB/s, 平均速率: 0.00 MiB/s, 最高分辨率: —, 平均帧率: 未知, 视频编解码器: 未知, 音频编解码器: 未知
分类: ☘️内蒙古频道, 名称: 内蒙古少儿, 有效: 0, IPv4: 1, IPv6: 0, 最小延迟: — ms, 最高速率: 0.00 MiB/s, 平均速率: 0.00 MiB/s, 最高分辨率: —, 平均帧率: 未知, 视频编解码器: 未知, 音频编解码器: 未知
分类: ☘️内蒙古频道, 名称: 内蒙古文体娱乐, 有效: 0, IPv4: 1, IPv6: 0, 最小延迟: — ms, 最高速率: 0.00 MiB/s, 平均速率: 0.00 MiB/s, 最高分辨率: —, 平均帧率: 未知, 视频编解码器: 未知, 音频编解码器: 未知
分类: ☘️内蒙古频道, 名称: 内蒙古农牧, 有效: 0, IPv4: 1, IPv6: 0, 最小延迟: — ms, 最高速率: 0.00 MiB/s, 平均速率: 0.00 MiB/s, 最高分辨率: —, 平均帧率: 未知, 视频编解码器: 未知, 音频编解码器: 未知
分类: ☘️内蒙古频道, 名称: 内蒙古蒙语文化, 有效: 0, IPv4: 1, IPv6: 0, 最小延迟: — ms, 最高速率: 0.00 MiB/s, 平均速率: 0.00 MiB/s, 最高分辨率: —, 平均帧率: 未知, 视频编解码器: 未知, 音频编解码器: 未知
分类: ☘️内蒙古频道, 名称: 乌兰察布新闻综合, 有效: 0, IPv4: 1, IPv6: 0, 最小延迟: — ms, 最高速率: 0.00 MiB/s, 平均速率: 0.00 MiB/s, 最高分辨率: —, 平均帧率: 未知, 视频编解码器: 未知, 音频编解码器: 未知
分类: ☘️内蒙古频道, 名称: 包头新闻综合, 有效: 0, IPv4: 1, IPv6: 0, 最小延迟: — ms, 最高速率: 0.00 MiB/s, 平均速率: 0.00 MiB/s, 最高分辨率: —, 平均帧率: 未知, 视频编解码器: 未知, 音频编解码器: 未知
分类: ☘️内蒙古频道, 名称: 呼和浩特新闻综合, 有效: 0, IPv4: 1, IPv6: 0, 最小延迟: — ms, 最高速率: 0.00 MiB/s, 平均速率: 0.00 MiB/s, 最高分辨率: —, 平均帧率: 未知, 视频编解码器: 未知, 音频编解码器: 未知
分类: ☘️内蒙古频道, 名称: 赤峰新闻综合, 有效: 0, IPv4: 1, IPv6: 0, 最小延迟: — ms, 最高速率: 0.00 MiB/s, 平均速率: 0.00 MiB/s, 最高分辨率: —, 平均帧率: 未知, 视频编解码器: 未知, 音频编解码器: 未知
分类: ☘️内蒙古频道, 名称: 巴彦淖尔新闻综合, 有效: 0, IPv4: 1, IPv6: 0, 最小延迟: — ms, 最高速率: 0.00 MiB/s, 平均速率: 0.00 MiB/s, 最高分辨率: —, 平均帧率: 未知, 视频编解码器: 未知, 音频编解码器: 未知
分类: ☘️内蒙古频道, 名称: 鄂尔多斯新闻综合, 有效: 0, IPv4: 1, IPv6: 0, 最小延迟: — ms, 最高速率: 0.00 MiB/s, 平均速率: 0.00 MiB/s, 最高分辨率: —, 平均帧率: 未知, 视频编解码器: 未知, 音频编解码器: 未知
分类: ☘️新疆频道, 名称: 伊犁汉语综合, 有效: 0, IPv4: 2, IPv6: 0, 最小延迟: — ms, 最高速率: 0.00 MiB/s, 平均速率: 0.00 MiB/s, 最高分辨率: —, 平均帧率: 未知, 视频编解码器: 未知, 音频编解码器: 未知
分类: ☘️新疆频道, 名称: 伊犁维吾尔, 有效: 0, IPv4: 2, IPv6: 0, 最小延迟: 940 ms, 最高速率: 0.09 MiB/s, 平均速率: 0.00 MiB/s, 最高分辨率: —, 平均帧率: 未知, 视频编解码器: 未知, 音频编解码器: 未知
分类: ☘️新疆频道, 名称: 伊犁哈萨克, 有效: 0, IPv4: 2, IPv6: 0, 最小延迟: 1563 ms, 最高速率: 0.02 MiB/s, 平均速率: 0.00 MiB/s, 最高分辨率: —, 平均帧率: 未知, 视频编解码器: 未知, 音频编解码器: 未知
分类: ☘️新疆频道, 名称: 兵团五师双河新闻综合, 有效: 0, IPv4: 1, IPv6: 0, 最小延迟: 401 ms, 最高速率: 0.17 MiB/s, 平均速率: 0.00 MiB/s, 最高分辨率: —, 平均帧率: 未知, 视频编解码器: 未知, 音频编解码器: 未知
分类: ☘️新疆频道, 名称: 伊犁经济法制, 有效: 0, IPv4: 2, IPv6: 0, 最小延迟: 497 ms, 最高速率: 0.15 MiB/s, 平均速率: 0.00 MiB/s, 最高分辨率: —, 平均帧率: 未知, 视频编解码器: 未知, 音频编解码器: 未知
分类: ☘️新疆频道, 名称: 兵团五师双河影视, 有效: 0, IPv4: 1, IPv6: 0, 最小延迟: 863 ms, 最高速率: 0.09 MiB/s, 平均速率: 0.00 MiB/s, 最高分辨率: —, 平均帧率: 未知, 视频编解码器: 未知, 音频编解码器: 未知
分类: ☘️新疆频道, 名称: 奎屯汉语, 有效: 0, IPv4: 1, IPv6: 0, 最小延迟: 472 ms, 最高速率: 0.07 MiB/s, 平均速率: 0.00 MiB/s, 最高分辨率: —, 平均帧率: 未知, 视频编解码器: 未知, 音频编解码器: 未知
分类: ☘️新疆频道, 名称: 玛纳斯综合, 有效: 0, IPv4: 2, IPv6: 0, 最小延迟: 478 ms, 最高速率: 0.10 MiB/s, 平均速率: 0.00 MiB/s, 最高分辨率: —, 平均帧率: 未知, 视频编解码器: 未知, 音频编解码器: 未知
分类: ☘️新疆频道, 名称: 奎屯哈萨克语, 有效: 0, IPv4: 1, IPv6: 0, 最小延迟: 475 ms, 最高速率: 0.07 MiB/s, 平均速率: 0.00 MiB/s, 最高分辨率: —, 平均帧率: 未知, 视频编解码器: 未知, 音频编解码器: 未知
分类: ☘️新疆频道, 名称: 可克达拉综合, 有效: 0, IPv4: 3, IPv6: 0, 最小延迟: 399 ms, 最高速率: 0.09 MiB/s, 平均速率: 0.00 MiB/s, 最高分辨率: —, 平均帧率: 未知, 视频编解码器: 未知, 音频编解码器: 未知
分类: ☘️新疆频道, 名称: 兵团十三师新星综合, 有效: 0, IPv4: 1, IPv6: 0, 最小延迟: — ms, 最高速率: 0.00 MiB/s, 平均速率: 0.00 MiB/s, 最高分辨率: —, 平均帧率: 未知, 视频编解码器: 未知, 音频编解码器: 未知
分类: ☘️新疆频道, 名称: 兵团十四师昆玉综合, 有效: 0, IPv4: 1, IPv6: 0, 最小延迟: — ms, 最高速率: 0.00 MiB/s, 平均速率: 0.00 MiB/s, 最高分辨率: —, 平均帧率: 未知, 视频编解码器: 未知, 音频编解码器: 未知
分类: ☘️新疆频道, 名称: 奎屯汉语综合, 有效: 0, IPv4: 1, IPv6: 0, 最小延迟: 497 ms, 最高速率: 0.07 MiB/s, 平均速率: 0.00 MiB/s, 最高分辨率: —, 平均帧率: 未知, 视频编解码器: 未知, 音频编解码器: 未知
分类: ☘️新疆频道, 名称: 巴音郭楞州, 有效: 0, IPv4: 1, IPv6: 0, 最小延迟: 397 ms, 最高速率: 0.10 MiB/s, 平均速率: 0.00 MiB/s, 最高分辨率: —, 平均帧率: 未知, 视频编解码器: 未知, 音频编解码器: 未知
分类: ☘️新疆频道, 名称: 石河子新闻综合, 有效: 0, IPv4: 1, IPv6: 0, 最小延迟: — ms, 最高速率: 0.00 MiB/s, 平均速率: 0.00 MiB/s, 最高分辨率: —, 平均帧率: 未知, 视频编解码器: 未知, 音频编解码器: 未知
分类: ☘️青海频道, 名称: 门源综合, 有效: 0, IPv4: 2, IPv6: 0, 最小延迟: — ms, 最高速率: 0.00 MiB/s, 平均速率: 0.00 MiB/s, 最高分辨率: —, 平均帧率: 未知, 视频编解码器: 未知, 音频编解码器: 未知
分类: ☘️青海频道, 名称: 化隆综合, 有效: 0, IPv4: 1, IPv6: 0, 最小延迟: — ms, 最高速率: 0.00 MiB/s, 平均速率: 0.00 MiB/s, 最高分辨率: —, 平均帧率: 未知, 视频编解码器: 未知, 音频编解码器: 未知
分类: ☘️青海频道, 名称: 青海经视, 有效: 0, IPv4: 1, IPv6: 0, 最小延迟: — ms, 最高速率: 0.00 MiB/s, 平均速率: 0.00 MiB/s, 最高分辨率: —, 平均帧率: 未知, 视频编解码器: 未知, 音频编解码器: 未知
分类: ☘️青海频道, 名称: 民和综合, 有效: 0, IPv4: 2, IPv6: 0, 最小延迟: — ms, 最高速率: 0.00 MiB/s, 平均速率: 0.00 MiB/s, 最高分辨率: —, 平均帧率: 未知, 视频编解码器: 未知, 音频编解码器: 未知
分类: ☘️青海频道, 名称: 兴海综合, 有效: 0, IPv4: 1, IPv6: 0, 最小延迟: — ms, 最高速率: 0.00 MiB/s, 平均速率: 0.00 MiB/s, 最高分辨率: —, 平均帧率: 未知, 视频编解码器: 未知, 音频编解码器: 未知
分类: ☘️青海频道, 名称: 大通电视台, 有效: 0, IPv4: 1, IPv6: 0, 最小延迟: — ms, 最高速率: 0.00 MiB/s, 平均速率: 0.00 MiB/s, 最高分辨率: —, 平均帧率: 未知, 视频编解码器: 未知, 音频编解码器: 未知
分类: ☘️青海频道, 名称: 湟中电视台, 有效: 0, IPv4: 1, IPv6: 0, 最小延迟: — ms, 最高速率: 0.00 MiB/s, 平均速率: 0.00 MiB/s, 最高分辨率: —, 平均帧率: 未知, 视频编解码器: 未知, 音频编解码器: 未知
分类: 🌊港·澳·台, 名称: 凤凰中文, 有效: 0, IPv4: 11, IPv6: 0, 最小延迟: 239 ms, 最高速率: 0.29 MiB/s, 平均速率: 0.00 MiB/s, 最高分辨率: 1920x1080, 平均帧率: 25.0, 视频编解码器: h264, 音频编解码器: mp2
分类: 🌊港·澳·台, 名称: 凤凰资讯, 有效: 1, IPv4: 8, IPv6: 0, 最小延迟: 239 ms, 最高速率: 0.36 MiB/s, 平均速率: 0.36 MiB/s, 最高分辨率: 1920x1080, 平均帧率: 27.5, 视频编解码器: h264, 音频编解码器: aac
分类: 🌊港·澳·台, 名称: 凤凰香港, 有效: 1, IPv4: 7, IPv6: 0, 最小延迟: 238 ms, 最高速率: 0.54 MiB/s, 平均速率: 0.54 MiB/s, 最高分辨率: 1280x720, 平均帧率: 30.0, 视频编解码器: h264, 音频编解码器: aac
分类: 🌊港·澳·台, 名称: 凤凰电影, 有效: 0, IPv4: 5, IPv6: 0, 最小延迟: 371 ms, 最高速率: 0.27 MiB/s, 平均速率: 0.00 MiB/s, 最高分辨率: —, 平均帧率: 25.0, 视频编解码器: h264, 音频编解码器: mp2
分类: 🌊港·澳·台, 名称: RTHK 33, 有效: 0, IPv4: 1, IPv6: 0, 最小延迟: — ms, 最高速率: 0.00 MiB/s, 平均速率: 0.00 MiB/s, 最高分辨率: —, 平均帧率: 未知, 视频编解码器: 未知, 音频编解码器: 未知
分类: 🌊港·澳·台, 名称: RTHK 34, 有效: 0, IPv4: 1, IPv6: 0, 最小延迟: — ms, 最高速率: 0.00 MiB/s, 平均速率: 0.00 MiB/s, 最高分辨率: —, 平均帧率: 未知, 视频编解码器: 未知, 音频编解码器: 未知
分类: 🌊港·澳·台, 名称: RTHK 35, 有效: 0, IPv4: 1, IPv6: 0, 最小延迟: — ms, 最高速率: 0.00 MiB/s, 平均速率: 0.00 MiB/s, 最高分辨率: —, 平均帧率: 未知, 视频编解码器: 未知, 音频编解码器: 未知
分类: 🌊港·澳·台, 名称: ViuTV, 有效: 1, IPv4: 4, IPv6: 0, 最小延迟: 229 ms, 最高速率: 1.94 MiB/s, 平均速率: 1.94 MiB/s, 最高分辨率: 1920x1080, 平均帧率: 25.0, 视频编解码器: h264, 音频编解码器: aac
分类: 🌊港·澳·台, 名称: ViuTVsix, 有效: 0, IPv4: 1, IPv6: 0, 最小延迟: — ms, 最高速率: 0.00 MiB/s, 平均速率: 0.00 MiB/s, 最高分辨率: —, 平均帧率: 未知, 视频编解码器: 未知, 音频编解码器: 未知
分类: 🌊港·澳·台, 名称: 澳门卫视, 有效: 0, IPv4: 2, IPv6: 0, 最小延迟: — ms, 最高速率: 0.00 MiB/s, 平均速率: 0.00 MiB/s, 最高分辨率: —, 平均帧率: 未知, 视频编解码器: 未知, 音频编解码器: 未知
分类: 🌊港·澳·台, 名称: 澳门莲花, 有效: 0, IPv4: 1, IPv6: 0, 最小延迟: — ms, 最高速率: 0.00 MiB/s, 平均速率: 0.00 MiB/s, 最高分辨率: —, 平均帧率: 未知, 视频编解码器: 未知, 音频编解码器: 未知
分类: 🌊港·澳·台, 名称: 澳视澳门, 有效: 0, IPv4: 4, IPv6: 0, 最小延迟: — ms, 最高速率: 0.00 MiB/s, 平均速率: 0.00 MiB/s, 最高分辨率: —, 平均帧率: 未知, 视频编解码器: 未知, 音频编解码器: 未知
分类: 🌊港·澳·台, 名称: 澳门资讯, 有效: 0, IPv4: 2, IPv6: 0, 最小延迟: — ms, 最高速率: 0.00 MiB/s, 平均速率: 0.00 MiB/s, 最高分辨率: —, 平均帧率: 未知, 视频编解码器: 未知, 音频编解码器: 未知
分类: 🌊港·澳·台, 名称: 澳视卫星, 有效: 0, IPv4: 1, IPv6: 0, 最小延迟: — ms, 最高速率: 0.00 MiB/s, 平均速率: 0.00 MiB/s, 最高分辨率: —, 平均帧率: 未知, 视频编解码器: 未知, 音频编解码器: 未知
分类: 🌊港·澳·台, 名称: RTHK 31, 有效: 0, IPv4: 2, IPv6: 0, 最小延迟: 1174 ms, 最高速率: 0.05 MiB/s, 平均速率: 0.00 MiB/s, 最高分辨率: —, 平均帧率: 未知, 视频编解码器: 未知, 音频编解码器: 未知
分类: 🌊港·澳·台, 名称: RTHK 32, 有效: 0, IPv4: 1, IPv6: 0, 最小延迟: 1274 ms, 最高速率: 0.05 MiB/s, 平均速率: 0.00 MiB/s, 最高分辨率: —, 平均帧率: 未知, 视频编解码器: 未知, 音频编解码器: 未知
分类: 🌊港·澳·台, 名称: 香港卫视, 有效: 0, IPv4: 2, IPv6: 0, 最小延迟: — ms, 最高速率: 0.00 MiB/s, 平均速率: 0.00 MiB/s, 最高分辨率: —, 平均帧率: 未知, 视频编解码器: 未知, 音频编解码器: 未知
分类: 🌊港·澳·台, 名称: 人间卫视, 有效: 1, IPv4: 7, IPv6: 0, 最小延迟: 199 ms, 最高速率: 0.25 MiB/s, 平均速率: 0.25 MiB/s, 最高分辨率: 1280x720, 平均帧率: 29.97, 视频编解码器: h264, 音频编解码器: aac
分类: 🌊港·澳·台, 名称: 美亚电影台, 有效: 1, IPv4: 7, IPv6: 0, 最小延迟: 238 ms, 最高速率: 0.54 MiB/s, 平均速率: 0.54 MiB/s, 最高分辨率: 1280x720, 平均帧率: 30.0, 视频编解码器: h264, 音频编解码器: aac
分类: 🌊港·澳·台, 名称: TVB Plus, 有效: 1, IPv4: 9, IPv6: 0, 最小延迟: 205 ms, 最高速率: 0.54 MiB/s, 平均速率: 0.54 MiB/s, 最高分辨率: 1280x720, 平均帧率: 30.0, 视频编解码器: h264, 音频编解码器: aac
分类: 🌊港·澳·台, 名称: 美亚C+, 有效: 2, IPv4: 2, IPv6: 0, 最小延迟: 206 ms, 最高速率: 0.64 MiB/s, 平均速率: 0.61 MiB/s, 最高分辨率: 1920x1080, 平均帧率: 25.0, 视频编解码器: h264, 音频编解码器: aac
分类: 🌊港·澳·台, 名称: 澳门体育, 有效: 0, IPv4: 1, IPv6: 0, 最小延迟: — ms, 最高速率: 0.00 MiB/s, 平均速率: 0.00 MiB/s, 最高分辨率: —, 平均帧率: 未知, 视频编解码器: 未知, 音频编解码器: 未知
分类: 🌊港·澳·台, 名称: TVB J1, 有效: 0, IPv4: 3, IPv6: 0, 最小延迟: 197 ms, 最高速率: 0.00 MiB/s, 平均速率: 0.00 MiB/s, 最高分辨率: —, 平均帧率: 未知, 视频编解码器: 未知, 音频编解码器: 未知
分类: 🌊港·澳·台, 名称: 翡翠台, 有效: 2, IPv4: 16, IPv6: 0, 最小延迟: 171 ms, 最高速率: 0.54 MiB/s, 平均速率: 0.54 MiB/s, 最高分辨率: 1280x720, 平均帧率: 28.33, 视频编解码器: h264, 音频编解码器: aac
分类: 🌊港·澳·台, 名称: TVB1, 有效: 0, IPv4: 1, IPv6: 0, 最小延迟: — ms, 最高速率: 0.00 MiB/s, 平均速率: 0.00 MiB/s, 最高分辨率: —, 平均帧率: 未知, 视频编解码器: 未知, 音频编解码器: 未知
分类: 🌊港·澳·台, 名称: 黄金翡翠台, 有效: 0, IPv4: 2, IPv6: 0, 最小延迟: 1742 ms, 最高速率: 0.03 MiB/s, 平均速率: 0.00 MiB/s, 最高分辨率: —, 平均帧率: 未知, 视频编解码器: 未知, 音频编解码器: 未知
分类: 🌊港·澳·台, 名称: 明珠台, 有效: 1, IPv4: 9, IPv6: 0, 最小延迟: 238 ms, 最高速率: 0.54 MiB/s, 平均速率: 0.54 MiB/s, 最高分辨率: 1280x720, 平均帧率: 30.0, 视频编解码器: h264, 音频编解码器: aac
分类: 🌊港·澳·台, 名称: 翡翠台4K, 有效: 0, IPv4: 1, IPv6: 0, 最小延迟: — ms, 最高速率: 0.00 MiB/s, 平均速率: 0.00 MiB/s, 最高分辨率: —, 平均帧率: 未知, 视频编解码器: 未知, 音频编解码器: 未知
分类: 🌊港·澳·台, 名称: HOY 77, 有效: 1, IPv4: 6, IPv6: 0, 最小延迟: 238 ms, 最高速率: 0.54 MiB/s, 平均速率: 0.54 MiB/s, 最高分辨率: 1280x720, 平均帧率: 30.0, 视频编解码器: h264, 音频编解码器: aac
分类: 🌊港·澳·台, 名称: HOY 76, 有效: 0, IPv4: 4, IPv6: 0, 最小延迟: 216 ms, 最高速率: 0.16 MiB/s, 平均速率: 0.00 MiB/s, 最高分辨率: —, 平均帧率: 未知, 视频编解码器: 未知, 音频编解码器: 未知
分类: 🌊港·澳·台, 名称: HOY 78, 有效: 1, IPv4: 5, IPv6: 0, 最小延迟: 238 ms, 最高速率: 0.51 MiB/s, 平均速率: 0.51 MiB/s, 最高分辨率: 1280x720, 平均帧率: 30.0, 视频编解码器: h264, 音频编解码器: aac
分类: 🌊港·澳·台, 名称: 龙华电影, 有效: 1, IPv4: 6, IPv6: 0, 最小延迟: 216 ms, 最高速率: 0.41 MiB/s, 平均速率: 0.41 MiB/s, 最高分辨率: 1280x720, 平均帧率: 30.0, 视频编解码器: h264, 音频编解码器: aac
分类: 🌊港·澳·台, 名称: 龙华经典, 有效: 1, IPv4: 5, IPv6: 0, 最小延迟: 217 ms, 最高速率: 0.61 MiB/s, 平均速率: 0.61 MiB/s, 最高分辨率: 1280x720, 平均帧率: 30.0, 视频编解码器: h264, 音频编解码器: aac
分类: 🌊港·澳·台, 名称: 龙华日韩, 有效: 0, IPv4: 3, IPv6: 0, 最小延迟: — ms, 最高速率: 0.00 MiB/s, 平均速率: 0.00 MiB/s, 最高分辨率: —, 平均帧率: 未知, 视频编解码器: 未知, 音频编解码器: 未知
分类: 🌊港·澳·台, 名称: 龙华戏剧, 有效: 0, IPv4: 4, IPv6: 0, 最小延迟: — ms, 最高速率: 0.00 MiB/s, 平均速率: 0.00 MiB/s, 最高分辨率: —, 平均帧率: 未知, 视频编解码器: 未知, 音频编解码器: 未知
分类: 🌊港·澳·台, 名称: 龙华洋片, 有效: 0, IPv4: 5, IPv6: 0, 最小延迟: — ms, 最高速率: 0.00 MiB/s, 平均速率: 0.00 MiB/s, 最高分辨率: —, 平均帧率: 未知, 视频编解码器: 未知, 音频编解码器: 未知
分类: 🌊港·澳·台, 名称: 龙华卡通, 有效: 0, IPv4: 3, IPv6: 0, 最小延迟: — ms, 最高速率: 0.00 MiB/s, 平均速率: 0.00 MiB/s, 最高分辨率: —, 平均帧率: 未知, 视频编解码器: 未知, 音频编解码器: 未知
分类: 🌊港·澳·台, 名称: 龙华偶像, 有效: 1, IPv4: 6, IPv6: 0, 最小延迟: 216 ms, 最高速率: 0.61 MiB/s, 平均速率: 0.61 MiB/s, 最高分辨率: 1280x720, 平均帧率: 30.0, 视频编解码器: h264, 音频编解码器: aac
分类: 🌊港·澳·台, 名称: 八度空间, 有效: 0, IPv4: 1, IPv6: 0, 最小延迟: — ms, 最高速率: 0.00 MiB/s, 平均速率: 0.00 MiB/s, 最高分辨率: —, 平均帧率: 未知, 视频编解码器: 未知, 音频编解码器: 未知
分类: 🌊港·澳·台, 名称: 华丽翡翠台, 有效: 0, IPv4: 2, IPv6: 0, 最小延迟: — ms, 最高速率: 0.00 MiB/s, 平均速率: 0.00 MiB/s, 最高分辨率: —, 平均帧率: 未知, 视频编解码器: 未知, 音频编解码器: 未知
分类: 🌊港·澳·台, 名称: 金光布袋戏, 有效: 0, IPv4: 2, IPv6: 0, 最小延迟: — ms, 最高速率: 0.00 MiB/s, 平均速率: 0.00 MiB/s, 最高分辨率: —, 平均帧率: 未知, 视频编解码器: 未知, 音频编解码器: 未知
分类: 🌊港·澳·台, 名称: TVB娱乐新闻台, 有效: 0, IPv4: 6, IPv6: 0, 最小延迟: 187 ms, 最高速率: 0.00 MiB/s, 平均速率: 0.00 MiB/s, 最高分辨率: —, 平均帧率: 未知, 视频编解码器: 未知, 音频编解码器: 未知
分类: 🌊港·澳·台, 名称: TVB无线新闻台, 有效: 2, IPv4: 11, IPv6: 0, 最小延迟: 205 ms, 最高速率: 0.61 MiB/s, 平均速率: 0.57 MiB/s, 最高分辨率: 1280x720, 平均帧率: 30.0, 视频编解码器: h264, 音频编解码器: aac
分类: 🌊港·澳·台, 名称: TVB星河, 有效: 1, IPv4: 12, IPv6: 0, 最小延迟: 192 ms, 最高速率: 0.54 MiB/s, 平均速率: 0.54 MiB/s, 最高分辨率: 1280x720, 平均帧率: 30.0, 视频编解码器: h264, 音频编解码器: aac
分类: 🌊港·澳·台, 名称: TVBS欢乐台, 有效: 0, IPv4: 4, IPv6: 0, 最小延迟: — ms, 最高速率: 0.00 MiB/s, 平均速率: 0.00 MiB/s, 最高分辨率: —, 平均帧率: 未知, 视频编解码器: 未知, 音频编解码器: 未知
分类: 🌊港·澳·台, 名称: TVBS新闻台, 有效: 1, IPv4: 8, IPv6: 0, 最小延迟: 202 ms, 最高速率: 0.54 MiB/s, 平均速率: 0.54 MiB/s, 最高分辨率: 1280x720, 平均帧率: 30.0, 视频编解码器: h264, 音频编解码器: aac
分类: 🌊港·澳·台, 名称: TVBS精采台, 有效: 0, IPv4: 4, IPv6: 0, 最小延迟: — ms, 最高速率: 0.00 MiB/s, 平均速率: 0.00 MiB/s, 最高分辨率: —, 平均帧率: 未知, 视频编解码器: 未知, 音频编解码器: 未知
分类: 🌊港·澳·台, 名称: 千禧經典, 有效: 0, IPv4: 3, IPv6: 0, 最小延迟: — ms, 最高速率: 0.00 MiB/s, 平均速率: 0.00 MiB/s, 最高分辨率: —, 平均帧率: 未知, 视频编解码器: 未知, 音频编解码器: 未知
分类: 🌊港·澳·台, 名称: 天映频道, 有效: 0, IPv4: 4, IPv6: 0, 最小延迟: 179 ms, 最高速率: 0.00 MiB/s, 平均速率: 0.00 MiB/s, 最高分辨率: —, 平均帧率: 未知, 视频编解码器: 未知, 音频编解码器: 未知
分类: 🌊港·澳·台, 名称: 天映經典, 有效: 1, IPv4: 4, IPv6: 0, 最小延迟: 238 ms, 最高速率: 0.54 MiB/s, 平均速率: 0.54 MiB/s, 最高分辨率: 1280x720, 平均帧率: 30.0, 视频编解码器: h264, 音频编解码器: aac
分类: 🌊港·澳·台, 名称: 爱奇艺, 有效: 0, IPv4: 2, IPv6: 0, 最小延迟: — ms, 最高速率: 0.00 MiB/s, 平均速率: 0.00 MiB/s, 最高分辨率: —, 平均帧率: 未知, 视频编解码器: 未知, 音频编解码器: 未知
分类: 🌊港·澳·台, 名称: 影迷纪实台, 有效: 1, IPv4: 6, IPv6: 0, 最小延迟: 238 ms, 最高速率: 0.54 MiB/s, 平均速率: 0.54 MiB/s, 最高分辨率: 1280x720, 平均帧率: 30.0, 视频编解码器: h264, 音频编解码器: aac
分类: 🌊港·澳·台, 名称: 影迷數位電影台, 有效: 0, IPv4: 3, IPv6: 0, 最小延迟: — ms, 最高速率: 0.00 MiB/s, 平均速率: 0.00 MiB/s, 最高分辨率: —, 平均帧率: 未知, 视频编解码器: 未知, 音频编解码器: 未知
分类: 🌊港·澳·台, 名称: 东森电影, 有效: 1, IPv4: 4, IPv6: 0, 最小延迟: 238 ms, 最高速率: 0.54 MiB/s, 平均速率: 0.54 MiB/s, 最高分辨率: 1280x720, 平均帧率: 30.0, 视频编解码器: h264, 音频编解码器: aac
分类: 🌊港·澳·台, 名称: 東森新聞, 有效: 0, IPv4: 4, IPv6: 0, 最小延迟: 397 ms, 最高速率: 0.27 MiB/s, 平均速率: 0.00 MiB/s, 最高分辨率: 1920x1080, 平均帧率: 29.97, 视频编解码器: hevc, 音频编解码器: aac
分类: 🌊港·澳·台, 名称: 東森財經新聞台, 有效: 0, IPv4: 4, IPv6: 0, 最小延迟: — ms, 最高速率: 0.00 MiB/s, 平均速率: 0.00 MiB/s, 最高分辨率: —, 平均帧率: 未知, 视频编解码器: 未知, 音频编解码器: 未知
分类: 🌊港·澳·台, 名称: 东森戏剧, 有效: 0, IPv4: 3, IPv6: 0, 最小延迟: — ms, 最高速率: 0.00 MiB/s, 平均速率: 0.00 MiB/s, 最高分辨率: —, 平均帧率: 未知, 视频编解码器: 未知, 音频编解码器: 未知
分类: 🌊港·澳·台, 名称: 东森洋片, 有效: 0, IPv4: 3, IPv6: 0, 最小延迟: — ms, 最高速率: 0.00 MiB/s, 平均速率: 0.00 MiB/s, 最高分辨率: —, 平均帧率: 未知, 视频编解码器: 未知, 音频编解码器: 未知
分类: 🌊港·澳·台, 名称: 东森超视, 有效: 2, IPv4: 5, IPv6: 0, 最小延迟: 62 ms, 最高速率: 0.63 MiB/s, 平均速率: 0.62 MiB/s, 最高分辨率: —, 平均帧率: 29.97, 视频编解码器: h264, 音频编解码器: aac
分类: 🌊港·澳·台, 名称: 東森幼幼台, 有效: 0, IPv4: 1, IPv6: 0, 最小延迟: — ms, 最高速率: 0.00 MiB/s, 平均速率: 0.00 MiB/s, 最高分辨率: —, 平均帧率: 未知, 视频编解码器: 未知, 音频编解码器: 未知
分类: 🌊港·澳·台, 名称: 东森综合, 有效: 0, IPv4: 1, IPv6: 0, 最小延迟: — ms, 最高速率: 0.00 MiB/s, 平均速率: 0.00 MiB/s, 最高分辨率: —, 平均帧率: 未知, 视频编解码器: 未知, 音频编解码器: 未知
分类: 🌊港·澳·台, 名称: 寰宇新聞台, 有效: 0, IPv4: 12, IPv6: 0, 最小延迟: 206 ms, 最高速率: 0.18 MiB/s, 平均速率: 0.00 MiB/s, 最高分辨率: —, 平均帧率: 未知, 视频编解码器: 未知, 音频编解码器: 未知
分类: 🌊港·澳·台, 名称: MOMO親子台, 有效: 0, IPv4: 1, IPv6: 0, 最小延迟: — ms, 最高速率: 0.00 MiB/s, 平均速率: 0.00 MiB/s, 最高分辨率: —, 平均帧率: 未知, 视频编解码器: 未知, 音频编解码器: 未知
分类: 🌊港·澳·台, 名称: 台视, 有效: 2, IPv4: 8, IPv6: 0, 最小延迟: 48 ms, 最高速率: 5.57 MiB/s, 平均速率: 3.05 MiB/s, 最高分辨率: 1920x1080, 平均帧率: 30.0, 视频编解码器: hevc, 音频编解码器: aac
分类: 🌊港·澳·台, 名称: 台视新闻, 有效: 3, IPv4: 10, IPv6: 0, 最小延迟: 32 ms, 最高速率: 23.58 MiB/s, 平均速率: 8.87 MiB/s, 最高分辨率: 1920x1080, 平均帧率: 29.98, 视频编解码器: h264, 音频编解码器: aac
分类: 🌊港·澳·台, 名称: 台视综合, 有效: 2, IPv4: 5, IPv6: 0, 最小延迟: 32 ms, 最高速率: 29.64 MiB/s, 平均速率: 15.09 MiB/s, 最高分辨率: 1920x1080, 平均帧率: 30.0, 视频编解码器: hevc, 音频编解码器: aac
分类: 🌊港·澳·台, 名称: 民视, 有效: 2, IPv4: 9, IPv6: 0, 最小延迟: 48 ms, 最高速率: 5.76 MiB/s, 平均速率: 3.15 MiB/s, 最高分辨率: 1920x1080, 平均帧率: 29.98, 视频编解码器: hevc, 音频编解码器: aac
分类: 🌊港·澳·台, 名称: 民視影劇, 有效: 0, IPv4: 4, IPv6: 0, 最小延迟: — ms, 最高速率: 0.00 MiB/s, 平均速率: 0.00 MiB/s, 最高分辨率: —, 平均帧率: 未知, 视频编解码器: 未知, 音频编解码器: 未知
分类: 🌊港·澳·台, 名称: 民视综艺, 有效: 0, IPv4: 4, IPv6: 0, 最小延迟: — ms, 最高速率: 0.00 MiB/s, 平均速率: 0.00 MiB/s, 最高分辨率: —, 平均帧率: 未知, 视频编解码器: 未知, 音频编解码器: 未知
分类: 🌊港·澳·台, 名称: 民視台灣台, 有效: 2, IPv4: 7, IPv6: 0, 最小延迟: 32 ms, 最高速率: 21.54 MiB/s, 平均速率: 11.04 MiB/s, 最高分辨率: 1920x1080, 平均帧率: 29.99, 视频编解码器: hevc, 音频编解码器: aac
分类: 🌊港·澳·台, 名称: 民視新聞, 有效: 4, IPv4: 13, IPv6: 0, 最小延迟: 48 ms, 最高速率: 1.97 MiB/s, 平均速率: 1.03 MiB/s, 最高分辨率: 1920x1080, 平均帧率: 29.15, 视频编解码器: h264, 音频编解码器: aac
分类: 🌊港·澳·台, 名称: 民視旅遊台, 有效: 0, IPv4: 3, IPv6: 0, 最小延迟: — ms, 最高速率: 0.00 MiB/s, 平均速率: 0.00 MiB/s, 最高分辨率: —, 平均帧率: 未知, 视频编解码器: 未知, 音频编解码器: 未知
分类: 🌊港·澳·台, 名称: 民視第一台, 有效: 2, IPv4: 6, IPv6: 0, 最小延迟: 32 ms, 最高速率: 30.64 MiB/s, 平均速率: 15.59 MiB/s, 最高分辨率: 1920x1080, 平均帧率: 29.99, 视频编解码器: hevc, 音频编解码器: aac
分类: 🌊港·澳·台, 名称: 公視, 有效: 1, IPv4: 5, IPv6: 0, 最小延迟: 238 ms, 最高速率: 0.54 MiB/s, 平均速率: 0.54 MiB/s, 最高分辨率: 1920x1080, 平均帧率: 29.99, 视频编解码器: h264, 音频编解码器: aac
分类: 🌊港·澳·台, 名称: 公视戏剧, 有效: 0, IPv4: 3, IPv6: 0, 最小延迟: — ms, 最高速率: 0.00 MiB/s, 平均速率: 0.00 MiB/s, 最高分辨率: —, 平均帧率: 未知, 视频编解码器: 未知, 音频编解码器: 未知
分类: 🌊港·澳·台, 名称: 华视, 有效: 3, IPv4: 11, IPv6: 0, 最小延迟: 32 ms, 最高速率: 22.38 MiB/s, 平均速率: 7.82 MiB/s, 最高分辨率: 1920x1080, 平均帧率: 29.99, 视频编解码器: hevc, 音频编解码器: aac
分类: 🌊港·澳·台, 名称: 华视新闻, 有效: 3, IPv4: 5, IPv6: 0, 最小延迟: 32 ms, 最高速率: 26.49 MiB/s, 平均速率: 9.26 MiB/s, 最高分辨率: 1920x1080, 平均帧率: 29.99, 视频编解码器: h264, 音频编解码器: aac
分类: 🌊港·澳·台, 名称: 靖天映畫, 有效: 0, IPv4: 4, IPv6: 0, 最小延迟: — ms, 最高速率: 0.00 MiB/s, 平均速率: 0.00 MiB/s, 最高分辨率: —, 平均帧率: 未知, 视频编解码器: 未知, 音频编解码器: 未知
分类: 🌊港·澳·台, 名称: 靖天戏剧台, 有效: 0, IPv4: 5, IPv6: 0, 最小延迟: — ms, 最高速率: 0.00 MiB/s, 平均速率: 0.00 MiB/s, 最高分辨率: —, 平均帧率: 未知, 视频编解码器: 未知, 音频编解码器: 未知
分类: 🌊港·澳·台, 名称: 靖天電影台, 有效: 0, IPv4: 6, IPv6: 0, 最小延迟: — ms, 最高速率: 0.00 MiB/s, 平均速率: 0.00 MiB/s, 最高分辨率: —, 平均帧率: 未知, 视频编解码器: 未知, 音频编解码器: 未知
分类: 🌊港·澳·台, 名称: 靖洋戲劇台, 有效: 0, IPv4: 4, IPv6: 0, 最小延迟: — ms, 最高速率: 0.00 MiB/s, 平均速率: 0.00 MiB/s, 最高分辨率: —, 平均帧率: 未知, 视频编解码器: 未知, 音频编解码器: 未知
分类: 🌊港·澳·台, 名称: 靖天綜合台, 有效: 0, IPv4: 1, IPv6: 0, 最小延迟: — ms, 最高速率: 0.00 MiB/s, 平均速率: 0.00 MiB/s, 最高分辨率: —, 平均帧率: 未知, 视频编解码器: 未知, 音频编解码器: 未知
分类: 🌊港·澳·台, 名称: 靖天卡通台, 有效: 0, IPv4: 2, IPv6: 0, 最小延迟: — ms, 最高速率: 0.00 MiB/s, 平均速率: 0.00 MiB/s, 最高分辨率: —, 平均帧率: 未知, 视频编解码器: 未知, 音频编解码器: 未知
分类: 🌊港·澳·台, 名称: amc电影台, 有效: 0, IPv4: 3, IPv6: 0, 最小延迟: — ms, 最高速率: 0.00 MiB/s, 平均速率: 0.00 MiB/s, 最高分辨率: —, 平均帧率: 未知, 视频编解码器: 未知, 音频编解码器: 未知
分类: 🌊港·澳·台, 名称: 纬来戏剧台, 有效: 0, IPv4: 2, IPv6: 0, 最小延迟: — ms, 最高速率: 0.00 MiB/s, 平均速率: 0.00 MiB/s, 最高分辨率: —, 平均帧率: 未知, 视频编解码器: 未知, 音频编解码器: 未知
分类: 🌊港·澳·台, 名称: 中國電影頻道, 有效: 1, IPv4: 4, IPv6: 0, 最小延迟: 238 ms, 最高速率: 0.54 MiB/s, 平均速率: 0.54 MiB/s, 最高分辨率: 1280x720, 平均帧率: 30.0, 视频编解码器: h264, 音频编解码器: aac
分类: 🌊港·澳·台, 名称: 纬来体育台, 有效: 1, IPv4: 3, IPv6: 0, 最小延迟: 239 ms, 最高速率: 0.53 MiB/s, 平均速率: 0.53 MiB/s, 最高分辨率: 1280x720, 平均帧率: 30.0, 视频编解码器: h264, 音频编解码器: aac
分类: 🌊港·澳·台, 名称: 龙祥时代, 有效: 0, IPv4: 1, IPv6: 0, 最小延迟: — ms, 最高速率: 0.00 MiB/s, 平均速率: 0.00 MiB/s, 最高分辨率: —, 平均帧率: 未知, 视频编解码器: 未知, 音频编解码器: 未知
分类: 🌊港·澳·台, 名称: 三立新闻, 有效: 1, IPv4: 4, IPv6: 0, 最小延迟: 238 ms, 最高速率: 0.54 MiB/s, 平均速率: 0.54 MiB/s, 最高分辨率: 1280x720, 平均帧率: 30.0, 视频编解码器: h264, 音频编解码器: aac
分类: 🌊港·澳·台, 名称: 纬来精彩, 有效: 0, IPv4: 1, IPv6: 0, 最小延迟: 300 ms, 最高速率: 0.18 MiB/s, 平均速率: 0.00 MiB/s, 最高分辨率: —, 平均帧率: 未知, 视频编解码器: 未知, 音频编解码器: 未知
分类: 🌊港·澳·台, 名称: 中天新闻, 有效: 2, IPv4: 18, IPv6: 0, 最小延迟: 47 ms, 最高速率: 8.15 MiB/s, 平均速率: 4.39 MiB/s, 最高分辨率: 1920x1080, 平均帧率: 29.99, 视频编解码器: h264, 音频编解码器: aac
分类: 🌊港·澳·台, 名称: 中天综合, 有效: 0, IPv4: 2, IPv6: 0, 最小延迟: — ms, 最高速率: 0.00 MiB/s, 平均速率: 0.00 MiB/s, 最高分辨率: —, 平均帧率: 未知, 视频编解码器: 未知, 音频编解码器: 未知
分类: 🌊港·澳·台, 名称: 中視, 有效: 1, IPv4: 6, IPv6: 0, 最小延迟: 239 ms, 最高速率: 0.53 MiB/s, 平均速率: 0.53 MiB/s, 最高分辨率: 1920x1080, 平均帧率: 29.99, 视频编解码器: h264, 音频编解码器: aac
分类: 🌊港·澳·台, 名称: 中天娱乐, 有效: 1, IPv4: 2, IPv6: 0, 最小延迟: 297 ms, 最高速率: 0.21 MiB/s, 平均速率: 0.21 MiB/s, 最高分辨率: 1280x720, 平均帧率: 25.0, 视频编解码器: h264, 音频编解码器: aac
分类: 🌊港·澳·台, 名称: 中视新闻, 有效: 1, IPv4: 7, IPv6: 0, 最小延迟: 238 ms, 最高速率: 0.54 MiB/s, 平均速率: 0.54 MiB/s, 最高分辨率: 1920x1080, 平均帧率: 29.99, 视频编解码器: h264, 音频编解码器: aac
分类: 🌊港·澳·台, 名称: 中视菁采, 有效: 0, IPv4: 1, IPv6: 0, 最小延迟: — ms, 最高速率: 0.00 MiB/s, 平均速率: 0.00 MiB/s, 最高分辨率: —, 平均帧率: 未知, 视频编解码器: 未知, 音频编解码器: 未知
分类: 🌊港·澳·台, 名称: 中天亞洲台, 有效: 0, IPv4: 2, IPv6: 0, 最小延迟: 176 ms, 最高速率: 0.00 MiB/s, 平均速率: 0.00 MiB/s, 最高分辨率: —, 平均帧率: 未知, 视频编解码器: 未知, 音频编解码器: 未知
分类: 🌊港·澳·台, 名称: now新闻台, 有效: 2, IPv4: 6, IPv6: 0, 最小延迟: 43 ms, 最高速率: 0.51 MiB/s, 平均速率: 0.38 MiB/s, 最高分辨率: 1280x720, 平均帧率: 40.0, 视频编解码器: h264, 音频编解码器: aac
分类: 🌊港·澳·台, 名称: 中视经典, 有效: 1, IPv4: 1, IPv6: 0, 最小延迟: 48 ms, 最高速率: 5.39 MiB/s, 平均速率: 5.39 MiB/s, 最高分辨率: 1920x1080, 平均帧率: 29.97, 视频编解码器: hevc, 音频编解码器: aac
分类: 🌊港·澳·台, 名称: now星影台, 有效: 0, IPv4: 4, IPv6: 0, 最小延迟: 207 ms, 最高速率: 0.00 MiB/s, 平均速率: 0.00 MiB/s, 最高分辨率: —, 平均帧率: 未知, 视频编解码器: 未知, 音频编解码器: 未知
分类: 🌊港·澳·台, 名称: now爆谷台, 有效: 0, IPv4: 4, IPv6: 0, 最小延迟: 207 ms, 最高速率: 0.00 MiB/s, 平均速率: 0.00 MiB/s, 最高分辨率: —, 平均帧率: 未知, 视频编解码器: 未知, 音频编解码器: 未知
分类: 🌊港·澳·台, 名称: TVB黃金華劇, 有效: 0, IPv4: 3, IPv6: 0, 最小延迟: 208 ms, 最高速率: 0.00 MiB/s, 平均速率: 0.00 MiB/s, 最高分辨率: —, 平均帧率: 未知, 视频编解码器: 未知, 音频编解码器: 未知
分类: 🌊港·澳·台, 名称: 華藝中文台, 有效: 0, IPv4: 3, IPv6: 0, 最小延迟: — ms, 最高速率: 0.00 MiB/s, 平均速率: 0.00 MiB/s, 最高分辨率: —, 平均帧率: 未知, 视频编解码器: 未知, 音频编解码器: 未知
分类: 🌊港·澳·台, 名称: 鏡電視新聞台, 有效: 0, IPv4: 2, IPv6: 0, 最小延迟: — ms, 最高速率: 0.00 MiB/s, 平均速率: 0.00 MiB/s, 最高分辨率: —, 平均帧率: 未知, 视频编解码器: 未知, 音频编解码器: 未知
分类: 🌊港·澳·台, 名称: HBO, 有效: 0, IPv4: 4, IPv6: 0, 最小延迟: 257 ms, 最高速率: 0.00 MiB/s, 平均速率: 0.00 MiB/s, 最高分辨率: —, 平均帧率: 未知, 视频编解码器: 未知, 音频编解码器: 未知
分类: 🌊港·澳·台, 名称: Animax, 有效: 0, IPv4: 1, IPv6: 0, 最小延迟: — ms, 最高速率: 0.00 MiB/s, 平均速率: 0.00 MiB/s, 最高分辨率: —, 平均帧率: 未知, 视频编解码器: 未知, 音频编解码器: 未知
分类: 🌊港·澳·台, 名称: AXN, 有效: 0, IPv4: 3, IPv6: 0, 最小延迟: — ms, 最高速率: 0.00 MiB/s, 平均速率: 0.00 MiB/s, 最高分辨率: —, 平均帧率: 未知, 视频编解码器: 未知, 音频编解码器: 未知
分类: 🌊港·澳·台, 名称: ROCK Action, 有效: 0, IPv4: 3, IPv6: 0, 最小延迟: 205 ms, 最高速率: 0.00 MiB/s, 平均速率: 0.00 MiB/s, 最高分辨率: —, 平均帧率: 未知, 视频编解码器: 未知, 音频编解码器: 未知
分类: 🌊港·澳·台, 名称: CinemaWorld, 有效: 0, IPv4: 2, IPv6: 0, 最小延迟: — ms, 最高速率: 0.00 MiB/s, 平均速率: 0.00 MiB/s, 最高分辨率: —, 平均帧率: 未知, 视频编解码器: 未知, 音频编解码器: 未知
分类: 🌊港·澳·台, 名称: Love Nature, 有效: 3, IPv4: 8, IPv6: 0, 最小延迟: 32 ms, 最高速率: 29.98 MiB/s, 平均速率: 23.02 MiB/s, 最高分辨率: 1920x1080, 平均帧率: 29.97, 视频编解码器: h264, 音频编解码器: aac
分类: 🌊港·澳·台, 名称: NewsWorld, 有效: 0, IPv4: 1, IPv6: 0, 最小延迟: — ms, 最高速率: 0.00 MiB/s, 平均速率: 0.00 MiB/s, 最高分辨率: —, 平均帧率: 未知, 视频编解码器: 未知, 音频编解码器: 未知
分类: 🌊港·澳·台, 名称: NOW 70s, 有效: 2, IPv4: 3, IPv6: 0, 最小延迟: 301 ms, 最高速率: 4.96 MiB/s, 平均速率: 3.43 MiB/s, 最高分辨率: 1280x720, 平均帧率: 25.0, 视频编解码器: 未知, 音频编解码器: 未知
分类: 🌊港·澳·台, 名称: NOW 80s, 有效: 1, IPv4: 2, IPv6: 0, 最小延迟: 300 ms, 最高速率: 6.07 MiB/s, 平均速率: 6.07 MiB/s, 最高分辨率: 1920x1080, 平均帧率: 25.0, 视频编解码器: 未知, 音频编解码器: 未知
分类: 🌊港·澳·台, 名称: 愛爾達體育1台, 有效: 0, IPv4: 1, IPv6: 0, 最小延迟: — ms, 最高速率: 0.00 MiB/s, 平均速率: 0.00 MiB/s, 最高分辨率: —, 平均帧率: 未知, 视频编解码器: 未知, 音频编解码器: 未知
分类: 🌊港·澳·台, 名称: 愛爾達體育3台, 有效: 0, IPv4: 1, IPv6: 0, 最小延迟: — ms, 最高速率: 0.00 MiB/s, 平均速率: 0.00 MiB/s, 最高分辨率: —, 平均帧率: 未知, 视频编解码器: 未知, 音频编解码器: 未知
分类: 🌊港·澳·台, 名称: 愛爾達體育2台, 有效: 0, IPv4: 1, IPv6: 0, 最小延迟: — ms, 最高速率: 0.00 MiB/s, 平均速率: 0.00 MiB/s, 最高分辨率: —, 平均帧率: 未知, 视频编解码器: 未知, 音频编解码器: 未知
分类: 🏀体育频道, 名称: 超级体育, 有效: 0, IPv4: 3, IPv6: 0, 最小延迟: — ms, 最高速率: 0.00 MiB/s, 平均速率: 0.00 MiB/s, 最高分辨率: —, 平均帧率: 未知, 视频编解码器: 未知, 音频编解码器: 未知
分类: 🏀体育频道, 名称: 劲爆体育, 有效: 0, IPv4: 2, IPv6: 0, 最小延迟: 385 ms, 最高速率: 0.09 MiB/s, 平均速率: 0.00 MiB/s, 最高分辨率: —, 平均帧率: 未知, 视频编解码器: 未知, 音频编解码器: 未知
分类: 🏀体育频道, 名称: 五星体育, 有效: 0, IPv4: 1, IPv6: 0, 最小延迟: 756 ms, 最高速率: 0.00 MiB/s, 平均速率: 0.00 MiB/s, 最高分辨率: —, 平均帧率: 未知, 视频编解码器: 未知, 音频编解码器: 未知
分类: 🏀体育频道, 名称: 精品体育, 有效: 0, IPv4: 2, IPv6: 0, 最小延迟: — ms, 最高速率: 0.00 MiB/s, 平均速率: 0.00 MiB/s, 最高分辨率: —, 平均帧率: 未知, 视频编解码器: 未知, 音频编解码器: 未知
分类: 🏀体育频道, 名称: 天津体育, 有效: 2, IPv4: 2, IPv6: 0, 最小延迟: 48 ms, 最高速率: 9.19 MiB/s, 平均速率: 6.16 MiB/s, 最高分辨率: 1280x720, 平均帧率: 25.0, 视频编解码器: h264, 音频编解码器: aac
分类: 🏀体育频道, 名称: 辽宁体育, 有效: 0, IPv4: 1, IPv6: 0, 最小延迟: 405 ms, 最高速率: 0.08 MiB/s, 平均速率: 0.00 MiB/s, 最高分辨率: —, 平均帧率: 未知, 视频编解码器: 未知, 音频编解码器: 未知
分类: 🏀体育频道, 名称: JJ斗地主, 有效: 0, IPv4: 2, IPv6: 0, 最小延迟: — ms, 最高速率: 0.00 MiB/s, 平均速率: 0.00 MiB/s, 最高分辨率: —, 平均帧率: 未知, 视频编解码器: 未知, 音频编解码器: 未知
分类: 🏀体育频道, 名称: 魅力足球, 有效: 0, IPv4: 4, IPv6: 0, 最小延迟: 501 ms, 最高速率: 0.15 MiB/s, 平均速率: 0.00 MiB/s, 最高分辨率: —, 平均帧率: 未知, 视频编解码器: 未知, 音频编解码器: 未知
分类: 🪁动画频道, 名称: 经典动画大集合, 有效: 0, IPv4: 5, IPv6: 0, 最小延迟: — ms, 最高速率: 0.00 MiB/s, 平均速率: 0.00 MiB/s, 最高分辨率: —, 平均帧率: 未知, 视频编解码器: 未知, 音频编解码器: 未知
分类: 🪁动画频道, 名称: 优漫卡通, 有效: 0, IPv4: 12, IPv6: 0, 最小延迟: 47 ms, 最高速率: 9.66 MiB/s, 平均速率: 0.00 MiB/s, 最高分辨率: 720x576, 平均帧率: 25.0, 视频编解码器: h264, 音频编解码器: aac
分类: 🪁动画频道, 名称: 黑莓动画, 有效: 0, IPv4: 5, IPv6: 0, 最小延迟: — ms, 最高速率: 0.00 MiB/s, 平均速率: 0.00 MiB/s, 最高分辨率: —, 平均帧率: 未知, 视频编解码器: 未知, 音频编解码器: 未知
分类: 🪁动画频道, 名称: 金鹰卡通, 有效: 0, IPv4: 18, IPv6: 0, 最小延迟: 371 ms, 最高速率: 0.32 MiB/s, 平均速率: 0.00 MiB/s, 最高分辨率: 1920x1080, 平均帧率: 25.0, 视频编解码器: h264, 音频编解码器: mp2
分类: 🪁动画频道, 名称: 嘉佳卡通, 有效: 0, IPv4: 18, IPv6: 0, 最小延迟: 48 ms, 最高速率: 9.81 MiB/s, 平均速率: 0.00 MiB/s, 最高分辨率: 720x576, 平均帧率: 25.0, 视频编解码器: h264, 音频编解码器: aac
分类: 🪁动画频道, 名称: CN卡通, 有效: 1, IPv4: 1, IPv6: 0, 最小延迟: 78 ms, 最高速率: 0.88 MiB/s, 平均速率: 0.88 MiB/s, 最高分辨率: 1920x1080, 平均帧率: 59.94, 视频编解码器: h264, 音频编解码器: aac
分类: 🪁动画频道, 名称: 中华小当家, 有效: 0, IPv4: 1, IPv6: 0, 最小延迟: — ms, 最高速率: 0.00 MiB/s, 平均速率: 0.00 MiB/s, 最高分辨率: —, 平均帧率: 未知, 视频编解码器: 未知, 音频编解码器: 未知
分类: 🪁动画频道, 名称: 海绵宝宝, 有效: 0, IPv4: 1, IPv6: 0, 最小延迟: 643 ms, 最高速率: 0.19 MiB/s, 平均速率: 0.00 MiB/s, 最高分辨率: —, 平均帧率: 未知, 视频编解码器: 未知, 音频编解码器: 未知
分类: 🪁动画频道, 名称: 七龙珠, 有效: 0, IPv4: 1, IPv6: 0, 最小延迟: 74 ms, 最高速率: 0.14 MiB/s, 平均速率: 0.00 MiB/s, 最高分辨率: —, 平均帧率: 未知, 视频编解码器: 未知, 音频编解码器: 未知
分类: 🪁动画频道, 名称: 精选动漫台, 有效: 0, IPv4: 1, IPv6: 0, 最小延迟: — ms, 最高速率: 0.00 MiB/s, 平均速率: 0.00 MiB/s, 最高分辨率: —, 平均帧率: 未知, 视频编解码器: 未知, 音频编解码器: 未知
分类: 🪁动画频道, 名称: 火影忍者, 有效: 0, IPv4: 1, IPv6: 0, 最小延迟: 20 ms, 最高速率: 0.49 MiB/s, 平均速率: 0.00 MiB/s, 最高分辨率: 1920x1080, 平均帧率: 30.0, 视频编解码器: h264, 音频编解码器: aac
分类: 🪁动画频道, 名称: 經典卡通台, 有效: 0, IPv4: 1, IPv6: 0, 最小延迟: — ms, 最高速率: 0.00 MiB/s, 平均速率: 0.00 MiB/s, 最高分辨率: —, 平均帧率: 未知, 视频编解码器: 未知, 音频编解码器: 未知
分类: 🪁动画频道, 名称: 蜡笔小新, 有效: 0, IPv4: 1, IPv6: 0, 最小延迟: 495 ms, 最高速率: 0.06 MiB/s, 平均速率: 0.00 MiB/s, 最高分辨率: —, 平均帧率: 未知, 视频编解码器: 未知, 音频编解码器: 未知
分类: 🪁动画频道, 名称: 卡酷动画, 有效: 0, IPv4: 1, IPv6: 0, 最小延迟: — ms, 最高速率: 0.00 MiB/s, 平均速率: 0.00 MiB/s, 最高分辨率: —, 平均帧率: 未知, 视频编解码器: 未知, 音频编解码器: 未知
分类: 🪁动画频道, 名称: 猫和老鼠, 有效: 0, IPv4: 1, IPv6: 0, 最小延迟: 201 ms, 最高速率: 3.25 MiB/s, 平均速率: 0.00 MiB/s, 最高分辨率: 640x464, 平均帧率: 24.0, 视频编解码器: h264, 音频编解码器: aac
分类: 🪁动画频道, 名称: 浙江少儿, 有效: 0, IPv4: 1, IPv6: 0, 最小延迟: — ms, 最高速率: 0.00 MiB/s, 平均速率: 0.00 MiB/s, 最高分辨率: —, 平均帧率: 未知, 视频编解码器: 未知, 音频编解码器: 未知
分类: 🏛经典剧场, 名称: 鹿鼎记, 有效: 0, IPv4: 2, IPv6: 0, 最小延迟: 48 ms, 最高速率: 0.19 MiB/s, 平均速率: 0.00 MiB/s, 最高分辨率: —, 平均帧率: 未知, 视频编解码器: 未知, 音频编解码器: 未知
分类: 🏛经典剧场, 名称: 笑傲江湖, 有效: 0, IPv4: 2, IPv6: 0, 最小延迟: 108 ms, 最高速率: 4.90 MiB/s, 平均速率: 0.00 MiB/s, 最高分辨率: 1920x1080, 平均帧率: 25.0, 视频编解码器: h264, 音频编解码器: aac
分类: 🏛经典剧场, 名称: 西游记, 有效: 1, IPv4: 1, IPv6: 0, 最小延迟: 49 ms, 最高速率: 5.51 MiB/s, 平均速率: 5.51 MiB/s, 最高分辨率: 1920x1080, 平均帧率: 25.0, 视频编解码器: h264, 音频编解码器: aac
分类: 🏛经典剧场, 名称: 水浒传, 有效: 1, IPv4: 1, IPv6: 0, 最小延迟: 33 ms, 最高速率: 22.07 MiB/s, 平均速率: 22.07 MiB/s, 最高分辨率: 1440x1080, 平均帧率: 25.0, 视频编解码器: h264, 音频编解码器: aac
分类: 🏛经典剧场, 名称: 闯关东, 有效: 1, IPv4: 1, IPv6: 0, 最小延迟: 32 ms, 最高速率: 29.83 MiB/s, 平均速率: 29.83 MiB/s, 最高分辨率: 1920x1080, 平均帧率: 24.0, 视频编解码器: h264, 音频编解码器: aac
分类: 🏛经典剧场, 名称: 天龙八部, 有效: 0, IPv4: 1, IPv6: 0, 最小延迟: 665 ms, 最高速率: 0.43 MiB/s, 平均速率: 0.00 MiB/s, 最高分辨率: 624x480, 平均帧率: 30.0, 视频编解码器: h264, 音频编解码器: aac
分类: 🏛经典剧场, 名称: 封神榜, 有效: 1, IPv4: 2, IPv6: 0, 最小延迟: 70 ms, 最高速率: 1.47 MiB/s, 平均速率: 1.47 MiB/s, 最高分辨率: 1920x1080, 平均帧率: 25.0, 视频编解码器: h264, 音频编解码器: aac
分类: 🏛经典剧场, 名称: 神雕侠侣, 有效: 2, IPv4: 3, IPv6: 0, 最小延迟: 43 ms, 最高速率: 3.99 MiB/s, 平均速率: 3.27 MiB/s, 最高分辨率: 1280x720, 平均帧率: 22.5, 视频编解码器: h264, 音频编解码器: aac
分类: 🏛经典剧场, 名称: 射雕英雄传, 有效: 0, IPv4: 1, IPv6: 0, 最小延迟: 650 ms, 最高速率: 0.29 MiB/s, 平均速率: 0.00 MiB/s, 最高分辨率: 1274x670, 平均帧率: 25.0, 视频编解码器: h264, 音频编解码器: aac
分类: 其它, 名称: 四海钓鱼, 有效: 0, IPv4: 5, IPv6: 0, 最小延迟: — ms, 最高速率: 0.00 MiB/s, 平均速率: 0.00 MiB/s, 最高分辨率: —, 平均帧率: 未知, 视频编解码器: 未知, 音频编解码器: 未知
分类: 其它, 名称: 睛彩竞技, 有效: 0, IPv4: 6, IPv6: 0, 最小延迟: 519 ms, 最高速率: 0.22 MiB/s, 平均速率: 0.00 MiB/s, 最高分辨率: 1920x1080, 平均帧率: 25.0, 视频编解码器: h264, 音频编解码器: mp2
分类: 其它, 名称: 睛彩广场舞, 有效: 0, IPv4: 2, IPv6: 0, 最小延迟: 517 ms, 最高速率: 0.22 MiB/s, 平均速率: 0.00 MiB/s, 最高分辨率: 1920x1080, 平均帧率: 25.0, 视频编解码器: h264, 音频编解码器: mp2
分类: 其它, 名称: 睛彩篮球, 有效: 0, IPv4: 6, IPv6: 0, 最小延迟: 614 ms, 最高速率: 0.22 MiB/s, 平均速率: 0.00 MiB/s, 最高分辨率: 1920x1080, 平均帧率: 25.0, 视频编解码器: h264, 音频编解码器: mp2
分类: 其它, 名称: 环球旅游, 有效: 0, IPv4: 5, IPv6: 0, 最小延迟: — ms, 最高速率: 0.00 MiB/s, 平均速率: 0.00 MiB/s, 最高分辨率: —, 平均帧率: 未知, 视频编解码器: 未知, 音频编解码器: 未知
分类: 其它, 名称: 环球电视, 有效: 0, IPv4: 1, IPv6: 0, 最小延迟: 373 ms, 最高速率: 0.10 MiB/s, 平均速率: 0.00 MiB/s, 最高分辨率: —, 平均帧率: 未知, 视频编解码器: 未知, 音频编解码器: 未知
分类: 其它, 名称: 快乐垂钓, 有效: 0, IPv4: 19, IPv6: 0, 最小延迟: 493 ms, 最高速率: 0.30 MiB/s, 平均速率: 0.00 MiB/s, 最高分辨率: 1920x1080, 平均帧率: 25.0, 视频编解码器: h264, 音频编解码器: mp2
分类: #虎牙, 名称: 电影_甄子丹, 有效: 0, IPv4: 1, IPv6: 0, 最小延迟: 850 ms, 最高速率: 0.00 MiB/s, 平均速率: 0.00 MiB/s, 最高分辨率: —, 平均帧率: 未知, 视频编解码器: 未知, 音频编解码器: 未知
分类: #虎牙, 名称: 电影_周星驰, 有效: 4, IPv4: 4, IPv6: 0, 最小延迟: 33 ms, 最高速率: 28.58 MiB/s, 平均速率: 12.16 MiB/s, 最高分辨率: 1330x720, 平均帧率: 25.0, 视频编解码器: h264, 音频编解码器: aac
分类: #虎牙, 名称: 电影_成龙, 有效: 0, IPv4: 4, IPv6: 0, 最小延迟: 32 ms, 最高速率: 21.46 MiB/s, 平均速率: 0.00 MiB/s, 最高分辨率: 868x480, 平均帧率: 25.0, 视频编解码器: h264, 音频编解码器: aac
分类: #虎牙, 名称: 电影_玄幻, 有效: 0, IPv4: 1, IPv6: 0, 最小延迟: 832 ms, 最高速率: 0.00 MiB/s, 平均速率: 0.00 MiB/s, 最高分辨率: —, 平均帧率: 未知, 视频编解码器: 未知, 音频编解码器: 未知
分类: #虎牙, 名称: 电影_王晶, 有效: 1, IPv4: 1, IPv6: 0, 最小延迟: 45 ms, 最高速率: 0.93 MiB/s, 平均速率: 0.93 MiB/s, 最高分辨率: 1280x720, 平均帧率: 25.0, 视频编解码器: h264, 音频编解码器: aac
分类: #虎牙, 名称: 电影_武侠, 有效: 0, IPv4: 1, IPv6: 0, 最小延迟: 1750 ms, 最高速率: 0.03 MiB/s, 平均速率: 0.00 MiB/s, 最高分辨率: —, 平均帧率: 未知, 视频编解码器: 未知, 音频编解码器: 未知
分类: #虎牙, 名称: 电影_沈腾, 有效: 0, IPv4: 1, IPv6: 0, 最小延迟: 41 ms, 最高速率: 0.30 MiB/s, 平均速率: 0.00 MiB/s, 最高分辨率: 1920x1080, 平均帧率: 60.0, 视频编解码器: h264, 音频编解码器: aac
分类: #虎牙, 名称: 电影_黄渤, 有效: 1, IPv4: 1, IPv6: 0, 最小延迟: 591 ms, 最高速率: 0.58 MiB/s, 平均速率: 0.58 MiB/s, 最高分辨率: 1280x720, 平均帧率: 30.0, 视频编解码器: h264, 音频编解码器: aac
分类: #虎牙, 名称: 电影_贺岁, 有效: 0, IPv4: 1, IPv6: 0, 最小延迟: 1509 ms, 最高速率: 0.06 MiB/s, 平均速率: 0.00 MiB/s, 最高分辨率: —, 平均帧率: 未知, 视频编解码器: 未知, 音频编解码器: 未知
分类: #虎牙, 名称: 电影_强森, 有效: 1, IPv4: 1, IPv6: 0, 最小延迟: 633 ms, 最高速率: 0.51 MiB/s, 平均速率: 0.51 MiB/s, 最高分辨率: 1280x720, 平均帧率: 30.0, 视频编解码器: h264, 音频编解码器: aac
分类: #虎牙, 名称: 电影_国产, 有效: 1, IPv4: 1, IPv6: 0, 最小延迟: 24 ms, 最高速率: 1.25 MiB/s, 平均速率: 1.25 MiB/s, 最高分辨率: 1920x1080, 平均帧率: 30.0, 视频编解码器: h264, 音频编解码器: aac
分类: #虎牙, 名称: 电影_李连杰, 有效: 0, IPv4: 1, IPv6: 0, 最小延迟: 73 ms, 最高速率: 0.22 MiB/s, 平均速率: 0.00 MiB/s, 最高分辨率: 1280x704, 平均帧率: 60.0, 视频编解码器: h264, 音频编解码器: aac
分类: #虎牙, 名称: 电影_洪金宝, 有效: 0, IPv4: 1, IPv6: 0, 最小延迟: 60 ms, 最高速率: 0.96 MiB/s, 平均速率: 0.00 MiB/s, 最高分辨率: 1024x576, 平均帧率: 25.0, 视频编解码器: h264, 音频编解码器: aac
分类: #虎牙, 名称: 电影_刘德华, 有效: 1, IPv4: 1, IPv6: 0, 最小延迟: 596 ms, 最高速率: 0.29 MiB/s, 平均速率: 0.29 MiB/s, 最高分辨率: 1280x720, 平均帧率: 60.0, 视频编解码器: h264, 音频编解码器: aac
分类: #虎牙, 名称: 电影_斯坦森, 有效: 0, IPv4: 1, IPv6: 0, 最小延迟: 1328 ms, 最高速率: 0.13 MiB/s, 平均速率: 0.00 MiB/s, 最高分辨率: —, 平均帧率: 未知, 视频编解码器: 未知, 音频编解码器: 未知
分类: #虎牙, 名称: 电影_功夫片, 有效: 1, IPv4: 1, IPv6: 0, 最小延迟: 42 ms, 最高速率: 0.65 MiB/s, 平均速率: 0.65 MiB/s, 最高分辨率: 1280x720, 平均帧率: 30.0, 视频编解码器: h264, 音频编解码器: aac
分类: #虎牙, 名称: 电影_欢笑影院, 有效: 1, IPv4: 1, IPv6: 0, 最小延迟: 69 ms, 最高速率: 0.62 MiB/s, 平均速率: 0.62 MiB/s, 最高分辨率: 1280x720, 平均帧率: 25.0, 视频编解码器: h264, 音频编解码器: aac
分类: #虎牙, 名称: 电影_不挤影院, 有效: 1, IPv4: 1, IPv6: 0, 最小延迟: 46 ms, 最高速率: 0.75 MiB/s, 平均速率: 0.75 MiB/s, 最高分辨率: 1280x720, 平均帧率: 30.0, 视频编解码器: h264, 音频编解码器: aac
分类: #虎牙, 名称: 电影_高分动作, 有效: 0, IPv4: 1, IPv6: 0, 最小延迟: 741 ms, 最高速率: 0.37 MiB/s, 平均速率: 0.00 MiB/s, 最高分辨率: 1920x1080, 平均帧率: 25.0, 视频编解码器: h264, 音频编解码器: aac
分类: #虎牙, 名称: 电影_黑帮斗争, 有效: 0, IPv4: 1, IPv6: 0, 最小延迟: 43 ms, 最高速率: 0.74 MiB/s, 平均速率: 0.00 MiB/s, 最高分辨率: 720x304, 平均帧率: 25.0, 视频编解码器: h264, 音频编解码器: aac
分类: #虎牙, 名称: 电影_国产悬疑, 有效: 1, IPv4: 1, IPv6: 0, 最小延迟: 852 ms, 最高速率: 1.33 MiB/s, 平均速率: 1.33 MiB/s, 最高分辨率: 1920x1080, 平均帧率: 30.0, 视频编解码器: h264, 音频编解码器: aac
分类: #虎牙, 名称: 电影_许氏三杰, 有效: 1, IPv4: 1, IPv6: 0, 最小延迟: 485 ms, 最高速率: 0.77 MiB/s, 平均速率: 0.77 MiB/s, 最高分辨率: 1280x720, 平均帧率: 25.0, 视频编解码器: h264, 音频编解码器: aac
分类: #虎牙, 名称: 电影_喜乐影院, 有效: 1, IPv4: 1, IPv6: 0, 最小延迟: 44 ms, 最高速率: 3.68 MiB/s, 平均速率: 3.68 MiB/s, 最高分辨率: 1920x1080, 平均帧率: 25.0, 视频编解码器: h264, 音频编解码器: aac
分类: #虎牙, 名称: 西游记2, 有效: 1, IPv4: 2, IPv6: 0, 最小延迟: 11 ms, 最高速率: 1.33 MiB/s, 平均速率: 1.33 MiB/s, 最高分辨率: 1920x1080, 平均帧率: 27.5, 视频编解码器: h264, 音频编解码器: aac
分类: #虎牙, 名称: 笑看风云, 有效: 2, IPv4: 2, IPv6: 0, 最小延迟: 40 ms, 最高速率: 1.88 MiB/s, 平均速率: 1.57 MiB/s, 最高分辨率: 1920x1080, 平均帧率: 27.5, 视频编解码器: h264, 音频编解码器: aac
分类: #虎牙, 名称: 剧集_老三国, 有效: 1, IPv4: 1, IPv6: 0, 最小延迟: 495 ms, 最高速率: 0.62 MiB/s, 平均速率: 0.62 MiB/s, 最高分辨率: 1280x720, 平均帧率: 25.0, 视频编解码器: h264, 音频编解码器: aac
分类: #虎牙, 名称: 陀枪师姐, 有效: 2, IPv4: 2, IPv6: 0, 最小延迟: 349 ms, 最高速率: 1.15 MiB/s, 平均速率: 1.04 MiB/s, 最高分辨率: 1920x1080, 平均帧率: 25.0, 视频编解码器: h264, 音频编解码器: aac
分类: #虎牙, 名称: 楚汉骄雄, 有效: 0, IPv4: 2, IPv6: 0, 最小延迟: 872 ms, 最高速率: 0.35 MiB/s, 平均速率: 0.00 MiB/s, 最高分辨率: 1920x1080, 平均帧率: 25.0, 视频编解码器: h264, 音频编解码器: aac
分类: #虎牙, 名称: 妙手仁心, 有效: 1, IPv4: 2, IPv6: 0, 最小延迟: 934 ms, 最高速率: 3.07 MiB/s, 平均速率: 3.07 MiB/s, 最高分辨率: 1920x1080, 平均帧率: 25.0, 视频编解码器: h264, 音频编解码器: aac
分类: #虎牙, 名称: 扫黄先锋, 有效: 1, IPv4: 2, IPv6: 0, 最小延迟: 174 ms, 最高速率: 1.33 MiB/s, 平均速率: 1.33 MiB/s, 最高分辨率: 1920x1080, 平均帧率: 24.0, 视频编解码器: h264, 音频编解码器: aac
分类: #虎牙, 名称: 刑事侦缉档案, 有效: 1, IPv4: 1, IPv6: 0, 最小延迟: 519 ms, 最高速率: 0.80 MiB/s, 平均速率: 0.80 MiB/s, 最高分辨率: 1920x804, 平均帧率: 25.0, 视频编解码器: h264, 音频编解码器: aac
分类: #虎牙, 名称: 洗冤录, 有效: 1, IPv4: 2, IPv6: 0, 最小延迟: 457 ms, 最高速率: 1.90 MiB/s, 平均速率: 1.90 MiB/s, 最高分辨率: 1920x1080, 平均帧率: 25.0, 视频编解码器: h264, 音频编解码器: aac
分类: #虎牙, 名称: 大唐双龙传, 有效: 1, IPv4: 1, IPv6: 0, 最小延迟: 42 ms, 最高速率: 1.79 MiB/s, 平均速率: 1.79 MiB/s, 最高分辨率: 1920x1080, 平均帧率: 25.0, 视频编解码器: h264, 音频编解码器: aac
分类: #虎牙, 名称: 金枝欲孽, 有效: 1, IPv4: 1, IPv6: 0, 最小延迟: 821 ms, 最高速率: 0.35 MiB/s, 平均速率: 0.35 MiB/s, 最高分辨率: 1280x720, 平均帧率: 25.0, 视频编解码器: h264, 音频编解码器: aac
分类: #斗鱼, 名称: 周星驰, 有效: 1, IPv4: 1, IPv6: 0, 最小延迟: 42 ms, 最高速率: 0.71 MiB/s, 平均速率: 0.71 MiB/s, 最高分辨率: 1280x720, 平均帧率: 25.0, 视频编解码器: h264, 音频编解码器: aac
分类: #斗鱼, 名称: 庆余年, 有效: 1, IPv4: 1, IPv6: 0, 最小延迟: 73 ms, 最高速率: 1.24 MiB/s, 平均速率: 1.24 MiB/s, 最高分辨率: 1920x1080, 平均帧率: 60.0, 视频编解码器: h264, 音频编解码器: aac
分类: #斗鱼, 名称: 音乐欣赏, 有效: 1, IPv4: 1, IPv6: 0, 最小延迟: 299 ms, 最高速率: 0.23 MiB/s, 平均速率: 0.23 MiB/s, 最高分辨率: 1280x720, 平均帧率: 25.0, 视频编解码器: h264, 音频编解码器: aac
分类: #斗鱼, 名称: 爱情公寓, 有效: 0, IPv4: 1, IPv6: 0, 最小延迟: 487 ms, 最高速率: 0.47 MiB/s, 平均速率: 0.00 MiB/s, 最高分辨率: 1104x622, 平均帧率: 60.0, 视频编解码器: h264, 音频编解码器: aac
分类: #斗鱼, 名称: 金庸武侠, 有效: 0, IPv4: 1, IPv6: 0, 最小延迟: — ms, 最高速率: 0.00 MiB/s, 平均速率: 0.00 MiB/s, 最高分辨率: —, 平均帧率: 未知, 视频编解码器: 未知, 音频编解码器: 未知
分类: 春晚频道, 名称: 1983年春晚, 有效: 0, IPv4: 1, IPv6: 0, 最小延迟: 4 ms, 最高速率: 140.81 MiB/s, 平均速率: 0.00 MiB/s, 最高分辨率: 768x576, 平均帧率: 25.0, 视频编解码器: h264, 音频编解码器: aac
分类: 春晚频道, 名称: 1984年春晚, 有效: 0, IPv4: 1, IPv6: 0, 最小延迟: 4 ms, 最高速率: 151.33 MiB/s, 平均速率: 0.00 MiB/s, 最高分辨率: 768x576, 平均帧率: 25.0, 视频编解码器: h264, 音频编解码器: aac
分类: 春晚频道, 名称: 1985年春晚, 有效: 0, IPv4: 1, IPv6: 0, 最小延迟: 18 ms, 最高速率: 86.67 MiB/s, 平均速率: 0.00 MiB/s, 最高分辨率: 768x576, 平均帧率: 25.0, 视频编解码器: h264, 音频编解码器: aac
分类: 春晚频道, 名称: 1986年春晚, 有效: 0, IPv4: 1, IPv6: 0, 最小延迟: 4 ms, 最高速率: 161.29 MiB/s, 平均速率: 0.00 MiB/s, 最高分辨率: 768x576, 平均帧率: 25.0, 视频编解码器: h264, 音频编解码器: aac
分类: 春晚频道, 名称: 1987年春晚, 有效: 0, IPv4: 2, IPv6: 0, 最小延迟: 4 ms, 最高速率: 165.25 MiB/s, 平均速率: 0.00 MiB/s, 最高分辨率: 640x480, 平均帧率: 25.0, 视频编解码器: h264, 音频编解码器: aac
分类: 春晚频道, 名称: 1988年春晚, 有效: 0, IPv4: 2, IPv6: 0, 最小延迟: 5 ms, 最高速率: 146.30 MiB/s, 平均速率: 0.00 MiB/s, 最高分辨率: 640x480, 平均帧率: 25.0, 视频编解码器: h264, 音频编解码器: aac
分类: 春晚频道, 名称: 1992年春晚, 有效: 0, IPv4: 1, IPv6: 0, 最小延迟: — ms, 最高速率: 0.00 MiB/s, 平均速率: 0.00 MiB/s, 最高分辨率: —, 平均帧率: 未知, 视频编解码器: 未知, 音频编解码器: 未知
分类: 春晚频道, 名称: 1989年春晚, 有效: 0, IPv4: 2, IPv6: 0, 最小延迟: 4 ms, 最高速率: 13.70 MiB/s, 平均速率: 0.00 MiB/s, 最高分辨率: 640x480, 平均帧率: 25.0, 视频编解码器: h264, 音频编解码器: aac
分类: 春晚频道, 名称: 1997年春晚, 有效: 0, IPv4: 1, IPv6: 0, 最小延迟: — ms, 最高速率: 0.00 MiB/s, 平均速率: 0.00 MiB/s, 最高分辨率: —, 平均帧率: 未知, 视频编解码器: 未知, 音频编解码器: 未知
分类: 春晚频道, 名称: 1993年春晚, 有效: 0, IPv4: 1, IPv6: 0, 最小延迟: 4 ms, 最高速率: 136.62 MiB/s, 平均速率: 0.00 MiB/s, 最高分辨率: 982x720, 平均帧率: 25.0, 视频编解码器: h264, 音频编解码器: aac
分类: 春晚频道, 名称: 1994年春晚, 有效: 0, IPv4: 1, IPv6: 0, 最小延迟: 4 ms, 最高速率: 159.77 MiB/s, 平均速率: 0.00 MiB/s, 最高分辨率: 982x720, 平均帧率: 25.0, 视频编解码器: h264, 音频编解码器: aac
分类: 春晚频道, 名称: 1995年春晚, 有效: 0, IPv4: 1, IPv6: 0, 最小延迟: 4 ms, 最高速率: 144.74 MiB/s, 平均速率: 0.00 MiB/s, 最高分辨率: 982x720, 平均帧率: 25.0, 视频编解码器: h264, 音频编解码器: aac
分类: 春晚频道, 名称: 1996年春晚, 有效: 0, IPv4: 1, IPv6: 0, 最小延迟: 4 ms, 最高速率: 132.25 MiB/s, 平均速率: 0.00 MiB/s, 最高分辨率: 982x720, 平均帧率: 25.0, 视频编解码器: h264, 音频编解码器: aac
分类: 春晚频道, 名称: 1999年春晚, 有效: 0, IPv4: 1, IPv6: 0, 最小延迟: 4 ms, 最高速率: 140.90 MiB/s, 平均速率: 0.00 MiB/s, 最高分辨率: 982x720, 平均帧率: 25.0, 视频编解码器: h264, 音频编解码器: aac
分类: 春晚频道, 名称: 2000年春晚, 有效: 0, IPv4: 1, IPv6: 0, 最小延迟: 4 ms, 最高速率: 176.48 MiB/s, 平均速率: 0.00 MiB/s, 最高分辨率: 982x720, 平均帧率: 25.0, 视频编解码器: h264, 音频编解码器: aac
分类: 春晚频道, 名称: 2001年春晚, 有效: 0, IPv4: 1, IPv6: 0, 最小延迟: 4 ms, 最高速率: 131.29 MiB/s, 平均速率: 0.00 MiB/s, 最高分辨率: 982x720, 平均帧率: 25.0, 视频编解码器: h264, 音频编解码器: aac
分类: 春晚频道, 名称: 1998年春晚, 有效: 0, IPv4: 1, IPv6: 0, 最小延迟: — ms, 最高速率: 0.00 MiB/s, 平均速率: 0.00 MiB/s, 最高分辨率: —, 平均帧率: 未知, 视频编解码器: 未知, 音频编解码器: 未知
分类: 春晚频道, 名称: 2003年春晚, 有效: 0, IPv4: 1, IPv6: 0, 最小延迟: 4 ms, 最高速率: 150.83 MiB/s, 平均速率: 0.00 MiB/s, 最高分辨率: 982x720, 平均帧率: 25.0, 视频编解码器: h264, 音频编解码器: aac
分类: 春晚频道, 名称: 2002年春晚, 有效: 0, IPv4: 1, IPv6: 0, 最小延迟: 4 ms, 最高速率: 149.86 MiB/s, 平均速率: 0.00 MiB/s, 最高分辨率: 982x720, 平均帧率: 25.0, 视频编解码器: h264, 音频编解码器: aac
分类: 春晚频道, 名称: 2005年春晚, 有效: 0, IPv4: 1, IPv6: 0, 最小延迟: 6 ms, 最高速率: 134.57 MiB/s, 平均速率: 0.00 MiB/s, 最高分辨率: 982x720, 平均帧率: 25.0, 视频编解码器: h264, 音频编解码器: aac
分类: 春晚频道, 名称: 2004年春晚, 有效: 0, IPv4: 1, IPv6: 0, 最小延迟: 5 ms, 最高速率: 153.11 MiB/s, 平均速率: 0.00 MiB/s, 最高分辨率: 982x720, 平均帧率: 25.0, 视频编解码器: h264, 音频编解码器: aac
分类: 春晚频道, 名称: 2007年春晚, 有效: 0, IPv4: 1, IPv6: 0, 最小延迟: 4 ms, 最高速率: 115.46 MiB/s, 平均速率: 0.00 MiB/s, 最高分辨率: 982x720, 平均帧率: 25.0, 视频编解码器: h264, 音频编解码器: aac
分类: 春晚频道, 名称: 2006年春晚, 有效: 0, IPv4: 1, IPv6: 0, 最小延迟: 4 ms, 最高速率: 169.77 MiB/s, 平均速率: 0.00 MiB/s, 最高分辨率: 786x576, 平均帧率: 25.0, 视频编解码器: h264, 音频编解码器: aac
分类: 春晚频道, 名称: 2009年春晚, 有效: 0, IPv4: 1, IPv6: 0, 最小延迟: 4 ms, 最高速率: 93.14 MiB/s, 平均速率: 0.00 MiB/s, 最高分辨率: 786x576, 平均帧率: 25.0, 视频编解码器: h264, 音频编解码器: aac
分类: 春晚频道, 名称: 2008年春晚, 有效: 0, IPv4: 1, IPv6: 0, 最小延迟: 7 ms, 最高速率: 112.53 MiB/s, 平均速率: 0.00 MiB/s, 最高分辨率: 982x720, 平均帧率: 25.0, 视频编解码器: h264, 音频编解码器: aac
分类: 春晚频道, 名称: 2010年春晚, 有效: 0, IPv4: 1, IPv6: 0, 最小延迟: 7 ms, 最高速率: 133.65 MiB/s, 平均速率: 0.00 MiB/s, 最高分辨率: 982x720, 平均帧率: 25.0, 视频编解码器: h264, 音频编解码器: aac
分类: 春晚频道, 名称: 2013年春晚, 有效: 0, IPv4: 1, IPv6: 0, 最小延迟: 6 ms, 最高速率: 142.44 MiB/s, 平均速率: 0.00 MiB/s, 最高分辨率: 768x576, 平均帧率: 25.0, 视频编解码器: h264, 音频编解码器: aac
分类: 春晚频道, 名称: 2011年春晚, 有效: 0, IPv4: 1, IPv6: 0, 最小延迟: 28 ms, 最高速率: 71.79 MiB/s, 平均速率: 0.00 MiB/s, 最高分辨率: 982x720, 平均帧率: 25.0, 视频编解码器: h264, 音频编解码器: aac
分类: 春晚频道, 名称: 2015年春晚, 有效: 1, IPv4: 1, IPv6: 0, 最小延迟: 4 ms, 最高速率: 135.92 MiB/s, 平均速率: 135.92 MiB/s, 最高分辨率: 1280x720, 平均帧率: 25.0, 视频编解码器: h264, 音频编解码器: aac
分类: 春晚频道, 名称: 2014年春晚, 有效: 1, IPv4: 1, IPv6: 0, 最小延迟: 4 ms, 最高速率: 154.55 MiB/s, 平均速率: 154.55 MiB/s, 最高分辨率: 1280x720, 平均帧率: 25.0, 视频编解码器: h264, 音频编解码器: aac
分类: 春晚频道, 名称: 2017年春晚, 有效: 1, IPv4: 1, IPv6: 0, 最小延迟: 6 ms, 最高速率: 98.31 MiB/s, 平均速率: 98.31 MiB/s, 最高分辨率: 1280x720, 平均帧率: 25.0, 视频编解码器: h264, 音频编解码器: aac
分类: 春晚频道, 名称: 2018年春晚, 有效: 1, IPv4: 1, IPv6: 0, 最小延迟: 4 ms, 最高速率: 140.04 MiB/s, 平均速率: 140.04 MiB/s, 最高分辨率: 1280x720, 平均帧率: 25.0, 视频编解码器: h264, 音频编解码器: aac
分类: 春晚频道, 名称: 2020年春晚, 有效: 1, IPv4: 1, IPv6: 0, 最小延迟: 4 ms, 最高速率: 159.77 MiB/s, 平均速率: 159.77 MiB/s, 最高分辨率: 1280x720, 平均帧率: 25.0, 视频编解码器: h264, 音频编解码器: aac
分类: 春晚频道, 名称: 2021年春晚, 有效: 1, IPv4: 1, IPv6: 0, 最小延迟: 4 ms, 最高速率: 149.68 MiB/s, 平均速率: 149.68 MiB/s, 最高分辨率: 1280x720, 平均帧率: 25.0, 视频编解码器: h264, 音频编解码器: aac
分类: 春晚频道, 名称: 2022年春晚, 有效: 1, IPv4: 1, IPv6: 0, 最小延迟: 5 ms, 最高速率: 149.44 MiB/s, 平均速率: 149.44 MiB/s, 最高分辨率: 1280x720, 平均帧率: 25.0, 视频编解码器: h264, 音频编解码器: aac
分类: 春晚频道, 名称: 2025年春晚, 有效: 0, IPv4: 2, IPv6: 0, 最小延迟: 501 ms, 最高速率: 0.13 MiB/s, 平均速率: 0.00 MiB/s, 最高分辨率: —, 平均帧率: 未知, 视频编解码器: 未知, 音频编解码器: 未知
分类: 春晚频道, 名称: 2016年春晚, 有效: 0, IPv4: 1, IPv6: 0, 最小延迟: — ms, 最高速率: 0.00 MiB/s, 平均速率: 0.00 MiB/s, 最高分辨率: —, 平均帧率: 未知, 视频编解码器: 未知, 音频编解码器: 未知
分类: 春晚频道, 名称: 2012年春晚, 有效: 0, IPv4: 1, IPv6: 0, 最小延迟: — ms, 最高速率: 0.00 MiB/s, 平均速率: 0.00 MiB/s, 最高分辨率: —, 平均帧率: 未知, 视频编解码器: 未知, 音频编解码器: 未知
分类: 春晚频道, 名称: 2023年春晚, 有效: 0, IPv4: 1, IPv6: 0, 最小延迟: — ms, 最高速率: 0.00 MiB/s, 平均速率: 0.00 MiB/s, 最高分辨率: —, 平均帧率: 未知, 视频编解码器: 未知, 音频编解码器: 未知
分类: 春晚频道, 名称: 2024年春晚, 有效: 0, IPv4: 1, IPv6: 0, 最小延迟: — ms, 最高速率: 0.00 MiB/s, 平均速率: 0.00 MiB/s, 最高分辨率: —, 平均帧率: 未知, 视频编解码器: 未知, 音频编解码器: 未知
