2026-10-03 16:22:20,http://kakaxi.indevs.in/LOGO/Disclaimer.mp4
淘4K,http://114.254.38.234:8888/rtp/239.3.1.249:8001$北京联通11
淘4K,http://115.171.216.23:4000/rtp/225.1.8.211:8002$北京电信11
淘4K,http://221.220.131.145:8012/rtp/239.3.1.249:8001$北京联通21
淘4K,http://115.171.216.32:4000/rtp/225.1.8.211:8002$北京电信21
淘4K,http://111.196.130.121:20000/rtp/239.3.1.249:8001$北京联通31
淘萌宠,http://114.254.38.234:8888/rtp/239.3.1.102:8001$北京联通11
淘萌宠,http://115.171.216.23:4000/rtp/225.1.8.63:8002$北京电信11
淘萌宠,http://221.220.131.145:8012/rtp/239.3.1.102:8001$北京联通21
淘萌宠,http://115.171.216.32:4000/rtp/225.1.8.63:8002$北京电信21
淘萌宠,http://111.196.130.121:20000/rtp/239.3.1.102:8001$北京联通31
睛彩青少,http://114.254.38.234:8888/rtp/239.3.1.127:8001$北京联通11
睛彩青少,http://183.236.43.98:4013/udp/239.77.1.22:5146$广东电信11
睛彩青少,http://221.220.131.145:8012/rtp/239.3.1.127:8001$北京联通21
睛彩青少,http://111.196.130.121:20000/rtp/239.3.1.127:8001$北京联通31
先锋乒羽,http://106.59.2.196:55555/rtp/239.200.201.33:4120$云南电信11
汽摩,http://106.59.2.196:55555/rtp/239.200.200.98:8052$云南电信11
武术世界,http://39.77.161.142:4002/rtp/239.253.254.140:8000$山东联通11
武术世界,http://171.119.206.69:6000/rtp/226.0.2.97:8688$山西联通11
武术世界,http://106.59.2.196:55555/rtp/239.200.200.90:8064$云南电信11
武术世界,http://39.77.157.135:4002/rtp/239.253.254.140:8000$山东联通21
武术世界,http://39.77.161.56:4002/rtp/239.253.254.140:8000$山东联通31
游戏风云,http://39.77.161.142:4002/rtp/239.253.254.95:8000$山东联通11
游戏风云,http://171.119.206.69:6000/rtp/226.0.2.78:8536$山西联通11
游戏风云,http://116.2.168.131:4010/rtp/232.0.0.127:1234$辽宁联通11
游戏风云,http://171.8.138.13:8800/rtp/239.16.20.112:11120$河南电信11
游戏风云,http://39.77.157.135:4002/rtp/239.253.254.95:8000$山东联通21
游戏风云,http://39.77.161.56:4002/rtp/239.253.254.95:8000$山东联通31
华数武侠剧场,http://114.254.38.234:8888/rtp/239.3.1.90:4120$北京联通11
华数武侠剧场,http://221.220.131.145:8012/rtp/239.3.1.90:4120$北京联通21
华数武侠剧场,http://111.196.130.121:20000/rtp/239.3.1.90:4120$北京联通31
CCTV-6 电影频道,https://piccpndks.v.kcdnvip.com/audio/cctv6_2/index.m3u8
CGTN,http://english-livetx.cgtn.com/hls/yypdyyctzb_hd.m3u8
CGTN记录,https://english-livetx.cgtn.com/hls/yypdjlctzb_hd.m3u8
支持作者,https://vd2.bdstatic.com/mda-sctj0f96cn79js4n/1080p/cae_h264/1774710384405617311/mda-sctj0f96cn79js4n.mp4
游戏风云,http://t.061899.xyz/tl/tl.php?id=yxfy
熊猫直播,https://gcwbndali.v.myalicdn.com/gcwbnd/ipanda1000_2/index.m3u8
tvg-id="宁夏卫视" tvg-name="宁夏卫视" tvg-logo="https://gitee.com/suxuang/logo/raw/master/mylogo/宁夏卫视.png" group-title="卫视频道",宁夏卫视,http://120.76.248.139/live/bfgd/4200000118.m3u8
tvg-id="河北卫视" tvg-name="河北卫视" tvg-logo="https://gitee.com/suxuang/logo/raw/master/mylogo/河北卫视.png" group-title="卫视频道",河北卫视,http://120.76.248.139/live/bfgd/4200000108.m3u8
凤凰卫视,https://7612-5516-affc-d88b.kylintv.tv/live/pxinhd_iphone.m3u8
凤凰卫视台,http://php.jdshipin.com/TVOD/iptv.php?id=fhzw
HOY TV,http://r.jdshipin.com/sFw4S
TVBS-Asia,http://38.64.72.148/hls/modn/list/4005/playlist.m3u8
TVBS亚洲,http://38.64.72.148/hls/modn/list/4005/chunklist0.m3u8
三立戏剧,http://61.221.215.25:8800/hls/41/index.m3u8
八大戏剧台,http://61.221.215.25:8800/hls/39/index.m3u8
纬来精采,http://61.221.215.25:8800/hls/48/index.m3u8
翡翠台北美版,http://php.jdshipin.com:8880/TVOD/iptv.php?id=j1
丽江古城万古楼遥望玉龙雪山,https://gcalic.v.myalicdn.com/gc/ljgcwglytylxs_1/index.m3u8
丽江古城大水车,https://gcalic.v.myalicdn.com/gc/ljgcdsc_1/index.m3u8
丽江古城大研花巷观景,https://gcalic.v.myalicdn.com/gc/ljgcdyhxgjt_1/index.m3u8
乌镇全景,https://gcalic.v.myalicdn.com/gc/zjwzblt_1/index.m3u8
乌镇蓝印花布,https://gcalic.v.myalicdn.com/gc/zjwzlyhb_1/index.m3u8
乌镇西市河,https://gcalic.v.myalicdn.com/gc/zjwzbblh_1/index.m3u8
乌镇龙形田,https://gcalic.v.myalicdn.com/gc/zjwzlxt_1/index.m3u8
乐山大佛全景,https://gcalic.v.myalicdn.com/gc/lsdfgfl_1/index.m3u8
云南丽江玉龙雪山,https://gcalic.v.myalicdn.com/gc/ylxs11_1/index.m3u8
云南丽江玉龙雪山草甸,https://gcalic.v.myalicdn.com/gc/hkylxs06_1/index.m3u8
云南白沙远眺玉龙雪山,https://gcalic.v.myalicdn.com/gc/hkylxs03_1/index.m3u8
五彩池,https://gcalic.v.myalicdn.com/gc/hlwcc_1/index.m3u8
八里沟风景区天界山玻璃栈道,https://gcalic.v.myalicdn.com/gc/blg03_1/index.m3u8
八里沟风景区桃花湾瀑布,https://gcalic.v.myalicdn.com/gc/blg05_1/index.m3u8
六盘山红军长征景区,https://gcalic.v.myalicdn.com/gc/lpsgmjng01_1/index.m3u8
南京玄武湖公园,https://gcalic.v.myalicdn.com/gc/xwh01_1/index.m3u8
四川四姑娘山隆珠措,https://gcalic.v.myalicdn.com/gc/sgns02_1/index.m3u8
四川峨眉山云海日出,https://gcalic.v.myalicdn.com/gc/emsarm_1/index.m3u8
四川峨眉山普贤菩萨铜像,https://gcalic.v.myalicdn.com/gc/emspxps_1/index.m3u8
四川峨眉山远眺万佛顶,https://gcalic.v.myalicdn.com/gc/emswfs_1/index.m3u8
四川峨眉山远眺贡嘎雪山,https://gcalic.v.myalicdn.com/gc/emsyh_1/index.m3u8
安徽池州九华山风景区九华山,https://gcalic.v.myalicdn.com/gc/jhs05_1/index.m3u8
广西桂林漓江景区,https://gcalic.v.myalicdn.com/gc/gllj01_1/index.m3u8
广西玉林大容山莲花山顶,https://gcalic.v.myalicdn.com/gc/drs01_1/index.m3u8
恒山悬空寺全景,https://gcalic.v.myalicdn.com/gc/hsxksqj_1/index.m3u8
普陀山,https://gcalic.v.myalicdn.com/gc/pts01_1/index.m3u8
江苏南京牛首山,https://gcalic.v.myalicdn.com/gc/nss01_1/index.m3u8
江苏徐州云龙湖风景区云龙山观景台西,https://gcalic.v.myalicdn.com/gc/ylh04_1/index.m3u8
泰山主峰,https://gcalic.v.myalicdn.com/gc/taishan01_1/index.m3u8
泰山十八盘,https://gcalic.v.myalicdn.com/gc/taishan05_1/index.m3u8
泰山南天门,https://gcalic.v.myalicdn.com/gc/hkts07_1/index.m3u8
泰山大观峰,https://gcalic.v.myalicdn.com/gc/taishan03_1/index.m3u8
泰山太平岭,https://gcalic.v.myalicdn.com/gc/hkts09_1/index.m3u8
泰山望人松,https://gcalic.v.myalicdn.com/gc/taishan02_1/index.m3u8
泰山玉皇顶,https://gcalic.v.myalicdn.com/gc/taishan06_1/index.m3u8
泰山白云亭悬崖,https://gcalic.v.myalicdn.com/gc/hkts02_1/index.m3u8
泰山碧霞祠,https://gcalic.v.myalicdn.com/gc/hkts03_1/index.m3u8
浙江舟山东极岛,https://gcalic.v.myalicdn.com/gc/djd01_1/index.m3u8
湖南张家界天门山西线玻璃栈道,https://gcalic.v.myalicdn.com/gc/tms05_1/index.m3u8
湖南张家界宝峰湖,https://gcalic.v.myalicdn.com/gc/zjjbfh_1/index.m3u8
湖南张家界御笔峰,https://gcalic.v.myalicdn.com/gc/zjjybf_1/index.m3u8
湖南张家界水绕四门,https://gcalic.v.myalicdn.com/gc/zjjsrsm_1/index.m3u8
狮子山鸟瞰丽江古城,https://gcalic.v.myalicdn.com/gc/ljgcszsnkgc_1/index.m3u8
福建武夷山玉女峰,https://gcalic.v.myalicdn.com/gc/wysynf_1/index.m3u8
茶友频道,http://drive.mxmy.net:8888/udp/239.3.1.165:8001
青岛崂山八水河,https://gcalic.v.myalicdn.com/gc/qdls02_1/index.m3u8
青岛崂山双福,https://gcalic.v.myalicdn.com/gc/qdls03_1/index.m3u8
鸣沙山,https://gcalic.v.myalicdn.com/gc/dhyyqst_1/index.m3u8
黄山,https://gcalic.v.myalicdn.com/gc/ahhs01_1/index.m3u8
黄山始信新道,https://gcalic.v.myalicdn.com/gc/hsyg_1/index.m3u8
黄山排云亭,https://gcalic.v.myalicdn.com/gc/hspyt_1/index.m3u8
黄山飞来石,https://gcalic.v.myalicdn.com/gc/hsptgy_1/index.m3u8
哈尔滨资讯,http://stream.hrbtv.net/zxpd/sd/live.m3u8
与凤行,https://live.ottiptv.cc/huya/26355866
乌龙闯情关,https://live.ottiptv.cc/huya/26355767
亮剑,https://live.ottiptv.cc/huya/30080238
伪装者,https://live.ottiptv.cc/yy/1354936244
倚天屠龙记,https://live.metshop.top/huya/23734246
倩女幽魂人间道,http://jsmov2.a.yximgs.com/bs3/video-hls/5250634317044855747_hlsb.m3u8
倩女幽魂妖魔道,http://jsmov2.a.yximgs.com/bs3/video-hls/5232901391302199073_hlsb.m3u8
倩女幽魂道道道,http://jsmov2.a.yximgs.com/bs3/video-hls/5216294367991385255_hlsb.m3u8
创世纪,https://live.metshop.top/huya/29465852
古天乐电影,https://live.metshop.top/huya/29982675
唐诡之西行,https://live.ottiptv.cc/huya/26355763
士兵突击,https://live.ottiptv.cc/huya/11342430
大时代,https://live.metshop.top/huya/23865161
大秦赋,https://live.ottiptv.cc/huya/23903130
如懿传,https://live.ottiptv.cc/huya/29465868
寻秦记,https://live.metshop.top/huya/29465848
少年包青天第一部,https://live.ottiptv.cc/yy/1356043677
少年包青天第三部,https://live.ottiptv.cc/yy/1382736814
少年包青天第二部,https://live.ottiptv.cc/huya/11342425
康熙微服私访记,https://live.ottiptv.cc/huya/11342418
康熙王朝,https://live.ottiptv.cc/huya/11352940
延禧攻略,https://live.ottiptv.cc/huya/26355864
斗鱼港剧,http://www.goodiptv.club/douyu/5061550
新三国,https://live.ottiptv.cc/huya/11352944
新三国（斗鱼）,https://live.ottiptv.cc/douyu/5908256
新水浒传,https://live.ottiptv.cc/huya/11342384
无心法师,https://live.metshop.top/huya/30080233
无线星河,http://r.jdshipin.com/sXuuD
末日电影合集,https://live.ottiptv.cc/yy/1354889019
柳舟计,https://live.ottiptv.cc/huya/23860039
梦中的那片海,https://live.ottiptv.cc/huya/26355765
欢乐颂,https://live.ottiptv.cc/yy/1382735624
永夜星河,https://live.ottiptv.cc/huya/23734169
法政先锋,https://live.metshop.top/huya/23863804
活佛济公3,https://live.metshop.top/huya/23903123
流水迢迢,https://live.ottiptv.cc/huya/23865036
父母爱情,https://live.ottiptv.cc/yy/1354926650
特种兵之火凤凰,https://live.ottiptv.cc/huya/29982636
狄仁杰电影,https://live.metshop.top/huya/30080229
玫瑰的故事,https://live.ottiptv.cc/huya/23865142
电影蜘蛛侠,http://live.metshop.top/huya/21059599?cdn=alicdn
知否知否,https://live.ottiptv.cc/yy/21881901
神探狄仁杰第一部,https://live.ottiptv.cc/yy/1354930934
神探狄仁杰第三部,https://live.ottiptv.cc/douyu/6027991
神探狄仁杰第二部,https://live.ottiptv.cc/douyu/12655359
芈月传,https://live.ottiptv.cc/huya/11352975
西游记后传,https://live.ottiptv.cc/yy/1353392400
西游记续集,https://live.ottiptv.cc/douyu/3113309
贝爷求生,http://www.goodiptv.club/douyu/9661369
辽宁影视,http://dassby.qqff.top:99/live/辽宁影视剧/index.m3u8
野蛮亲家,https://live.metshop.top/huya/23863796
鉴证实录,https://live.metshop.top/huya/23903183
铁齿铜牙纪晓岚,https://live.ottiptv.cc/huya/11342396
陈情令,https://live.ottiptv.cc/huya/29465862
隋唐英雄传,https://live.ottiptv.cc/yy/1352475619
雪豹,https://live.ottiptv.cc/huya/29580970
韩国电影1,https://stream.ads.ottera.tv/playlist.m3u8?network_id=595
韩国电影2,https://stream.ads.ottera.tv/playlist.m3u8?network_id=743
鬼吹灯之云南虫谷,https://live.ottiptv.cc/huya/11352898
鬼吹灯之怒晴湘西,https://live.ottiptv.cc/huya/11602075
鬼吹灯之精绝古城,https://live.ottiptv.cc/huya/11352871
鬼吹灯之龙岭迷窟,https://live.ottiptv.cc/huya/29465863
龙祥电影,http://31.43.191.125:8080/vip6821768502490/6c17bae55394/34825
龙门飞甲,http://jsmov2.a.yximgs.com/bs3/video-hls/5203346449046555193_hlsb.m3u8
名侦探柯南,https://live.ottiptv.cc/huya/30080236
哆啦A梦,https://live.ottiptv.cc/huya/11601963
喜羊羊与灰太狼,https://live.ottiptv.cc/huya/23865080
灌篮高手,https://live.ottiptv.cc/yy/1382735626
精灵宝可梦,https://live.ottiptv.cc/huya/23749096
韩国EBS少儿,http://ebsonairios.ebs.co.kr/ebsutablet500k/tablet500k/playlist.m3u8
CGTN纪录,https://0472.org/hls/cgtnd.m3u8
RT Doc-Русский（俄语纪录）,https://rt-doc.rttv.com/dvr/rtdru/rtdru1080.m3u8
RT Documentary（英语纪录）,https://rt-rtd.rttv.com/dvr/rtdoc/playlist_4500Kb.m3u8
东丰,http://stream5.jlntv.cn/df/sd/live.m3u8?zjild=
中国村庄,http://newcntv.qcloudcdn.com/asp/hls/4000/0303000a/3/default/93fc12dbf14241c18c23da104fbade23/4000.m3u8
九台,http://stream10.jlntv.cn/jiutaitv/sd/live.m3u8?zjild=
人与自然,http://newcntv.qcloudcdn.com/asp/hls/1200/0303000a/3/default/1425e1d505654cb48ba82b807b221193/1200.m3u8
双辽,http://stream5.jlntv.cn/sl/sd/live.m3u8?zjild=
地理中国,http://newcntv.qcloudcdn.com/asp/hls/1200/0303000a/3/default/c6baf6f74bb944aeacee1065ea72c798/1200.m3u8
新纪实,http://bp-resource-dfl.bestv.cn/155/3/video.m3u8
柳河,http://stream5.jlntv.cn/lh/sd/live.m3u8?zjild=
桦甸,http://stream10.jlntv.cn/huadian/sd/live.m3u8?zjild=
江津新闻,http://222.179.155.21:1935/ch1.m3u8?zzhongqd=
汪清,http://stream5.jlntv.cn/wq/sd/live.m3u8?zjild=
玛纳斯,http://218.84.127.245:1026/hls/main1/playlist.m3u8?zxinjd=
珲春新闻,http://stream8.jlntv.cn/hctv/sd/live.m3u8?zjild=
白山公共,http://stream8.jlntv.cn/baishan2/playlist.m3u8?zjild=
磐石,http://stream5.jlntv.cn/ps/sd/live.m3u8?zjild=
舒兰新闻,http://stream8.jlntv.cn/shulan/sd/live.m3u8?zjild=
航拍中国第二季,http://newcntv.qcloudcdn.com/asp/hls/4000/0303000a/3/default/2bdfdad540b342f592f9817cb7f3b79a/4000.m3u8
辉南新闻,http://stream5.jlntv.cn/hn/sd/live.m3u8?zjild=
通化县,http://stream5.jlntv.cn/thx/sd/live.m3u8?zjild=
靖宇,http://stream8.jlntv.cn/jytv/sd/live.m3u8?zjild=
飞碟之谜01,https://hls.cntv.lxdns.com/asp/hls/2000/0303000a/3/default/f0a47e155d32450daa1d36a04fd7d262/2000.m3u8
飞碟之谜02,https://newcntv.qcloudcdn.com/asp/hls/2000/0303000a/3/default/d2454bbb542d4613a9db478dab2addfd/2000.m3u8
龙井,http://stream8.jlntv.cn/ljtv/sd/live.m3u8?zjild=
音乐现场,https://satellitepull.cnr.cn/live/wx32nmgyygb/playlist.m3u8
ABC News Live,https://d4ybyqrhce41r.cloudfront.net/v1/master/3fec3e5cac39a52b2132f9c66c83dae043dc17d4/prod-xumo-linear-nbcu-hlsv3/master.m3u8?ads.channelId=99991626
Arirang,https://amdlive-ch01-ctnd-com.akamaized.net/arirang_1ch/smil:arirang_1ch.smil/chunklist_b3256000_sleng.m3u8
Beautiful Life TV,https://5ddce30eb4b55.streamlock.net/bltvhd/bltv1/playlist.m3u8
Bloomberg Asia,https://epg.pw/stream/d2edf469b9079064a283f4b0811cbf6f2597ebbb3d08dcf77036a4b5a791b7cf.m3u8
CBC News,https://dbrb49pjoymg4.cloudfront.net/v1/master/3fec3e5cac39a52b2132f9c66c83dae043dc17d4/prod_default_xumo-ams-aws/master.m3u8?ads.xumo_channelId=99991276
CNA,https://d2e1asnsl7br7b.cloudfront.net/7782e205e72f43aeb4a48ec97f66ebbe/index_5.m3u8
CTi News,https://raw.githubusercontent.com/ChiSheng9/iptv/master/TV28.m3u8
Dali TV,http://www.dalitv.com.tw:4568/live/dali/index.m3u8
DW,https://raw.githubusercontent.com/ChiSheng9/iptv/master/TV08.m3u8
ET Mall 60,https://raw.githubusercontent.com/ChiSheng9/iptv/master/TV18.m3u8
Genius Go Go Go,https://raw.githubusercontent.com/ChiSheng9/iptv/master/TV26.m3u8
Global News,https://raw.githubusercontent.com/ChiSheng9/iptv/master/TV02.m3u8
Good,https://live.streamingfast.net/osmflivech1.m3u8
Good 2,https://live.streamingfast.net/osmflivech2.m3u8
JP1,https://raw.githubusercontent.com/ChiSheng9/iptv/master/TV15.m3u8
KPop,https://raw.githubusercontent.com/ChiSheng9/iptv/master/TV16.m3u8
Momo 1,https://raw.githubusercontent.com/ChiSheng9/iptv/master/TV04.m3u8
Momo 2,https://raw.githubusercontent.com/ChiSheng9/iptv/master/TV05.m3u8
Newsmax,http://nmxlive.akamaized.net/hls/live/529965/Live_1/index.m3u8
NOW NEWS,http://cdn.163189.xyz/163189/now
NU,https://raw.githubusercontent.com/ChiSheng9/iptv/master/TV10.m3u8
NU2,https://raw.githubusercontent.com/ChiSheng9/iptv/master/TV14.m3u8
Pet Club TV,https://cdn-apse1-prod.tsv2.amagi.tv/linear/amg01076-lightningintern-petclub-samsungnz/playlist.m3u8
RT Arabic（阿语）,https://rt-arb.rttv.com/dvr/rtarab/playlist_4500Kb.m3u8
RT Balkan （塞尔维亚语）,https://rt-srb.rttv.com/dvr/rtbalkan/playlist_4500Kb.m3u8
RT DE（德语）,https://rt-ger.rttv.com/dvr/rtdeutsch/playlist_4500Kb.m3u8
RT Español（西语）,https://rt-esp.rttv.com/dvr/rtesp/playlist_4500Kb.m3u8
RT Français（法语）,https://rt-fra.rttv.com/dvr/rtfrance/playlist_4500Kb.m3u8
RT News（英语国际）,https://rt-glb.rttv.com/dvr/rtnews/playlist_4500Kb.m3u8
Supreme Master TV,https://lbs-us1.suprememastertv.com/720p.m3u8
Taiwan Plus TV,https://raw.githubusercontent.com/ChiSheng9/iptv/master/TV78.m3u8
Trace Sports,https://lightning-tracesport-samsungau.amagi.tv/playlist1080p.m3u8
TVB News,http://r.jdshipin.com/CkuBd
Wild Earth,https://wildearth-plex.amagi.tv/masterR1080p.m3u8
WionNews,https://d7x8z4yuq42qn.cloudfront.net/index_7.m3u8
中华特产,http://120.76.248.139/live/bfgd/4200000158.m3u8
中央电视塔东,https://gcalic.v.myalicdn.com/gc/ztd_1/index.m3u8
中央电视塔南,https://gcalic.v.myalicdn.com/gc/ztn_1/index.m3u8
云南丽江冰川,https://gcalic.v.myalicdn.com/gc/hkylxs05_1/index.m3u8
云南丽江印象实景,https://gcalic.v.myalicdn.com/gc/hkylxs01_1/index.m3u8
云南丽江蓝月谷,https://gcalic.v.myalicdn.com/gc/ylxs12_1/index.m3u8
云南大理崇圣寺三塔中景,https://gcalic.v.myalicdn.com/gc/dlst03_1/index.m3u8
云南大理崇圣寺三塔远景,https://gcalic.v.myalicdn.com/gc/dlst01_1/index.m3u8
优优宝贝,http://120.76.248.139/live/bfgd/4200000153.m3u8
使徒行者,https://live.metshop.top/huya/23734256
信大,https://raw.githubusercontent.com/ChiSheng9/iptv/master/TV07.m3u8
厦门鼓浪屿,https://gcalic.v.myalicdn.com/gc/gly01_1/index.m3u8
哈尔滨都市咨询,http://stream.hrbtv.net/zxpd/sd/live.m3u8?zheild=
大立电视台,http://www.dalitv.com.tw:4568/live/dali/index.m3u8
天涯石,https://gcalic.v.myalicdn.com/gc/tyhjtys_1/index.m3u8
安徽黟县芦村远眺,https://gcalic.v.myalicdn.com/gc/yxlcyt_1/index.m3u8
安徽黟县西递牌坊,https://gcalic.v.myalicdn.com/gc/yxxdpf_1/index.m3u8
广东大湾区,http://222.128.55.152:9080/live/dwq.m3u8
张掖七彩丹霞,https://gcalic.v.myalicdn.com/gc/zyqcdx01_1/index.m3u8
春晚1991,https://alimov2.a.kwimgs.com/upic/2022/01/31/16/BMjAyMjAxMzExNjI2MTVfNDAzMDAxOTlfNjYyNzYwNjUxNjVfMF8z_b_B8feb7b85888678d71bf37a259c6850f6.mp4
月牙泉,https://gcalic.v.myalicdn.com/gc/dhyyqsm_1/index.m3u8
望乡台,https://gcalic.v.myalicdn.com/gc/hlwxt_1/index.m3u8
生态环境,http://120.76.248.139/live/bfgd/4200000149.m3u8
直播中国,https://gcalic.v.myalicdn.com/gc/wgw05_1/index.m3u8?contentid=2820180516001
直播中国精编直播,https://gcalic.v.myalicdn.com/gc/wgw05_1/index.m3u8
福建漳州醉美沙滩翡翠湾,https://gcalic.v.myalicdn.com/gc/fcw03_1/index.m3u8
耀才财经,https://v3.mediacast.hk/webcast/bshdlive-pc/chunklist_w99771165.m3u8
谈判专家,https://live.ottiptv.cc/yy/1382735560
贵州省兴义市万峰林,https://gcalic.v.myalicdn.com/gc/xywfl_1/index.m3u8
车迷频道,http://120.76.248.139/live/bfgd/4200000146.m3u8
辽宁青少,http://dassby.qqff.top:99/live/辽宁教育青少/index.m3u8
都江堰鱼嘴,https://gcalic.v.myalicdn.com/gc/djyqyl1_1/index.m3u8
钱江都市,https://ali-m-l.cztv.com/channels/lantian/channel002/1080p.m3u8
陕西洋县国宝朱鹮02,https://gcalic.v.myalicdn.com/gc/zh02_1/index.m3u8
雪乡大石碑,https://gcalic.v.myalicdn.com/gc/mdjxxdsb_1/index.m3u8
雪乡梦幻家园,https://gcalic.v.myalicdn.com/gc/mdjxxmhjyxj_1/index.m3u8
黄果树六角亭瀑布,https://gcalic.v.myalicdn.com/gc/hgsspzxdpb_1/index.m3u8
黄花城水长城01,https://gcalic.v.myalicdn.com/gc/wgw01_1/index.m3u8
黄花城水长城03,https://gcalic.v.myalicdn.com/gc/wgw03_1/index.m3u8
黄龙,https://gcalic.v.myalicdn.com/gc/hlzycc_1/index.m3u8
小米澎程N90,https://www.iesdouyin.com/aweme/v1/playwm/?line=0&logo_name=aweme_diversion_search&ratio=720p&video_id=v1e00fgi0000d9lklmfog65t7jl676f0
小米YU7,http://www.iesdouyin.com/aweme/v1/playwm/?video_id=v0200fg10000d0nrolvog65uva9acetg&ratio=720p&line=0
小米SU7 ultra,https://www.iesdouyin.com/aweme/v1/playwm/?video_id=v0300fg10000cv4jntnog65skq4ct860&ratio=720p&line=0
朴彩英-APT,https://www.iesdouyin.com/aweme/v1/playwm/?video_id=v02f52g10003css23uiljht5d6b6mnq0&ratio=720p&line=0
wonder girls-Nobody,https://www.iesdouyin.com/aweme/v1/playwm/?video_id=v0d00fg10000c6loblbc77u7hd3mel20&ratio=720p&line=0
街道办GDC/欧阳耀莹-春娇与志明,https://www.iesdouyin.com/aweme/v1/playwm/?video_id=v0200f890000bt2sn535j22kbcal83p0&ratio=720p&line=0
handsome lau/HYPEEZY/冯泳-梦醒,https://www.iesdouyin.com/aweme/v1/playwm/?video_id=v0200fg10000cd2h8erc77u41qn32org&ratio=720p&line=0
欧阳耀莹-戒不掉,https://www.iesdouyin.com/aweme/v1/playwm/?video_id=v0300fg10000cpa5fhvog65hgvocq0vg&ratio=720p&line=0
陈芯怡-不需要挽留,https://www.iesdouyin.com/aweme/v1/playwm/?video_id=v0200fg10000cmj9767og65mocrpq5fg&ratio=720p&line=0
王心凌-第一次爱的人,https://www.iesdouyin.com/aweme/v1/playwm/?video_id=v0d00fg10000c8kod7rc77u382vs27jg&ratio=720p&line=0
王心凌-当你,https://www.iesdouyin.com/aweme/v1/playwm/?video_id=v0d00fg10000ciro1jbc77u72t4qmdpg&ratio=720p&line=0
陈冠希-战争,https://www.iesdouyin.com/aweme/v1/playwm/?video_id=v0300fg10000ch5hv2jc77udla7jom10&ratio=720p&line=0
蔡依林-日不落,https://www.iesdouyin.com/aweme/v1/playwm/?video_id=v0d00fg10000ch00eijc77u0akslavig&ratio=720p&line=0
蔡依林/陶喆-今天你要嫁给我,https://www.iesdouyin.com/aweme/v1/playwm/?video_id=v0300fg10000cj0h9mrc77ubbgnamamg&ratio=720p&line=0
钟嘉欣-我结婚了,https://www.iesdouyin.com/aweme/v1/playwm/?video_id=v0300fg10000c2utibbc77u7pgisaep0&ratio=720p&line=0
韩安旭-多幸运,https://www.iesdouyin.com/aweme/v1/playwm/?line=0&logo_name=aweme_diversion_search&ratio=720p&video_id=v0300fg10000d0m9etvog65nglhodq2g
卫兰/24味-Wonderlanad,https://www.iesdouyin.com/aweme/v1/playwm/?video_id=v0d00fg10000ce1gm2jc77u9vqku0lk0&ratio=720p&line=0
卫兰-大哥,https://www.iesdouyin.com/aweme/v1/playwm/?video_id=v0300fg10000cc50gabc77ue2vb9akd0&ratio=720p&line=0
卫兰-残酷游戏,https://www.iesdouyin.com/aweme/v1/playwm/?video_id=v0200fg10000cfhlbnrc77u33819un70&ratio=720p&line=0
卫兰-my cokie can,https://www.iesdouyin.com/aweme/v1/playwm/?video_id=v0300fg10000ckpa68bc77u0e09rgs6g&ratio=720p&line=0
卫兰-离家出走,https://www.iesdouyin.com/aweme/v1/playwm/?video_id=v0d00fg10000cj9nctrc77u9f26arls0&ratio=720p&line=0
卫兰-心有不甘,https://www.iesdouyin.com/aweme/v1/playwm/?video_id=v0300fg10000ch5k663c77u3qu84l3t0&ratio=720p&line=0
卫兰-就算世界无童话,https://www.iesdouyin.com/aweme/v1/playwm/?video_id=v0300fg10000chnenb3c77u2moocu08g&ratio=720p&line=0
卫诗-宁愿你永不知道,https://www.iesdouyin.com/aweme/v1/playwm/?video_id=v0300fg10000c8ehvsbc77ue6b6p56hg&ratio=720p&line=0
謝安琪-喜帖街,https://www.iesdouyin.com/aweme/v1/playwm/?video_id=v0200f580000bqulipikgg1hr4eidvvg&ratio=720p&line=0
謝安琪-钟无艳,https://www.iesdouyin.com/aweme/v1/playwm/?video_id=v0d00fg10000chq2bsjc77uc3k8tcp5g&ratio=720p&line=0
郑欣宜-上心,https://www.iesdouyin.com/aweme/v1/playwm/?video_id=v0200fg10000cmvk5cnog65judt62tcg&ratio=720p&line=0
阿细-细界,https://www.iesdouyin.com/aweme/v1/playwm/?video_id=v0d00fg10000ck02v0rc77u87sj16lcg&ratio=720p&line=0
林奕匡-高山低谷,https://www.iesdouyin.com/aweme/v1/playwm/?video_id=v0200fg10000cms7f7nog65tv408a84g&ratio=720p&line=0
周柏豪-我的宣言,https://www.iesdouyin.com/aweme/v1/playwm/?video_id=v0200fg10000c7sm6u3c77uace3houd0&ratio=720p&line=0
周柏豪-够钟,https://www.iesdouyin.com/aweme/v1/playwm/?video_id=v0300fg10000cmbebvbc77u6p4blmqtg&ratio=720p&line=0
周柏豪-传闻,https://www.iesdouyin.com/aweme/v1/playwm/?video_id=v0200fg10000c9d38o3c77u1jf2r3r6g&ratio=720p&line=0
周柏豪-小白,https://www.iesdouyin.com/aweme/v1/playwm/?video_id=v0d00fg10000c9go7bjc77u3qv0480gg&ratio=720p&line=0
周柏豪/郑融-一事无成,https://www.iesdouyin.com/aweme/v1/playwm/?video_id=v0d00fg10000cbcbg2jc77u4rikmlblg&ratio=720p&line=0
周柏豪-还记得,https://www.iesdouyin.com/aweme/v1/playwm/?video_id=v0200fg10000ca9qcubc77u3d3jrsp9g&ratio=720p&line=0
CAllStar-天梯,https://www.iesdouyin.com/aweme/v1/playwm/?video_id=v0200fg10000cisenvvog65r87k65dr0&ratio=720p&line=0
黄凯芹-雨中的恋人们,https://www.iesdouyin.com/aweme/v1/playwm/?video_id=v0300fg10000cjli7rfog65o4vh2p4ug&ratio=720p&line=0
谢霆锋-活着viva,https://www.iesdouyin.com/aweme/v1/playwm/?video_id=v0d00fg10000ccdmdsbc77u0hvhjiuc0&ratio=720p&line=0
潘玮柏/弦子-不得不爱,https://www.iesdouyin.com/aweme/v1/playwm/?video_id=v0d00fg10000ct4mq2vog65i8p1hflg0&ratio=720p&line=0
葛东琪-悬溺,https://www.iesdouyin.com/aweme/v1/playwm/?video_id=v0200fg10000cg7gf7rc77ufgvikae50&ratio=720p&line=0
周杰伦-七里香,https://www.iesdouyin.com/aweme/v1/playwm/?line=0&logo_name=aweme_diversion_search_app&ratio=720p&video_id=v0200fg10000cpbvhp7og65tm36f7f9g
周杰伦-说好的幸福呢,https://www.iesdouyin.com/aweme/v1/playwm/?video_id=v0200fg10000cssvfd7og65s05l6fb30&ratio=720p&line=0
周杰伦-珊瑚海,https://www.iesdouyin.com/aweme/v1/playwm/?video_id=v0200fg10000cu53j17og65mdmh6uuvg&ratio=720p&line=0
周杰伦-退后,https://www.iesdouyin.com/aweme/v1/playwm/?video_id=v0200fg10000cu4gqmvog65ugg1to2qg&ratio=720p&line=0
周杰伦-说好不哭,https://www.iesdouyin.com/aweme/v1/playwm/?video_id=v0200fg10000cu1rh9vog65imnpbre70&ratio=720p&line=0
周杰伦-等你下课,https://www.iesdouyin.com/aweme/v1/playwm/?video_id=v0200fg10000cu1nfonog65trp6p79ug&ratio=720p&line=0
周杰伦-蒲公英的约定,https://www.iesdouyin.com/aweme/v1/playwm/?video_id=v0200fg10000cu16plvog65nf0t5gj8g&ratio=720p&line=0
周杰伦-我落泪情绪零碎,https://www.iesdouyin.com/aweme/v1/playwm/?video_id=v0200fg10000ctt2hmvog65usvfqcpf0&ratio=720p&line=0
周杰伦-晴天,https://www.iesdouyin.com/aweme/v1/playwm/?video_id=v0200fg10000ctrtl67og65qlnn3p6q0&ratio=720p&line=0
周杰伦-一路向北,https://www.iesdouyin.com/aweme/v1/playwm/?video_id=v0200fg10000ctdf26vog65kmvqmvk1g&ratio=720p&line=0
周杰伦-我不配,https://www.iesdouyin.com/aweme/v1/playwm/?video_id=v0200fg10000ctckvvnog65m6b34rft0&ratio=720p&line=0
周杰伦-花海,https://www.iesdouyin.com/aweme/v1/playwm/?video_id=v0200fg10000ct25167og65te5cdbhj0&ratio=720p&line=0
周杰伦-青花瓷,https://www.iesdouyin.com/aweme/v1/playwm/?video_id=v0200fg10000cslnpcnog65tu8njd7pg&ratio=720p&line=0
周杰伦-稻香,https://www.iesdouyin.com/aweme/v1/playwm/?video_id=v0200fg10000ctlmcvvog65o5ds0167g&ratio=720p&line=0
周杰伦-龙卷风,https://www.iesdouyin.com/aweme/v1/playwm/?video_id=v0200fg10000crd9uj7og65v04u0dc7g&ratio=720p&line=0
周杰伦-简单爱,https://www.iesdouyin.com/aweme/v1/playwm/?video_id=v0d00fg10000csnbkmqljht17n76quv0&ratio=720p&line=0
周杰伦-告白气球,https://www.iesdouyin.com/aweme/v1/playwm/?video_id=v0d00fg10000ci86emrc77ualbim8bv0&ratio=720p&line=0
周杰伦-不能说的秘密,https://www.iesdouyin.com/aweme/v1/playwm/?video_id=v0200fg10000cum99unog65osqdmttig&ratio=720p&line=0
周杰伦-搁浅,https://www.iesdouyin.com/aweme/v1/playwm/?video_id=v0200fg10000cuflqnvog65rdj8jqpc0&ratio=720p&line=0
光良-童话,https://www.iesdouyin.com/aweme/v1/playwm/?video_id=v0200fg10000cmhcjp3c77u6lekc7am0&ratio=720p&line=0
江语晨-最后一页,https://www.iesdouyin.com/aweme/v1/playwm/?video_id=v0300fg10000cn5q3rbc77ubqm4m4jsg&ratio=720p&line=0
江语晨-浪漫爱,https://www.iesdouyin.com/aweme/v1/playwm/?video_id=v0300fd80000bqt2lkroe0ndof6sf6d0&ratio=720p&line=0
陶喆-就是爱你,https://www.iesdouyin.com/aweme/v1/playwm/?video_id=v0300fg10000c2j1oprc77u04674qfu0&ratio=720p&line=0
郭静-心墙,https://www.iesdouyin.com/aweme/v1/playwm/?video_id=v0d00fg10000cjb9s3bc77u14r09k960&ratio=720p&line=0
SHE-67首合集,https://www.iesdouyin.com/aweme/v1/playwm/?video_id=v0200fg10000cp7v5hvog65pib9gvgr0&ratio=720p&line=0
林俊杰-当你,https://www.iesdouyin.com/aweme/v1/playwm/?video_id=v0200fg10000c7kn3mjc77u760cntbs0&ratio=720p&line=0
林俊杰-可惜没如果,https://www.iesdouyin.com/aweme/v1/playwm/?video_id=v0200fg10000cc04j43c77ucueo1ls5g&ratio=720p&line=0
林俊杰-不为谁而做的歌,https://www.iesdouyin.com/aweme/v1/playwm/?video_id=v0300fg10000cfrkaljc77ue6grom5qg&ratio=720p&line=0
林俊杰-她说,https://www.iesdouyin.com/aweme/v1/playwm/?video_id=v0200fg10000c7kn4r3c77u8dq4r1vo0&ratio=720p&line=0
林俊杰-背对背拥抱,https://www.iesdouyin.com/aweme/v1/playwm/?video_id=v0300fg10000c5a6qjbc77u4nhrr8s0g&ratio=720p&line=0
林俊杰-修炼爱情,https://www.iesdouyin.com/aweme/v1/playwm/?video_id=v0200fg10000chdi71rc77u1eim5a4t0&ratio=720p&line=0
林俊杰-手心的蔷薇,https://www.iesdouyin.com/aweme/v1/playwm/?video_id=v0d00fg10000c4p3rrbc77u5vns816r0&ratio=720p&line=0
林俊杰-江南,https://www.iesdouyin.com/aweme/v1/playwm/?video_id=v0300fg10000c8t5ac3c77u822ppftmg&ratio=720p&line=0
林俊杰-小酒窝,https://www.iesdouyin.com/aweme/v1/playwm/?video_id=v0200fg10000cg5ghijc77ud4ehka23g&ratio=720p&line=0
林俊杰-Always Online,https://www.iesdouyin.com/aweme/v1/playwm/?video_id=v0300fg10000ck65c1rc77ucdedd9tpg&ratio=720p&line=0
林俊杰-不潮不用花钱,https://www.iesdouyin.com/aweme/v1/playwm/?video_id=v0200fg10000c7kn32bc77u538kgoopg&ratio=720p&line=0
by2-爱丫爱丫,https://www.iesdouyin.com/aweme/v1/playwm/?video_id=v0d00fg10000croe187og65pl22ksg00&ratio=720p&line=0
by2-我知道,https://www.iesdouyin.com/aweme/v1/playwm/?video_id=v0200fg10000citn8ivog65usodfhif0&ratio=720p&line=0
by2-我知道,https://www.iesdouyin.com/aweme/v1/playwm/?video_id=v0d00fg10000ct0ushnog65rec0oavug&ratio=720p&line=0
by2-你并不懂我,https://www.iesdouyin.com/aweme/v1/playwm/?video_id=v0200fg10000crhpin7og65vnbko3vm0&ratio=720p&line=0
by2-你并不懂我,https://www.iesdouyin.com/aweme/v1/playwm/?video_id=v0200fg10000c8bids3c77ufr1d2duag&ratio=720p&line=0
by2/汪苏泷-有点甜,https://www.iesdouyin.com/aweme/v1/playwm/?video_id=v0300fg10000cb5bsu3c77ucgqht5pj0&ratio=720p&line=0
关淑怡-难得有情人,https://www.iesdouyin.com/aweme/v1/playwm/?video_id=v0200fg10000cockvfrc77uecmqmqq40&ratio=720p&line=0
刘小慧-初恋情人,https://www.iesdouyin.com/aweme/v1/playwm/?video_id=v0d00fg10000cc9cli3c77u4vdavpd70&ratio=720p&line=0
李克勤-红日,https://www.iesdouyin.com/aweme/v1/playwm/?video_id=v0d00fg10000co87rbjc77ueeb2bpbbg&ratio=720p&line=0
李克勤-护花使者,https://www.iesdouyin.com/aweme/v1/playwm/?video_id=v0300fg10000cit40pbc77uae67r96cg&ratio=720p&line=0
徐小凤-风的季节,https://www.iesdouyin.com/aweme/v1/playwm/?video_id=v0d00fg10000c9v0f3bc77u2pia8a8vg&ratio=720p&line=0
罗文-几许风雨,https://www.iesdouyin.com/aweme/v1/playwm/?video_id=v0300fg10000co6fijvog65rloj3i5n0&ratio=720p&line=0
周慧敏-最爱,https://www.iesdouyin.com/aweme/v1/playwm/?video_id=v0d00fg10000cihdb9rc77uaaibdjvl0&ratio=720p&line=0
陈百强-偏偏喜欢你,https://www.iesdouyin.com/aweme/v1/playwm/?video_id=v0300fg10000c4sd0hjc77uadn62vdpg&ratio=720p&line=0
陈百强-一生何求,https://www.iesdouyin.com/aweme/v1/playwm/?video_id=v0d00fg10000c62hppbc77u6phu370hg&ratio=720p&line=0
陈慧娴-千千阙歌,https://www.iesdouyin.com/aweme/v1/playwm/?video_id=v0200fg10000cobq6e3c77udq71olmb0&ratio=720p&line=0
陈慧娴-夜半小夜曲,https://www.iesdouyin.com/aweme/v1/playwm/?video_id=v0300fc30000bu3s66l91uupo5jllq40&ratio=720p&line=0
陈慧娴-人生何处不相逢,https://www.iesdouyin.com/aweme/v1/playwm/?video_id=v0d00fg10000chrn8sjc77u9t0ofndkg&ratio=720p&line=0
陈慧娴-情意结,https://www.iesdouyin.com/aweme/v1/playwm/?video_id=v0200fg10000c7mte0bc77u646crfqj0&ratio=720p&line=0
陈慧娴-傻女,https://www.iesdouyin.com/aweme/v1/playwm/?video_id=v0300fg10000ccg7jsrc77u3n0hmrrn0&ratio=720p&line=0
林忆莲-假如让你吻下去,https://www.iesdouyin.com/aweme/v1/playwm/?video_id=v0300fg10000cm13h63c77u825g1pq90&ratio=720p&line=0
张国荣-沉默是金,https://www.iesdouyin.com/aweme/v1/playwm/?video_id=v0d00fg10000cgjuqvbc77uc1cnf47ag&ratio=720p&line=0
钟镇涛-让一切随风,https://www.iesdouyin.com/aweme/v1/playwm/?video_id=v0200fg10000clvs8cjc77u7555h0er0&ratio=720p&line=0
刘德华-暗里着迷,https://www.iesdouyin.com/aweme/v1/playwm/?video_id=v0300fg10000c8rv9cjc77u58p5sd07g&ratio=720p&line=0
刘德华-一起走过的日子,https://www.iesdouyin.com/aweme/v1/playwm/?video_id=v0200fg10000cl9255rc77uagabjkqkg&ratio=720p&line=0
谭咏麟-讲不出再见,https://www.iesdouyin.com/aweme/v1/playwm/?video_id=v0200fg10000co5ch8rc77u2dtata9sg&ratio=720p&line=0
谭咏麟-一生中最爱,https://www.iesdouyin.com/aweme/v1/playwm/?video_id=v0d00fg10000cni9357og65hefir2gf0&ratio=720p&line=0
王杰-谁明浪子心,https://www.iesdouyin.com/aweme/v1/playwm/?video_id=v0300fg10000c5knm9rc77uboe0h3rgg&ratio=720p&line=0
王杰-不浪漫罪名,https://www.iesdouyin.com/aweme/v1/playwm/?video_id=v0200fg10000c9bvck3c77ucqkhpnfd0&ratio=720p&line=0
吕方-你的浅笑,https://www.iesdouyin.com/aweme/v1/playwm/?video_id=v0200fg10000cmp585fog65v3t4i0v80&ratio=720p&line=0
张学友-饿狼传说,https://www.iesdouyin.com/aweme/v1/playwm/?video_id=v0300fg10000cfapr43c77u621266pjg&ratio=720p&line=0
张学友-只想一生跟你走,https://www.iesdouyin.com/aweme/v1/playwm/?video_id=v0200fg10000ci8ljnbc77u7qp8pt7cg&ratio=720p&line=0
邓丽君-漫步人生路,https://www.iesdouyin.com/aweme/v1/playwm/?video_id=v0300fg10000cgg6rljc77ub1k9u4dug&ratio=720p&line=0
邓丽欣-电灯胆,https://www.iesdouyin.com/aweme/v1/playwm/?video_id=v0d00fg10000cmhsnt3c77u2ra2n3e2g&ratio=720p&line=0
邓丽欣/傅颖-亲朋勿友,https://www.iesdouyin.com/aweme/v1/playwm/?video_id=v0300fg10000ccs4uirc77u12f0g60vg&ratio=720p&line=0
Beyond-光辉岁月,https://www.iesdouyin.com/aweme/v1/playwm/?video_id=v0300fg10000ccu4ldjc77u4nmf3f54g&ratio=720p&line=0
Beyond-真的爱你,https://www.iesdouyin.com/aweme/v1/playwm/?video_id=v0300fg10000ceksa4bc77u77da91tfg&ratio=720p&line=0
Beyond-大地,https://www.iesdouyin.com/aweme/v1/playwm/?video_id=v0200fg10000cojstabc77uerhn878qg&ratio=720p&line=0
Beyond-冷雨夜,https://www.iesdouyin.com/aweme/v1/playwm/?video_id=v0200fg10000cdqcbe3c77ucgubud6i0&ratio=720p&line=0
Beyond-海阔天空,https://www.iesdouyin.com/aweme/v1/playwm/?video_id=v0d00fg10000chfntjrc77uf4o64t5qg&ratio=720p&line=0
Beyond-岁月无声,https://www.iesdouyin.com/aweme/v1/playwm/?video_id=v0d00fg10000cfhoeq3c77u4flt6fni0&ratio=720p&line=0
叶蒨文-情人知己,https://www.iesdouyin.com/aweme/v1/playwm/?video_id=v0300fg10000cmcmv33c77uer3e2mdag&ratio=720p&line=0
叶蒨文-祝福,https://www.iesdouyin.com/aweme/v1/playwm/?video_id=v0d00fg10000c8rfd1bc77u0gvo4f8b0&ratio=720p&line=0
叶丽仪-上海滩,https://www.iesdouyin.com/aweme/v1/playwm/?video_id=v0300fg10000c56uiubc77uc6dubb3q0&ratio=720p&line=0
甄妮-友谊太阳,https://m.douyin.com/aweme/v1/playwm/?video_id=v0d00fg10000c7dm1ojc77udvrshcceg&ratio=720p&line=0
甄妮-我曾用心爱着你,https://www.iesdouyin.com/aweme/v1/playwm/?video_id=v0200fg10000c61mgpjc77u30e9dfqa0&ratio=720p&line=0
王菲-容易受伤的女人,https://www.iesdouyin.com/aweme/v1/playwm/?video_id=v0200fg10000coul6kjc77u020n5vnvg&ratio=720p&line=0
郑中基-无赖,https://www.iesdouyin.com/aweme/v1/playwm/?video_id=v0300fg10000cmaj7d7og65vg4bdm0h0&ratio=720p&line=0
孙耀威-爱的故上集,https://www.iesdouyin.com/aweme/v1/playwm/?video_id=v0200fg10000c60cbq3c77u4kbdnbc3g&ratio=720p&line=0
林子祥-男儿当自强,https://www.iesdouyin.com/aweme/v1/playwm/?video_id=v0300f4a0000bt4chkq5lp9jpvrs4u0g&ratio=720p&line=0
梁咏琪-灰姑娘,https://www.iesdouyin.com/aweme/v1/playwm/?video_id=v0300fg10000c3r9krjc77u4v5e0hcig&ratio=720p&line=0
梁咏琪/李荣浩-紫荆花盛开,https://www.iesdouyin.com/aweme/v1/playwm/?video_id=v0d00fg10000cs9se97og65n0tue68vg&ratio=720p&line=0
容祖儿-心淡,https://www.iesdouyin.com/aweme/v1/playwm/?video_id=v0200fg10000cep4bprc77u0o4umqlt0&ratio=720p&line=0
容祖儿-习惯失恋,https://www.iesdouyin.com/aweme/v1/playwm/?video_id=v0d00fg10000cdhtuo3c77u4qg4mdmq0&ratio=720p&line=0
容祖儿-续集,https://www.iesdouyin.com/aweme/v1/playwm/?video_id=v0d00fg10000cdaap5bc77u0ioga7ah0&ratio=720p&line=0
容祖儿-怯,https://www.iesdouyin.com/aweme/v1/playwm/?video_id=v0300fg10000c383g33c77u99amrpkl0&ratio=720p&line=0
容祖儿-16号爱人,https://www.iesdouyin.com/aweme/v1/playwm/?video_id=v0d00fg10000ckl4ehrc77u5t25hkci0&ratio=720p&line=0
容祖儿-连续剧,https://www.iesdouyin.com/aweme/v1/playwm/?video_id=v0200fg10000cm5avjbc77u543s8e3b0&ratio=720p&line=0
陈奕迅-落花流水,https://www.iesdouyin.com/aweme/v1/playwm/?video_id=v0d00fg10000cngumojc77ubsn73764g&ratio=720p&line=0
陈奕迅-富士山下,https://www.iesdouyin.com/aweme/v1/playwm/?video_id=v0200fg10000cnu3p4jc77u9i1pe18qg&ratio=720p&line=0
陈奕迅-明年今日,https://www.iesdouyin.com/aweme/v1/playwm/?video_id=v0200fg10000ccqqbarc77u3c0tjm46g&ratio=720p&line=0
陈奕迅-单车,https://www.iesdouyin.com/aweme/v1/playwm/?video_id=v0300fg10000ctpv5tvog65qksofvds0&ratio=720p&line=0
陈奕迅-十面埋伏,https://www.iesdouyin.com/aweme/v1/playwm/?video_id=v0300fg10000csjohunog65ideqnh670&ratio=720p&line=0
杨千嬅-少年的祈祷,https://www.iesdouyin.com/aweme/v1/playwm/?video_id=v0200fg10000c5ju2krc77u41p3mgv50&ratio=720p&line=0
杨千嬅-处处吻,https://www.iesdouyin.com/aweme/v1/playwm/?video_id=v0300fg10000crdghifog65nm151qkh0&ratio=720p&line=0
杨千嬅-野孩子,https://www.iesdouyin.com/aweme/v1/playwm/?video_id=v0200fg10000co0lujbc77ub5fefi6p0&ratio=720p&line=0
杨千嬅-可惜我是水瓶座,https://www.iesdouyin.com/aweme/v1/playwm/?video_id=v0300fg10000ce88qmbc77uem4d0e4bg&ratio=720p&line=0
Twins-下一站天后,https://www.iesdouyin.com/aweme/v1/playwm/?video_id=v0200fg10000c9hsmhrc77u8bcep14rg&ratio=720p&line=0
Twins-恋爱大过天,https://www.iesdouyin.com/aweme/v1/playwm/?video_id=v0300fg10000cfvdrjrc77ud5nlujjag&ratio=720p&line=0
Twins/boyz-死性不改,https://www.iesdouyin.com/aweme/v1/playwm/?video_id=v0300fg10000cfvjrkbc77u74v6btr50&ratio=720p&line=0
Twins-风筝与风,https://www.iesdouyin.com/aweme/v1/playwm/?video_id=v0200fda0000bshv5b74vs5fah61kna0&ratio=720p&line=0
Twins-朋友仔,https://www.iesdouyin.com/aweme/v1/playwm/?video_id=v0200fg10000cdsbamrc77u2p0aq3a00&ratio=720p&line=0
蔡卓妍-二缺一,https://www.iesdouyin.com/aweme/v1/playwm/?video_id=v0200fg10000c2s2m1bc77u5age1b03g&ratio=720p&line=0
侧田-命硬,https://www.iesdouyin.com/aweme/v1/playwm/?video_id=v0200fg10000clpvvpbc77udpkv629d0&ratio=720p&line=0
侧田-kong,https://www.iesdouyin.com/aweme/v1/playwm/?video_id=v0200fg10000clc94u3c77uf0uv06v80&ratio=720p&line=0
连诗雅-好好过,https://www.iesdouyin.com/aweme/v1/playwm/?video_id=v0200fg10000chjmaarc77u1lp7ig8c0&ratio=720p&line=0
连诗雅-到此为止,https://www.iesdouyin.com/aweme/v1/playwm/?video_id=v0200fg10000cf3vrrjc77uc2imn4ad0&ratio=720p&line=0
陈柏宇-你瞒我瞒,https://www.iesdouyin.com/aweme/v1/playwm/?video_id=v0300fg10000ccrgjdrc77ua76fkf6sg&ratio=720p&line=0
AGA-孤雏,https://www.iesdouyin.com/aweme/v1/playwm/?video_id=v0d00fg10000cp22lt3c77u3sp4g96u0&ratio=720p&line=0
吴雨霏-吴哥窿,https://www.iesdouyin.com/aweme/v1/playwm/?video_id=v0d00fg10000cp8v8l7og65vel2a1ls0&ratio=720p&line=0
吴雨霏-明知做戏,https://www.iesdouyin.com/aweme/v1/playwm/?video_id=v0200fg10000ce0r8hjc77u3c0th1spg&ratio=720p&line=0
吴雨霏-留不低,https://www.iesdouyin.com/aweme/v1/playwm/?video_id=v0d00fg10000cae08n3c77u2lghi4a9g&ratio=720p&line=0
吴雨霏-我本人,https://www.iesdouyin.com/aweme/v1/playwm/?video_id=v0300fg10000cpk55svog65tsdrf872g&ratio=720p&line=0
吴雨霏-座右铭,https://www.iesdouyin.com/aweme/v1/playwm/?video_id=v0300fg10000csgeobvog65skv513bv0&ratio=720p&line=0
梁汉文-缠绵游戏,https://www.iesdouyin.com/aweme/v1/playwm/?video_id=v0300fg10000cjo6odrc77u9f4if7ub0&ratio=720p&line=0
林峯-爱在记忆中找你,https://www.iesdouyin.com/aweme/v1/playwm/?video_id=v0200fg10000cbidlubc77u4luk3uth0&ratio=720p&line=0
林峯-爱不疚,https://www.iesdouyin.com/aweme/v1/playwm/?video_id=v0200fg10000cbi9p5rc77u8fordilm0&ratio=720p&line=0
林峯-幼稚完,https://www.iesdouyin.com/aweme/v1/playwm/?video_id=v0d00fg10000c3c8tolfurq0t8hl20cg&ratio=720p&line=0
林峯/泳儿-明天以后,https://www.iesdouyin.com/aweme/v1/playwm/?video_id=v0200fg10000clg15bnog65otdhtama0&ratio=720p&line=0
泳儿-无心恋唱,https://www.iesdouyin.com/aweme/v1/playwm/?video_id=v0200fg10000cd72dobc77u85rlotlp0&ratio=720p&line=0
泳儿-24首合集,https://www.iesdouyin.com/aweme/v1/playwm/?video_id=v0200fg10000celom73c77u7maj81qo0&ratio=720p&line=0
海明威/泳儿-我的回忆不是我的,https://www.iesdouyin.com/aweme/v1/playwm/?video_id=v0300fg10000crob83nog65jioid2pv0&ratio=720p&line=0
许廷铿-面具,https://www.iesdouyin.com/aweme/v1/playwm/?video_id=v0200ffe0000bsma66222nggd3hrnnrg&ratio=720p&line=0
古巨基-必杀技,https://www.iesdouyin.com/aweme/v1/playwm/?video_id=v0200fg10000cekv06jc77udpp4ltm90&ratio=720p&line=0
古巨基-爱与诚,https://www.iesdouyin.com/aweme/v1/playwm/?video_id=v0300fg10000cq20gevog65vbni5bjpg&ratio=720p&line=0
黎瑞恩-一人有一个的梦想,https://www.iesdouyin.com/aweme/v1/playwm/?video_id=v0200fg10000ce4s2g3c77ub64mff9qg&ratio=720p&line=0
陈文缓-时光中飞舞,https://www.iesdouyin.com/aweme/v1/playwm/?video_id=v0300fg10000cab99tbc77u5slfids90&ratio=720p&line=0
陈僖仪-忘川,https://www.iesdouyin.com/aweme/v1/playwm/?video_id=v0300fg10000ca6gn83c77ufug96j7cg&ratio=720p&line=0
张敬轩-酷爱,https://www.iesdouyin.com/aweme/v1/playwm/?video_id=v0200fg10000ck1q5v3c77ucqtq44b4g&ratio=720p&line=0
蒋小呢-for ya,https://www.iesdouyin.com/aweme/v1/playwm/?video_id=v0200fg10000c4k69ujc77u3f5l37i50&ratio=720p&line=0
李玖哲-夏天,https://www.iesdouyin.com/aweme/v1/playwm/?video_id=v0200fg10000cjhde3fog65upiashhr0&ratio=720p&line=0
南征北战-我的天空,https://www.iesdouyin.com/aweme/v1/playwm/?video_id=v0200fbf0000bt8nuaevamb718qchkt0&ratio=720p&line=0
mr-森林,https://www.iesdouyin.com/aweme/v1/playwm/?video_id=v0300fg10000c2ofpk3c77u6arm34eeg&ratio=720p&line=0
林韵乔/叶梓晴-机场北,https://www.iesdouyin.com/aweme/v1/playwm/?video_id=v0200fg10000cp32qpjc77uf5eu3igtg&ratio=720p&line=0
麦浚龙-耿耿于怀,https://www.iesdouyin.com/aweme/v1/playwm/?video_id=v0200fg10000cf2gn93c77uam6kuerdg&ratio=720p&line=0
菊梓乔-忘掉我自己,https://www.iesdouyin.com/aweme/v1/playwm/?video_id=v0300fg10000cr7ia6vog65n4msgpru0&ratio=720p&line=0
吴若希-越难越爱,https://www.iesdouyin.com/aweme/v1/playwm/?video_id=v0300fg10000chcdhdfog65g2p9hdi7g&ratio=720p&line=0
吴若希-爱要撑下去,https://www.iesdouyin.com/aweme/v1/playwm/?video_id=v0200fg10000cdm727rc77u3lnlca32g&ratio=720p&line=0
吴若希-错过了,https://www.iesdouyin.com/aweme/v1/playwm/?video_id=v0300fg10000cton3mvog65nv5hqgf50&ratio=720p&line=0
区文诗-不只爱情,https://www.iesdouyin.com/aweme/v1/playwm/?video_id=v0300fg10000csl1fqnog65lrb9gntd0&ratio=720p&line=0
邓岳章-不做情人,https://www.iesdouyin.com/aweme/v1/playwm/?video_id=v0200fg10000cfrhffjc77ua9ospmb0g&ratio=720p&line=0
何仟仟-魔鬼邂逅,https://www.iesdouyin.com/aweme/v1/playwm/?video_id=v0300fg10000c9i1th3c77u5pdfcatng&ratio=720p&line=0
邓紫棋-17首合集,https://www.iesdouyin.com/aweme/v1/playwm/?video_id=v0d00fg10000cucbtmfog65l35tmqu7g&ratio=720p&line=0
陈婉箐-不负众望,https://www.iesdouyin.com/aweme/v1/playwm/?video_id=v0200fg10000cu95487og65l3i02957g&ratio=720p&line=0
飞儿乐团-月牙湾,https://www.iesdouyin.com/aweme/v1/playwm/?video_id=v0d00fg10000c4tmklbc77u4upig9730&ratio=720p&line=0
飞儿乐团-lydia,https://www.iesdouyin.com/aweme/v1/playwm/?video_id=v1e00fgi0000cu0hhh7og65rn9pfdt0g&ratio=720p&line=0
飞儿乐团-我们的爱,https://www.iesdouyin.com/aweme/v1/playwm/?video_id=v0300fg10000c895oo3c77ud27p9ic50&ratio=720p&line=0
飞儿乐团-你的微笑,https://www.iesdouyin.com/aweme/v1/playwm/?video_id=v0200fg10000c9t0f8rc77u1ksr5jbj0&ratio=720p&line=0
飞儿乐团/彭佳慧-心之火,https://www.iesdouyin.com/aweme/v1/playwm/?video_id=v0300fg10000cvhd32vog65lgnkfuh30&ratio=720p&line=0
任然-飞鸟和蝉,https://www.iesdouyin.com/aweme/v1/playwm/?video_id=v0300fg10000chgciibc77u4m8k4edog&ratio=720p&line=0
sweety-樱花草,https://www.iesdouyin.com/aweme/v1/playwm/?video_id=v0300fg10000c9rreibc77u0n5mpg0o0&ratio=720p&line=0
黑girl-123木头人,https://www.iesdouyin.com/aweme/v1/playwm/?video_id=v1e00fgi0000d458thnog65ra7c0c9fg&ratio=720p&line=0
许绍洋-花香,https://www.iesdouyin.com/aweme/v1/playwm/?video_id=v0200f290000bt10bsspfrfvn0rsvfhg&ratio=720p&line=0
F4-流星雨,https://www.iesdouyin.com/aweme/v1/playwm/?video_id=v0300fg10000ctps9ffog65q3ledq7i0&ratio=720p&line=0
F4-决不能失去你,https://www.iesdouyin.com/aweme/v1/playwm/?video_id=v0200fg10000clpfsjbc77u46m77t630&ratio=720p&line=0
王蓝茵-恶作剧,https://www.iesdouyin.com/aweme/v1/playwm/?video_id=v0300fg10000ciocl7jc77u2jkq998s0&ratio=720p&line=0
杨丞琳-暧昧,https://www.iesdouyin.com/aweme/v1/playwm/?video_id=v0200fg10000cncatmbc77ufr0d46jsg&ratio=720p&line=0
杨丞琳-雨爱,https://www.iesdouyin.com/aweme/v1/playwm/?video_id=v0300fg10000c25llp3c77uemntbq6o0&ratio=720p&line=0
杨丞琳-匿名的好友,https://www.iesdouyin.com/aweme/v1/playwm/?video_id=v0200fg10000cdjohqjc77u3hrvhg3lg&ratio=720p&line=0
蔡旻佑-我可以,https://www.iesdouyin.com/aweme/v1/playwm/?video_id=v0300fg10000c70vjubc77u9ubc7ofdg&ratio=720p&line=0
罗志祥-爱转角,https://www.iesdouyin.com/aweme/v1/playwm/?video_id=v0300fg10000cjn0p03c77u6rj0bkt80&ratio=720p&line=0
罗志祥-爱不单行,https://www.iesdouyin.com/aweme/v1/playwm/?video_id=v0d00fg10000ck0eshjc77uf7o7ivnpg&ratio=720p&line=0
萧亚轩-爱的主打歌,https://www.iesdouyin.com/aweme/v1/playwm/?video_id=v0200fg10000ca3eb8rc77ub0tj3kl2g&ratio=720p&line=0
萧亚轩-遗失的心跳,https://www.iesdouyin.com/aweme/v1/playwm/?video_id=v0200fg10000ck491ufog65vq1gb76i0&ratio=720p&line=0
萧亚轩-突然想起你,https://www.iesdouyin.com/aweme/v1/playwm/?video_id=v0d00fg10000cr2kg7vog65lkksge090&ratio=720p&line=0
萧亚轩-错的人,https://www.iesdouyin.com/aweme/v1/playwm/?video_id=v0200fd00000br0711gi8qol0f2n3720&ratio=720p&line=0
蓝又时-孤单心事,https://www.iesdouyin.com/aweme/v1/playwm/?video_id=v0300fg10000cr897onog65sgcniupd0&ratio=720p&line=0
梁静茹-没有如果,https://www.iesdouyin.com/aweme/v1/playwm/?video_id=v0300fg10000crofuu7og65j64cj0thg&ratio=720p&line=0
青山黛玛-留在我身边,https://www.iesdouyin.com/aweme/v1/playwm/?video_id=v0d00fg10000caf9b1jc77u3vnrog8mg&ratio=720p&line=0
卓文萱/曹格-梁山伯与朱丽叶,https://www.iesdouyin.com/aweme/v1/playwm/?video_id=v0200fg10000ckd02j3c77uc41nk2co0&ratio=720p&line=0
何润东-我记得我爱过,https://www.iesdouyin.com/aweme/v1/playwm/?video_id=v0d00fg10000cm12qa3c77u3pbdnrr00&ratio=720p&line=0
张芸京-偏爱,https://www.iesdouyin.com/aweme/v1/playwm/?video_id=v1e00fgi0000csmuo9fog65j08392110&ratio=720p&line=0
张韶涵-无名的人,https://www.iesdouyin.com/aweme/v1/playwm/?video_id=v0200fg10000ctari87og65ksgs0rnpg&ratio=720p&line=0
张韶涵-12首合集,https://www.iesdouyin.com/aweme/v1/playwm/?video_id=v0d00fg10000ct7cdovog65o09j282vg&ratio=720p&line=0
女孩DJ,https://www.iesdouyin.com/aweme/v1/playwm/?video_id=v1e00fgi0000d2aa0qfog65vmvgg5sjg&ratio=720p&line=0
gamgamDJ,https://www.iesdouyin.com/aweme/v1/playwm/?video_id=v0200fg10000cr8r23nog65mnbf3616g&ratio=720p&line=0
离开我的依赖DJ,https://www.iesdouyin.com/aweme/v1/playwm/?video_id=v1e00fgi0000d2hio3nog65lre771jt0&ratio=720p&line=0
游京DJ,https://www.iesdouyin.com/aweme/v1/playwm/?video_id=v0d00fg10000cu2h3qvog65irkuioh50&ratio=720p&line=0
游京女版DJ,https://www.iesdouyin.com/aweme/v1/playwm/?line=0&logo_name=aweme_diversion_search&ratio=720p&video_id=v2700fgi0000d4l0kifog65jh64e9670
爱是一场梦DJ,https://www.iesdouyin.com/aweme/v1/playwm/?video_id=v0200fg10000csppmffog65uhi36ibtg&ratio=720p&line=0
蚂蚁牙嘿,https://www.iesdouyin.com/aweme/v1/playwm/?video_id=v0200fg10000c98qrmbc77ucqknl90ag&ratio=720p&line=0
上帝是女孩DJ,https://www.iesdouyin.com/aweme/v1/playwm/?video_id=v0200fg10000chhlaijc77u2jkqvf1h0&ratio=720p&line=0
拉拉爱英文版,https://www.iesdouyin.com/aweme/v1/playwm/?video_id=v1e00fgi0000cvaf6cnog65vestq92k0&ratio=720p&line=0
sound of my dream,https://www.iesdouyin.com/aweme/v1/playwm/?video_id=v0300fg10000cu8hr8fog65sbnn5265g&ratio=720p&line=0
by my side DJ,https://www.iesdouyin.com/aweme/v1/playwm/?video_id=v0200fg10000cg6q69jc77u50fea8qog&ratio=720p&line=0
lonely DJ,https://www.iesdouyin.com/aweme/v1/playwm/?video_id=v0300fg10000c34cmjq90k9n62f21tfg&ratio=720p&line=0
胜利之舞Dj,https://www.iesdouyin.com/aweme/v1/playwm/?video_id=v0d00fg10000cv9rjm7og65g7nltudt0&ratio=720p&line=0
经典粤语DJ私人订制,https://www.iesdouyin.com/aweme/v1/playwm/?video_id=v0d00fg10000crdl34vog65v7e9of17g&ratio=720p&line=0
全粤语8090经典劲爆DJ,https://www.iesdouyin.com/aweme/v1/playwm/?video_id=v0200fg10000cnamtabc77u54nj2kh6g&ratio=720p&line=0
粤语打碟现场串烧DJ,https://www.iesdouyin.com/aweme/v1/playwm/?video_id=v0d00fg10000crom7dnog65uq525ar4g&ratio=720p&line=0
Electro风格全粤语女声串烧DJ,https://www.iesdouyin.com/aweme/v1/playwm/?video_id=v1e00fgi0000ct65p5fog65r7qkgveu0&ratio=720p&line=0
全粤语Club风格汽车慢摇串烧DJ,http://www.iesdouyin.com/aweme/v1/playwm/?video_id=v0200fg10000cpp7b2nog65rhkqq6tpg
粤语伤感情歌嗨曲串烧DJ,https://www.iesdouyin.com/aweme/v1/playwm/?video_id=v0300fg10000cph1etnog65mpr23b990&ratio=720p&line=0
全粤语女声深情DJ串烧,https://www.iesdouyin.com/aweme/v1/playwm/?video_id=v0d00fg10000ctbb4kvog65q67op5tug&ratio=720p&line=0
海先生B001Dj串烧,https://www.iesdouyin.com/aweme/v1/playwm/?video_id=v0200fg10000cvg46evog65uaon0vs10&ratio=720p&line=0
粤语经典重温DJ,https://www.iesdouyin.com/aweme/v1/playwm/?video_id=v0d00fg10000cp06gijc77ue69pt0spg&ratio=720p&line=0
全粤语港台经典老歌DJ,https://www.iesdouyin.com/aweme/v1/playwm/?video_id=v0200fg10000cs5om8nog65vrmmn2g4g&ratio=720p&line=0
无言感激DJ,https://www.iesdouyin.com/aweme/v1/playwm/?video_id=v0200fg10000ctqjasfog65pch7akso0&ratio=720p&line=0
全粤语女声失恋治愈串烧,https://www.iesdouyin.com/aweme/v1/playwm/?video_id=v1e00fgi0000ct7hj5vog65n714a1fd0&ratio=720p&line=0
全英文洗脑神曲dj串烧,https://www.iesdouyin.com/aweme/v1/playwm/?video_id=v0300fg10000ctpdosvog65ofsrkov0g&ratio=720p&line=0
抖音流行DJ串烧,https://www.iesdouyin.com/aweme/v1/playwm/?video_id=v0300fg10000cppi1hvog65mc9vujp30&ratio=720p&line=0
精选粤语dj串烧,https://www.iesdouyin.com/aweme/v1/playwm/?video_id=v0300fg10000cpucv77og65tcsi9n2hg&ratio=720p&line=0
顺德DJLwei-全英文Electro音乐百听不厌APT经典金曲DJ串烧,https://mp4.djuu.com/c2/17/2025/78486efeb94e7f79.m4a
思南Dj禹豪-全英文Electro精选Right Now经典包房慢摇串烧,https://mp4.djuu.com/c2/17/2024/048c01b9d4f5dc5b.m4a
中山Dj添仔-全粤语Electro风格90后热播远途望出车外串烧,https://mp4.djuu.com/c2/16/2025/b32dcc1dc2767643.m4a
阳山辉仔-全粤语Electro音乐打造粤E173AJ车载,https://mp4.djuu.com/c2/16/2025/0cdb0fe9277a48f4.m4a
Dj柏豪-全粤语Electro音乐我的骄傲16号爱人Dj星仔专属串烧,https://mp4.djuu.com/c2/16/2025/fc06603b2c9c6a24.m4a
Dj钟仔-全粤语Electro风格港台情歌对碰吴雨霏vs关心妍DJ串烧,https://mp4.djuu.com/c2/16/2025/0c30fc654c36ebe2.m4a
仙村Dj健仔-全粤语Electro音乐中文流行热播车载DJ慢摇串烧,https://mp4.djuu.com/c2/16/2025/b0cd93e548b83c5f.m4a
郁南DJ筱何-全粤语Electro音乐精选个人开始恋爱的DJ串烧,https://mp4.djuu.com/c2/16/2025/0b6860ae467410a1.m4a
DJ小超-全粤语Electro音乐精选2025经典宝丽金DJ慢摇串烧,https://mp4.djuu.com/c2/16/2025/a65d68e2c7ca00ac.m4a
Dj维少-全粤语Electro精选苦情人情歌高音质DJ车载串烧,https://mp4.djuu.com/c2/16/2025/38470f92aff3f280.m4a
DJ傑少-全粤语Electro音乐结他恋爱如何天平坐劲爆DJ串烧,https://mp4.djuu.com/c2/16/2025/8ffc09282d550467.m4a
Dj维少-全粤语Electro音乐精选16号爱人高音质车载串烧,https://mp4.djuu.com/c2/16/2025/e013a85c41c6c479.m4a
DjMut-全粤语Electro精选广东小丸子vs广西科目老表串烧,https://mp4.djuu.com/c2/16/2025/df52073c940e645f.m4a
天心Dj炜-全粤语Electro音乐飞花细界经典港风DJ串烧,https://mp4.djuu.com/c2/16/2025/717718324a98d401.m4a
DJ珺宝-全粤语Electro音乐抖音热播全女声专辑车载串烧,https://mp4.djuu.com/c2/16/2025/154b9db16b9c2203.m4a
天心Dj炜-全粤语Electro音乐打造百听不厌包房必备Hi串,https://mp4.djuu.com/c2/16/2025/994ed34bb17d07db.m4a
刘波-全粤语Electro音乐打造百听不厌车载v79串烧,https://mp4.djuu.com/c2/16/2025/54d15d8040f8256f.m4a
DJ傑少-全粤语Electro音乐受够我的骄傲全女声动感DJ串烧,https://mp4.djuu.com/c2/16/2025/72ad9cbcca850695.m4a
DjErwin-全粤语Electro音乐不只爱情粤式情歌劲爆DJ串烧,https://mp4.djuu.com/c2/16/2025/4331430d1d6a6b5e.m4a
DJ伦少-全粤语Electro超正喜爱夜蒲Woerland全女生串烧,https://mp4.djuu.com/c2/16/2026/4583210357701894.m4a
DjMcYummy-全粤语Electro音乐纷花游乐场不只爱情港台串烧,https://mp4.djuu.com/c2/16/2026/2813bff6a8388701.m4a
DJ傑少-全粤语Electro音乐谢谢对不起幻想已醒劲爆 DJ串烧,https://mp4.djuu.com/c2/16/2026/8c57a69300a7f7bb.m4a
DJ369-全粤语Electro音乐打造廿四味鬼佬凉茶包房上头串烧,https://mp4.djuu.com/c2/16/2026/9282f410b5437e16.m4a
恩平DJ基仔-全粤语Electro音乐港式潮流越听越正DJ慢摇串烧,https://mp4.djuu.com/c2/16/2026/ded571d03559a9ae.m4a
DJVinCent-全粤语Electro港台女声唱K必点粤听粤过瘾DJ串烧,https://mp4.djuu.com/c2/16/2026/b355cd7e4ac8489d.m4a
Nevada,https://www.iesdouyin.com/aweme/v1/playwm/?video_id=v0300ff30000but4f2452a13sf6temog&ratio=720p&line=0
Unstoppable,https://www.iesdouyin.com/aweme/v1/playwm/?video_id=v0200fg10000ce4av3bc77u7mqoje2kg&ratio=720p&line=0
once upon a time,https://www.iesdouyin.com/aweme/v1/playwm/?video_id=v0200fg10000cumt1mfog65krksdg31g&ratio=720p&line=0
faded,https://www.iesdouyin.com/aweme/v1/playwm/?video_id=v0d00fg10000ctbhakfog65pugm8msu0&ratio=720p&line=0
sing me to sleep,https://www.iesdouyin.com/aweme/v1/playwm/?video_id=v0200fg10000clhho2fog65otdj4luag&ratio=720p&line=0
alone,https://www.iesdouyin.com/aweme/v1/playwm/?video_id=v0300fff0000bugiemqsocvbkm7ilit0&ratio=720p&line=0
the spectre,https://www.iesdouyin.com/aweme/v1/playwm/?video_id=v0200fg10000ctv3ntnog65htc7dg9k0&ratio=720p&line=0
oao-wake,https://www.iesdouyin.com/aweme/v1/playwm/?video_id=v0d00fg10000cssap9fog65j9je20u7g&ratio=720p&line=0
wake,https://www.iesdouyin.com/aweme/v1/playwm/?video_id=v0200fg10000c9pk6hbc77u57r42sd9g&ratio=720p&line=0
baby,https://www.iesdouyin.com/aweme/v1/playwm/?video_id=v1e00fgi0000ctq63sfog65oesmmlnfg&ratio=720p&line=0
move up,https://www.iesdouyin.com/aweme/v1/playwm/?video_id=v0300f6d0000c1110e3c60j1d8ttn99g&ratio=720p&line=0
summer air,https://www.iesdouyin.com/aweme/v1/playwm/?line=0&logo_name=aweme_diversion_search&ratio=720p&video_id=v0200fg10000cm20flnog65j08qqtmh0
take me hand,https://www.iesdouyin.com/aweme/v1/playwm/?video_id=v0200fg10000clnfk87og65tv4479500&ratio=720p&line=0
normal no more,https://www.iesdouyin.com/aweme/v1/playwm/?video_id=v0d00fg10000civ51krc77uceq9j09o0&ratio=720p&line=0
monsters,https://www.iesdouyin.com/aweme/v1/playwm/?video_id=v0300fg10000cl270lfog65hf7m2f3j0&ratio=720p&line=0
run free,https://www.iesdouyin.com/aweme/v1/playwm/?video_id=v0300fg10000c6bn043c77u9bihknaj0&ratio=720p&line=0
remember our summer,https://www.iesdouyin.com/aweme/v1/playwm/?line=0&logo_name=aweme_diversion_search&ratio=720p&video_id=v0200fg10000cocdiqjc77u8mnj0qmgg
lovefool,https://www.iesdouyin.com/aweme/v1/playwm/?video_id=v0200f0c0000c0air5omu7ok6882l380&ratio=720p&line=0
take me to infinity,https://www.iesdouyin.com/aweme/v1/playwm/?video_id=v0300f2d0000c00mcdk080ke0g3td2eg&ratio=720p&line=0
call me now,https://www.iesdouyin.com/aweme/v1/playwm/?video_id=v0300fg10000crh7kdvog65s0rf9jp3g&ratio=720p&line=0
reality,https://www.iesdouyin.com/aweme/v1/playwm/?video_id=v0300f080000c02l8d5f84f3ru33id50&ratio=720p&line=0
love story,https://www.iesdouyin.com/aweme/v1/playwm/?video_id=v0200f410000buj6ial4q2a6rctrcdv0&ratio=720p&line=0
Love story,https://www.iesdouyin.com/aweme/v1/playwm/?video_id=v0300fg10000cosdf4bc77uf5rjg3770&ratio=720p&line=0
窒Suffocating,https://www.iesdouyin.com/aweme/v1/playwm/?video_id=v1e00fgi0000cugku9vog65immg30nmg&ratio=720p&line=0
时代进行曲,https://www.iesdouyin.com/aweme/v1/playwm/?video_id=v0200fg10000cujiftvog65jokluhvng&ratio=720p&line=0
that girl,https://www.iesdouyin.com/aweme/v1/playwm/?video_id=v0200fg10000cl1ot2fog65otdmkp0t0&ratio=720p&line=0
stronger,https://www.iesdouyin.com/aweme/v1/playwm/?video_id=v0200fg10000c63kkorc77u71r5ch5o0&ratio=720p&line=0
god is a girl,https://www.iesdouyin.com/aweme/v1/playwm/?video_id=v0200fg10000cl4vjifog65htupeja50&ratio=720p&line=0
because of you,https://www.iesdouyin.com/aweme/v1/playwm/?video_id=v0300fg10000cn5vg13c77u9kllf7rng&ratio=720p&line=0
hero,https://www.iesdouyin.com/aweme/v1/playwm/?line=0&logo_name=aweme_diversion_search&ratio=720p&video_id=v0200f040000bvqofe74s1nnb5npm2mg
please dont go,https://www.iesdouyin.com/aweme/v1/playwm/?video_id=v0200f180000bvco837d9i7eq4ai1jmg&ratio=720p&line=0
sweet but psycho,https://www.iesdouyin.com/aweme/v1/playwm/?video_id=v0300fg10000c7hnn53c77uej28ntkig&ratio=720p&line=0
way back,https://www.iesdouyin.com/aweme/v1/playwm/?video_id=v0200fg10000c4gdkrbc77u8ohrj50n0&ratio=720p&line=0
anyone of us,https://www.iesdouyin.com/aweme/v1/playwm/?video_id=v0300faf0000c08j4u35esuptakp4ltg&ratio=720p&line=0
diamonds,https://www.iesdouyin.com/aweme/v1/playwm/?video_id=v0200fe40000bvm4vsl2kepgd0uu7i50&ratio=720p&line=0
moves like jagger,https://www.iesdouyin.com/aweme/v1/playwm/?video_id=v0300fb10000bvesniikbj343hhac8eg&ratio=720p&line=0
wakawaka,https://www.iesdouyin.com/aweme/v1/playwm/?video_id=v0300fbe0000buqeue7bs17qid7thla0&ratio=720p&line=0
Colbie Caillat-Try,https://www.iesdouyin.com/aweme/v1/playwm/?video_id=v0d00fg10000ckblmvrc77u7sbpm2vjg&ratio=720p&line=0
pink-try,https://www.iesdouyin.com/aweme/v1/playwm/?video_id=v0d00fg10000ctft5s7og65u0hdbnig0&ratio=720p&line=0
natural,https://www.iesdouyin.com/aweme/v1/playwm/?video_id=v0300fg10000caj6qnrc77u88k20m8jg&ratio=720p&line=0
rolling in the deep,https://www.iesdouyin.com/aweme/v1/playwm/?video_id=v1e00fgi0000ct11konog65sgjaem0n0&ratio=720p&line=0
apologize,https://www.iesdouyin.com/aweme/v1/playwm/?video_id=v0300f2b0000btoqjanm1ok3lil6c8f0&ratio=720p&line=0
salt,https://www.iesdouyin.com/aweme/v1/playwm/?video_id=v1e00fgi0000cstvnkfog65p72v2jrrg&ratio=720p&line=0b
hymn  for the weekend,https://www.iesdouyin.com/aweme/v1/playwm/?video_id=v0300f360000bv64mkrphouv4f2o1kpg&ratio=720p&line=0
see you again,https://www.iesdouyin.com/aweme/v1/playwm/?video_id=v0200f3e0000bt8c30sebj9j64kkop2g&ratio=720p&line=0
right now,https://www.iesdouyin.com/aweme/v1/playwm/?video_id=v0200f4e0000bs8n4m6fbk5pph8knf2g&ratio=720p&line=0
something just like this,https://www.iesdouyin.com/aweme/v1/playwm/?video_id=v0d00fg10000cs4hhsvog65kgk2fa28g&ratio=720p&line=0
umbrella,https://www.iesdouyin.com/aweme/v1/playwm/?video_id=v0300fg10000c75hnj3c77uboleql2vg&ratio=720p&line=0
legends never die,https://www.iesdouyin.com/aweme/v1/playwm/?video_id=v0300fff0000bujdacisocvbkm7qhtqg&ratio=720p&line=0
love the way you lie,https://www.iesdouyin.com/aweme/v1/playwm/?video_id=v0300fg10000csk8qsvog65nldrobpag&ratio=720p&line=0
lone Ranger,https://www.iesdouyin.com/aweme/v1/playwm/?video_id=v0200fg10000c67opt3c77u4kb9gjuu0&ratio=720p&line=0
insomnia,https://www.iesdouyin.com/aweme/v1/playwm/?video_id=v0200fg10000cmso8mjc77u3n6klkh40&ratio=720p&line=0
Victory,https://www.iesdouyin.com/aweme/v1/playwm/?video_id=v0200f310000bt8c32klftubd6erb6ig&ratio=720p&line=0
Star Sky,https://www.iesdouyin.com/aweme/v1/playwm/?video_id=v0300f9c0000bt8c32me4f98gqkmvu00&ratio=720p&line=0
shape of you,https://www.iesdouyin.com/aweme/v1/playwm/?video_id=v0200f060000bsvqd8hl43bkt6rc4sv0&ratio=720p&line=0
booty music,https://www.iesdouyin.com/aweme/v1/playwm/?video_id=v0d00fg10000cjm702jc77ue24dr770g&ratio=720p&line=0
far away from home,https://www.iesdouyin.com/aweme/v1/playwm/?video_id=v0200fg10000ca1ttbrc77u57r2ktc0g&ratio=720p&line=0
move your body,https://www.iesdouyin.com/aweme/v1/playwm/?video_id=v0200fg10000clkl27bc77u100fn3qo0&ratio=720p&line=0
shots,https://www.iesdouyin.com/aweme/v1/playwm/?video_id=v1e00fgi0000ctqgk5vog65vl902jf8g&ratio=720p&line=0
we don't talk anymore,https://www.iesdouyin.com/aweme/v1/playwm/?video_id=v0200fg10000cfb0e4bc77u38s842ah0&ratio=720p&line=0
call me maybe,https://www.iesdouyin.com/aweme/v1/playwm/?video_id=v0300fg10000csl040fog65p2l58uqdg&ratio=720p&line=0
the day you went away,https://www.iesdouyin.com/aweme/v1/playwm/?video_id=v0d00fg10000crchtlnog65ud12ifgd0&ratio=720p&line=0
bad romance,https://www.iesdouyin.com/aweme/v1/playwm/?video_id=v0200fg10000cv55iuvog65uhoogkirg&ratio=720p&line=0
the cure,https://www.iesdouyin.com/aweme/v1/playwm/?video_id=v0200fg10000ctc4cd7og65hrog41isg&ratio=720p&line=0
i want you to know,https://www.iesdouyin.com/aweme/v1/playwm/?video_id=v0200fg10000cvn75nnog65u3q261730&ratio=720p&line=0
Love You like a Love Song,https://www.iesdouyin.com/aweme/v1/playwm/?video_id=v0200fg10000cnbjh5rc77u8no9th78g&ratio=720p&line=0
wolves,https://www.iesdouyin.com/aweme/v1/playwm/?video_id=v0200f3e0000bt8c32cebj9j64kkp230&ratio=720p&line=0
Reality,https://www.iesdouyin.com/aweme/v1/playwm/?video_id=v0200fb00000bup46gpu718r2jkqr92g&ratio=720p&line=0
You Don't Know me,https://www.iesdouyin.com/aweme/v1/playwm/?video_id=v0200ffd0000bughtrht4rmmsdcm6fu0&ratio=720p&line=0
I do,https://www.iesdouyin.com/aweme/v1/playwm/?video_id=v0200f260000bu416dd6mgceo9a0ume0&ratio=720p&line=0
Free Loop,https://www.iesdouyin.com/aweme/v1/playwm/?video_id=v0200fd90000bu2n37d2kepoqmgibfng&ratio=720p&line=0
good time,https://www.iesdouyin.com/aweme/v1/playwm/?video_id=v0300f0e0000btpfugg6de4h3n78ccig&ratio=720p&line=0
Talking to the moon,https://www.iesdouyin.com/aweme/v1/playwm/?video_id=v0300f0e0000btktaso6de4h3n6m8mug&ratio=720p&line=0
That's Why You Go Away,https://www.iesdouyin.com/aweme/v1/playwm/?video_id=v0300f2b0000btjbvrnm1ok3likh5big&ratio=720p&line=0
Nothing's gonna change my love for you,https://www.iesdouyin.com/aweme/v1/playwm/?video_id=v0200f680000btisjnvh3f2dgbhasf6g&ratio=720p&line=0
Burning,https://www.iesdouyin.com/aweme/v1/playwm/?video_id=v0300f2b0000bti8l4nm1ok3like33ag&ratio=720p&line=0
My Love,https://www.iesdouyin.com/aweme/v1/playwm/?video_id=v0200f050000bt8c30ibn0fk5akcthh0&ratio=720p&line=0
Trouble Is a Friend,https://www.iesdouyin.com/aweme/v1/playwm/?video_id=v0300fg10000ce4sahbc77u86e1eone0&ratio=720p&line=0
fire,https://www.iesdouyin.com/aweme/v1/playwm/?video_id=v0300f7e0000bt9epjpk950m5pm5itog&ratio=720p&line=0
Cry On My Shoulder,https://www.iesdouyin.com/aweme/v1/playwm/?video_id=v0200f560000bt8c31an6tf9cl2gpmsg&ratio=720p&line=0
Dance Monkey,https://www.iesdouyin.com/aweme/v1/playwm/?video_id=v0200f310000bt8c334lftubd6erba3g&ratio=720p&line=0
heartbeats,https://www.iesdouyin.com/aweme/v1/playwm/?video_id=v0300fg10000clm5h5vog65n7m96h5o0&ratio=720p&line=0
here with me,https://www.iesdouyin.com/aweme/v1/playwm/?video_id=v0300fg10000cl898rnog65i0hbffnv0&ratio=720p&line=0
moshi moshi,https://www.iesdouyin.com/aweme/v1/playwm/?video_id=v0200fg10000cl4vd2vog65v766s3lag&ratio=720p&line=0
until you,https://www.iesdouyin.com/aweme/v1/playwm/?video_id=v0200fg10000cl2e71fog65v764v4ibg&ratio=720p&line=0
as long as you love me,https://www.iesdouyin.com/aweme/v1/playwm/?video_id=v0300fg10000cl271gfog65vcqh4qbq0&ratio=720p&line=0
dancing with your ghost,https://www.iesdouyin.com/aweme/v1/playwm/?line=0&logo_name=aweme_diversion_search&ratio=720p&video_id=v1e00fgi0000ctf6s1vog65kfs6o3iq0
Creepin' Up On You,https://www.iesdouyin.com/aweme/v1/playwm/?video_id=v0200fg10000cq5ji0vog65vhisof6m0&ratio=720p&line=0
Dilemma,https://www.iesdouyin.com/aweme/v1/playwm/?video_id=v0200fg10000cq4uhjvog65ui5mm0pcg&ratio=720p&line=0
Anyone Of Us,https://m.douyin.com/aweme/v1/playwm/?video_id=v0200fg10000cq49ctvog65h6153dks0&ratio=720p&line=0
Pretty Boy,https://www.iesdouyin.com/aweme/v1/playwm/?video_id=v0200fg10000cpv0lcnog65imtn4isig&ratio=720p&line=0
poker face,https://www.iesdouyin.com/aweme/v1/playwm/?line=0&logo_name=aweme_diversion_search&ratio=720p&video_id=v0200fg10000cpoe5uvog65h83t50rsg
Please Don't Go,https://www.iesdouyin.com/aweme/v1/playwm/?video_id=v0200fg10000cpl46avog65gueg43ogg&ratio=720p&line=0
this Is what you came for,https://www.iesdouyin.com/aweme/v1/playwm/?video_id=v0200fg10000cpeh6v7og65u1fbjqs9g&ratio=720p&line=0
I Wanted You,https://www.iesdouyin.com/aweme/v1/playwm/?video_id=v0200fg10000cpchumnog65q36id9o10&ratio=720p&line=0
Dusk Till Dawn,https://www.iesdouyin.com/aweme/v1/playwm/?video_id=v0200fg10000cp9tgnnog65mqc12febg&ratio=720p&line=0
outside,https://www.iesdouyin.com/aweme/v1/playwm/?video_id=v0200fg10000cp8jcdnog65ic6gplqf0&ratio=720p&line=0
Fool for you,https://www.iesdouyin.com/aweme/v1/playwm/?video_id=v0200fg10000cp79alnog65ukeu0tka0&ratio=720p&line=0
TiK ToK,https://www.iesdouyin.com/aweme/v1/playwm/?video_id=v0200fg10000cp3amqjc77u4t8chnn9g&ratio=720p&line=0
Alone-marshmello,https://www.iesdouyin.com/aweme/v1/playwm/?video_id=v0200f290000brtup22lsr1a6l8qmgn0&ratio=720p&line=0
Sold Out,https://www.iesdouyin.com/aweme/v1/playwm/?video_id=v0200fg10000coop9krc77u2ah4aikq0&ratio=720p&line=0
By Your side,https://www.iesdouyin.com/aweme/v1/playwm/?line=0&logo_name=aweme_diversion_search&ratio=720p&video_id=v0200fg10000cohhg2bc77u7p44oqrsg
One Last Time,https://www.iesdouyin.com/aweme/v1/playwm/?video_id=v0200fg10000co6atujc77u007hc7bs0&ratio=720p&line=0
i want you to know,https://www.iesdouyin.com/aweme/v1/playwm/?video_id=v0d00fg10000cl46f1jc77udgi44b3cg&ratio=720p&line=0
Nothin' on me,https://www.iesdouyin.com/aweme/v1/playwm/?video_id=v0200fg10000cmm6k83c77u8g6f05uf0&ratio=720p&line=0
Dancer in the dark,https://www.iesdouyin.com/aweme/v1/playwm/?video_id=v0200fg10000c7qaabrc77ucr5apups0&ratio=720p&line=0
phut hon,https://www.iesdouyin.com/aweme/v1/playwm/?video_id=v0300fg10000coms82jc77u4flecs0bg&ratio=720p&line=0
Like I Love you,https://www.iesdouyin.com/aweme/v1/playwm/?video_id=v0200fg10000cj9sd4fog65k6lhdmrp0&ratio=720p&line=0
Play,https://www.iesdouyin.com/aweme/v1/playwm/?video_id=v0300fg10000ca5nc43c77u72ekj6rpg&ratio=720p&line=0
I'll Do It,https://www.iesdouyin.com/aweme/v1/playwm/?video_id=v0d00fg10000ch9m0jjc77u31dq1i4b0&ratio=720p&line=0
touch,https://www.iesdouyin.com/aweme/v1/playwm/?video_id=v0200fg10000cmhn50rc77ucfc970np0&ratio=720p&line=0
closer,https://www.iesdouyin.com/aweme/v1/playwm/?video_id=v0200fg10000c6c60frc77u7j9o2ecs0&ratio=720p&line=0
盗源狗si全家 全家下地狱
QQ群,1
1084023630,1
扫码进群,https://pan.vma.cc/pan/v/41ebd0ffd333d4fc95af228ef81b2e3a?ext=mp4
永久免费,3
换安卓9盒子,7
浙江卫视4K,http://ali-xwl.cztv.com/live/channel4k2160p.m3u8
浙江卫视4K,http://go.bkpcp.top/mg/zjws
苏州修复4K,http://106.53.99.30/tv/api.php?id=sztv4k
河北电视4K,http://106.53.99.30/tv/api.php?id=hebtv4k
广州南国都市4K,http://tencentplaygsm.gztv.com/live/nanguodushi.m3u8
新澳门直播,https://play3636.zdwafis.com/live/mosixmark.flv
老澳门直播,https://vdm6-ali.hrypl168.com/live/a6.flv
2026功夫女足,https://v.lfthirtytwo.com/20260723/8846_f4084a75/index.m3u8
2026功夫 女足,https://v.fengbao11.com/video/gongfunvzu/618845436188/index.m3u8
2026 功夫女足,https://vip.dytt-network.com/20260723/36526_9c21455c/index.m3u8
2026八仙,http://111.229.219.148:808/Cache/lzgg/7a367b98744276dba9ea2844bf13ab1e.m3u8
2019哪吒之魔童降世,http://111.229.219.148:808/Cache/lzgg/67f35a41a439e00540d0d88f62d3d56a.m3u8
2025哪吒之魔童闹海,https://play.modujx11.com/20250802/Cha4M4YU/index.m3u8
2016美人鱼,https://cdn1.ryplay1.com/20240910/7734_c602d62b/index.m3u8
2001少林足球,https://vip.lzcdn2.com/20220521/7147_3b73302c/index.m3u8
2004功夫,https://cdn1.ryplay1.com/20240910/7703_9dc7d493/index.m3u8
1997家有喜事,https://cdn7.ryplay7.com/20250208/10599_69233b69/index.m3u8
1996食神,https://play.modujx15.com/20240826/pUDgrWmX/index.m3u8
1994破坏之王,https://cdn7.ryplay7.com/20240915/380_11f89ab4/index.m3u8
1994九品芝麻官,https://vip.dytt-live.com/20250330/2684_7c4bf50b/index.m3u8
1993唐伯虎点秋香,https://vip.dytt-film.com/20250311/12292_2fdf132b/index.m3u8
1993逃学威龙3之龙过鸡年,https://play.modujx15.com/20240825/VgswEazn/index.m3u8
1992鹿鼎记2神龙教,https://play.modujx16.com/20240830/hhzZN6Th/index.m3u8
1991逃学威龙,https://vip.dytt-film.com/20250311/12297_35fcfa9e/index.m3u8
1990赌侠,https://play.modujx11.com/20241224/mBSx76B4/index.m3u8
HOY TV,https://cdn6.cc.cd/163189/hoy
HOY TV,https://fast.hidns.vip/163189/hoy
Astro QJ,https://cdn3.indevs.in/stream/live/qj/
黄金华剧台(WebVTT字幕),https://10.fast.hidns.vip/163189/hjhjt/
广州南国都市,https://cdn15.163189.xyz/163189/ngds
采昌影剧台,https://cdn12.178.indevs.in/163189/ccyj
My Cinema Europe,https://cdn12.178.indevs.in/163189/mce
DreamWorks梦工厂动画,https://cdn12.178.indevs.in/163189/dreamworks
咪咕4K(限移动网络),http://r.jdshipin.com/ln4xk
咪咕4K-2(限移动网络),http://r.jdshipin.com/Lqdwf
盗源狗si全家 全家下地狱
翡翠台,http://gd.wsd.gd.cn:1698/hls/92/index.m3u8
PopC,http://www.kaniptv.cn/uadl.php?ua=QVBUVg%3D%3D&mode=1&hls=aHR0cDovL215dHZzdXBlci5tYWdpY2x1d2VpYm8xLmh6LmN6L2NoLzdiNTg5NGY1YjMzYjVlOTU4OTI1OTk5OTRjNDQxYmEzL21hc3Rlci5tM3U4
爆谷台,http://173.208.234.146/live/nowbg.m3u8
星影台,http://173.208.234.146/live/nowxy.m3u8
SPOTV,http://iptv.4666888.xyz/iptv2A.php?id=2
SPOTV2,http://iptv.4666888.xyz/iptv2A.php?id=1
astroFootball,http://iptv.4666888.xyz/iptv2A.php?id=4
TntSports1,http://iptv.4666888.xyz/iptv2A.php?id=3
JSPORTS1,http://iptv.4666888.xyz/iptv2A.php?id=6
SkyTennis+,http://iptv.4666888.xyz/iptv2A.php?id=62
TVB翡翠(馬來),http://iptv.4666888.xyz/iptv2A.php?id=28
TVB明珠,http://iptv.4666888.xyz/iptv2A.php?id=29
TVB-獎門人,http://iptv.4666888.xyz/iptv2A.php?id=31
TVB-金曲,http://iptv.4666888.xyz/iptv2A.php?id=57
MYTV黃金翡翠,http://iptv.4666888.xyz/iptv2A.php?id=32
TVB翡翠劇集,http://iptv.4666888.xyz/iptv2A.php?id=33
非凡新聞,http://iptv.4666888.xyz/iptv2A.php?id=44
風雲恐怖電影,http://iptv.4666888.xyz/iptv2A.php?id=59
梦工场动漫,http://iptv.4666888.xyz/iptv2A.php?id=40
Duck TV兒童卡通,http://iptv.4666888.xyz/iptv2A.php?id=39
東森綜合2,http://iptv.4666888.xyz/iptv2A.php?id=58
韓流美食料理秀,http://iptv.4666888.xyz/iptv2A.php?id=63
娛樂百分百,http://iptv.4666888.xyz/iptv2A.php?id=64
綜藝大贏家,http://iptv.4666888.xyz/iptv2A.php?id=65
香港C+,http://ottproxy2.ist.ooo/livehls/MOB-U1-NO/index.m3u8
TVB星河3,http://php.jdshipin.com/TVOD/iptv.php?id=xinghe
台视财经,http://173.208.234.146/live/ttvcj.m3u8
华视教育体育文化,http://173.208.234.146/live/ctsjy.m3u8
小公视,http://173.208.234.146/live/ptsse.m3u8
原视,https://hc9lby9bzw8zcar.wcetv.com/hls/titv.m3u8
客家电视,http://220.135.241.47:8303/0.ts
PTSxs,http://220.135.241.47:8312/0.ts
台视财经,http://220.135.241.47:8315/0.ts
华视教育体育文化,http://220.135.241.47:8318/0.ts
非凡新闻,rtmp://f13h.mine.nu/sat/tv581
tvbs,http://61.221.215.25:8800/hls/9/index.m3u8
纬来育乐,rtmp://f13h.mine.nu/sat/tv701
DAZN-体育,rtmp://f13h.mine.nu/sat/tv731
DAZN-体育,rtmp://f13h.mine.nu/sat/tv741
momo'tv,rtmp://f13h.mine.nu/sat/tv761
CGTN,https://english-livebkali.cgtn.com/live/encgtn_1.m3u8
CGTN1,https://live-stream.cgtn.com/event-live/CGTN_1_1PVvR6ZBAZ2/index.m3u8
DHE HD,http://108.181.23.41:80/livehttpplay?channel_id=23504
SEÑAL COLOMBIA HD,http://108.181.23.41:80/livehttpplay?channel_id=23510
CARACOL HD COLOMBIA,http://108.181.23.41:80/livehttpplay?channel_id=23513
RCN HD COLOMBIA,http://108.181.23.41:80/livehttpplay?channel_id=23515
DISNEY CHANELL HD,http://108.181.23.41:80/livehttpplay?channel_id=23517
ESPN PREMIUM HD,http://108.181.23.41:80/livehttpplay?channel_id=23523
TELEANTIOQUIA HD COLOMBIA,http://108.181.23.41:80/livehttpplay?channel_id=23532
WIN SPORTS PREMIUM  COL,http://108.181.23.41:80/livehttpplay?channel_id=23542
ON DIRECTV HD,http://108.181.23.41:80/livehttpplay?channel_id=23544
WinSports HD,http://108.181.23.41:80/livehttpplay?channel_id=23548
UNIVERSAL COMEDY HD,http://108.181.23.41:80/livehttpplay?channel_id=23550
GOLDEN PLUS MX HD,http://108.181.23.41:80/livehttpplay?channel_id=23623
NTN 24 HORAS,http://108.181.23.41:80/livehttpplay?channel_id=23705
UK ULTRA,http://mypanel-4k.com:80/me52pjdqa6/dt2t9r16ja/1451783
SERVICE INFORMATION,http://mypanel-4k.com:80/me52pjdqa6/dt2t9r16ja/1515133
BBC1,http://mypanel-4k.com:80/me52pjdqa6/dt2t9r16ja/693835
BBC2,http://mypanel-4k.com:80/me52pjdqa6/dt2t9r16ja/693836
BBC NEWS,http://mypanel-4k.com:80/me52pjdqa6/dt2t9r16ja/693834
SKY CINEMA FAMILY,http://mypanel-4k.com:80/me52pjdqa6/dt2t9r16ja/138166
SKY CINEMA ACTION,http://mypanel-4k.com:80/me52pjdqa6/dt2t9r16ja/138160
SKY SPORTS ACTION,http://mypanel-4k.com:80/me52pjdqa6/dt2t9r16ja/190954
ALIBI,http://mypanel-4k.com:80/me52pjdqa6/dt2t9r16ja/693833
Bloomberg,http://mypanel-4k.com:80/me52pjdqa6/dt2t9r16ja/693837
Boomerang,http://mypanel-4k.com:80/me52pjdqa6/dt2t9r16ja/693838
Cartoon Network,http://mypanel-4k.com:80/me52pjdqa6/dt2t9r16ja/693839
CHANNEL 4,http://mypanel-4k.com:80/me52pjdqa6/dt2t9r16ja/693840
CHANNEL 5,http://mypanel-4k.com:80/me52pjdqa6/dt2t9r16ja/693841
Colors,http://mypanel-4k.com:80/me52pjdqa6/dt2t9r16ja/693842
Comedy Central,http://mypanel-4k.com:80/me52pjdqa6/dt2t9r16ja/693843
Crime Investigation,http://mypanel-4k.com:80/me52pjdqa6/dt2t9r16ja/693844
Dazn PPV,http://mypanel-4k.com:80/me52pjdqa6/dt2t9r16ja/693897
Discovery,http://mypanel-4k.com:80/me52pjdqa6/dt2t9r16ja/693845
E4,http://mypanel-4k.com:80/me52pjdqa6/dt2t9r16ja/693846
Eurosports 1,http://mypanel-4k.com:80/me52pjdqa6/dt2t9r16ja/693847
Eurosports 2,http://mypanel-4k.com:80/me52pjdqa6/dt2t9r16ja/693848
FILM 4,http://mypanel-4k.com:80/me52pjdqa6/dt2t9r16ja/693849
GB News,http://mypanel-4k.com:80/me52pjdqa6/dt2t9r16ja/693850
GOLD,http://mypanel-4k.com:80/me52pjdqa6/dt2t9r16ja/693851
ITV1,http://mypanel-4k.com:80/me52pjdqa6/dt2t9r16ja/693855
ITV 2,http://mypanel-4k.com:80/me52pjdqa6/dt2t9r16ja/693852
ITV 3,http://mypanel-4k.com:80/me52pjdqa6/dt2t9r16ja/693853
ITV 4,http://mypanel-4k.com:80/me52pjdqa6/dt2t9r16ja/693854
LFC,http://mypanel-4k.com:80/me52pjdqa6/dt2t9r16ja/693856
More4,http://mypanel-4k.com:80/me52pjdqa6/dt2t9r16ja/693857
MTV,http://mypanel-4k.com:80/me52pjdqa6/dt2t9r16ja/693858
MUTV,http://mypanel-4k.com:80/me52pjdqa6/dt2t9r16ja/693859
Nat Geo WIld,http://mypanel-4k.com:80/me52pjdqa6/dt2t9r16ja/693860
National Geo,http://mypanel-4k.com:80/me52pjdqa6/dt2t9r16ja/693861
Nick Jr,http://mypanel-4k.com:80/me52pjdqa6/dt2t9r16ja/693863
NICK,http://mypanel-4k.com:80/me52pjdqa6/dt2t9r16ja/693862
RTE 1,http://mypanel-4k.com:80/me52pjdqa6/dt2t9r16ja/693865
RTE 2,http://mypanel-4k.com:80/me52pjdqa6/dt2t9r16ja/693866
SKY ARTS,http://mypanel-4k.com:80/me52pjdqa6/dt2t9r16ja/693867
SKY ATLANTIC,http://mypanel-4k.com:80/me52pjdqa6/dt2t9r16ja/693868
SKY COMEDY,http://mypanel-4k.com:80/me52pjdqa6/dt2t9r16ja/693869
SKY CRIME,http://mypanel-4k.com:80/me52pjdqa6/dt2t9r16ja/693870
SKY HISTORY 2,http://mypanel-4k.com:80/me52pjdqa6/dt2t9r16ja/693872
SKY KIDS,http://mypanel-4k.com:80/me52pjdqa6/dt2t9r16ja/693873
SKY NEWS,http://mypanel-4k.com:80/me52pjdqa6/dt2t9r16ja/693875
SKY SHOWCASE,http://mypanel-4k.com:80/me52pjdqa6/dt2t9r16ja/693876
SKY SPORTS NEWS,http://mypanel-4k.com:80/me52pjdqa6/dt2t9r16ja/138133
Sky Sports News,http://mypanel-4k.com:80/me52pjdqa6/dt2t9r16ja/693881
Sky Sports Football,http://mypanel-4k.com:80/me52pjdqa6/dt2t9r16ja/693877
Sky Sports Golf,http://mypanel-4k.com:80/me52pjdqa6/dt2t9r16ja/693878
Sky Sports Main Events,http://mypanel-4k.com:80/me52pjdqa6/dt2t9r16ja/693879
Sky Sports Mix,http://mypanel-4k.com:80/me52pjdqa6/dt2t9r16ja/693880
Sky Sports Premier League,http://mypanel-4k.com:80/me52pjdqa6/dt2t9r16ja/693882
Sky Sports Racing,http://mypanel-4k.com:80/me52pjdqa6/dt2t9r16ja/693883
SKY WITNESS,http://mypanel-4k.com:80/me52pjdqa6/dt2t9r16ja/693884
SONY MAX,http://mypanel-4k.com:80/me52pjdqa6/dt2t9r16ja/693885
SONY TV,http://mypanel-4k.com:80/me52pjdqa6/dt2t9r16ja/693886
SYFY,http://mypanel-4k.com:80/me52pjdqa6/dt2t9r16ja/693887
TLC,http://mypanel-4k.com:80/me52pjdqa6/dt2t9r16ja/693888
UTSAV GOLD,http://mypanel-4k.com:80/me52pjdqa6/dt2t9r16ja/693889
UTSAV PLUS,http://mypanel-4k.com:80/me52pjdqa6/dt2t9r16ja/693890
Viaplay 1,http://mypanel-4k.com:80/me52pjdqa6/dt2t9r16ja/693891
Viaplay 2,http://mypanel-4k.com:80/me52pjdqa6/dt2t9r16ja/693892
Virgin 1,http://mypanel-4k.com:80/me52pjdqa6/dt2t9r16ja/693893
VIRGIN 2,http://mypanel-4k.com:80/me52pjdqa6/dt2t9r16ja/693894
Watch,http://mypanel-4k.com:80/me52pjdqa6/dt2t9r16ja/693895
Zee Tv,http://mypanel-4k.com:80/me52pjdqa6/dt2t9r16ja/693896
SKY CINEMA PREMIERE,http://mypanel-4k.com:80/me52pjdqa6/dt2t9r16ja/138157
SKY CINEMA HITS,http://mypanel-4k.com:80/me52pjdqa6/dt2t9r16ja/138161
SKY CINEMA COMEDY,http://mypanel-4k.com:80/me52pjdqa6/dt2t9r16ja/138164
SKY CINEMA DRAMA,http://mypanel-4k.com:80/me52pjdqa6/dt2t9r16ja/138165
SKY CINEMA SCIFI & HORROR,http://mypanel-4k.com:80/me52pjdqa6/dt2t9r16ja/138162
SKY CINEMA THRILLER,http://mypanel-4k.com:80/me52pjdqa6/dt2t9r16ja/138163
SKY CINEMA GREATS,http://mypanel-4k.com:80/me52pjdqa6/dt2t9r16ja/138159
SKY CINEMA SELECT,http://mypanel-4k.com:80/me52pjdqa6/dt2t9r16ja/138158
SKY CINEMA ANIMATION,http://mypanel-4k.com:80/me52pjdqa6/dt2t9r16ja/138167
PREMIER SPORTS 1 IR,http://mypanel-4k.com:80/me52pjdqa6/dt2t9r16ja/138151
PREMIER SPORTS 1 UK,http://mypanel-4k.com:80/me52pjdqa6/dt2t9r16ja/138153
PREMIER SPORTS 2 IR,http://mypanel-4k.com:80/me52pjdqa6/dt2t9r16ja/138152
PREMIER SPORTS 2 UK,http://mypanel-4k.com:80/me52pjdqa6/dt2t9r16ja/138154
SKY SPORTS MAIN EVENT,http://mypanel-4k.com:80/me52pjdqa6/dt2t9r16ja/138134
TNT SPORTS 4,http://mypanel-4k.com:80/me52pjdqa6/dt2t9r16ja/190957
SKY CINEMA PREMIER,http://mypanel-4k.com:80/me52pjdqa6/dt2t9r16ja/190958
SKY SPORTS MIX,http://mypanel-4k.com:80/me52pjdqa6/dt2t9r16ja/190955
SKY SPORTS PREMIER LEAGUE,http://mypanel-4k.com:80/me52pjdqa6/dt2t9r16ja/190956
SKY SPORTS FOOTBALL,http://mypanel-4k.com:80/me52pjdqa6/dt2t9r16ja/138135
SKY SPORTS CRICKET,http://mypanel-4k.com:80/me52pjdqa6/dt2t9r16ja/138140
SKY SPORTS GOLF,http://mypanel-4k.com:80/me52pjdqa6/dt2t9r16ja/138139
SKY SPORTS F1,http://mypanel-4k.com:80/me52pjdqa6/dt2t9r16ja/138141
SKY SPORTS ARENA,http://mypanel-4k.com:80/me52pjdqa6/dt2t9r16ja/138137
SKY SPORTS RACING,http://mypanel-4k.com:80/me52pjdqa6/dt2t9r16ja/138143
BOXNATION,http://mypanel-4k.com:80/me52pjdqa6/dt2t9r16ja/138168
TNT SPORT 1,http://mypanel-4k.com:80/me52pjdqa6/dt2t9r16ja/138145
TNT SPORT 2,http://mypanel-4k.com:80/me52pjdqa6/dt2t9r16ja/138146
TNT SPORT 3,http://mypanel-4k.com:80/me52pjdqa6/dt2t9r16ja/138147
TNT SPORT 4,http://mypanel-4k.com:80/me52pjdqa6/dt2t9r16ja/138148
TNT SPORTS 1,http://mypanel-4k.com:80/me52pjdqa6/dt2t9r16ja/309614
TNT SPORTS 2,http://mypanel-4k.com:80/me52pjdqa6/dt2t9r16ja/309613
TNT SPORTS 3,http://mypanel-4k.com:80/me52pjdqa6/dt2t9r16ja/309612
TNT SPORTS 4,http://mypanel-4k.com:80/me52pjdqa6/dt2t9r16ja/309611
Sky Nature,http://mypanel-4k.com:80/me52pjdqa6/dt2t9r16ja/693874
RACING UK,http://mypanel-4k.com:80/me52pjdqa6/dt2t9r16ja/693864
NEWS,http://mypanel-4k.com:80/me52pjdqa6/dt2t9r16ja/1491133
SKY NEWS ᴴᴰ,http://mypanel-4k.com:80/me52pjdqa6/dt2t9r16ja/10536
SKY  NEWS ᴴᴰ,http://mypanel-4k.com:80/me52pjdqa6/dt2t9r16ja/13639
BLOOMBERG NEWS,http://mypanel-4k.com:80/me52pjdqa6/dt2t9r16ja/13642
BBC NEWS ᴴᴰ,http://mypanel-4k.com:80/me52pjdqa6/dt2t9r16ja/10582
BBC PARLIAMENT,http://mypanel-4k.com:80/me52pjdqa6/dt2t9r16ja/77363
BBC WORLD NEWS,http://mypanel-4k.com:80/me52pjdqa6/dt2t9r16ja/13645
BBC ONE NEWS ᴴᴰ,http://mypanel-4k.com:80/me52pjdqa6/dt2t9r16ja/77360
CNN ᴴᴰ,http://mypanel-4k.com:80/me52pjdqa6/dt2t9r16ja/10576
EURONEWS,http://mypanel-4k.com:80/me52pjdqa6/dt2t9r16ja/246753
EURONEWS,http://mypanel-4k.com:80/me52pjdqa6/dt2t9r16ja/13638
ALJAZEERA NEWS ᴴᴰ,http://mypanel-4k.com:80/me52pjdqa6/dt2t9r16ja/13644
GB NEWS,http://mypanel-4k.com:80/me52pjdqa6/dt2t9r16ja/148668
CBS NEWS,http://mypanel-4k.com:80/me52pjdqa6/dt2t9r16ja/246756
FOX NEWS,http://mypanel-4k.com:80/me52pjdqa6/dt2t9r16ja/13640
RTE NEWS,http://mypanel-4k.com:80/me52pjdqa6/dt2t9r16ja/13643
BBC GENERAL,http://mypanel-4k.com:80/me52pjdqa6/dt2t9r16ja/1451779
BBC 1,http://mypanel-4k.com:80/me52pjdqa6/dt2t9r16ja/22246
BBC ᴴᴰ 1,http://mypanel-4k.com:80/me52pjdqa6/dt2t9r16ja/10580
BBC 2,http://mypanel-4k.com:80/me52pjdqa6/dt2t9r16ja/22244
BBC ᴴᴰ 2,http://mypanel-4k.com:80/me52pjdqa6/dt2t9r16ja/10579
BBC ᴴᴰ 3 CBBC ᴴᴰ,http://mypanel-4k.com:80/me52pjdqa6/dt2t9r16ja/10578
BBC 4,http://mypanel-4k.com:80/me52pjdqa6/dt2t9r16ja/22243
BBC CBBC ᴴᴰ,http://mypanel-4k.com:80/me52pjdqa6/dt2t9r16ja/10581
BBC 2 Northern Ireland,http://mypanel-4k.com:80/me52pjdqa6/dt2t9r16ja/690833
BBC ALBA,http://mypanel-4k.com:80/me52pjdqa6/dt2t9r16ja/690824
BBC FOUR,http://mypanel-4k.com:80/me52pjdqa6/dt2t9r16ja/690823
BBC One Channel Islands,http://mypanel-4k.com:80/me52pjdqa6/dt2t9r16ja/690825
BBC One North East & Cumbria,http://mypanel-4k.com:80/me52pjdqa6/dt2t9r16ja/690827
BBC One Northern Ireland,http://mypanel-4k.com:80/me52pjdqa6/dt2t9r16ja/690822
BBC One North West,http://mypanel-4k.com:80/me52pjdqa6/dt2t9r16ja/690828
BBC One South East,http://mypanel-4k.com:80/me52pjdqa6/dt2t9r16ja/690829
BBC One Wales,http://mypanel-4k.com:80/me52pjdqa6/dt2t9r16ja/690821
BBC One West,http://mypanel-4k.com:80/me52pjdqa6/dt2t9r16ja/690830
BBC One Yorkshire & Lincolnshire,http://mypanel-4k.com:80/me52pjdqa6/dt2t9r16ja/690826
BBC One Yorkshire,http://mypanel-4k.com:80/me52pjdqa6/dt2t9r16ja/690831
BBC Red Button 1,http://mypanel-4k.com:80/me52pjdqa6/dt2t9r16ja/690832
BBC SCOTLAND ˢᴰ,http://mypanel-4k.com:80/me52pjdqa6/dt2t9r16ja/690818
BBC SCOTLAND ᴴᴰ,http://mypanel-4k.com:80/me52pjdqa6/dt2t9r16ja/690819
BBC SCOTLAND ᴴᴰ,http://mypanel-4k.com:80/me52pjdqa6/dt2t9r16ja/690820
BBC NEWS,http://mypanel-4k.com:80/me52pjdqa6/dt2t9r16ja/22242
ABN TV (720p),https://vod2.abn.co.kr/IPHONE/abn.m3u8
Arirang Radio (720p),http://amdlive-ch01.ctnd.com.edgesuite.net/arirang_3ch/smil:arirang_3ch.smil/playlist.m3u8
BBS Buddhist Broadcasting (1080p),http://bbstv.clouducs.com:1935/bbstv-live/livestream/playlist.m3u8
CGNTV South Korea (1080p),https://du35ivadp6cxj.cloudfront.net/out/v1/81781d23cbbf490990b2aa9181d4ce19/CGNWebLiveKR.m3u8
CJ OnStyle (540p),https://live-ch1.cjonstyle.net/cjmalllive/stream2/playlist.m3u8
EWTN Africa Asia (720p),https://cdn3.wowza.com/1/ZVBYYXFLLzE0c3NC/Qk1FMURC/hls/live/playlist.m3u8
EWTN Asia-Pacific (720p) [Not 24/7],https://cdn3.wowza.com/1/QmVNUVhTNTZSS3Uz/YWQ0aHpi/hls/live/playlist.m3u8
GCN24 Korean (720p),http://liveko24-manminglobal3.ktcdn.co.kr/liveko24/gcnko_1300k.stream/playlist.m3u8
GoodTV (1080p),http://mobliestream.c3tv.com:1935/live/goodtv.sdp/playlist.m3u8
Gugbang TV (1080p) [Not 24/7],http://mediaworks.dema.mil.kr:1935/live_edge/cudo.sdp/playlist.m3u8
Home & Shopping (720p),https://s28.qtcdn.co.kr/media/liveM3U8/idx/518045142/enc/1860408350/playlist.m3u8
KBS 1TV [Not 24/7],http://mytv.dothome.co.kr/ch/public/1.php
KBS 2TV [Not 24/7],http://mytv.dothome.co.kr/ch/public/3.php
KBS Drama (480p),http://mytv.dothome.co.kr/ch/catv/2.php
KBS Life (480p),http://mytv.dothome.co.kr/ch/catv/5.php
KBS LiveCam DokDo (540p),http://kbs-dokdo.gscdn.com/dokdo_300/dokdo_300.stream/playlist.m3u8
KCTV 광주 CH05 (720p) [Not 24/7],http://119.77.96.184:1935/chn05/chn05/playlist.m3u8
Lotte OneTV (720p),https://onetvhlslive.lotteimall.com/lotteonetvlive/lotteonetvlive.mp4.m3u8
MBC Andong (안동 MBC) (360p) [Not 24/7],http://andong.webcasting.co.kr/live/mbc/playlist.m3u8
MBC Chuncheon (춘천 MBC) (480p) [Not 24/7],https://stream.chmbc.co.kr/TV/myStream/playlist.m3u8
MBC Jeju (제주 MBC) (352p) [Not 24/7],https://wowza.jejumbc.com/live/tv_jejumbc/playlist.m3u8
MBC Mokpo (목포 MBC) (720p) [Not 24/7],http://vod.mpmbc.co.kr:1935/live/encoder-tv/playlist.m3u8
MBC Yeosu (여수 MBC) (1080p) [Not 24/7],https://5c3639aa99149.streamlock.net/live_TV/tv/playlist.m3u8
NHTV (720p),http://nonghyup.flive.skcdn.com/nonghyup/_definst_/nhlive/playlist.m3u8
SBS CJB (540p) [Not 24/7],http://1.222.207.80:1935/live/cjbtv/playlist.m3u8
SBS JTV (406p) [Not 24/7],http://61.85.197.53:1935/jtv_live/myStream/playlist.m3u8
SBS KNN (1080p) [Not 24/7]
Shopping NT (720p),https://live.shoppingntmall.com/live/10011.m3u8
tvchosun2,http://onair2.cdn.tvchosun.com/origin2/_definst_/tvchosun_s3/playlist.m3u8
tvchosun,http://onair.cdn.tvchosun.com/origin1/_definst_/tvchosun_s1/playlist.m3u8
BBS,http://bbstv.clouducs.com:1935/bbstv-live/livestream/chunklist_w1216149699.m3u8
EBS1,http://ebsonairios.ebs.co.kr/groundwavefamilypc/familypc1m/playlist.m3u8
EBS2,http://ebsonairios.ebs.co.kr/ebs2familypc/familypc1m/playlist.m3u8
EBSe,http://ebsonairios.ebs.co.kr/plus3familypc/familypc1m/playlist.m3u8
EBS1,http://ebsonairios.ebs.co.kr/ebsutablet500k/tablet500k/playlist.m3u8
EBS2,http://ebsonairios.ebs.co.kr/ebs2tablet500k/tablet500k/ebs2tablet500k.index.m3u8
EBS1,http://ebsonairios.ebs.co.kr/groundwavetablet500k/tablet500k/playlist.m3u8
EBS1,http://ebsonairios.ebs.co.kr/groundwavetablet500k/tablet500k/groundwavetablet500k.m3u8
EBSi,http://ebsonairios.ebs.co.kr/plus1tablet500k/tablet500k/plus1tablet500k.index.m3u8
EBS+2,http://ebsonairios.ebs.co.kr/plus2tablet500k/tablet500k/plus2tablet500k.index.m3u8
EBSe,http://ebsonairios.ebs.co.kr/plus3tablet500k/tablet500k/plus3tablet500k.index.m3u8
KCTV,http://119.77.96.184:1935/chn05/chn05/chunklist_w1306745753.m3u8
tvN1,https://d2zyqoz1zsj2mq.cloudfront.net/v1/master/3722c60a815c199d9c0ef36c5b73da68a62b09d1/cc-i9yul1lyegl6e-ssai-prd/6d07fe2a_003a_4879_acfc_44e3c3c10f03/hls/playlist.m3u8
tvN2,https://d21dxaer0ypwk1.cloudfront.net/v1/master/3722c60a815c199d9c0ef36c5b73da68a62b09d1/cc-a6m2cy2rylsvo-ssai-prd/54ac8e25_eb5a_4f10_ba20_ffb254f0a16c/hls/playlist.m3u8?ads.device_did=%7BPSID%7D&ads.device_dnt=%7BTARGETOPT%7D&ads.app_domain=%7BAPP_DOMAIN%7D&ads.app_name=%7BAPP_NAME%7D&ads.service_id=KRBC32000261J
tvN3,https://d25mdvvpht3395.cloudfront.net/v1/master/3722c60a815c199d9c0ef36c5b73da68a62b09d1/cc-p8ea370fl7r4f-ssai-prd/82f296fd_2916_45b7_b799_525a4226957a/hls/playlist.m3u8
tvN5,https://d2zyqoz1zsj2mq.cloudfront.net/v1/master/3722c60a815c199d9c0ef36c5b73da68a62b09d1/cc-i9yul1lyegl6e-ssai-prd/6d07fe2a_003a_4879_acfc_44e3c3c10f03/hls/playlist.m3u8?tvN+Movies=
KBS世界,https://wms4-kortv.akamaized.net/a_live/63719963/smil:20ch011.smil/playlist.m3u8
Arirang,http://amdlive.ctnd.com.edgesuite.net/arirang_1ch/smil:arirang_1ch.smil/chunklist_b2256000_sleng.m3u8
Arirang,http://amdlive.ctnd.com.edgesuite.net/arirang_1ch/smil:arirang_1ch.smil/playlist.m3u8
EBS 2,http://ebsonairios.ebs.co.kr/ebs2tablet500k/tablet500k/ebs2tablet500k.index.m3u8
JTV,http://61.85.197.53:1935/jtv_live/myStream/chunklist_w1542137203.m3u8
KCTV,http://119.77.96.184:1935/chn05/chn05/chunklist_w644291506.m3u8
C,http://112.175.51.214:1935/live/myStream/playlist.m3u8
TV,https://stream.ads.ottera.tv/playlist.m3u8?network_id=595
TV1,https://stream.ads.ottera.tv/playlist.m3u8?network_id=743
TV3,https://stream.ads.ottera.tv/playlist.m3u8?network_id=630
TV4,https://stream.ads.ottera.tv/playlist.m3u8?network_id=644
14,https://stream.ads.ottera.tv/playlist.m3u8?network_id=14
EBS少儿,http://ebsonairios.ebs.co.kr/ebsutablet500k/_definst_/tablet500k/chunklist_w1965791004.m3u8
韩国EBS1,http://ebsonairios.ebs.co.kr/groundwavetablet500k/tablet500k/playlist.m3u8?zshijd=
韩国EBS2,http://ebsonairios.ebs.co.kr/ebs2tablet500k/tablet500k/ebs2tablet500k.index.m3u8?zshijd=
Arirang,http://amdlive-ch01.ctnd.com.edgesuite.net/arirang_1ch/smil:arirang_1ch.smil/chunklist.m3u8
KCTV,http://119.77.96.184:1935/chn05/chn05/chunklist.m3u
声优广播,http://www.uniqueradio.jp/agplayerf/hls/Active.m3u8
KCTV,http://119.77.96.184:1935/chn05/chn05/chunklist.m3u8
CJB,http://1.222.207.80:1935/live/cjbtv/chunklist_w1357270949.m3u8
Arirang,http://amdlive.ctnd.com.edgesuite.net/arirang_1ch/smil:arirang_1ch/master.m3u8
BBS佛教广播,http://bbstv.clouducs.com:1935/bbstv-live/livestream/chunklist_w1403706733.m3u8
Arirang,https://amdlive-ch01-ctnd-com.akamaized.net/arirang_1ch/smil:arirang_1ch.smil/playlist.m3u8
HBTV,http://hoabinhtvlive.746b3ddb.cdnviet.com/hoabinhtv/chunklist.m3u8
ANTV,http://antvlive.ab5c6921.cdnviet.com/antv/chunklist.m3u8
Arirang Radio,http://amdlive-ch03.ctnd.com.edgesuite.net/arirang_3ch/smil:arirang_3ch.smil/playlist.m3u8
BTN,http://btn.nowcdn.co.kr/btn/btnlive01/playlist.m3u8
CPBC,http://onair1.cpbc.co.kr:1935/tv/smil:live.smil/playlist.m3u8
EBS-KIDS,http://ebsonairios.ebs.co.kr/ebsutablet500k/_definst_/tablet500k/playlist.m3u8
GCN教会,http://liveko24-manminglobal3.ktcdn.co.kr/liveko24/gcnko_high/chunklist.m3u8
MBN,http://mytv.dothome.co.kr/ch/catv/54.php
NewKID2,https://stream.ads.ottera.tv/playlist.m3u8?network_id=878
NewKID4,https://stream.ads.ottera.tv/playlist.m3u8?network_id=888
NewKID4,https://stream.ads.ottera.tv/playlist.m3u8?network_id=872
韩国音乐,http://mgugaklive.nowcdn.co.kr/gugakvideo/gugakvideo.stream/playlist.m3u8
RNA,http://5ddfc48289114.streamlock.net/CHsoom/LIVE/playist.m3u8
水水家猪蹄,https://cdn.ttvb.eu.org/douyin/ssjzt777
格格睡醒了,https://cdn.ttvb.eu.org/douyin/42347122605
格格睡不醒,https://cdn.ttvb.eu.org/douyin/41753242146
十四小天使,https://cdn.ttvb.eu.org/douyin/50055338591
小糯米,https://cdn.ttvb.eu.org/douyin/84904405660
晓晓,https://cdn.ttvb.eu.org/douyin/147258247158d
朱朱,https://cdn.ttvb.eu.org/douyin/36914825720a
广东好女人,https://cdn.ttvb.eu.org/douyin/69766729938
Lumina,https://cdn.ttvb.eu.org/douyin/86292842871
The,https://cdn.ttvb.eu.org/douyin/91425370684
大燕儿,https://cdn.ttvb.eu.org/douyin/74005228754
央视网,http://cfss.cc/cdn/dy/cctv.com.flv
小央视频,http://cfss.cc/cdn/dy/cctv_video.flv
央视网快看,http://cfss.cc/cdn/dy/kuaikancctv.flv
CCTV远方的家,http://cfss.cc/cdn/dy/44931143492.flv
央视三农,http://cfss.cc/cdn/dy/letus17.flv
电影频道央影传媒,http://cfss.cc/cdn/dy/cctv6media..flv
粤TV-广东台荔枝网,http://cfss.cc/cdn/dy/ZK8763.flv
DV现场,http://cfss.cc/cdn/dy/gdtvdvxc.flv
珠江频道,http://cfss.cc/cdn/dy/gdtvzjpd.flv
央视网新闻,http://cfss.cc/cdn/dy/1606137427.flv
每日经济新闻,http://cfss.cc/cdn/dy/nbdnews.flv
中国交通广播,http://cfss.cc/cdn/dy/CMG_ZGJTGB.flv
极目新闻,http://cfss.cc/cdn/dy/ctdsbdy.flv
育见新闻,http://cfss.cc/cdn/dy/CETVxinwen.flv
维度新闻,http://cfss.cc/cdn/dy/975107749.flv
深圳新闻网,http://cfss.cc/cdn/dy/1057124186.flv
特区新闻广场,http://cfss.cc/cdn/dy/tqxwgc.flv
环球时报,http://cfss.cc/cdn/dy/HuanQiuShiBao.flv
第一财团,http://cfss.cc/cdn/dy/Diyicaituan.flv
央视网财经,http://cfss.cc/cdn/dy/nuanxinnengl.flv
央视财经,http://cfss.cc/cdn/dy/yscjxmt.flv
财联社,http://cfss.cc/cdn/dy/clscccaijing.flv
小强热线浙江教科,http://cfss.cc/cdn/dy/ZTV4.flv
盗源狗si全家 全家下地狱
广东珠江3,http://m.061899.xyz/mg/gdzj
广东民生2,http://m.061899.xyz/mg/gdms
中山综合,http://v.zsbtv.com.cn/lsdream/qTl38me/1000/live.m3u8
肇庆综合,http://zmylivestream.nfnews.com/zmy_slive/27872.m3u8
肇庆生活服务,http://zmylivestream.nfnews.com/zmy_slive/27871.m3u8
清远新闻综合,http://zmylivestream.nfnews.com/zmy_slive/25319.m3u8
清远文旅生活,http://zmylivestream.nfnews.com/zmy_slive/25321.m3u8
云浮综合,https://livestream.oeeee.com/slive/28283.m3u8
云浮文旅,https://livestream.oeeee.com/slive/28284.m3u8
阳江-1,https://live.yjtvw.com:8081/live/yjtv1.m3u8
阳江-2,https://live.yjtvw.com:8081/live/yjtv2.m3u8
湛江新闻综合,http://gbtv-hls-wjq.zjwtv.com/zjtv/zhpd.m3u8
湛江公共,http://gbtv-hls-wjq.zjwtv.com/zjtv/ggpd.m3u8
韶关综合,https://live.sgmsw.cn/hls/lhx1FUeZg/playlist.m3u8
韶关综合,https://www.sgmsw.cn/videos/tv/201805/1308/SB05RIYZOU8JR418AUQOF62CAJQ08D0E/hls/live.m3u8
河源综合1,http://tmpstream.hyrtv.cn/xwzh/sd/live.m3u8
河源公共1,http://tmpstream.hyrtv.cn/hygg/sd/live.m3u8
揭阳综合,http://hls-jyrtv.jyrtv.tv/stjy2020/zhpd.m3u8
揭阳生活,http://hls-jyrtv.jyrtv.tv/stjy2020/ggpd.m3u8
潮州综合1,http://livezhpd.czbtv.com:38880/live/ctvzhpd.m3u8?secret=%2A%2A%2A
潮州民生1,http://livezhpd.czbtv.com:38880/live/ggpd.m3u8?secret=%2A%2A%2A
丰顺综合,https://p2.vzan.com/701678271/024926084736123670/live.m3u8
深圳龙岗,http://zhfw-t.szlg.com:8080/live/television1.m3u8
盗源狗si全家 全家下地狱
广东珠江,http://8.138.7.223/tv/gdzj.m3u8
广东大湾区卫视,http://gx.484947.xyz/PLTV/77777777/224/3221225748/index.m3u8
-汕尾综合,https://iswtv.swrtv.com/live/xwzhpd.m3u8
-汕尾生活,https://iswtv.swrtv.com/live/whshpd.m3u8
广州南国都市,https://tencentplay.gztv.com/live/nanguodushi.m3u8?txSecret=%2A%2A%2A&txTime=191b60b41a7
深圳电视剧,http://nn.7x9d.cn/深圳最新.php?id=szdsj
深圳财经生活,http://nn.7x9d.cn/深圳最新.php?id=szcjsh
深圳移动电视,http://nn.7x9d.cn/深圳最新.php?id=szyd
深圳国际,http://nn.7x9d.cn/深圳最新.php?id=szgj
五华综合,http://p2hs.vzan.com/slowlive/621139761151691240/live.m3u8
韶关新闻综合,https://www.sgmsw.cn/videos/tv/201805/1308/SB05RIYZOU8JR418AUQOF62CAJQ08D0E/hls/live.m3u8
清远新闻综合,http://zmylivestream.nfnews.com/zmy_slive/25319.m3u8
清远文旅生活,http://zmylivestream.nfnews.com/zmy_slive/20811.m3u8
揭阳综合,http://hls-jyrtv.jyrtv.tv/stjy2020/ggpd.m3u8
揭阳生活,http://hls-jyrtv.jyrtv.tv/stjy2020/ggpd.m3u8
湛江综合,http://gbtv-hls-wjq.zjwtv.com/zjtv/zhpd.m3u8
湛江公共,http://gbtv-hls-wjq.zjwtv.com/zjtv/ggpd.m3u8
阳江综合,https://live.yjtvw.com:8081/live/yjtv1.m3u8
阳江生活,https://live.yjtvw.com:8081/live/yjtv2.m3u8
云浮综合,https://livestream.oeeee.com/slive/28283.m3u8
云浮文旅,https://livestream.oeeee.com/slive/28284.m3u8
肇庆综合,http://zmylivestream.nfnews.com/zmy_slive/27872.m3u8
肇庆生活,http://zmylivestream.nfnews.com/zmy_slive/27871.m3u8
怀集综合,https://www.zqhjtv.com/hls/hjzhpd.m3u8
中山综合,http://v.zsbtv.com.cn/lsdream/qTl38me/1000/live.m3u8
揭阳综合高清,http://119.29.142.81:4022/udp/239.77.0.229:5146
揭阳生活高清,http://119.29.142.81:4022/udp/239.77.0.251:5146
汕尾综合高清,http://119.29.142.81:4022/udp/239.77.0.25:5146
汕尾生活高清,http://119.29.142.81:4022/udp/239.77.0.187:5146
汕头生活高清,http://119.29.142.81:4022/udp/239.253.43.46:5146
潮州综合高清,http://119.29.142.81:4022/udp/239.253.43.70:5146
潮州民生高清,http://119.29.142.81:4022/udp/239.253.43.75:5146
经济科教高清,http://119.29.142.81:4022/udp/239.77.0.85:5146
大湾区卫视高清,http://119.29.142.81:4022/udp/239.77.0.215:5146
揭阳综合高清,http://hongzhijiaoyu.net:8188/udp/239.77.0.229:5146
揭阳生活高清,http://hongzhijiaoyu.net:8188/udp/239.77.0.251:5146
汕尾综合高清,http://hongzhijiaoyu.net:8188/udp/239.77.0.25:5146
汕尾生活高清,http://hongzhijiaoyu.net:8188/udp/239.77.0.187:5146
汕头生活高清,http://hongzhijiaoyu.net:8188/udp/239.253.43.46:5146
潮州综合高清,http://hongzhijiaoyu.net:8188/udp/239.253.43.70:5146
潮州民生高清,http://hongzhijiaoyu.net:8188/udp/239.253.43.75:5146
经济科教高清,http://hongzhijiaoyu.net:8188/udp/239.77.0.85:5146
大湾区卫视高清,http://hongzhijiaoyu.net:8188/udp/239.77.0.215:5146
揭阳综合高清,http://lsa.familyds.com:8188/udp/239.77.0.229:5146
揭阳生活高清,http://lsa.familyds.com:8188/udp/239.77.0.251:5146
汕尾综合高清,http://lsa.familyds.com:8188/udp/239.77.0.25:5146
汕尾生活高清,http://lsa.familyds.com:8188/udp/239.77.0.187:5146
汕头生活高清,http://lsa.familyds.com:8188/udp/239.253.43.46:5146
潮州综合高清,http://lsa.familyds.com:8188/udp/239.253.43.70:5146
潮州民生高清,http://lsa.familyds.com:8188/udp/239.253.43.75:5146
经济科教高清,http://lsa.familyds.com:8188/udp/239.77.0.85:5146
大湾区卫视高清,http://lsa.familyds.com:8188/udp/239.77.0.215:5146
揭阳综合高清,http://www.yahao.host:4022/udp/239.77.0.229:5146
揭阳生活高清,http://www.yahao.host:4022/udp/239.77.0.251:5146
汕尾综合高清,http://www.yahao.host:4022/udp/239.77.0.25:5146
汕尾生活高清,http://www.yahao.host:4022/udp/239.77.0.187:5146
汕头生活高清,http://www.yahao.host:4022/udp/239.253.43.46:5146
潮州综合高清,http://www.yahao.host:4022/udp/239.253.43.70:5146
潮州民生高清,http://www.yahao.host:4022/udp/239.253.43.75:5146
经济科教高清,http://www.yahao.host:4022/udp/239.77.0.85:5146
大湾区卫视高清,http://www.yahao.host:4022/udp/239.77.0.215:5146
揭阳综合高清,http://gdyd.7259.cc.cd:4111/udp/239.77.0.229:5146
揭阳生活高清,http://gdyd.7259.cc.cd:4111/udp/239.77.0.251:5146
汕尾综合高清,http://gdyd.7259.cc.cd:4111/udp/239.77.0.25:5146
汕尾生活高清,http://gdyd.7259.cc.cd:4111/udp/239.77.0.187:5146
汕头生活高清,http://gdyd.7259.cc.cd:4111/udp/239.253.43.46:5146
潮州综合高清,http://gdyd.7259.cc.cd:4111/udp/239.253.43.70:5146
潮州民生高清,http://gdyd.7259.cc.cd:4111/udp/239.253.43.75:5146
经济科教高清,http://gdyd.7259.cc.cd:4111/udp/239.77.0.85:5146
大湾区卫视高清,http://gdyd.7259.cc.cd:4111/udp/239.77.0.215:5146
揭阳综合高清,http://gdyd.7259.cc.cd:4014/udp/239.77.0.229:5146
揭阳生活高清,http://gdyd.7259.cc.cd:4014/udp/239.77.0.251:5146
汕尾综合高清,http://gdyd.7259.cc.cd:4014/udp/239.77.0.25:5146
汕尾生活高清,http://gdyd.7259.cc.cd:4014/udp/239.77.0.187:5146
汕头生活高清,http://gdyd.7259.cc.cd:4014/udp/239.253.43.46:5146
潮州综合高清,http://gdyd.7259.cc.cd:4014/udp/239.253.43.70:5146
潮州民生高清,http://gdyd.7259.cc.cd:4014/udp/239.253.43.75:5146
经济科教高清,http://gdyd.7259.cc.cd:4014/udp/239.77.0.85:5146
大湾区卫视高清,http://gdyd.7259.cc.cd:4014/udp/239.77.0.215:5146
揭阳综合高清,http://www.syy3.top:3861/udp/239.77.0.229:5146
揭阳生活高清,http://www.syy3.top:3861/udp/239.77.0.251:5146
汕尾综合高清,http://www.syy3.top:3861/udp/239.77.0.25:5146
汕尾生活高清,http://www.syy3.top:3861/udp/239.77.0.187:5146
汕头生活高清,http://www.syy3.top:3861/udp/239.253.43.46:5146
潮州综合高清,http://www.syy3.top:3861/udp/239.253.43.70:5146
潮州民生高清,http://www.syy3.top:3861/udp/239.253.43.75:5146
经济科教高清,http://www.syy3.top:3861/udp/239.77.0.85:5146
大湾区卫视高清,http://www.syy3.top:3861/udp/239.77.0.215:5146
揭阳综合高清,http://lbyjlt.vv5678.cn:8880/udp/239.77.0.229:5146
揭阳生活高清,http://lbyjlt.vv5678.cn:8880/udp/239.77.0.251:5146
汕尾综合高清,http://lbyjlt.vv5678.cn:8880/udp/239.77.0.25:5146
汕尾生活高清,http://lbyjlt.vv5678.cn:8880/udp/239.77.0.187:5146
汕头生活高清,http://lbyjlt.vv5678.cn:8880/udp/239.253.43.46:5146
潮州综合高清,http://lbyjlt.vv5678.cn:8880/udp/239.253.43.70:5146
潮州民生高清,http://lbyjlt.vv5678.cn:8880/udp/239.253.43.75:5146
经济科教高清,http://lbyjlt.vv5678.cn:8880/udp/239.77.0.85:5146
大湾区卫视高清,http://lbyjlt.vv5678.cn:8880/udp/239.77.0.215:5146
揭阳综合高清,http://plex.cyruslee.top:8888/udp/239.77.0.229:5146
揭阳生活高清,http://plex.cyruslee.top:8888/udp/239.77.0.251:5146
汕尾综合高清,http://plex.cyruslee.top:8888/udp/239.77.0.25:5146
汕尾生活高清,http://plex.cyruslee.top:8888/udp/239.77.0.187:5146
汕头生活高清,http://plex.cyruslee.top:8888/udp/239.253.43.46:5146
潮州综合高清,http://plex.cyruslee.top:8888/udp/239.253.43.70:5146
潮州民生高清,http://plex.cyruslee.top:8888/udp/239.253.43.75:5146
经济科教高清,http://plex.cyruslee.top:8888/udp/239.77.0.85:5146
大湾区卫视高清,http://plex.cyruslee.top:8888/udp/239.77.0.215:5146
揭阳综合高清,http://jellyfin.cyruslee.top:8888/udp/239.77.0.229:5146
揭阳生活高清,http://jellyfin.cyruslee.top:8888/udp/239.77.0.251:5146
汕尾综合高清,http://jellyfin.cyruslee.top:8888/udp/239.77.0.25:5146
汕尾生活高清,http://jellyfin.cyruslee.top:8888/udp/239.77.0.187:5146
汕头生活高清,http://jellyfin.cyruslee.top:8888/udp/239.253.43.46:5146
潮州综合高清,http://jellyfin.cyruslee.top:8888/udp/239.253.43.70:5146
潮州民生高清,http://jellyfin.cyruslee.top:8888/udp/239.253.43.75:5146
经济科教高清,http://jellyfin.cyruslee.top:8888/udp/239.77.0.85:5146
大湾区卫视高清,http://jellyfin.cyruslee.top:8888/udp/239.77.0.215:5146
揭阳综合高清,http://www.3344.uk:8888/udp/239.77.0.229:5146
揭阳生活高清,http://www.3344.uk:8888/udp/239.77.0.251:5146
汕尾综合高清,http://www.3344.uk:8888/udp/239.77.0.25:5146
汕尾生活高清,http://www.3344.uk:8888/udp/239.77.0.187:5146
汕头生活高清,http://www.3344.uk:8888/udp/239.253.43.46:5146
潮州综合高清,http://www.3344.uk:8888/udp/239.253.43.70:5146
潮州民生高清,http://www.3344.uk:8888/udp/239.253.43.75:5146
经济科教高清,http://www.3344.uk:8888/udp/239.77.0.85:5146
大湾区卫视高清,http://www.3344.uk:8888/udp/239.77.0.215:5146
揭阳综合高清,http://ikuai.cyruslee.top:8888/udp/239.77.0.229:5146
揭阳生活高清,http://ikuai.cyruslee.top:8888/udp/239.77.0.251:5146
汕尾综合高清,http://ikuai.cyruslee.top:8888/udp/239.77.0.25:5146
汕尾生活高清,http://ikuai.cyruslee.top:8888/udp/239.77.0.187:5146
汕头生活高清,http://ikuai.cyruslee.top:8888/udp/239.253.43.46:5146
潮州综合高清,http://ikuai.cyruslee.top:8888/udp/239.253.43.70:5146
潮州民生高清,http://ikuai.cyruslee.top:8888/udp/239.253.43.75:5146
经济科教高清,http://ikuai.cyruslee.top:8888/udp/239.77.0.85:5146
大湾区卫视高清,http://ikuai.cyruslee.top:8888/udp/239.77.0.215:5146
揭阳综合高清,http://yanshifen.top:8889/udp/239.77.0.229:5146
揭阳生活高清,http://yanshifen.top:8889/udp/239.77.0.251:5146
汕尾综合高清,http://yanshifen.top:8889/udp/239.77.0.25:5146
汕尾生活高清,http://yanshifen.top:8889/udp/239.77.0.187:5146
汕头生活高清,http://yanshifen.top:8889/udp/239.253.43.46:5146
潮州综合高清,http://yanshifen.top:8889/udp/239.253.43.70:5146
潮州民生高清,http://yanshifen.top:8889/udp/239.253.43.75:5146
经济科教高清,http://yanshifen.top:8889/udp/239.77.0.85:5146
大湾区卫视高清,http://yanshifen.top:8889/udp/239.77.0.215:5146
揭阳综合高清,http://www.maomizi.cn:9527/udp/239.77.0.229:5146
揭阳生活高清,http://www.maomizi.cn:9527/udp/239.77.0.251:5146
汕尾综合高清,http://www.maomizi.cn:9527/udp/239.77.0.25:5146
汕尾生活高清,http://www.maomizi.cn:9527/udp/239.77.0.187:5146
汕头生活高清,http://www.maomizi.cn:9527/udp/239.253.43.46:5146
潮州综合高清,http://www.maomizi.cn:9527/udp/239.253.43.70:5146
潮州民生高清,http://www.maomizi.cn:9527/udp/239.253.43.75:5146
经济科教高清,http://www.maomizi.cn:9527/udp/239.77.0.85:5146
大湾区卫视高清,http://www.maomizi.cn:9527/udp/239.77.0.215:5146
揭阳综合高清,http://61.145.188.90:50055/udp/239.77.0.229:5146
揭阳生活高清,http://61.145.188.90:50055/udp/239.77.0.251:5146
汕尾综合高清,http://61.145.188.90:50055/udp/239.77.0.25:5146
汕尾生活高清,http://61.145.188.90:50055/udp/239.77.0.187:5146
汕头生活高清,http://61.145.188.90:50055/udp/239.253.43.46:5146
潮州综合高清,http://61.145.188.90:50055/udp/239.253.43.70:5146
潮州民生高清,http://61.145.188.90:50055/udp/239.253.43.75:5146
经济科教高清,http://61.145.188.90:50055/udp/239.77.0.85:5146
大湾区卫视高清,http://61.145.188.90:50055/udp/239.77.0.215:5146
欢笑剧场4K,http://111.29.9.33:6610/000000001000/5000000002000009455/index.m3u8?channel-id=bestzb&Contentid=5000000002000009455&livemode=1&stbId=3
游戏风云,http://111.29.9.33:6610/000000001000/5000000011000031114/index.m3u8?channel-id=bestzb&Contentid=5000000011000031114&livemode=1&stbId=3
纯享4K,http://111.29.9.33:6610/000000001000/1000000004000011651/index.m3u8?channel-id=bestzb&Contentid=1000000004000011651&livemode=1&stbId=3
CCTV1综合超清,rtsp://183.59.56.116:554/PLTV/88888905/224/3221227610/10000100000000060000000004462931_0.smil?0=&accountinfo=~~V2.0~jrJOUmzk157kD2TdQGpdFA~zJeEdQQK6GK7r2Q5jZjxjKYhZiHklGs8wg1XyXUSKdk5d8f2s2AYjzO2-qcyDeaExan3Pra4cuU_Whoju6BKGf666OGX7-GKwJrfpZjwyfM~ExtInfoWNHSPSTb+3AG0FnUkYLPMw%3D-1%2C0%2C1%2C%2C%2C2%2C%2C%2C%2C2%2CEND&GuardEncType=2
CCTV17农业农村高清,rtsp://183.59.56.116:554/PLTV/88888905/224/3221229870/10000100000000060000000010232873_0.smil?0=&accountinfo=~~V2.0~hr_lPp5U_a_DAbe9aVJFVA~zJeEdQQK6GK7r2Q5jZjxjKYhZiHklGs8wg1XyXUSKdk5d8f2s2AYjzO2-qcyDeaExan3Pra4cuU_Whoju6BKGf666OGX7-GKwJrfpZjwyfM~ExtInfoWNHSPSTb+3AG0FnUkYLPMw%3D-1%2C0%2C1%2C%2C%2C2%2C%2C%2C%2C2%2CEND&GuardEncType=2
广东综艺4K,rtsp://183.59.56.116:554/PLTV/88888905/224/3221229717/10000100000000060000000008643415_0.smil?0=&accountinfo=~~V2.0~5eD1tRLue3bsAGvSDf20HA~zJeEdQQK6GK7r2Q5jZjxjKYhZiHklGs8wg1XyXUSKdk5d8f2s2AYjzO2-qcyDeaExan3Pra4cuU_Whoju6BKGf666OGX7-GKwJrfpZjwyfM~ExtInfoWNHSPSTb+3AG0FnUkYLPMw%3D-1%2C0%2C1%2C%2C%2C2%2C%2C%2C%2C2%2CEND&GuardEncType=2
广东综艺4K,rtsp://183.59.56.116:554/PLTV/88888905/224/3221229713/10000100000000060000000008646185_0.smil?0=&accountinfo=~~V2.0~G5fEQeO2yT2LgijcyazKdg~zJeEdQQK6GK7r2Q5jZjxjKYhZiHklGs8wg1XyXUSKdk5d8f2s2AYjzO2-qcyDeaExan3Pra4cuU_Whoju6BKGf666OGX7-GKwJrfpZjwyfM~ExtInfoWNHSPSTb+3AG0FnUkYLPMw%3D-1%2C0%2C1%2C%2C%2C2%2C%2C%2C%2C2%2CEND&GuardEncType=2
经济科教超清,rtsp://183.59.56.116:554/PLTV/88888905/224/3221227811/10000100000000060000000005076860_0.smil?0=&accountinfo=~~V2.0~48XOVHB4fc_HwuvjgY3xFw~zJeEdQQK6GK7r2Q5jZjxjKYhZiHklGs8wg1XyXUSKdk5d8f2s2AYjzO2-qcyDeaExan3Pra4cuU_Whoju6BKGf666OGX7-GKwJrfpZjwyfM~ExtInfoWNHSPSTb+3AG0FnUkYLPMw%3D-1%2C0%2C1%2C%2C%2C2%2C%2C%2C%2C2%2CEND&GuardEncType=2
经济科教高清,rtsp://183.59.56.116:554/PLTV/88888905/224/3221227238/10000100000000060000000000987130_0.smil?0=&accountinfo=~~V2.0~yU3xvT9RGErxisUE0wkmkg~zJeEdQQK6GK7r2Q5jZjxjKYhZiHklGs8wg1XyXUSKdk5d8f2s2AYjzO2-qcyDeaExan3Pra4cuU_Whoju6BKGf666OGX7-GKwJrfpZjwyfM~ExtInfoWNHSPSTb+3AG0FnUkYLPMw%3D-1%2C0%2C1%2C%2C%2C2%2C%2C%2C%2C2%2CEND&GuardEncType=2
大湾区卫视高清,rtsp://183.59.56.116:554/PLTV/88888905/224/3221230001/10000100000000060000000011293289_0.smil?0=&accountinfo=~~V2.0~iKe-NYf8wqbfEoP3btv9QA~zJeEdQQK6GK7r2Q5jZjxjKYhZiHklGs8wg1XyXUSKdk5d8f2s2AYjzO2-qcyDeaExan3Pra4cuU_Whoju6BKGf666OGX7-GKwJrfpZjwyfM~ExtInfoWNHSPSTb+3AG0FnUkYLPMw%3D-1%2C0%2C1%2C%2C%2C2%2C%2C%2C%2C2%2CEND&GuardEncType=2
湖南茶,rtsp://183.59.56.116:554/PLTV/88888905/224/3221229888/10000100000000060000000010323146_0.smil?0=&accountinfo=~~V2.0~MhQ6ZyeRjk5mta22OM89Dw~zJeEdQQK6GK7r2Q5jZjxjKYhZiHklGs8wg1XyXUSKdk5d8f2s2AYjzO2-qcyDeaExan3Pra4cuU_Whoju6BKGf666OGX7-GKwJrfpZjwyfM~ExtInfoWNHSPSTb+3AG0FnUkYLPMw%3D-1%2C0%2C1%2C%2C%2C2%2C%2C%2C%2C2%2CEND&GuardEncType=2
央视精品高清,rtsp://183.59.56.116:554/PLTV/88888905/224/3221230012/10000100000000060000000011037429_0.smil?0=&accountinfo=~~V2.0~bwc4e8DirJRb8Zg3L8Qr4A~zJeEdQQK6GK7r2Q5jZjxjKYhZiHklGs8wg1XyXUSKdk5d8f2s2AYjzO2-qcyDeaExan3Pra4cuU_Whoju6BKGf666OGX7-GKwJrfpZjwyfM~ExtInfoWNHSPSTb+3AG0FnUkYLPMw%3D-1%2C0%2C1%2C%2C%2C2%2C%2C%2C%2C2%2CEND&GuardEncType=2
IPTV谍战剧场,rtsp://183.59.56.116:554/PLTV/88888905/224/3221227158/10000100000000060000000000937867_0.smil?0=&accountinfo=~~V2.0~DrPxmKDwQZeAvzANz-MGng~zJeEdQQK6GK7r2Q5jZjxjKYhZiHklGs8wg1XyXUSKdk5d8f2s2AYjzO2-qcyDeaExan3Pra4cuU_Whoju6BKGf666OGX7-GKwJrfpZjwyfM~ExtInfoWNHSPSTb+3AG0FnUkYLPMw%3D-1%2C0%2C1%2C%2C%2C2%2C%2C%2C%2C2%2CEND&GuardEncType=2
极K精选,rtsp://183.59.56.116:554/PLTV/88888905/224/3221228304/10000100000000060000000008188821_0.smil?0=&accountinfo=~~V2.0~8-1sixSy3h6EVYxRzBr1rw~zJeEdQQK6GK7r2Q5jZjxjKYhZiHklGs8wg1XyXUSKdk5d8f2s2AYjzO2-qcyDeaExan3Pra4cuU_Whoju6BKGf666OGX7-GKwJrfpZjwyfM~ExtInfoWNHSPSTb+3AG0FnUkYLPMw%3D-1%2C0%2C1%2C%2C%2C2%2C%2C%2C%2C2%2CEND&GuardEncType=2
精选4k频道1,rtsp://183.59.56.116:554/PLTV/88888905/224/3221228307/10000100000000060000000008189136_0.smil?0=&accountinfo=~~V2.0~Aqd3ciY3-pzJVhUaGjQUaw~zJeEdQQK6GK7r2Q5jZjxjKYhZiHklGs8wg1XyXUSKdk5d8f2s2AYjzO2-qcyDeaExan3Pra4cuU_Whoju6BKGf666OGX7-GKwJrfpZjwyfM~ExtInfoWNHSPSTb+3AG0FnUkYLPMw%3D-1%2C0%2C1%2C%2C%2C2%2C%2C%2C%2C2%2CEND&GuardEncType=2
精选4k频道2,rtsp://183.59.56.116:554/PLTV/88888905/224/3221228179/10000100000000060000000008189131_0.smil?0=&accountinfo=~~V2.0~l0PMxMTr89VnbogvGkhHKQ~zJeEdQQK6GK7r2Q5jZjxjKYhZiHklGs8wg1XyXUSKdk5d8f2s2AYjzO2-qcyDeaExan3Pra4cuU_Whoju6BKGf666OGX7-GKwJrfpZjwyfM~ExtInfoWNHSPSTb+3AG0FnUkYLPMw%3D-1%2C0%2C1%2C%2C%2C2%2C%2C%2C%2C2%2CEND&GuardEncType=2
精选4k频道3,rtsp://183.59.56.116:554/PLTV/88888905/224/3221229891/10000100000000060000000009714024_0.smil?0=&accountinfo=~~V2.0~wh4GzNmJ9Ru12FmJnUao9A~zJeEdQQK6GK7r2Q5jZjxjKYhZiHklGs8wg1XyXUSKdk5d8f2s2AYjzO2-qcyDeaExan3Pra4cuU_Whoju6BKGf666OGX7-GKwJrfpZjwyfM~ExtInfoWNHSPSTb+3AG0FnUkYLPMw%3D-1%2C0%2C1%2C%2C%2C2%2C%2C%2C%2C2%2CEND&GuardEncType=2
CCTV17农业农村,http://120.87.19.109:80/PLTV/88888973/224/3221226566/10000100000000060000000001504118_0.smil/01.m3u8?fmt=ts2hls%2C244%2C01.m3u8&accountinfo=UoQbCSdhOfs+Fhzpjb+WON1faRQ9pU15SBx6EULzJM%2Fq63EjPL5%2FUXSVfEKzDq3xtFnctJrkiKHr8oB0uQYIlwWZ1F4+6A1eDkDeh5XZlpvpn23wIF+ldb6dnBPa8zHj%2CEND&tenantId=8601
CCTV17农业农村,http://120.87.19.109:80/PLTV/88888973/224/3221226661/10000100000000060000000002070294_0.smil/01.m3u8?fmt=ts2hls%2C244%2C01.m3u8&accountinfo=UoQbCSdhOfs+Fhzpjb+WON1faRQ9pU15SBx6EULzJM%2Fq63EjPL5%2FUXSVfEKzDq3xoj3A5%2F8wu6VAt6xdVUR8JAWZ1F4+6A1eDkDeh5XZlpvpn23wIF+ldb6dnBPa8zHj%2CEND&tenantId=8601
CGTN,http://120.87.19.109:80/PLTV/88888973/224/3221225718/10000100000000060000000000334622_0.smil/01.m3u8?fmt=ts2hls%2C244%2C01.m3u8&accountinfo=UoQbCSdhOfs+Fhzpjb+WON1faRQ9pU15SBx6EULzJM%2Fq63EjPL5%2FUXSVfEKzDq3xXxOwiUWK0jN7fiwrWDIrngWZ1F4+6A1eDkDeh5XZlpvpn23wIF+ldb6dnBPa8zHj%2CEND&tenantId=8601
现代教育,http://120.87.19.109:80/PLTV/88888973/224/3221225733/10000100000000060000000000334513_0.smil/01.m3u8?fmt=ts2hls%2C244%2C01.m3u8&accountinfo=UoQbCSdhOfs+Fhzpjb+WON1faRQ9pU15SBx6EULzJM%2Fq63EjPL5%2FUXSVfEKzDq3xYBA53ZUw8cnNtR6tkC1LvwWZ1F4+6A1eDkDeh5XZlpvpn23wIF+ldb6dnBPa8zHj%2CEND&tenantId=8601
广东移动,http://120.87.19.109:80/PLTV/88888973/224/3221225735/10000100000000060000000000334521_0.smil/01.m3u8?fmt=ts2hls%2C244%2C01.m3u8&accountinfo=UoQbCSdhOfs+Fhzpjb+WON1faRQ9pU15SBx6EULzJM%2Fq63EjPL5%2FUXSVfEKzDq3xac2Tz1LbawS0nQTUx5xlhgWZ1F4+6A1eDkDeh5XZlpvpn23wIF+ldb6dnBPa8zHj%2CEND&tenantId=8601
大湾区卫视高清,http://120.87.19.109:80/PLTV/88888973/224/3221226652/10000100000000060000000002048490_0.smil/01.m3u8?fmt=ts2hls%2C244%2C01.m3u8&accountinfo=UoQbCSdhOfs+Fhzpjb+WON1faRQ9pU15SBx6EULzJM%2Fq63EjPL5%2FUXSVfEKzDq3xMHW1tjwnl0hJmHSj2CHsoQWZ1F4+6A1eDkDeh5XZlpvpn23wIF+ldb6dnBPa8zHj%2CEND&tenantId=8601
现代教育高清,http://120.87.19.109:80/PLTV/88888973/224/3221226659/10000100000000060000000002087529_0.smil/01.m3u8?fmt=ts2hls%2C244%2C01.m3u8&accountinfo=UoQbCSdhOfs+Fhzpjb+WON1faRQ9pU15SBx6EULzJM%2Fq63EjPL5%2FUXSVfEKzDq3x4ueQPqp0KboFFSNLhSLVlAWZ1F4+6A1eDkDeh5XZlpvpn23wIF+ldb6dnBPa8zHj%2CEND&tenantId=8601
南方购物高清,http://120.87.19.109:80/PLTV/88888973/224/3221225729/10000100000000060000000000334202_0.smil/01.m3u8?fmt=ts2hls%2C244%2C01.m3u8&accountinfo=UoQbCSdhOfs+Fhzpjb+WON1faRQ9pU15SBx6EULzJM%2Fq63EjPL5%2FUXSVfEKzDq3xH9Jpu3L3z3i+iievwbHtSwWZ1F4+6A1eDkDeh5XZlpvpn23wIF+ldb6dnBPa8zHj%2CEND&tenantId=8601
佛山城市生活,http://120.87.19.109:80/PLTV/88888973/224/3221226674/10000100000000060000000002162257_0.smil/01.m3u8?fmt=ts2hls%2C244%2C01.m3u8&accountinfo=UoQbCSdhOfs+Fhzpjb+WON1faRQ9pU15SBx6EULzJM%2Fq63EjPL5%2FUXSVfEKzDq3xR4Hgn6H7YTzGhQnkp+jIuAWZ1F4+6A1eDkDeh5XZlpvpn23wIF+ldb6dnBPa8zHj%2CEND&tenantId=8601
顺德频道,http://120.87.19.109:80/PLTV/88888973/224/3221226671/10000100000000060000000002162262_0.smil/01.m3u8?fmt=ts2hls%2C244%2C01.m3u8&accountinfo=UoQbCSdhOfs+Fhzpjb+WON1faRQ9pU15SBx6EULzJM%2Fq63EjPL5%2FUXSVfEKzDq3x3ln3Y+VpW9CBwil%2F8c5p1wWZ1F4+6A1eDkDeh5XZlpvpn23wIF+ldb6dnBPa8zHj%2CEND&tenantId=8601
南海频道,http://120.87.19.109:80/PLTV/88888973/224/3221226687/10000100000000060000000002162261_0.smil/01.m3u8?fmt=ts2hls%2C244%2C01.m3u8&accountinfo=UoQbCSdhOfs+Fhzpjb+WON1faRQ9pU15SBx6EULzJM%2Fq63EjPL5%2FUXSVfEKzDq3xJ21SRMCn8pjhXp4fHukMzAWZ1F4+6A1eDkDeh5XZlpvpn23wIF+ldb6dnBPa8zHj%2CEND&tenantId=8601
南海频道,http://120.87.19.109:80/PLTV/88888973/224/3221226677/10000100000000060000000002331997_0.smil/01.m3u8?fmt=ts2hls%2C244%2C01.m3u8&accountinfo=UoQbCSdhOfs+Fhzpjb+WON1faRQ9pU15SBx6EULzJM%2Fq63EjPL5%2FUXSVfEKzDq3xjSh3WlL7nEScMtckLUAiWwWZ1F4+6A1eDkDeh5XZlpvpn23wIF+ldb6dnBPa8zHj%2CEND&tenantId=8601
中山综合,http://120.87.19.109:80/PLTV/88888973/224/3221226358/10000100000000060000000001483642_0.smil/01.m3u8?fmt=ts2hls%2C244%2C01.m3u8&accountinfo=UoQbCSdhOfs+Fhzpjb+WON1faRQ9pU15SBx6EULzJM%2Fq63EjPL5%2FUXSVfEKzDq3xghbfSvuOBNxo+cbfbI6ZkwWZ1F4+6A1eDkDeh5XZlpvpn23wIF+ldb6dnBPa8zHj%2CEND&tenantId=8601
河源生活,http://120.87.19.109:80/PLTV/88888973/224/3221226605/10000100000000060000000001565708_0.smil/01.m3u8?fmt=ts2hls%2C244%2C01.m3u8&accountinfo=UoQbCSdhOfs+Fhzpjb+WON1faRQ9pU15SBx6EULzJM%2Fq63EjPL5%2FUXSVfEKzDq3xrakgNzbBuZb9vE9HF2GwxwWZ1F4+6A1eDkDeh5XZlpvpn23wIF+ldb6dnBPa8zHj%2CEND&tenantId=8601
广东4K超高清,http://120.87.19.109:80/PLTV/88888973/224/3221226174/10000100000000060000000001154677_0.smil/01.m3u8?fmt=ts2hls%2C244%2C01.m3u8&accountinfo=UoQbCSdhOfs+Fhzpjb+WON1faRQ9pU15SBx6EULzJM%2Fq63EjPL5%2FUXSVfEKzDq3x4UkbXKcapLOgFYJqWYNSGwWZ1F4+6A1eDkDeh5XZlpvpn23wIF+ldb6dnBPa8zHj%2CEND&tenantId=8601
广东卫视4K超高清,http://120.87.19.109:80/PLTV/88888973/224/3221226699/371163697.smil/01.m3u8?fmt=ts2hls%2C244%2C01.m3u8&accountinfo=BAu%2F5zTaVrkoGICQ1wEADqMjYPEYXfbq2K4J1dawqo%2Fm9ZdRmhvNMrOvsUD5pWqRN1tthQ66pBQpydKlEh9MxQ0BBxWMug8wEMJJkioKXVWTPfznWbMXUWJ+TPvJfJCC%2CEND&tenantId=8601
央视文件精品,http://120.87.4.28:80/PLTV/88888973/224/3221226630/10000100000000060000000001611768_0.smil/01.m3u8?fmt=ts2hls%2C1666%2C01.m3u8%2C0%2C8595%2C0%2C0&accountinfo=7P9%2FPZjGeZIv%2BPttGdhw9SUy2v3weVxkOFl4CStfwsmewrvbU%2BvTaJ7Lkzv1z4jOn%2B0dkbQrULk4SIIAa2yxwgWZ1F4%2B6A1eDkDeh5XZlpvpn23wIF%2Bldb6dnBPa8zHj%2CEND&GuardEncType=2&tenantId=8601
中央新影中学生,http://120.87.19.109:80/PLTV/88888973/224/3221226156/10000100000000060000000001091890_0.smil/01.m3u8?fmt=ts2hls%2C244%2C01.m3u8&accountinfo=UoQbCSdhOfs+Fhzpjb+WON1faRQ9pU15SBx6EULzJM%2Fq63EjPL5%2FUXSVfEKzDq3x1o%2FdTJ2oOnqcV3AMgoI2qwWZ1F4+6A1eDkDeh5XZlpvpn23wIF+ldb6dnBPa8zHj%2CEND&tenantId=8601
中央新影老故事,http://120.87.19.109:80/PLTV/88888973/224/3221226159/10000100000000060000000001091893_0.smil/01.m3u8?fmt=ts2hls%2C244%2C01.m3u8&accountinfo=UoQbCSdhOfs+Fhzpjb+WON1faRQ9pU15SBx6EULzJM%2Fq63EjPL5%2FUXSVfEKzDq3xG%2FzlBC%2FgEAbbAHNiozXC4gWZ1F4+6A1eDkDeh5XZlpvpn23wIF+ldb6dnBPa8zHj%2CEND&tenantId=8601
国学频道,http://120.87.19.109:80/PLTV/88888973/224/3221226152/10000100000000060000000001091886_0.smil/01.m3u8?fmt=ts2hls%2C244%2C01.m3u8&accountinfo=UoQbCSdhOfs+Fhzpjb+WON1faRQ9pU15SBx6EULzJM%2Fq63EjPL5%2FUXSVfEKzDq3xLmjl3wapWOmUFufQ092DbAWZ1F4+6A1eDkDeh5XZlpvpn23wIF+ldb6dnBPa8zHj%2CEND&tenantId=8601
汽摩,http://120.87.19.109:80/PLTV/88888973/224/3221226163/10000100000000060000000001091897_0.smil/01.m3u8?fmt=ts2hls%2C244%2C01.m3u8&accountinfo=UoQbCSdhOfs+Fhzpjb+WON1faRQ9pU15SBx6EULzJM%2Fq63EjPL5%2FUXSVfEKzDq3xGfeW2XHhip3wQVyafxZqVQWZ1F4+6A1eDkDeh5XZlpvpn23wIF+ldb6dnBPa8zHj%2CEND&tenantId=8601
财富天下,http://120.87.19.109:80/PLTV/88888973/224/3221225702/10000100000000060000000000334135_0.smil/01.m3u8?fmt=ts2hls%2C244%2C01.m3u8&accountinfo=UoQbCSdhOfs+Fhzpjb+WON1faRQ9pU15SBx6EULzJM%2Fq63EjPL5%2FUXSVfEKzDq3xZbRnfkWTmDjMrdJCwmABtgWZ1F4+6A1eDkDeh5XZlpvpn23wIF+ldb6dnBPa8zHj%2CEND&tenantId=8601
IPTV3+,http://120.87.19.109:80/PLTV/88888973/224/3221226111/10000100000000060000000000916593_0.smil/01.m3u8?fmt=ts2hls%2C244%2C01.m3u8&accountinfo=UoQbCSdhOfs+Fhzpjb+WON1faRQ9pU15SBx6EULzJM%2Fq63EjPL5%2FUXSVfEKzDq3xvdPvmLULxwqOAOKlM7QPQwWZ1F4+6A1eDkDeh5XZlpvpn23wIF+ldb6dnBPa8zHj%2CEND&tenantId=8601
IPTV5+,http://120.87.19.109:80/PLTV/88888973/224/3221225704/10000100000000060000000000334519_0.smil/01.m3u8?fmt=ts2hls%2C244%2C01.m3u8&accountinfo=UoQbCSdhOfs+Fhzpjb+WON1faRQ9pU15SBx6EULzJM%2Fq63EjPL5%2FUXSVfEKzDq3xKiJ39ALm4IEi1K6VfL5dlQWZ1F4+6A1eDkDeh5XZlpvpn23wIF+ldb6dnBPa8zHj%2CEND&tenantId=8601
IPTV5+,http://120.87.19.109:80/PLTV/88888973/224/3221226112/10000100000000060000000000916596_0.smil/01.m3u8?fmt=ts2hls%2C244%2C01.m3u8&accountinfo=UoQbCSdhOfs+Fhzpjb+WON1faRQ9pU15SBx6EULzJM%2Fq63EjPL5%2FUXSVfEKzDq3x5km3G4KQxJmhfN%2FURwqZZwWZ1F4+6A1eDkDeh5XZlpvpn23wIF+ldb6dnBPa8zHj%2CEND&tenantId=8601
IPTV6+,http://120.87.19.109:80/PLTV/88888973/224/3221226107/10000100000000060000000000916409_0.smil/01.m3u8?fmt=ts2hls%2C244%2C01.m3u8&accountinfo=UoQbCSdhOfs+Fhzpjb+WON1faRQ9pU15SBx6EULzJM%2Fq63EjPL5%2FUXSVfEKzDq3xFRvH7tTazEOh2VrmQaDwZQWZ1F4+6A1eDkDeh5XZlpvpn23wIF+ldb6dnBPa8zHj%2CEND&tenantId=8601
IPTV8+,http://120.87.19.109:80/PLTV/88888973/224/3221226109/10000100000000060000000000916552_0.smil/01.m3u8?fmt=ts2hls%2C244%2C01.m3u8&accountinfo=UoQbCSdhOfs+Fhzpjb+WON1faRQ9pU15SBx6EULzJM%2Fq63EjPL5%2FUXSVfEKzDq3xKRuQBUi2Kj6p2qh4Y4F56wWZ1F4+6A1eDkDeh5XZlpvpn23wIF+ldb6dnBPa8zHj%2CEND&tenantId=8601
IPTV谍战剧场,http://120.87.19.109:80/PLTV/88888973/224/3221226103/10000100000000060000000000915850_0.smil/01.m3u8?fmt=ts2hls%2C244%2C01.m3u8&accountinfo=UoQbCSdhOfs+Fhzpjb+WON1faRQ9pU15SBx6EULzJM%2Fq63EjPL5%2FUXSVfEKzDq3xcJdPZlViEIlmfjFa1TrI%2FAWZ1F4+6A1eDkDeh5XZlpvpn23wIF+ldb6dnBPa8zHj%2CEND&tenantId=8601
IPTV野外,http://120.87.19.109:80/PLTV/88888973/224/3221226105/10000100000000060000000000916304_0.smil/01.m3u8?fmt=ts2hls%2C244%2C01.m3u8&accountinfo=UoQbCSdhOfs+Fhzpjb+WON1faRQ9pU15SBx6EULzJM%2Fq63EjPL5%2FUXSVfEKzDq3xfUdZT7MmQJyS8ep7CqA4WgWZ1F4+6A1eDkDeh5XZlpvpn23wIF+ldb6dnBPa8zHj%2CEND&tenantId=8601
IPTV法治,http://120.87.19.109:80/PLTV/88888973/224/3221226106/10000100000000060000000000916322_0.smil/01.m3u8?fmt=ts2hls%2C244%2C01.m3u8&accountinfo=UoQbCSdhOfs+Fhzpjb+WON1faRQ9pU15SBx6EULzJM%2Fq63EjPL5%2FUXSVfEKzDq3xoDewg4L8ksJ3YiRkl8BcxAWZ1F4+6A1eDkDeh5XZlpvpn23wIF+ldb6dnBPa8zHj%2CEND&tenantId=8601
IPTV热播剧场,http://120.87.19.109:80/PLTV/88888973/224/3221226110/10000100000000060000000000916570_0.smil/01.m3u8?fmt=ts2hls%2C244%2C01.m3u8&accountinfo=UoQbCSdhOfs+Fhzpjb+WON1faRQ9pU15SBx6EULzJM%2Fq63EjPL5%2FUXSVfEKzDq3xmvWv924NbQBmQETGze1P2wWZ1F4+6A1eDkDeh5XZlpvpn23wIF+ldb6dnBPa8zHj%2CEND&tenantId=8601
IPTV少儿动画,http://120.87.19.109:80/PLTV/88888973/224/3221226113/10000100000000060000000000916600_0.smil/01.m3u8?fmt=ts2hls%2C244%2C01.m3u8&accountinfo=UoQbCSdhOfs+Fhzpjb+WON1faRQ9pU15SBx6EULzJM%2Fq63EjPL5%2FUXSVfEKzDq3xBJXpL3WoRxzspPhVVTBH2gWZ1F4+6A1eDkDeh5XZlpvpn23wIF+ldb6dnBPa8zHj%2CEND&tenantId=8601
IPTV魅力时尚,http://120.87.19.109:80/PLTV/88888973/224/3221226114/10000100000000060000000000916601_0.smil/01.m3u8?fmt=ts2hls%2C244%2C01.m3u8&accountinfo=UoQbCSdhOfs+Fhzpjb+WON1faRQ9pU15SBx6EULzJM%2Fq63EjPL5%2FUXSVfEKzDq3xyAZqQncaMIpoDGOQGpSitwWZ1F4+6A1eDkDeh5XZlpvpn23wIF+ldb6dnBPa8zHj%2CEND&tenantId=8601
IPTV相声小品,http://120.87.19.109:80/PLTV/88888973/224/3221226117/10000100000000060000000000923560_0.smil/01.m3u8?fmt=ts2hls%2C244%2C01.m3u8&accountinfo=UoQbCSdhOfs+Fhzpjb+WON1faRQ9pU15SBx6EULzJM%2Fq63EjPL5%2FUXSVfEKzDq3xEO3+%2FHUASYdMqe%2FyIpNQpAWZ1F4+6A1eDkDeh5XZlpvpn23wIF+ldb6dnBPa8zHj%2CEND&tenantId=8601
IPTV影视推荐,http://120.87.19.109:80/PLTV/88888973/224/3221226642/10000100000000060000000001651528_0.smil/01.m3u8?fmt=ts2hls%2C244%2C01.m3u8&accountinfo=UoQbCSdhOfs+Fhzpjb+WON1faRQ9pU15SBx6EULzJM%2Fq63EjPL5%2FUXSVfEKzDq3xFdrNhysJZELyENzfIw6pSwWZ1F4+6A1eDkDeh5XZlpvpn23wIF+ldb6dnBPa8zHj%2CEND&tenantId=8601
IPTV影视推荐,http://120.87.19.109:80/PLTV/88888973/224/3221225700/10000100000000060000000000334090_0.smil/01.m3u8?fmt=ts2hls%2C244%2C01.m3u8&accountinfo=UoQbCSdhOfs+Fhzpjb+WON1faRQ9pU15SBx6EULzJM%2Fq63EjPL5%2FUXSVfEKzDq3xufAPueXmZZnKoRUBEa+%2FhAWZ1F4+6A1eDkDeh5XZlpvpn23wIF+ldb6dnBPa8zHj%2CEND&tenantId=8601
浙江卫视4k,http://120.87.19.109:80/PLTV/88888973/224/3221226717/371266855.smil/01.m3u8?fmt=ts2hls%2C1%2C01.m3u8&rrsip=120.87.4.103%3A80&zoneoffset=0&servicetype=1&icpid=&limitflux=-1&limitdur=-1&tenantId=8601&accountinfo=ZErBHdoicx6KA8k34VvsyxmZWqqhmoqWnjwSzvmAgjq8m6DMrBjwBDjtfkmBgyvoi2n%2FkYZZroy5c4pnOUwIF96lAdHt7wSuHMZWesBR20hGAMCQWKP%2FVYv0YgXiGkmJ%3A20260214223934%2C10500001346793%2C27.45.45.191%2C20260214223934%2Curn%3AHuawei%3AliveTV%3AXTV371266854%2C10001000211336%2C-1%2C0%2C1%2C%2C%2C2%2C%2C%2C%2C2%2C%2C371266855%2CEND&GuardEncType=2
四川卫视4k,http://120.87.19.109:80/PLTV/88888973/224/3221226689/371266867.smil/01.m3u8?fmt=ts2hls%2C1%2C01.m3u8&rrsip=120.87.4.103%3A80&zoneoffset=0&servicetype=1&icpid=&limitflux=-1&limitdur=-1&tenantId=8601&accountinfo=ZErBHdoicx6KA8k34VvsyxmZWqqhmoqWnjwSzvmAgjq8m6DMrBjwBDjtfkmBgyvoi2n%2FkYZZroy5c4pnOUwIF%2F12%2BzV%2FNqzIIOihgu6DSEJGAMCQWKP%2FVYv0YgXiGkmJ%3A20260214223934%2C10500001346793%2C27.45.45.191%2C20260214223934%2Curn%3AHuawei%3AliveTV%3AXTV371266866%2C10001000211336%2C-1%2C0%2C1%2C%2C%2C2%2C%2C%2C%2C2%2C%2C371266867%2CEND&GuardEncType=2
山东卫视4k,http://120.87.19.109:80/PLTV/88888973/224/3221226694/371266914.smil/01.m3u8?fmt=ts2hls%2C1%2C01.m3u8&rrsip=120.87.4.103%3A80&zoneoffset=0&servicetype=1&icpid=&limitflux=-1&limitdur=-1&tenantId=8601&accountinfo=ZErBHdoicx6KA8k34VvsyxmZWqqhmoqWnjwSzvmAgjq8m6DMrBjwBDjtfkmBgyvoi2n%2FkYZZroy5c4pnOUwIF6Yfz6vhWACWrMi2nukP%2Fk9GAMCQWKP%2FVYv0YgXiGkmJ%3A20260214223934%2C10500001346793%2C27.45.45.191%2C20260214223934%2Curn%3AHuawei%3AliveTV%3AXTV371266913%2C10001000211336%2C-1%2C0%2C1%2C%2C%2C2%2C%2C%2C%2C2%2C%2C371266914%2CEND&GuardEncType=2
广东卫视4k,http://120.87.19.109:80/PLTV/88888973/224/3221226702/371164168.smil/01.m3u8?fmt=ts2hls%2C1%2C01.m3u8&rrsip=120.87.4.103%3A80&zoneoffset=0&servicetype=1&icpid=&limitflux=-1&limitdur=-1&tenantId=8601&accountinfo=ZErBHdoicx6KA8k34VvsyxmZWqqhmoqWnjwSzvmAgjq8m6DMrBjwBDjtfkmBgyvoi2n%2FkYZZroy5c4pnOUwIF0b4KWe%2FIRdbiEb8SokWJtVGAMCQWKP%2FVYv0YgXiGkmJ%3A20260214223934%2C10500001346793%2C27.45.45.191%2C20260214223934%2Curn%3AHuawei%3AliveTV%3AXTV371164167%2C10001000211336%2C-1%2C0%2C1%2C%2C%2C2%2C%2C%2C%2C2%2C%2C371164168%2CEND&GuardEncType=2
CGTN,http://rrs03.hw.gmcc.net:8088/PLTV/651/224/3221226666/1.m3u8
咪咕4K-1,http://rrs03.hw.gmcc.net:8088/PLTV/651/224/3221226938/1.m3u8
哒啵赛事,http://rrs03.hw.gmcc.net:8088/PLTV/651/224/3221226905/1.m3u8
咪咕4K-1,http://rrs03.hw.gmcc.net:8088/PLTV/651/224/3221226989/1.m3u8
咪咕4K-2,http://rrs03.hw.gmcc.net:8088/PLTV/651/224/3221226991/1.m3u8
睛彩青少,http://rrs03.hw.gmcc.net:8088/PLTV/651/224/3221226992/1.m3u8
睛彩青少,http://rrs03.hw.gmcc.net:8088/PLTV/651/224/3221226930/1.m3u8
睛彩青少,http://rrs03.hw.gmcc.net:8088/PLTV/651/224/3221226965/1.m3u8
咪咕视频1,http://rrs03.hw.gmcc.net:8088/PLTV/651/224/3221226909/1.m3u8
咪咕视频2,http://rrs03.hw.gmcc.net:8088/PLTV/651/224/3221226912/1.m3u8
咪咕视频3,http://rrs03.hw.gmcc.net:8088/PLTV/651/224/3221226915/1.m3u8
咪咕视频4,http://rrs03.hw.gmcc.net:8088/PLTV/651/224/3221226918/1.m3u8
咪咕视频5,http://rrs03.hw.gmcc.net:8088/PLTV/651/224/3221226921/1.m3u8
咪咕视频6,http://rrs03.hw.gmcc.net:8088/PLTV/651/224/3221226923/1.m3u8
咪咕视频7,http://rrs03.hw.gmcc.net:8088/PLTV/651/224/3221226924/1.m3u8
咪咕视频8,http://rrs03.hw.gmcc.net:8088/PLTV/651/224/3221226926/1.m3u8
咪咕视频9,http://rrs03.hw.gmcc.net:8088/PLTV/651/224/3221226927/1.m3u8
咪咕视频10,http://rrs03.hw.gmcc.net:8088/PLTV/651/224/3221226929/1.m3u8
咪咕视频11,http://rrs03.hw.gmcc.net:8088/PLTV/651/224/3221226932/1.m3u8
咪咕视频12,http://rrs03.hw.gmcc.net:8088/PLTV/651/224/3221226935/1.m3u8
咪咕视频13,http://rrs03.hw.gmcc.net:8088/PLTV/651/224/3221226936/1.m3u8
咪咕视频14,http://rrs03.hw.gmcc.net:8088/PLTV/651/224/3221226941/1.m3u8
咪咕视频15,http://rrs03.hw.gmcc.net:8088/PLTV/651/224/3221226944/1.m3u8
咪咕视频16,http://rrs03.hw.gmcc.net:8088/PLTV/651/224/3221226947/1.m3u8
咪咕视频17,http://rrs03.hw.gmcc.net:8088/PLTV/651/224/3221226948/1.m3u8
咪咕视频18,http://rrs03.hw.gmcc.net:8088/PLTV/651/224/3221226950/1.m3u8
咪咕视频19,http://rrs03.hw.gmcc.net:8088/PLTV/651/224/3221226951/1.m3u8
咪咕视频20,http://rrs03.hw.gmcc.net:8088/PLTV/651/224/3221226953/1.m3u8
咪咕视频21,http://rrs03.hw.gmcc.net:8088/PLTV/651/224/3221226954/1.m3u8
咪咕视频22,http://rrs03.hw.gmcc.net:8088/PLTV/651/224/3221226956/1.m3u8
咪咕视频23,http://rrs03.hw.gmcc.net:8088/PLTV/651/224/3221226982/1.m3u8
咪咕视频24,http://rrs03.hw.gmcc.net:8088/PLTV/651/224/3221226985/1.m3u8
咪咕视频25,http://rrs03.hw.gmcc.net:8088/PLTV/651/224/3221226995/1.m3u8
咪咕视频26,http://rrs03.hw.gmcc.net:8088/PLTV/651/224/3221226997/1.m3u8
咪咕视频27,http://rrs03.hw.gmcc.net:8088/PLTV/651/224/3221227000/1.m3u8
咪咕视频28,http://rrs03.hw.gmcc.net:8088/PLTV/651/224/3221227003/1.m3u8
咪咕视频29,http://rrs03.hw.gmcc.net:8088/PLTV/651/224/3221227006/1.m3u8
咪咕视频30,http://rrs03.hw.gmcc.net:8088/PLTV/651/224/3221227009/1.m3u8
咪咕视频31,http://rrs03.hw.gmcc.net:8088/PLTV/651/224/3221227012/1.m3u8
咪咕视频32,http://rrs03.hw.gmcc.net:8088/PLTV/651/224/3221227024/1.m3u8
咪咕视频33,http://rrs03.hw.gmcc.net:8088/PLTV/651/224/3221227027/1.m3u8
咪咕视频34,http://rrs03.hw.gmcc.net:8088/PLTV/651/224/3221227030/1.m3u8
凤凰中文频标,http://m.061899.xyz/mg/fhzw
凤凰资讯频标,http://m.061899.xyz/mg/fhzx
凤凰香港频标,http://m.061899.xyz/mg/fhhk
内蒙古视,http://m.061899.xyz/mg/nmgws
黑龙江视,http://m.061899.xyz/mg/hljws
咪咕体育,http://m.061899.xyz/mg/mgty
东方纪实,http://m.061899.xyz/mg/xjs
红色轮播,http://m.061899.xyz/mg/hslb
金色剧场,http://m.061899.xyz/mg/jsjc
乡村振兴,http://m.061899.xyz/mg/xczx
CCTV-17农业农村,http://k.061899.xyz/k.php?id=cctv17
CGTN,http://k.061899.xyz/k.php?id=cgtn
CGTN纪录,http://k.061899.xyz/k.php?id=cgtnjl
CCTV西班牙语,http://k.061899.xyz/k.php?id=cgtne
CCTV法语,http://k.061899.xyz/k.php?id=cgtnf
CCTV阿拉伯语,http://k.061899.xyz/k.php?id=cgtna
CCTV俄语,http://k.061899.xyz/k.php?id=cgtnr
上海东方影视,http://k.061899.xyz/k.php?id=shys
军事迷必看大片,http://k.061899.xyz/k.php?id=jsm
红色轮播台,http://k.061899.xyz/k.php?id=hslb
金色剧场,http://k.061899.xyz/k.php?id=jsjc
NBA 经典,http://k.061899.xyz/k.php?id=nba
五大联赛经典,http://k.061899.xyz/k.php?id=lsjd
中国足球风云,http://k.061899.xyz/k.php?id=zqfy
掼蛋精英赛,http://k.061899.xyz/k.php?id=dds
咪咕24小时体育台,http://k.061899.xyz/k.php?id=mgty
掼蛋精英赛,http://k.061899.xyz/k.php?id=dds
红色轮播台,http://k.061899.xyz/k.php?id=hslb
经典深圳旁边电影,http://k.061899.xyz/k.php?id=xgdy
军事迷必看大片,http://k.061899.xyz/k.php?id=jsm
咪咕24小时体育台,http://k.061899.xyz/k.php?id=mgty
玫瑰轮播台,http://k.061899.xyz/k.php?id=mglbt
NBA经典,http://k.061899.xyz/k.php?id=nba
欧洲足球风云,http://k.061899.xyz/k.php?id=zqfy
赛事最经典,http://k.061899.xyz/k.php?id=sszjd
体坛名栏汇,http://k.061899.xyz/k.php?id=ttmlh
乡村振兴,http://k.061899.xyz/k.php?id=xczx
幸福中国年,http://k.061899.xyz/k.php?id=xfzgn
周杰伦现场,http://k.061899.xyz/k.php?id=zjlxc
金色剧场,http://k.061899.xyz/k.php?id=jsjc
CCTV-17农业农村,http://j.s.bkpcp.top/jj/cctv17
黑龙江视,http://cdn6.bkpcp.top/tl/tuiliu.php?id=hljws
CCTV17农业农村,http://mg.cttv.vip/673168256
CGTN,http://mg.cttv.vip/609017205
上视东方影视,http://mg.cttv.vip/617290047
公共新闻频道,http://mg.cttv.vip/626064693
财富天下,http://mg.cttv.vip/956923159
赛事最经典,http://mg.cttv.vip/646596895
体坛名栏汇,http://mg.cttv.vip/629943305
24小时城市联赛轮播台,http://mg.cttv.vip/915512915
武术世界,http://mg.cttv.vip/958475359
建党105周年巡礼,http://mg.cttv.vip/713600957
和美乡途轮播台,http://mg.cttv.vip/713591450
南方影视,http://mg.cttv.vip/614961829
熊猫频道01高清,http://mg.cttv.vip/609158151
熊猫频道1,http://mg.cttv.vip/608933610
熊猫频道2,http://mg.cttv.vip/608933640
熊猫频道3,http://mg.cttv.vip/608934619
熊猫频道4,http://mg.cttv.vip/608934721
熊猫频道5,http://mg.cttv.vip/608935104
熊猫频道6,http://mg.cttv.vip/608935797
熊猫频道7,http://mg.cttv.vip/609169286
熊猫频道8,http://mg.cttv.vip/609169287
熊猫频道9,http://mg.cttv.vip/609169226
熊猫频道10,http://mg.cttv.vip/609169285
中华特产,http://mg.cttv.vip/959986618
CCTV17农业农村,http://chen.ccwu.cc:1234/673168256
CGTN,http://chen.ccwu.cc:1234/609017205
上视东方影视,http://chen.ccwu.cc:1234/617290047
公共新闻频道,http://chen.ccwu.cc:1234/626064693
财富天下,http://chen.ccwu.cc:1234/956923159
赛事最经典,http://chen.ccwu.cc:1234/646596895
体坛名栏汇,http://chen.ccwu.cc:1234/629943305
24小时城市联赛轮播台,http://chen.ccwu.cc:1234/915512915
武术世界,http://chen.ccwu.cc:1234/958475359
建党105周年巡礼,http://chen.ccwu.cc:1234/713600957
和美乡途轮播台,http://chen.ccwu.cc:1234/713591450
南方影视,http://chen.ccwu.cc:1234/614961829
熊猫频道01高清,http://chen.ccwu.cc:1234/609158151
熊猫频道1,http://chen.ccwu.cc:1234/608933610
熊猫频道2,http://chen.ccwu.cc:1234/608933640
熊猫频道3,http://chen.ccwu.cc:1234/608934619
熊猫频道4,http://chen.ccwu.cc:1234/608934721
熊猫频道5,http://chen.ccwu.cc:1234/608935104
熊猫频道6,http://chen.ccwu.cc:1234/608935797
熊猫频道7,http://chen.ccwu.cc:1234/609169286
熊猫频道8,http://chen.ccwu.cc:1234/609169287
熊猫频道9,http://chen.ccwu.cc:1234/609169226
熊猫频道10,http://chen.ccwu.cc:1234/609169285
中华特产,http://chen.ccwu.cc:1234/959986618
CCTV17农业农村,http://2280.eu.org:1234/673168256
CGTN,http://2280.eu.org:1234/609017205
上视东方影视,http://2280.eu.org:1234/617290047
公共新闻频道,http://2280.eu.org:1234/626064693
财富天下,http://2280.eu.org:1234/956923159
赛事最经典,http://2280.eu.org:1234/646596895
体坛名栏汇,http://2280.eu.org:1234/629943305
24小时城市联赛轮播台,http://2280.eu.org:1234/915512915
武术世界,http://2280.eu.org:1234/958475359
建党105周年巡礼,http://2280.eu.org:1234/713600957
和美乡途轮播台,http://2280.eu.org:1234/713591450
南方影视,http://2280.eu.org:1234/614961829
熊猫频道01高清,http://2280.eu.org:1234/609158151
熊猫频道1,http://2280.eu.org:1234/608933610
熊猫频道2,http://2280.eu.org:1234/608933640
熊猫频道3,http://2280.eu.org:1234/608934619
熊猫频道4,http://2280.eu.org:1234/608934721
熊猫频道5,http://2280.eu.org:1234/608935104
熊猫频道6,http://2280.eu.org:1234/608935797
熊猫频道7,http://2280.eu.org:1234/609169286
熊猫频道8,http://2280.eu.org:1234/609169287
熊猫频道9,http://2280.eu.org:1234/609169226
熊猫频道10,http://2280.eu.org:1234/609169285
中华特产,http://2280.eu.org:1234/959986618
移动网专用,1
咪咕直播1,http://gslbserv.itv.cmvideo.cn:80/5000000011000265001/1.m3u8?channel-id=FifastbLive&Contentid=3000000001000005308&livemode=1&stbId=toShengfen&mode=1
咪咕直播2,http://gslbserv.itv.cmvideo.cn:80/5000000011000265001/1.m3u8?channel-id=FifastbLive&Contentid=3000000001000005969&livemode=1&stbId=toShengfen&mode=1
咪咕直播3,http://gslbserv.itv.cmvideo.cn:80/5000000011000265001/1.m3u8?channel-id=FifastbLive&Contentid=3000000001000007218&livemode=1&stbId=toShengfen&mode=1
咪咕直播4,http://gslbserv.itv.cmvideo.cn:80/5000000011000265001/1.m3u8?channel-id=FifastbLive&Contentid=3000000001000008001&livemode=1&stbId=toShengfen&mode=1
咪咕直播5,http://gslbserv.itv.cmvideo.cn:80/5000000011000265001/1.m3u8?channel-id=FifastbLive&Contentid=3000000001000008176&livemode=1&stbId=toShengfen&mode=1
咪咕直播6,http://gslbserv.itv.cmvideo.cn:80/5000000011000265001/1.m3u8?channel-id=FifastbLive&Contentid=3000000001000008379&livemode=1&stbId=toShengfen&mode=1
咪咕直播7,http://gslbserv.itv.cmvideo.cn:80/5000000011000265001/1.m3u8?channel-id=FifastbLive&Contentid=3000000001000010129&livemode=1&stbId=toShengfen&mode=1
咪咕直播8,http://gslbserv.itv.cmvideo.cn:80/5000000011000265001/1.m3u8?channel-id=FifastbLive&Contentid=3000000001000010948&livemode=1&stbId=toShengfen&mode=1
咪咕直播9,http://gslbserv.itv.cmvideo.cn:80/5000000011000265001/1.m3u8?channel-id=FifastbLive&Contentid=3000000001000028638&livemode=1&stbId=toShengfen&mode=1
咪咕直播10,http://gslbserv.itv.cmvideo.cn:80/5000000011000265001/1.m3u8?channel-id=FifastbLive&Contentid=3000000001000031494&livemode=1&stbId=toShengfen&mode=1
咪咕直播11,http://gslbserv.itv.cmvideo.cn:80/5000000011000265001/1.m3u8?channel-id=FifastbLive&Contentid=3000000010000000097&livemode=1&stbId=toShengfen&mode=1
咪咕直播12,http://gslbserv.itv.cmvideo.cn:80/5000000011000265001/1.m3u8?channel-id=FifastbLive&Contentid=3000000010000002019&livemode=1&stbId=toShengfen&mode=1
咪咕直播13,http://gslbserv.itv.cmvideo.cn:80/5000000011000265001/1.m3u8?channel-id=FifastbLive&Contentid=3000000010000002809&livemode=1&stbId=toShengfen&mode=1
咪咕直播14,http://gslbserv.itv.cmvideo.cn:80/5000000011000265001/1.m3u8?channel-id=FifastbLive&Contentid=3000000010000003915&livemode=1&stbId=toShengfen&mode=1
咪咕直播15,http://gslbserv.itv.cmvideo.cn:80/5000000011000265001/1.m3u8?channel-id=FifastbLive&Contentid=3000000010000004193&livemode=1&stbId=toShengfen&mode=1
咪咕直播16,http://gslbserv.itv.cmvideo.cn:80/5000000011000265001/1.m3u8?channel-id=FifastbLive&Contentid=3000000010000005837&livemode=1&stbId=toShengfen&mode=1
咪咕直播17,http://gslbserv.itv.cmvideo.cn:80/5000000011000265001/1.m3u8?channel-id=FifastbLive&Contentid=3000000010000006077&livemode=1&stbId=toShengfen&mode=1
咪咕直播18,http://gslbserv.itv.cmvideo.cn:80/5000000011000265001/1.m3u8?channel-id=FifastbLive&Contentid=3000000010000006658&livemode=1&stbId=toShengfen&mode=1
咪咕直播19,http://gslbserv.itv.cmvideo.cn:80/5000000011000265001/1.m3u8?channel-id=FifastbLive&Contentid=3000000010000009788&livemode=1&stbId=toShengfen&mode=1
咪咕直播20,http://gslbserv.itv.cmvideo.cn:80/5000000011000265001/1.m3u8?channel-id=FifastbLive&Contentid=3000000010000010833&livemode=1&stbId=toShengfen&mode=1
咪咕直播21,http://gslbserv.itv.cmvideo.cn:80/5000000011000265001/1.m3u8?channel-id=FifastbLive&Contentid=3000000010000011297&livemode=1&stbId=toShengfen&mode=1
咪咕直播22,http://gslbserv.itv.cmvideo.cn:80/5000000011000265001/1.m3u8?channel-id=FifastbLive&Contentid=3000000010000011518&livemode=1&stbId=toShengfen&mode=1
咪咕直播23,http://gslbserv.itv.cmvideo.cn:80/5000000011000265001/1.m3u8?channel-id=FifastbLive&Contentid=3000000010000012558&livemode=1&stbId=toShengfen&mode=1
咪咕直播24,http://gslbserv.itv.cmvideo.cn:80/5000000011000265001/1.m3u8?channel-id=FifastbLive&Contentid=3000000010000012616&livemode=1&stbId=toShengfen&mode=1
咪咕直播25,http://gslbserv.itv.cmvideo.cn:80/5000000011000265001/1.m3u8?channel-id=FifastbLive&Contentid=3000000010000015470&livemode=1&stbId=toShengfen&mode=1
咪咕直播26,http://gslbserv.itv.cmvideo.cn:80/5000000011000265001/1.m3u8?channel-id=FifastbLive&Contentid=3000000010000015560&livemode=1&stbId=toShengfen&mode=1
咪咕直播27,http://gslbserv.itv.cmvideo.cn:80/5000000011000265001/1.m3u8?channel-id=FifastbLive&Contentid=3000000010000017678&livemode=1&stbId=toShengfen&mode=1
咪咕直播28,http://gslbserv.itv.cmvideo.cn:80/5000000011000265001/1.m3u8?channel-id=FifastbLive&Contentid=3000000010000019839&livemode=1&stbId=toShengfen&mode=1
咪咕直播29,http://gslbserv.itv.cmvideo.cn:80/5000000011000265001/1.m3u8?channel-id=FifastbLive&Contentid=3000000010000021904&livemode=1&stbId=toShengfen&mode=1
咪咕直播30,http://gslbserv.itv.cmvideo.cn:80/5000000011000265001/1.m3u8?channel-id=FifastbLive&Contentid=3000000010000023434&livemode=1&stbId=toShengfen&mode=1
国学频道,http://38.75.136.137:98/gslb/dsdqpub/gxpd.m3u8?auth=%2A%2A%2A
大湾区卫视(国际版),http://38.75.136.137:98/gslb/dsdqpub/gdgj.m3u8?auth=%2A%2A%2A
重庆文体娱乐,http://38.75.136.137:98/gslb/dsdqpub/cqyl.m3u8?auth=%2A%2A%2A
重庆社会与法,http://38.75.136.137:98/gslb/dsdqpub/cqds.m3u8?auth=%2A%2A%2A
重庆新农村,http://38.75.136.137:98/gslb/dsdqpub/cqgg.m3u8?auth=%2A%2A%2A
重庆重广融媒,http://38.75.136.137:98/gslb/dsdqpub/cqjc.m3u8?auth=%2A%2A%2A
重庆红叶,http://38.75.136.137:98/gslb/dsdqpub/cqkj.m3u8?auth=%2A%2A%2A
重庆少儿,http://38.75.136.137:98/gslb/dsdqpub/cqse.m3u8?auth=%2A%2A%2A
重庆红岩文化,http://38.75.136.137:98/gslb/dsdqpub/cqss.m3u8?auth=%2A%2A%2A
重庆影视剧,http://38.75.136.137:98/gslb/dsdqpub/cqys.m3u8?auth=%2A%2A%2A
广东移动,http://38.75.136.137:98/gslb/dsdqpub/gdyd.m3u8?auth=%2A%2A%2A
广东4K超高清,http://38.75.136.137:98/gslb/dsdqpub/gdtvs3.m3u8?auth=%2A%2A%2A
广西移动,http://38.75.136.137:98/gslb/dsdqpub/gxyd.m3u8?auth=%2A%2A%2A
青岛新闻综合,http://38.75.136.137:98/gslb/dsdqpub/sdqdtv1.m3u8?auth=%2A%2A%2A
青岛生活服务,http://38.75.136.137:98/gslb/dsdqpub/sdqdtv2.m3u8?auth=%2A%2A%2A
青岛影视频道,http://38.75.136.137:98/gslb/dsdqpub/sdqdtv3.m3u8?auth=%2A%2A%2A
青岛休闲资讯,http://38.75.136.137:98/gslb/dsdqpub/sdqdtv4.m3u8?auth=%2A%2A%2A
青岛都市频道,http://38.75.136.137:98/gslb/dsdqpub/sdqdtv5.m3u8?auth=%2A%2A%2A
天津影视,http://38.75.136.137:98/gslb/dsdqpub/tjtv3.m3u8?auth=%2A%2A%2A
天津教育,http://38.75.136.137:98/gslb/dsdqpub/tjtv6.m3u8?auth=%2A%2A%2A
林正英影院,http://38.75.136.137:98/gslb/dsdqpub/lblzy.m3u8?auth=%2A%2A%2A
邵氏电影,http://38.75.136.137:98/gslb/dsdqpub/lbssdy.m3u8?auth=%2A%2A%2A
邵氏动作,http://38.75.136.137:98/gslb/dsdqpub/lbssdz.m3u8?auth=%2A%2A%2A
邵氏武侠,http://38.75.136.137:98/gslb/dsdqpub/lbsswx.m3u8?auth=%2A%2A%2A
邵氏喜剧,http://38.75.136.137:98/gslb/dsdqpub/lbssxj.m3u8?auth=%2A%2A%2A
周润发电影,http://38.75.136.137:98/gslb/dsdqpub/lbzrf.m3u8?auth=%2A%2A%2A
邵氏电影,http://38.75.136.137:98/gslb/dsdqpub/lbssdy.m3u8?auth=%2A%2A%2A
邵氏武侠,http://38.75.136.137:98/gslb/dsdqpub/lbsswx.m3u8?auth=%2A%2A%2A
邵氏动作,http://38.75.136.137:98/gslb/dsdqpub/lbssdz.m3u8?auth=%2A%2A%2A
邵氏喜剧,http://38.75.136.137:98/gslb/dsdqpub/lbssxj.m3u8?auth=%2A%2A%2A
cctv5p,http://38.75.136.137:98/gslb/dsdqbv/cctv5p.m3u8?auth=%2A%2A%2A
没,http://38.75.136.137:98/gslb/dsdqca/xmwshd.m3u8?auth=%2A%2A%2A
没,http://38.75.136.137:98/gslb/dsdqca/gdwshd.m3u8?auth=%2A%2A%2A
没,http://38.75.136.137:98/gslb/dsdqca/szwshd.m3u8?auth=%2A%2A%2A
国学频道,http://107.150.60.122/live/gxpd.m3u8
大湾区卫视(国际版),http://107.150.60.122/live/gdgj.m3u8
广东移动,http://107.150.60.122/live/gdyd.m3u8
广东4K超高清,http://107.150.60.122/live/gdtvs3.m3u8
吉林综艺文化,http://107.150.60.122/live/jlfz.m3u8
新疆汉语影视,http://107.150.60.122/live/xjtv6.m3u8
新疆汉语体育健康,http://107.150.60.122/live/xjtv7.m3u8
江西少儿家庭,http://107.150.60.122/live/jxtv6.m3u8
江西新闻频道,http://107.150.60.122/live/jxtv7.m3u8
周润发电影,http://107.150.60.122/live/lbzrf.m3u8
林正英影院,http://107.150.60.122/live/lblzy.m3u8
国学频道,http://192.151.150.154/live/gxpd.m3u8
大湾区卫视(国际版),http://192.151.150.154/live/gdgj.m3u8
广东移动,http://192.151.150.154/live/gdyd.m3u8
广东4K超高清,http://192.151.150.154/live/gdtvs3.m3u8
吉林综艺文化,http://192.151.150.154/live/jlfz.m3u8
新疆汉语影视,http://192.151.150.154/live/xjtv6.m3u8
新疆汉语体育健康,http://192.151.150.154/live/xjtv7.m3u8
江西少儿家庭,http://192.151.150.154/live/jxtv6.m3u8
江西新闻频道,http://192.151.150.154/live/jxtv7.m3u8
周润发电影,http://192.151.150.154/live/lbzrf.m3u8
林正英影院,http://192.151.150.154/live/lblzy.m3u8
国学频道,http://198.204.228.26/live/gxpd.m3u8
大湾区卫视(国际版),http://198.204.228.26/live/gdgj.m3u8
广东移动,http://198.204.228.26/live/gdyd.m3u8
广东4K超高清,http://198.204.228.26/live/gdtvs3.m3u8
吉林综艺文化,http://198.204.228.26/live/jlfz.m3u8
新疆汉语影视,http://198.204.228.26/live/xjtv6.m3u8
新疆汉语体育健康,http://198.204.228.26/live/xjtv7.m3u8
江西少儿家庭,http://198.204.228.26/live/jxtv6.m3u8
江西新闻频道,http://198.204.228.26/live/jxtv7.m3u8
周润发电影,http://198.204.228.26/live/lbzrf.m3u8
林正英影院,http://198.204.228.26/live/lblzy.m3u8
CCTV-17农业农村,http://173.208.212.130:8181/720p/cctv17.m3u8
CCTV-17农业农村,http://173.208.212.130:8181/1080p/cctv17.m3u8
东方综合,http://by4.nty.tv189.cn/live//tm-xpxwzhws-4000k.m3u8
盗源狗si全家 全家下地狱
名侦探柯南剧场版,http://footyun.top:35455/huya/30080236
海贼王,http://footyun.top:35455/huya/29982634
宫崎骏系列,http://footyun.top:35455/huya/21059614
黑子的篮球,http://footyun.top:35455/huya/30080253
瑞克与莫蒂,http://footyun.top:35455/huya/29982655
星辰变,http://footyun.top:35455/huya/24514506
成龙历险记,http://footyun.top:35455/huya/11352946
飞天小女警,http://footyun.top:35455/huya/11601958
樱桃小丸子,http://footyun.top:35455/huya/11342394
龙珠,http://footyun.top:35455/huya/11601966
全职高手,http://footyun.top:35455/huya/21059628
哆啦A梦,http://footyun.top:35455/huya/11601963
魔法少女,http://footyun.top:35455/huya/21059587
全职猎人,http://footyun.top:35455/huya/30080254
四驱兄弟,http://footyun.top:35455/huya/11352922
一人之上,http://footyun.top:35455/huya/11602065
头文字D,http://footyun.top:35455/huya/11352889
网球王子,http://footyun.top:35455/huya/11352882
周润发,http://footyun.top:35455/huya/11342387
陈情令,http://footyun.top:35455/huya/29465862
古天乐,http://footyun.top:35455/huya/29982675
寻秦记,http://footyun.top:35455/huya/23864973
创世纪,http://footyun.top:35455/huya/23749083
大时代,http://footyun.top:35455/huya/23865161
柳舟计,http://footyun.top:35455/huya/23860039
大秦赋,http://footyun.top:35455/huya/23903130
寻秦记,http://footyun.top:35455/huya/29465848
创世纪,http://footyun.top:35455/huya/23749083
大时代,http://footyun.top:35455/huya/23865161
柳舟计,http://footyun.top:35455/huya/23860039
大秦赋,http://footyun.top:35455/huya/23903130
寻秦记,http://footyun.top:35455/huya/29465848
创世纪,http://footyun.top:35455/huya/29465852
埋堆堆,http://footyun.top:35455/huya/23903123
埋堆堆2,http://footyun.top:35455/huya/23864973
永夜星河,http://footyun.top:35455/huya/23734169
猫和老鼠动漫,http://footyun.top:35455/huya/11352879
亮剑,http://footyun.top:35455/huya/30080238
雪豹,http://footyun.top:35455/huya/29580970
埋堆堆 𝟙,http://footyun.top:35455/huya/23740156
埋堆堆 𝟚,http://footyun.top:35455/huya/23749096
埋堆堆 𝟛,http://footyun.top:35455/huya/23735126
埋堆堆 𝟜,http://footyun.top:35455/huya/23903123
埋堆堆 𝟝,http://footyun.top:35455/huya/23734169
埋堆堆 𝟞,http://footyun.top:35455/huya/23863804
埋堆堆 𝟟,http://footyun.top:35455/huya/23865080
埋堆堆 𝟠,http://footyun.top:35455/huya/23864973
埋堆堆 𝟡,http://footyun.top:35455/huya/23903130
埋堆堆 𝟙𝟘,http://footyun.top:35455/huya/23860039
埋堆堆 𝟙𝟙,http://footyun.top:35455/huya/23903183
埋堆堆 𝟙𝟚,http://footyun.top:35455/huya/23903196
埋堆堆 𝟙𝟛,http://footyun.top:35455/huya/23728674
埋堆堆 𝟙𝟜,http://footyun.top:35455/huya/23865036
埋堆堆 𝟙𝟝,http://footyun.top:35455/huya/23829543
埋堆堆 𝟙𝟞,http://footyun.top:35455/huya/23865161
埋堆堆 𝟙𝟟,http://footyun.top:35455/huya/23865058
埋堆堆 𝟙𝟠,http://footyun.top:35455/huya/23824164
埋堆堆 𝟙𝟡,http://footyun.top:35455/huya/23863796
埋堆堆 𝟚𝟘,http://footyun.top:35455/huya/23734183
埋堆堆 𝟚𝟙,http://footyun.top:35455/huya/23728660
埋堆堆 𝟚𝟚,http://footyun.top:35455/huya/23865142
埋堆堆 𝟚𝟛,http://footyun.top:35455/huya/23734246
埋堆堆 𝟚𝟜,http://footyun.top:35455/huya/23865171
埋堆堆 𝟚𝟝,http://footyun.top:35455/huya/23734256
埋堆堆 𝟚𝟞,http://footyun.top:35455/huya/23749083
荒野求生其他,http://footyun.top:35455/huya/593667
野行者其他,http://footyun.top:35455/huya/20072663
跳舞其他,http://footyun.top:35455/huya/24634408
茶啊二中动画,http://footyun.top:35455/huya/11213191
哆啦A梦动漫,http://footyun.top:35455/huya/11601963
航海王动漫,http://footyun.top:35455/huya/16913382
七龙珠动漫,http://footyun.top:35455/huya/11601966
猫和老鼠动漫,http://footyun.top:35455/huya/11352879
中华小当家动漫,http://footyun.top:35455/huya/11342413
新水浒传,http://footyun.top:35455/huya/11342384
神探狄仁杰第一部,http://footyun.top:35455/huya/11352958
神探狄仁杰第三部,http://footyun.top:35455/huya/11342425
倚天屠龙记,http://footyun.top:35455/huya/11342403
铁齿铜牙纪晓岚,http://footyun.top:35455/huya/11342396
亮剑,http://footyun.top:35455/huya/30080238
士兵突击,http://footyun.top:35455/huya/11342430
康熙王朝,http://footyun.top:35455/huya/11352940
鬼吹灯之精绝古城,http://footyun.top:35455/huya/11352871
鬼吹灯之怒晴湘西,http://footyun.top:35455/huya/11602075
鬼吹灯之龙岭迷窟,http://footyun.top:35455/huya/29465863
鬼吹灯之云南虫谷,http://footyun.top:35455/huya/11352898
雪豹,http://footyun.top:35455/huya/29580970
陈情令,http://footyun.top:35455/huya/29465862
哆啦A梦,http://footyun.top:35455/huya/11601963
古天乐电影,http://footyun.top:35455/huya/29982675
狄仁杰系列,http://footyun.top:35455/huya/30080229
士兵突击,http://footyun.top:35455/huya/11342430
倚天屠龙记,http://footyun.top:35455/huya/11342403
铁齿铜牙纪晓岚,http://footyun.top:35455/huya/11342396
康熙王朝,http://footyun.top:35455/huya/11352940
陈情令,http://footyun.top:35455/huya/29465862
鬼吹灯之精绝古城,http://footyun.top:35455/huya/11352871
鬼吹灯之怒晴湘西,http://footyun.top:35455/huya/11602075
鬼吹灯之龙岭迷窟,http://footyun.top:35455/huya/29465863
鬼吹灯之云南虫谷,http://footyun.top:35455/huya/11352898
西游记1,http://footyun.top:35455/huya/23728660
寻秦记,http://footyun.top:35455/huya/23864973
倚天屠龙记,http://footyun.top:35455/huya/23734246
法政先锋,http://footyun.top:35455/huya/23863804
使徒行者,http://footyun.top:35455/huya/23734256
鉴证实录,http://footyun.top:35455/huya/23903183
创世纪,http://footyun.top:35455/huya/23749083
大时代,http://footyun.top:35455/huya/23865161
野蛮亲家,http://footyun.top:35455/huya/23863796
哆啦A梦,http://footyun.top:35455/huya/11601963
古天乐电影,http://footyun.top:35455/huya/29982675
狄仁杰系列,http://footyun.top:35455/huya/30080229
雪豹,http://footyun.top:35455/huya/29580970
士兵突击,http://footyun.top:35455/huya/11342430
倚天屠龙记,http://footyun.top:35455/huya/11342403
铁齿铜牙纪晓岚,http://footyun.top:35455/huya/11342396
康熙王朝,http://footyun.top:35455/huya/11352940
鬼吹灯之精绝古城,http://footyun.top:35455/huya/11352871
鬼吹灯之怒晴湘西,http://footyun.top:35455/huya/11602075
鬼吹灯之龙岭迷窟,http://footyun.top:35455/huya/29465863
鬼吹灯之云南虫谷,http://footyun.top:35455/huya/11352898
家有儿女,http://footyun.top:35455/huya/30335591
西游记1,http://footyun.top:35455/huya/23728660
寻秦记,http://footyun.top:35455/huya/23864973
倚天屠龙记,http://footyun.top:35455/huya/23734246
法政先锋,http://footyun.top:35455/huya/23863804
使徒行者,http://footyun.top:35455/huya/23734256
鉴证实录,http://footyun.top:35455/huya/23903183
创世纪,http://footyun.top:35455/huya/23749083
大时代,http://footyun.top:35455/huya/23865161
野蛮亲家,http://footyun.top:35455/huya/23863796
哆啦A梦,http://footyun.top:35455/huya/11601963
喜羊羊与灰太狼,http://footyun.top:35455/huya/23865080
古天乐电影,http://footyun.top:35455/huya/29982675
狄仁杰系列,http://footyun.top:35455/huya/30080229
雪豹,http://footyun.top:35455/huya/29580970
士兵突击,http://footyun.top:35455/huya/11342430
倚天屠龙记,http://footyun.top:35455/huya/11342403
铁齿铜牙纪晓岚,http://footyun.top:35455/huya/11342396
康熙王朝,http://footyun.top:35455/huya/11352940
鬼吹灯之精绝古城,http://footyun.top:35455/huya/11352871
鬼吹灯之怒晴湘西,http://footyun.top:35455/huya/11602075
鬼吹灯之龙岭迷窟,http://footyun.top:35455/huya/29465863
鬼吹灯之云南虫谷,http://footyun.top:35455/huya/11352898
乌龙闯情关,http://footyun.top:35455/huya/26355767
家有儿女,http://footyun.top:35455/huya/30335591
永夜星河,http://footyun.top:35455/huya/23734169
柳舟计,http://footyun.top:35455/huya/23860039
玫瑰的故事,http://footyun.top:35455/huya/23865142
梦中的那片海,http://footyun.top:35455/huya/26355765
大秦赋,http://footyun.top:35455/huya/23903130
唐诡之西行,http://footyun.top:35455/huya/26355763
西游记1,http://footyun.top:35455/huya/23728660
寻秦记,http://footyun.top:35455/huya/29465848
法政先锋,http://footyun.top:35455/huya/23863804
使徒行者,http://footyun.top:35455/huya/23734256
鉴证实录,http://footyun.top:35455/huya/23903183
创世纪,http://footyun.top:35455/huya/29465852
大时代,http://footyun.top:35455/huya/23865161
橙子 弹幕看剧坊,http://footyun.top:35455/douyu/4549169
[奇光]喜剧点播剧场,http://footyun.top:35455/douyu/8009547
林正英【久久】下饭电视剧,http://footyun.top:35455/douyu/8371123
【贝贝】武汉丫头陪你一起看剧啦~,http://footyun.top:35455/douyu/431460
哥几个又来看美女了啊,上头了上头了哈,http://footyun.top:35455/douyu/11824307
【酷炫短剧场】全网热播短剧,http://footyun.top:35455/douyu/36337
❄️憨宝❄️陪你重刷[经典热剧],http://footyun.top:35455/douyu/434971
【蓝斡】弹幕天国,http://footyun.top:35455/douyu/5908256
(小屁）林正英,鬼片，恐怖片，护你,http://footyun.top:35455/douyu/6906628
【奇光】林正英,僵尸，鬼片 24H,http://footyun.top:35455/douyu/11849873
（小屁）喜剧剧场,http://footyun.top:35455/douyu/11851549
【蓝斡】。,http://footyun.top:35455/douyu/7459925
【女神金】沙发分你一半,一起来追剧,http://footyun.top:35455/douyu/747764
【弹幕天国】,http://footyun.top:35455/douyu/12463728
【冰冰冰冰】平安顺遂~~,http://footyun.top:35455/douyu/74374
LR1245的直播间,http://footyun.top:35455/douyu/12534632
欢迎来到比基尼海滩,http://footyun.top:35455/douyu/12400977
【神 剧】的直播间,http://footyun.top:35455/douyu/3439096
任志飞的直播间,http://footyun.top:35455/douyu/12501387
【RM-点播】点播模式-24H欢乐不断,http://footyun.top:35455/douyu/131977
元芳到底看不看,http://footyun.top:35455/douyu/6027991
斗鱼音乐MV频道（自助点播）,http://footyun.top:35455/douyu/3870925
【神 剧】,http://footyun.top:35455/douyu/5875025
【惬匪】技术学院,http://footyun.top:35455/douyu/922564
【经典剧场】经典武侠 动作 老剧你懂的,http://footyun.top:35455/douyu/4246519
家有诳子  不败其家,http://footyun.top:35455/douyu/6911044
【弹幕天国】新蓝斡,http://footyun.top:35455/douyu/12210085
正常开播,欢迎欢迎,http://footyun.top:35455/douyu/319576
【超清1】经典港剧天地,http://footyun.top:35455/douyu/4290711
晓葵动漫花园o(❁´◡`❁)o,http://footyun.top:35455/douyu/426517
胡八一 ：胖子促发剧情,http://footyun.top:35455/douyu/5635000
❄️【经典】 ❄️,http://footyun.top:35455/douyu/6091425
懒猫 美食家 点播,http://footyun.top:35455/douyu/260322
【超清2】热门港剧天地,http://footyun.top:35455/douyu/5522351
港剧:祝大家新年快乐,http://footyun.top:35455/douyu/5061550
范闲：第二部什么时候出？,http://footyun.top:35455/douyu/7812810
【萌小鬼】剧,http://footyun.top:35455/douyu/3928
【顺才少爷】国语经典,http://footyun.top:35455/douyu/10084875
金庸经典播放,点关注不迷路,http://footyun.top:35455/douyu/12128227
【超清3】人气港剧天地,http://footyun.top:35455/douyu/5261342
【倍速播放】快乐会加倍,http://footyun.top:35455/douyu/4105989
原版配音🐯许三多 迷茫必看🐯,http://footyun.top:35455/douyu/10348728
【米尼影院】经典电视剧,http://footyun.top:35455/douyu/7642724
❄️奶虫❄️剧场~聚场~花式剧,http://footyun.top:35455/douyu/263824
一起陪伴我们成长的神剧,http://footyun.top:35455/douyu/1006179
经典神剧,http://footyun.top:35455/douyu/508118
大星与海绵方块,http://footyun.top:35455/douyu/3949681
❄️新三国老三国⚔️鼎之轻重,何以问乎？,http://footyun.top:35455/douyu/12253936
【阿七点歌台】MV 热歌 经典 流行,http://footyun.top:35455/douyu/3186217
(三国）桧源结义,http://footyun.top:35455/douyu/12180551
还有一件事,http://footyun.top:35455/douyu/2287949
【动漫】超燃 怀旧 经典,http://footyun.top:35455/douyu/1174353
【静静】经典影视剧 MV,http://footyun.top:35455/douyu/5668371
熟悉的她来了,http://footyun.top:35455/douyu/8231658
今天咱们吃一顿好的,持续更新..,http://footyun.top:35455/douyu/7107176
燕双鹰·下饭专场：我赌你碗里没菜,http://footyun.top:35455/douyu/11931032
全网最清晰林正英僵尸道长,http://footyun.top:35455/douyu/7356023
刘星：像超人一样自由自在天空自由飞翔,http://footyun.top:35455/douyu/11827530
傲娇的超级赛亚人的直播间,http://footyun.top:35455/douyu/4373285
一起看欢乐时光经典剧场,http://footyun.top:35455/douyu/755851
【电视剧】本直播间由天使点播提供技术支持,http://footyun.top:35455/douyu/7623292
✨爱你孤身走暗巷爱你不跪的模样✨,http://footyun.top:35455/douyu/7528160
【Hunter】动漫 热血 老贼 冒险,http://footyun.top:35455/douyu/6610883
【粤语电影】吴孟达 达叔 周星驰 经典,http://footyun.top:35455/douyu/1226741
❄️下饭神剧❄️,http://footyun.top:35455/douyu/3700024
听听123456789,http://footyun.top:35455/douyu/7039598
传位于李德全,http://footyun.top:35455/douyu/12130861
【胡胡椒粉的胡歌】 你清高,你了不起,http://footyun.top:35455/douyu/5448413
[弟弟疼][粤语][西片]钟意啱完唔松,http://footyun.top:35455/douyu/8912325
❄️女团社⚔️最新舞蹈MV音乐演唱会舞台,http://footyun.top:35455/douyu/11327316
【小贝壳】小闲闲 小年糕（高帧率）,http://footyun.top:35455/douyu/329876
草帽一伙海盗团的直播间,http://footyun.top:35455/douyu/997925
SeeYa60688的直播间,http://footyun.top:35455/douyu/12401098
【西关大陆】粤语学习,http://footyun.top:35455/douyu/11878141
斗鱼直播圈,http://footyun.top:35455/douyu/4654883
【李小龙】以无法为有法,以无限为有限,http://footyun.top:35455/douyu/8721095
【金庸武侠】致敬经典,http://footyun.top:35455/douyu/9285904
〰️❄️胡一菲⚔️〰️问就是停电了,http://footyun.top:35455/douyu/6863367
曾小贤你听不听第四季,http://footyun.top:35455/douyu/9586235
曾小贤第一集你看不看,http://footyun.top:35455/douyu/11720507
外表看似小孩,智慧却过于常人,http://footyun.top:35455/douyu/6484910
❄️曾小贤第二季的故事⚔️,http://footyun.top:35455/douyu/920389
洞蜜园·粤语港剧,http://footyun.top:35455/douyu/6588759
✅Three King✅我二弟天下无敌,http://footyun.top:35455/douyu/12337487
顺风为主 其他情喜影剧集锦为辅 随机连播,http://footyun.top:35455/douyu/6369954
【雍正康熙】帝王故事连连看,http://footyun.top:35455/douyu/4808115
【白晓生】经典武侠解说,http://footyun.top:35455/douyu/9649681
经典老剧轮播,http://footyun.top:35455/douyu/12015111
Angela小兔990,http://footyun.top:35455/douyu/9617766
用户6056099521的直播间,http://footyun.top:35455/douyu/12065793
【饭店】我们把装蒜当美学来修炼的,http://footyun.top:35455/douyu/9650782
illit礼的直播间,http://footyun.top:35455/douyu/12065549
用户3174886540的直播间,http://footyun.top:35455/douyu/12065769
一生pitus的直播间,http://footyun.top:35455/douyu/12065569
用户8092785756的直播间,http://footyun.top:35455/douyu/12065570
【吐槽】吐槽一下,快乐一天,http://footyun.top:35455/douyu/9236042
祝大家新年快乐 2067020,http://footyun.top:35455/douyu/2067020
来个心软的神 捡了十年垃圾了,http://footyun.top:35455/douyu/9352671
舞蹈新主播呀~~,http://footyun.top:35455/douyu/11490031
有这样的你会好好吗,http://footyun.top:35455/douyu/10730187
越南小哥的丛林生活,http://footyun.top:35455/douyu/10675329
看看这是哪里,http://footyun.top:35455/douyu/5804577
舌尖上的印度丨下饭必备❤点关注不迷路,http://footyun.top:35455/douyu/5895598
盾牌的直播间,http://footyun.top:35455/douyu/10424994
一起看短剧 6806017,http://footyun.top:35455/douyu/6806017
世界第一直播呢,http://footyun.top:35455/douyu/4579455
随便看看,标题凑字数,http://footyun.top:35455/douyu/8971159
【侦探】饿不饿,要不要下一碗面吃呀,http://footyun.top:35455/douyu/138959
【粤语】看的不是电影【是回忆】求关注,http://footyun.top:35455/douyu/7919720
顺其自然飞的直播间,http://footyun.top:35455/douyu/12334108
浩贤说电影的直播间,http://footyun.top:35455/douyu/10535867
脑洞短剧 玩的就是梗,http://footyun.top:35455/douyu/10282256
【1.5】陆三金,完整版，未删减，补档,http://footyun.top:35455/douyu/527502
失眠的时候听下雨的声音吧,http://footyun.top:35455/douyu/7481383
大庆在农村的直播间,http://footyun.top:35455/douyu/9477316
8257039的直播间,http://footyun.top:35455/douyu/8257039
【喜剧电影】最全搞笑喜剧,从这一刻开始,http://footyun.top:35455/douyu/9824094
古典流行的完美结合 视觉听觉的最高享受,http://footyun.top:35455/douyu/6033135
陈绮Siri今天也要加油,http://footyun.top:35455/douyu/759805
放空了一起待会吧,http://footyun.top:35455/douyu/527076
欢乐猴群纪录片,http://footyun.top:35455/douyu/7921708
欣赏戏曲的房间,http://footyun.top:35455/douyu/12091975
EMO的心,并不在一起,http://footyun.top:35455/douyu/170426
在线分享有趣的,http://footyun.top:35455/douyu/1816353
失踪人口回归 2041014,http://footyun.top:35455/douyu/2041014
花爷的直播间 4058285,http://footyun.top:35455/douyu/4058285
闹着玩,闲来无事,http://footyun.top:35455/douyu/4231787
荒野大镖客⩎,http://footyun.top:35455/douyu/5982597
不羡鸳鸯不羡仙啊,http://footyun.top:35455/douyu/9262563
斗鱼下饭娱乐主播直播间,http://footyun.top:35455/douyu/9387499
预告资讯抢先看,http://footyun.top:35455/douyu/10670244
易说影视的直播间,http://footyun.top:35455/douyu/10859591
用户34145296833的直播间,http://footyun.top:35455/douyu/11081842
高手在民间来吧高能,http://footyun.top:35455/douyu/11708460
【隋唐】与君共饮盏中酒,几人捶伤几人愁,http://footyun.top:35455/douyu/7552568
感谢大家的支持 7495810,http://footyun.top:35455/douyu/7495810
各位看官走过路边进来坐坐,http://footyun.top:35455/douyu/11184164
帕鲁的世界,http://footyun.top:35455/douyu/7027040
喵喵喵的猫酱酱的直播间,http://footyun.top:35455/douyu/11179077
搞笑天堂岛,http://footyun.top:35455/douyu/6916081
2569874的直播间,http://footyun.top:35455/douyu/2569874
车展,后院御姐的街拍美拍,http://footyun.top:35455/douyu/5138817
【严守一】太传统不好,太饭桶更不好,http://footyun.top:35455/douyu/8507023
科幻梦工厂,http://footyun.top:35455/douyu/9608874
[热血小说] 最终军团,http://footyun.top:35455/douyu/12156856
不可抗拒因素,http://footyun.top:35455/douyu/310926
《武侠剧》,http://footyun.top:35455/douyu/7655471
美丽的孔雀公主,http://footyun.top:35455/douyu/3113309
kura_yun的直播间,http://footyun.top:35455/douyu/4627432
张晓新21602的直播间,http://footyun.top:35455/douyu/4860588
搞笑段子日常更新 点点关注,http://footyun.top:35455/douyu/10646699
梦幻西游❄️周杰伦音乐MV边游戏边听音乐,http://footyun.top:35455/douyu/7537296
【牛叔】N分钟带你看完大片,http://footyun.top:35455/douyu/2758565
【更新】最全斗牌、麻将剧集解说,http://footyun.top:35455/douyu/9559158
【万合天宜】王大锤情怀上线,http://footyun.top:35455/douyu/9220456
【片片】片荒的时候看片片,http://footyun.top:35455/douyu/4258555
清晨醒脑：T-ARA根本停不下来,http://footyun.top:35455/douyu/17732
你滴勋宗8.12已更新,http://footyun.top:35455/douyu/9738854
【科幻Dans】精彩科幻影视,解说连连看,http://footyun.top:35455/douyu/3508304
【正版】经典小品,下饭必备,http://footyun.top:35455/douyu/9067836
开心锤锤,开心快乐每一天,http://footyun.top:35455/douyu/9018297
科学黑历史,http://footyun.top:35455/douyu/9317739
【牛叔2号】欢迎来到牛叔的悬疑世界,http://footyun.top:35455/douyu/10010651
欢迎大家来参加金边的婚礼 百想艺术大赏,http://footyun.top:35455/douyu/40471
【全体起立】你的本山大叔超强来袭,http://footyun.top:35455/douyu/9817716
【樱花道灌篮】HP动漫精彩解说,http://footyun.top:35455/douyu/9837291
车模车展,感谢大哥们办卡,http://footyun.top:35455/douyu/9805480
口音贼重的解说直播间,http://footyun.top:35455/douyu/9734098
在线制裁,http://footyun.top:35455/douyu/12392971
美女车模鉴赏团～,http://footyun.top:35455/douyu/9837104
祝灵动小猫MIUN金主鑫0224出道快乐,http://footyun.top:35455/douyu/113158
【史君说剧】史君说尽天下好剧,http://footyun.top:35455/douyu/9419771
《游钓中国》第十季同步更新中,http://footyun.top:35455/douyu/791411
【刘老师】每天爆笑解说不停,http://footyun.top:35455/douyu/8317926
【开心麻花】沈腾、马丽经典小品专场,http://footyun.top:35455/douyu/10153463
金在中&DreamyRoad,http://footyun.top:35455/douyu/8189873
【虫哥】魔性吐槽童年回忆,http://footyun.top:35455/douyu/8915074
【体育】聊聊科比、乔丹传奇故事,http://footyun.top:35455/douyu/8434598
扑朔迷离的档案里隐藏着什么？,http://footyun.top:35455/douyu/610972
电影最TOP,http://footyun.top:35455/douyu/2164691
【咖妃驾到】宋小宝经典小品,http://footyun.top:35455/douyu/9817729
美剧解说精彩不断,http://footyun.top:35455/douyu/9643264
已更新星君带你看大片,http://footyun.top:35455/douyu/8014467
九幽将军更新~直播间左下看当前内容,http://footyun.top:35455/douyu/10650322
已更新聊聊武侠与江湖,http://footyun.top:35455/douyu/8986636
车模现场,美女云集,http://footyun.top:35455/douyu/10118209
你的海南军哥给你带来最地道的赶海,http://footyun.top:35455/douyu/1109218
【悬疑】古往今来犯罪录,http://footyun.top:35455/douyu/9171887
周扒片深度解说,http://footyun.top:35455/douyu/6434857
迷小雅最新爽剧解说,http://footyun.top:35455/douyu/9639225
☆卡卡罗特☆,http://footyun.top:35455/douyu/7286439
【悬疑】午夜惊悚乐园,点上关注带你探险,http://footyun.top:35455/douyu/9075333
【特辑电影】有骨气酒楼营业中,http://footyun.top:35455/douyu/3637778
史剧解说洪武年间大案,http://footyun.top:35455/douyu/297689
贾玲经典小品的直播间,http://footyun.top:35455/douyu/10419541
【悬疑】都市奇闻传说、恐怖故事,http://footyun.top:35455/douyu/2337939
兄弟赶海,带你看遍天下海鲜,http://footyun.top:35455/douyu/9091847
【科幻片】最专业的科幻片解说,http://footyun.top:35455/douyu/9338839
睡前故事会,http://footyun.top:35455/douyu/7422897
带你领略宇宙星辰——纪录片记,http://footyun.top:35455/douyu/9412981
小小天才的搞笑段子,http://footyun.top:35455/douyu/9419678
1000部悬疑电影,http://footyun.top:35455/douyu/9601429
四大经典/水浒系列,http://footyun.top:35455/douyu/9487003
【拳叔】那些经典的动漫,http://footyun.top:35455/douyu/9484105
下次直播再见,搞笑就看文西与阿漆,http://footyun.top:35455/douyu/8737695
长工带你一起来追剧,http://footyun.top:35455/douyu/8869614
许君聪经典小品的直播间,http://footyun.top:35455/douyu/10419558
【洗碗君】 解说 爷青回,http://footyun.top:35455/douyu/9446706
大家快来看 9403712,http://footyun.top:35455/douyu/9403712
【1900影视室】精讲剧场,http://footyun.top:35455/douyu/7796193
梁山好汉都在此,http://footyun.top:35455/douyu/3472959
白客、孔连顺主演《鲜肉老师》登陆斗鱼,http://footyun.top:35455/douyu/9815091
大齐赶海,又是出大货的一天,http://footyun.top:35455/douyu/3647278
全新大事件更新啦~,http://footyun.top:35455/douyu/1275878
睡丝虫的直播间,http://footyun.top:35455/douyu/10308234
【恐怖片】专注恐怖片赏析与原创解说,http://footyun.top:35455/douyu/9280384
宇宙的尽头是什么？,http://footyun.top:35455/douyu/9456028
悬疑烧脑影视大合集,http://footyun.top:35455/douyu/5354713
武神常山赵子龙是也,http://footyun.top:35455/douyu/9388938
大秦国要搞大,http://footyun.top:35455/douyu/9388931
世界未解之谜盘点,秦始皇之死,http://footyun.top:35455/douyu/9369468
【茶啊二中】好看的动画,http://footyun.top:35455/douyu/2925610
【吐槽】疯狂吐槽辣眼雷剧,http://footyun.top:35455/douyu/9026377
喜欢不要忘记关注哦,http://footyun.top:35455/douyu/9038894
欢乐小饭米粒的直播间,http://footyun.top:35455/douyu/9403690
【令狐冲】什么是江湖,http://footyun.top:35455/douyu/9653063
经典小品相声乐不停,http://footyun.top:35455/douyu/9273031
宋小宝早期经典作品,爆笑了家人们,http://footyun.top:35455/douyu/9374865
影视 笑工场的直播间,http://footyun.top:35455/douyu/10298846
战斗吧热血动漫全看,http://footyun.top:35455/douyu/9641152
龙视爱笑会议室直播间,http://footyun.top:35455/douyu/9375430
【悬疑烧脑】欢迎来到侦探宇宙,http://footyun.top:35455/douyu/8788687
深更民间故事,http://footyun.top:35455/douyu/10217984
【瑜伽女孩】练习每一天,http://footyun.top:35455/douyu/10205199
辽视组团上春晚的直播间,http://footyun.top:35455/douyu/9406416
【红雷】经典电视剧精讲,http://footyun.top:35455/douyu/9650131
【一目十影】温情解说经典电影,http://footyun.top:35455/douyu/3643605
【小片片】国产经典剧集专属直播间,http://footyun.top:35455/douyu/10011547
一个只讲恐怖电影的电影解说,http://footyun.top:35455/douyu/8415464
【速看】爆笑解说,欢乐百分百,http://footyun.top:35455/douyu/2660125
解说：高能国产悬疑推理剧集,http://footyun.top:35455/douyu/8741860
车祸集锦两行泪,http://footyun.top:35455/douyu/117854
感谢钓友关注,每天分享渔乐,http://footyun.top:35455/douyu/10074370
燃爆全网的动作大片都在这里,http://footyun.top:35455/douyu/9614847
渔妹带你来赶海,来看有没有你没见过的,http://footyun.top:35455/douyu/9348805
经典美剧解说,悬疑科幻惊悚,http://footyun.top:35455/douyu/9123570
【雍正、杨贵妃】剧集精讲,http://footyun.top:35455/douyu/9660127
今日宜“哈哈哈哈”,http://footyun.top:35455/douyu/10298856
改装房车自驾游,http://footyun.top:35455/douyu/9629423
这里全是名场面~,http://footyun.top:35455/douyu/9336286
英大吉的奇闻&故事档案,http://footyun.top:35455/douyu/9174097
【路亚钓鱼】韩国美女在线钓鱼,http://footyun.top:35455/douyu/10616765
【谁说Whospeak】精彩电影解说,http://footyun.top:35455/douyu/8705754
一人一狗机车摩旅西藏行,http://footyun.top:35455/douyu/655973
跟着小猪一起看【热剧联播】,http://footyun.top:35455/douyu/10297898
挖沟连江沟长的直播间,http://footyun.top:35455/douyu/8413092
超级敏感的小肉腿,http://footyun.top:35455/douyu/10308225
NBA最强球王精彩集锦爽,http://footyun.top:35455/douyu/9406897
【吐槽】烂片的克星,老邪入驻啦,http://footyun.top:35455/douyu/9222870
林正英混剪 各类电影剪辑混剪盘点系列,http://footyun.top:35455/douyu/9607934
【敬汉卿】将作死进行到底,http://footyun.top:35455/douyu/2912165
强人说笑,http://footyun.top:35455/douyu/10329713
【史君观影】国产刑侦电视剧太精彩了,http://footyun.top:35455/douyu/9644669
生物全部变异成为顶级食材,少年化身恶魔,http://footyun.top:35455/douyu/9391292
【鬼哥奇谈】午夜故事,提神醒脑，清清凉凉,http://footyun.top:35455/douyu/8722254
【正在解说光头强】饭点陪聊,http://footyun.top:35455/douyu/9527700
互联网二极馆,http://footyun.top:35455/douyu/10102281
【影视/动作】那些操作猛如虎的精彩瞬间,http://footyun.top:35455/douyu/9627172
【老王】经典电影看不停,http://footyun.top:35455/douyu/9687733
龙视欢乐英雄传的直播间,http://footyun.top:35455/douyu/9374836
荒野求生纪录片小天地,http://footyun.top:35455/douyu/9661369
神探：带你走进档案,http://footyun.top:35455/douyu/3310454
贻哥带你看电影,http://footyun.top:35455/douyu/9338867
中二日记搞笑日常更新,http://footyun.top:35455/douyu/9505575
音乐台长的直播间,http://footyun.top:35455/douyu/9629943
《探奇录-案件篇》,http://footyun.top:35455/douyu/9746763
【经典武侠】时代的记忆,,http://footyun.top:35455/douyu/9649701
俗哥看电影的直播间,http://footyun.top:35455/douyu/2161818
9942574的直播间,http://footyun.top:35455/douyu/9942574
车祸现场——都是贪快惹的祸,http://footyun.top:35455/douyu/4921957
篮球集锦速递,http://footyun.top:35455/douyu/9399887
【大坑】悬疑推理视频解说,http://footyun.top:35455/douyu/9440339
来呀官人,都是你的梦,http://footyun.top:35455/douyu/9986305
柠檬檬檬儿vlog的直播间,http://footyun.top:35455/douyu/9624845
植物植re房间的直播间,http://footyun.top:35455/douyu/9771247
创造粤语新流行,http://footyun.top:35455/douyu/2940299
陈佩斯喜剧放映中,http://footyun.top:35455/douyu/9286868
【萌迪迪】经典系列,http://footyun.top:35455/douyu/5354705
爆笑视频,每日一更,http://footyun.top:35455/douyu/4716
美女带你做瑜伽,http://footyun.top:35455/douyu/10217953
洛克电影的直播间,http://footyun.top:35455/douyu/9414884
【快看张不疯】带你看香港经典电影,http://footyun.top:35455/douyu/8413226
内涵 搞笑 短剧,每日更新,http://footyun.top:35455/douyu/2995636
新的房车生活：4万块的面包车改床车,http://footyun.top:35455/douyu/9653323
二毛荒野垂钓生活,http://footyun.top:35455/douyu/10007687
【飞碟说】一分钟了解知识,http://footyun.top:35455/douyu/1449125
有温度的篮球厂牌,http://footyun.top:35455/douyu/9367541
剪辑让电影变得更有趣,http://footyun.top:35455/douyu/8443438
俄罗斯小伙硬核野外生存指南,http://footyun.top:35455/douyu/9804068
两个大麻瓜的沙雕钓鱼日常,http://footyun.top:35455/douyu/10121755
恰饭橘美食制作,喜欢点关注哟,http://footyun.top:35455/douyu/7974136
周六重oey训练营,http://footyun.top:35455/douyu/8912150
哇是搞笑君啊,http://footyun.top:35455/douyu/10329719
UP主最新视频合集,http://footyun.top:35455/douyu/10074407
钓鱼人最后的挣扎,http://footyun.top:35455/douyu/9570290
那些6到让我们窒息的操作,http://footyun.top:35455/douyu/8881729
日本最新资讯速递,http://footyun.top:35455/douyu/296836
民间高手野外露营SHOW,http://footyun.top:35455/douyu/10372765
爆笑解说各种动漫,http://footyun.top:35455/douyu/2365
徒手打造顶级荒野豪宅,http://footyun.top:35455/douyu/9611578
神羊说电影,一起看电影,http://footyun.top:35455/douyu/9443552
9365077的直播间,http://footyun.top:35455/douyu/9365077
爱爱小Q的直播间,http://footyun.top:35455/douyu/10308312
爆笑神剧陪你下饭24小时不间断轮播,http://footyun.top:35455/douyu/9339300
万池塘徒手挖池塘,http://footyun.top:35455/douyu/9544576
【钓鱼】最专业的路亚钓法,http://footyun.top:35455/douyu/9974427
漫威不DC,精彩有声漫,http://footyun.top:35455/douyu/1952680
高分悬疑电影解说,http://footyun.top:35455/douyu/9037784
大别山的真实生活,http://footyun.top:35455/douyu/8837707
小马哥说电影的直播间,http://footyun.top:35455/douyu/9396672
鹈友说电影,一起看电影,http://footyun.top:35455/douyu/9445244
【经典悬疑烧脑剧解说】你值得拥有,http://footyun.top:35455/douyu/8790357
篮球小人物的直播间,http://footyun.top:35455/douyu/9184257
带你看没时间看的经典电影,http://footyun.top:35455/douyu/9375743
逗米说电影的直播间,http://footyun.top:35455/douyu/421222
猫狗双全,就是这样,http://footyun.top:35455/douyu/8695854
大弟赶海乐趣多,http://footyun.top:35455/douyu/9348766
科幻战到,为你带来好看的科幻片,http://footyun.top:35455/douyu/8772060
中国海钓王游钓世界,http://footyun.top:35455/douyu/9329608
走进“柯”学,西瓜讲的历史档案,http://footyun.top:35455/douyu/9065082
里面全是小猫咪,http://footyun.top:35455/douyu/8657834
趣味视频集锦,http://footyun.top:35455/douyu/9524579
篮球直播间 10228726,http://footyun.top:35455/douyu/10228726
【小叮当】童年经典动画片,http://footyun.top:35455/douyu/9445279
车门锁死了,贫道和你一起看电影,http://footyun.top:35455/douyu/9463586
真实、惊悚事件录,http://footyun.top:35455/douyu/9754849
【独立鱼】鱼叔荐好片 爱看你就来,http://footyun.top:35455/douyu/2413555
科普公开课,http://footyun.top:35455/douyu/9498354
每天一分钟,笑侃体坛篮球那些事,http://footyun.top:35455/douyu/9170147
【脑洞吧】经典搞笑 神配音哦,http://footyun.top:35455/douyu/2040822
救助流浪小猫咪,http://footyun.top:35455/douyu/850030
一只喵讲电影会是什么样？,http://footyun.top:35455/douyu/9312432
来看一只熊熊解说电影,http://footyun.top:35455/douyu/9386057
心情不好的时候治愈你,http://footyun.top:35455/douyu/9204381
利利川的直播间,http://footyun.top:35455/douyu/9329249
【日常野钓】游钓黑坑一疯子,http://footyun.top:35455/douyu/10103411
听听歌,看绝美动漫场景,http://footyun.top:35455/douyu/9191790
原创惊悚恐怖动漫,http://footyun.top:35455/douyu/9312460
【科幻】九叔带你看大片,http://footyun.top:35455/douyu/9348282
庄尼兔拟音实验室的直播间,http://footyun.top:35455/douyu/9546169
【午夜消暑】伊藤润二恐怖漫画行亏解说专场,http://footyun.top:35455/douyu/8936207
野生基建狂异地登陆,http://footyun.top:35455/douyu/10039437
【搞笑】我叫孙火旺,论优秀没输过,http://footyun.top:35455/douyu/9770949
【火龙果讲电影】超爽的电影解说,http://footyun.top:35455/douyu/2039501
非著名养猪UP主·姐和她的小猪咪们,http://footyun.top:35455/douyu/8657669
忧郁观影 带您看奇案,http://footyun.top:35455/douyu/9393577
最会“忽悠”的三代鹿人来斗鱼啦,http://footyun.top:35455/douyu/9629717
不做大师,只做中国好钓友,http://footyun.top:35455/douyu/9957389
看遍世界各地的纪录片,http://footyun.top:35455/douyu/8834003
有部电影儿的直播间,http://footyun.top:35455/douyu/9736479
热星音乐菌的直播间,http://footyun.top:35455/douyu/8405922
小姐姐解说大马猴电影,http://footyun.top:35455/douyu/8851063
前方高能 我也就看了几百遍,http://footyun.top:35455/douyu/9188696
迷惑住宅行为大赏,http://footyun.top:35455/douyu/3431701
一起看台球那些人,http://footyun.top:35455/douyu/10078171
书岳钓鱼的直播间,http://footyun.top:35455/douyu/10100206
农村一级野钓大师,http://footyun.top:35455/douyu/9433591
【川麻】麻将大师赛,http://footyun.top:35455/douyu/10217975
辽视辽宁春晚集锦,http://footyun.top:35455/douyu/9403738
农民野钓的直播间,http://footyun.top:35455/douyu/10103361
冷门惊悚片,一次看过瘾,http://footyun.top:35455/douyu/9647845
荒野避难所的直播间,http://footyun.top:35455/douyu/10234334
小猪搞笑精选,http://footyun.top:35455/douyu/10329752
墨西哥大毒枭的传奇往事,http://footyun.top:35455/douyu/9422144
探案解说中,http://footyun.top:35455/douyu/9065302
用乐高给猫做一次自助餐实现他的愿望,http://footyun.top:35455/douyu/7348194
一起来看大神修复老物件,解压 治愈,http://footyun.top:35455/douyu/4164119
朱一旦顶级团队·802,职场大爆炸,http://footyun.top:35455/douyu/8768943
娱乐扒叔的直播间,http://footyun.top:35455/douyu/9624581
听霏o姐说,http://footyun.top:35455/douyu/8830082
老刘带你看大片,http://footyun.top:35455/douyu/3985805
正在解说丧尸片,http://footyun.top:35455/douyu/10075154
用细致的角度观察电影,http://footyun.top:35455/douyu/3715426
整活视频,开心就好,http://footyun.top:35455/douyu/10319056
菠萝说电影,http://footyun.top:35455/douyu/3714736
最强拳王——刘牙速看,http://footyun.top:35455/douyu/9542676
聊聊钓青鱼,http://footyun.top:35455/douyu/10105639
趣评测李杰灵的直播间~,http://footyun.top:35455/douyu/751316
【崖山】创意电影脑洞大开,http://footyun.top:35455/douyu/8325511
沙雕日常笑不停,http://footyun.top:35455/douyu/9516137
【熊猫电影】超详细的电影解说,http://footyun.top:35455/douyu/3506483
【久远酱】动漫解说,进来就对了,http://footyun.top:35455/douyu/9046649
奇趣研究的直播间,http://footyun.top:35455/douyu/8661456
【朱一旦】朱一旦的枯燥生活,http://footyun.top:35455/douyu/7907979
唐人探影的直播间,http://footyun.top:35455/douyu/10371561
选一栋豪宅,配得上你的未来,http://footyun.top:35455/douyu/9172774
陈易的奇闻趣事直播间,http://footyun.top:35455/douyu/9365118
带您进入醉我天涯的影视世界,http://footyun.top:35455/douyu/9479775
超美竹公子来说书,http://footyun.top:35455/douyu/8887432
【速看】超精彩的电影解说,等你来看,http://footyun.top:35455/douyu/8808506
脑洞大到飞起,猜到结局算我输,http://footyun.top:35455/douyu/8706084
维立方电影的直播间,http://footyun.top:35455/douyu/8706393
流小象   爆笑配音动画,http://footyun.top:35455/douyu/2441228
Hello~大家好呀我是小虾米,http://footyun.top:35455/douyu/102114
徒手冰河捞鱼,http://footyun.top:35455/douyu/10039005
王俊凯的资源组的直播间,http://footyun.top:35455/douyu/8862216
【清凌】N分钟带你看完大片,http://footyun.top:35455/douyu/9488836
带您进入崎L的动漫小屋,http://footyun.top:35455/douyu/9409703
游钓文龙的直播间,http://footyun.top:35455/douyu/10104803
【速看】深度解读各种冷门佳作,http://footyun.top:35455/douyu/8850682
斗破苍穹有声书,http://footyun.top:35455/douyu/10308242
欧文讲飞盘,http://footyun.top:35455/douyu/9678790
大家好( ﾟ∀ ﾟ) 9283356,http://footyun.top:35455/douyu/9283356
轩辕Elias的直播间,http://footyun.top:35455/douyu/9412454
【大蓝雀】最新神剧爆笑解说,http://footyun.top:35455/douyu/8656759
下次直播再见~,http://footyun.top:35455/douyu/10417360
带你走进各种离奇案件,http://footyun.top:35455/douyu/6725858
重量级拳王的史诗级对抗,http://footyun.top:35455/douyu/9412138
带您进入一条正经·in的知识海洋,http://footyun.top:35455/douyu/9497985
买不起看得起的豪宅,http://footyun.top:35455/douyu/9314668
玩纸牌的yolo,http://footyun.top:35455/douyu/5077166
发现放映室,http://footyun.top:35455/douyu/8791622
龙视超级笑匠的直播间,http://footyun.top:35455/douyu/9375450
电视这个圈儿的直播间,http://footyun.top:35455/douyu/9425669
【小超讲电影】几分钟看完一部精彩电影,http://footyun.top:35455/douyu/3432645
制作show的直播间,http://footyun.top:35455/douyu/9550226
指缝君看大片,http://footyun.top:35455/douyu/9647834
德国来的女婿,http://footyun.top:35455/douyu/9194089
【电影漩涡】好电影让你感同身受,http://footyun.top:35455/douyu/8706350
动漫搞笑配音,http://footyun.top:35455/douyu/9650181
经典老电影,那种非常经典的,http://footyun.top:35455/douyu/10411518
【聊天室】日本女子摔跤,http://footyun.top:35455/douyu/425809
【电影黑匣子】用心去解读每一部电影,http://footyun.top:35455/douyu/8706652
下饭必看直播间,http://footyun.top:35455/douyu/9788756
中国喜剧力量,http://footyun.top:35455/douyu/9403781
小说《鬼吹灯》全集精讲,http://footyun.top:35455/douyu/10317257
恐怖游戏全看【主播视频轮播】,http://footyun.top:35455/douyu/10401481
正在解说【犯罪心理】,值得研究,http://footyun.top:35455/douyu/8851140
小小鹿的恐怖故事馆（故事内容仅为小说）,http://footyun.top:35455/douyu/9442889
【铁三角】斗嘴的日常,http://footyun.top:35455/douyu/9994377
带你体验宇宙时空之旅,http://footyun.top:35455/douyu/9439712
交通事故集合：出行注意安全,http://footyun.top:35455/douyu/9759970
28岁电影的直播间,http://footyun.top:35455/douyu/8884164
看一部电影 体百味人生,http://footyun.top:35455/douyu/8774345
聊奇闻异事、挖未解之谜,http://footyun.top:35455/douyu/10181584
爱电影更爱你,http://footyun.top:35455/douyu/549693
麻雀喳喳野行记的直播间,http://footyun.top:35455/douyu/10088966
爆笑行为大赏,http://footyun.top:35455/douyu/10329767
龙视开心麻花街的直播间,http://footyun.top:35455/douyu/9374862
带您进入神之传说的动漫小屋,http://footyun.top:35455/douyu/9370168
萌宠搞笑视频连连看,http://footyun.top:35455/douyu/8653533
老牌香港明星的最全八卦,http://footyun.top:35455/douyu/9970047
快乐男孩解说经典,http://footyun.top:35455/douyu/8795274
石头老纪的直播间,http://footyun.top:35455/douyu/9047060
每周更新  更多娱乐,http://footyun.top:35455/douyu/5918434
探秘者大正的直播间,http://footyun.top:35455/douyu/9330485
泰叔来斗鱼了,http://footyun.top:35455/douyu/9348784
带您走进博然的电影世界,http://footyun.top:35455/douyu/9561992
讲故事的角色 一起看电影,http://footyun.top:35455/douyu/4400816
带您进入腹黑电影的电影世界,http://footyun.top:35455/douyu/8867878
恐怖片解说,想来点刺激的,http://footyun.top:35455/douyu/9447668
弹弹琴唱唱歌聊聊天～,http://footyun.top:35455/douyu/2281324
带您进入Fatal飞雪的动漫小屋,http://footyun.top:35455/douyu/8813596
奇趣电影一次看个够,http://footyun.top:35455/douyu/3508538
初音 弱音 原神 崩3MMD,http://footyun.top:35455/douyu/9235284
黑暗骑士DARKSWEET的直播间,http://footyun.top:35455/douyu/8795660
蓝光乐队翻唱大合集,http://footyun.top:35455/douyu/9572351
秦看番的直播间,http://footyun.top:35455/douyu/9542832
世界最神秘的事你整明白了没？,http://footyun.top:35455/douyu/9580477
邢生讲解的童年经典,http://footyun.top:35455/douyu/9665298
游戏剧情系列/恐怖/主机/通关,http://footyun.top:35455/douyu/10401475
【多巴安工作室】日常生活搞笑,一起欢乐,http://footyun.top:35455/douyu/9446799
网络热门骗子鉴赏,http://footyun.top:35455/douyu/1286383
奇趣作案手法模拟,http://footyun.top:35455/douyu/9480767
【宇哥】极限惊悚,无限反转,http://footyun.top:35455/douyu/8651489
最好看的影视片段,http://footyun.top:35455/douyu/7212528
【QS女老师】萌系萝莉 辛辣吐槽,http://footyun.top:35455/douyu/563536
中国妹子镜头下真实的日本,http://footyun.top:35455/douyu/8745628
【小侠】带你看电影,http://footyun.top:35455/douyu/9734042
用户17222014的直播间,http://footyun.top:35455/douyu/9647285
带您进入永无止境的动漫小屋,http://footyun.top:35455/douyu/9442980
带您进入动画魂的动漫小屋,http://footyun.top:35455/douyu/9393242
海鲸湾 情景推理,http://footyun.top:35455/douyu/9475113
【看电影了没】深度讲解电影,http://footyun.top:35455/douyu/9562616
尚大人OwO的直播间,http://footyun.top:35455/douyu/9656124
影视绝美混剪轮播,http://footyun.top:35455/douyu/9662856
杰森、人皮脸,各种杀人魔解说，你敢看吗？,http://footyun.top:35455/douyu/9314689
17号说动漫热血解说,http://footyun.top:35455/douyu/9822277
带您进入在下小苏Su的日常,http://footyun.top:35455/douyu/8658051
动漫新番看这里,包子解说,http://footyun.top:35455/douyu/9028721
【冬粮】解析电影 品评人生,http://footyun.top:35455/douyu/5192695
带您进入5毒士的动漫小屋,http://footyun.top:35455/douyu/9406600
家用数码科技测评第一线,http://footyun.top:35455/douyu/9446511
买菜要砍价,http://footyun.top:35455/douyu/9477851
民工小代带你体验最真实的农民工生活~,http://footyun.top:35455/douyu/9616619
爆笑段子大本营坚持十秒不笑算你赢,http://footyun.top:35455/douyu/8729614
动漫混剪放映厅,http://footyun.top:35455/douyu/9191006
这是我能看的吗？,http://footyun.top:35455/douyu/9407329
鹿老尸的直播间,http://footyun.top:35455/douyu/857979
喜欢二次元动漫就点进来吧,http://footyun.top:35455/douyu/4285043
老sao的沙雕动漫解说,http://footyun.top:35455/douyu/8833450
魏巍吴群雄争霸,发弹幕加入国战,http://footyun.top:35455/douyu/8892864
【恶搞】一样的电影,不一样的feel,http://footyun.top:35455/douyu/2519745
德彪的故事,你看懂了吗？,http://footyun.top:35455/douyu/9145648
鞋迷的极致追求,http://footyun.top:35455/douyu/9687221
【鸡哥】一部电影就是一个人生,http://footyun.top:35455/douyu/5067952
带您走进心史酱动漫的小屋,http://footyun.top:35455/douyu/9488056
有酒有肉,欢迎找我聊天,http://footyun.top:35455/douyu/9075374
珏月影视的直播间,http://footyun.top:35455/douyu/9339251
没 有 人 比 我 更 懂 二 次 元,http://footyun.top:35455/douyu/8977251
到远方旅行,http://footyun.top:35455/douyu/9614588
【搞笑】学会了这就去和女神对线,http://footyun.top:35455/douyu/9382395
戏晶SHOW的直播间,http://footyun.top:35455/douyu/9565130
梦觉教游泳,http://footyun.top:35455/douyu/4531679
乐儿陪你看动漫,http://footyun.top:35455/douyu/8221699
《好久不见,武汉》,http://footyun.top:35455/douyu/8933612
灵异奇谈的直播间,http://footyun.top:35455/douyu/9678207
Melo的健身课堂的直播间,http://footyun.top:35455/douyu/9306609
【一拳超人】高燃解说,http://footyun.top:35455/douyu/9568700
正能量扶贫日记,http://footyun.top:35455/douyu/8662684
野生岛民的直播间,http://footyun.top:35455/douyu/10217843
老人家-小熊喵君,http://footyun.top:35455/douyu/753342
雷电舞大哥,http://footyun.top:35455/douyu/1528853
四叶草影视的直播间,http://footyun.top:35455/douyu/9446117
来吐槽 9510544,http://footyun.top:35455/douyu/9510544
技术流声控,http://footyun.top:35455/douyu/749124
这里有一个摇滚萝莉,http://footyun.top:35455/douyu/6428730
动漫推荐官方直播间,http://footyun.top:35455/douyu/5187099
黑菠萝陪你侃大片,http://footyun.top:35455/douyu/5803764
王力差点红的小周慧敏来啦,http://footyun.top:35455/douyu/9348469
忙着呢,http://footyun.top:35455/douyu/2798717
【动漫】记录你的王者峡谷生活,http://footyun.top:35455/douyu/9360149
御前狼王顾云川的直播间,http://footyun.top:35455/douyu/9517289
最新奇幻电影解说-宇宙无敌韩三金,http://footyun.top:35455/douyu/3194372
小尒哆啦哆,http://footyun.top:35455/douyu/8362978
秀才侃娱乐,http://footyun.top:35455/douyu/9382873
阳仔骑行的直播间,http://footyun.top:35455/douyu/9329185
锦书致南辞,http://footyun.top:35455/douyu/2894528
世界纪录大全的直播间,http://footyun.top:35455/douyu/9406359
压力洋哥家的直播间,http://footyun.top:35455/douyu/5297259
精彩短剧播不停,http://footyun.top:35455/douyu/8475821
欢乐吐槽,一起来看大白话瞎突突,http://footyun.top:35455/douyu/9412287
卡牌大师花式切牌,有点东西,http://footyun.top:35455/douyu/9388557
Ido漫说的直播间,http://footyun.top:35455/douyu/9456379
【娴娜酱】带你一起看动漫,http://footyun.top:35455/douyu/9445557
已更新：宇哥带你几分钟看完一部好电影,http://footyun.top:35455/douyu/2104744
娱乐明星一手消息,理娱打挺疼,http://footyun.top:35455/douyu/2925563
【哂笑派】爆笑解说,http://footyun.top:35455/douyu/2987100
冰糖葫芦没放糖,http://footyun.top:35455/douyu/3505453
黑化毒物的直播间,http://footyun.top:35455/douyu/3579219
珺珺说电影,http://footyun.top:35455/douyu/3718888
动漫配音 安排安排,http://footyun.top:35455/douyu/4049310
吉他的音乐教学,http://footyun.top:35455/douyu/4564166
干货年度潮鞋评测,http://footyun.top:35455/douyu/4585643
动漫杂谈放送,http://footyun.top:35455/douyu/5124602
枫凌雨畔的直播间,http://footyun.top:35455/douyu/5279518
驴哥解说最奇趣的电影,http://footyun.top:35455/douyu/5376478
浪漫浪说电影集锦,http://footyun.top:35455/douyu/5424258
目及-疯狂安利下饭剧,http://footyun.top:35455/douyu/8712204
程序员易哈希的直播间,http://footyun.top:35455/douyu/8759268
直男粤语爆笑综艺reaction,http://footyun.top:35455/douyu/8764282
【一起过七夕】大力学姐·搞笑影视解说时间,http://footyun.top:35455/douyu/8784719
同学们快进来学知识,http://footyun.top:35455/douyu/8799739
阎牛杰哥的直播间,http://footyun.top:35455/douyu/8815425
八月几分钟带你看经典电影,http://footyun.top:35455/douyu/8816671
关羽猬动漫剧场,http://footyun.top:35455/douyu/8820996
【速看】码哥出品,必是精品,http://footyun.top:35455/douyu/8821892
几号房间V的直播间,http://footyun.top:35455/douyu/8829425
神迹小霸霸的直播间,http://footyun.top:35455/douyu/8837963
没有人比我更懂二次元,http://footyun.top:35455/douyu/8849954
带您进入不会骑马的健身少年的日常,http://footyun.top:35455/douyu/8862198
颜雪落的直播间,http://footyun.top:35455/douyu/8864291
带您进入YIKa777的动漫小屋,http://footyun.top:35455/douyu/8868213
这里有你要的 8871095,http://footyun.top:35455/douyu/8871095
【月影轮播间】后宫番解说,http://footyun.top:35455/douyu/8885525
架子鼓美少女,http://footyun.top:35455/douyu/8887438
【噬元兽】小姐姐带你看剧啦,http://footyun.top:35455/douyu/8896723
【托尔纳桃花剑】动漫特设反复横跳,http://footyun.top:35455/douyu/8896743
【前女友】动漫了解一个,http://footyun.top:35455/douyu/8896746
搞 起 来 8943060,http://footyun.top:35455/douyu/8943060
【狂阿弥】电影VLOG文学,http://footyun.top:35455/douyu/8975282
带您进入总之的电影世界,http://footyun.top:35455/douyu/8978669
大哥大姐们,看看我吧,http://footyun.top:35455/douyu/9013989
栗子恋爱课堂,在线教你脱单哟,http://footyun.top:35455/douyu/9046097
祝各位如虎添翼,http://footyun.top:35455/douyu/9055742
尽量讲事实,但是带情绪,http://footyun.top:35455/douyu/9090487
【功夫梦王小虎】拳拳到肉,实拍功夫,http://footyun.top:35455/douyu/9169624
张开嘴吃我安利啦,http://footyun.top:35455/douyu/9184833
山下智博超精彩的日常分享,http://footyun.top:35455/douyu/9186596
迷影至下Filmlast的直播间,http://footyun.top:35455/douyu/9187596
没有我没看过的番,http://footyun.top:35455/douyu/9207457
9272327的直播间,http://footyun.top:35455/douyu/9272327
9351043的直播间,http://footyun.top:35455/douyu/9351043
狗毛电影的直播间,http://footyun.top:35455/douyu/9356637
带您进入莱纳电影的电影世界,http://footyun.top:35455/douyu/9356937
小丽说电影每日更新,http://footyun.top:35455/douyu/9368016
伦帝入驻斗鱼啦,http://footyun.top:35455/douyu/9368091
9371552的直播间,http://footyun.top:35455/douyu/9371552
半藏科普直播间,http://footyun.top:35455/douyu/9372627
非常有格调的影视剪辑~,http://footyun.top:35455/douyu/9384527
带您进入安琪儿的翅膀的动漫小屋,http://footyun.top:35455/douyu/9388783
九写峪的直播间,http://footyun.top:35455/douyu/9393501
带您进入少年阿虎的动漫小屋,http://footyun.top:35455/douyu/9396762
和火影有关的一切,http://footyun.top:35455/douyu/9398828
【短剧】最奇异的人生问题,http://footyun.top:35455/douyu/9409722
齐木楠雄陪你看动漫,http://footyun.top:35455/douyu/9415755
晓晓说电影的直播间,http://footyun.top:35455/douyu/9430717
搞笑/悬疑,经典电影解说轮播,http://footyun.top:35455/douyu/9433806
为全国中老年朋友发声,http://footyun.top:35455/douyu/9440530
漫威/DC宇宙讲解中,http://footyun.top:35455/douyu/9440728
哈施,大家好 一起来看电影吧,http://footyun.top:35455/douyu/9440966
轻风乍起的直播间,http://footyun.top:35455/douyu/9445489
影子树影视解说,每日更新,http://footyun.top:35455/douyu/9446338
铁头与桅子（每周更新一起看霸王）,http://footyun.top:35455/douyu/9450942
大JIANG 剪辑/特效教学,http://footyun.top:35455/douyu/9455480
带您进入忆样的动漫小屋,http://footyun.top:35455/douyu/9455518
热门新片/新剧解说直播间,http://footyun.top:35455/douyu/9455937
带您进入潜伏的动漫小屋,http://footyun.top:35455/douyu/9458345
最会讲电影的漂亮小姐姐看一眼,http://footyun.top:35455/douyu/9464182
“酒醉东梦带你看全球政治经济变化”,http://footyun.top:35455/douyu/9477805
预言家Alice的直播间,http://footyun.top:35455/douyu/9483772
迷剧阿芮的直播间,http://footyun.top:35455/douyu/9486024
MG Cyberster零距离现场拆解,http://footyun.top:35455/douyu/9498554
带您进入LCPD拉登的动画世界,http://footyun.top:35455/douyu/9503015
庆皇隆利他,http://footyun.top:35455/douyu/9524210
Nino学长的直播间,http://footyun.top:35455/douyu/9525473
带您进入潇洒公子的动漫小屋,http://footyun.top:35455/douyu/9535657
带您进入笑点组长的搞笑世界,http://footyun.top:35455/douyu/9535757
名人传奇来啊,涨知识啊～,http://footyun.top:35455/douyu/9539063
带您进入光影故事汇的电影世界,http://footyun.top:35455/douyu/9541423
枫狂吐槽的动漫推荐没番看就进来吧,http://footyun.top:35455/douyu/9541849
露爷说漫的直播间,http://footyun.top:35455/douyu/9542830
猫八解说的直播间,http://footyun.top:35455/douyu/9542831
街头英语角的直播间,http://footyun.top:35455/douyu/9548244
黑衣陌秦mq的直播间,http://footyun.top:35455/douyu/9559308
本主儿的直播间,http://footyun.top:35455/douyu/9565677
TFBOYS饭团官博的直播间,http://footyun.top:35455/douyu/9565765
上来先丢大,http://footyun.top:35455/douyu/9566154
桃红梨白专栏的直播间,http://footyun.top:35455/douyu/9568196
忆的Ethan的直播间,http://footyun.top:35455/douyu/9570042
有JJv的直播间,http://footyun.top:35455/douyu/9575463
爱经人的丸子   时尚评测,http://footyun.top:35455/douyu/9576933
【柚子树】悬疑电影大观园,http://footyun.top:35455/douyu/9606419
翾臻秋的直播间,http://footyun.top:35455/douyu/9623057
二次元放映室,喜欢二次元，关注我就对了!,http://footyun.top:35455/douyu/9624330
带您进入海男Rexv的时尚天堂,http://footyun.top:35455/douyu/9626732
吾恩的音乐世界,http://footyun.top:35455/douyu/9631914
不正经的讲故事,甜沫口音,http://footyun.top:35455/douyu/9636034
用户67075445的直播间,http://footyun.top:35455/douyu/9649913
喵招诗雨的直播间,http://footyun.top:35455/douyu/9651121
【混剪】情感向,http://footyun.top:35455/douyu/9651506
童乐说电影,http://footyun.top:35455/douyu/9660704
冷冷冷没有比这里更冷门的电影解说了,http://footyun.top:35455/douyu/9666219
佛曰影视的直播间,http://footyun.top:35455/douyu/9671758
【OooOlivia奥莉薇】穿出你的美,http://footyun.top:35455/douyu/9678862
用户81130217的直播间,http://footyun.top:35455/douyu/9683911
Rabbit每日爆料的直播间,http://footyun.top:35455/douyu/9685652
情感测试小分队的直播间,http://footyun.top:35455/douyu/9697688
鲁过一世的直播间,http://footyun.top:35455/douyu/9716515
没腿毛的哥哥的直播间,http://footyun.top:35455/douyu/9720447
柠檬柠檬萌菌的直播间,http://footyun.top:35455/douyu/9720895
看个M啥的直播间,http://footyun.top:35455/douyu/9720919
训练师十六的直播间,http://footyun.top:35455/douyu/9721338
女装大佬VS东北大叔,http://footyun.top:35455/douyu/9722147
TSSS映画的直播间,http://footyun.top:35455/douyu/9749339
樊帆说电影的直播间,http://footyun.top:35455/douyu/9769563
鲈环姨Yee的直播间,http://footyun.top:35455/douyu/9791703
9991820的直播间,http://footyun.top:35455/douyu/9991820
用户56448303的直播间,http://footyun.top:35455/douyu/10064260
同同电影的直播间,http://footyun.top:35455/douyu/10155359
怪异君来了悬疑世界,http://footyun.top:35455/douyu/10279570
【曹小灵】揭秘各国砍头帮,http://footyun.top:35455/douyu/10289400
大笑电影院的直播间,http://footyun.top:35455/douyu/10329300
剧燃有趣的直播间,http://footyun.top:35455/douyu/10329702
立即动画的直播间,http://footyun.top:35455/douyu/10351891
大魔王解说,http://footyun.top:35455/douyu/10415661
最好看剧都在这里,http://footyun.top:35455/douyu/10508677
小姐姐小乔讲电影,http://footyun.top:35455/douyu/8413908
老司机扯电影的直播间,http://footyun.top:35455/douyu/9447717
荒野中的人肉挖掘机,http://footyun.top:35455/douyu/9618038
九仙人儿最新视频已更新,真香现场,http://footyun.top:35455/douyu/8669085
【麻瓜学院】一起来感受魔法,http://footyun.top:35455/douyu/9272077
阚酱盘动漫的直播间,http://footyun.top:35455/douyu/9547575
前任电影的直播间,http://footyun.top:35455/douyu/9329242
带您进入华白雨的动漫小屋,http://footyun.top:35455/douyu/9495454
【阿松播剧】恐怖喜剧,一键切换,http://footyun.top:35455/douyu/8880843
大壮撞电影,http://footyun.top:35455/douyu/9437349
西施约你看电影,http://footyun.top:35455/douyu/7532080
来看我跳舞(*^▽^*)（每周更新）,http://footyun.top:35455/douyu/9211287
斗鱼最温情电影解说,http://footyun.top:35455/douyu/8799435
【二哈】几分钟看完各种恐怖大片,http://footyun.top:35455/douyu/8778280
老电影故事的直播间,http://footyun.top:35455/douyu/9167273
郭云神奇的神经奇解说,http://footyun.top:35455/douyu/8694831
屁屁鸭和他的朋友们,http://footyun.top:35455/douyu/9461930
笑哈哈团长,http://footyun.top:35455/douyu/10329368
山里记的直播间,http://footyun.top:35455/douyu/9410236
【麦绿素】几分钟带你完整看电影（尽量）,http://footyun.top:35455/douyu/9336437
沙雕番推荐,无聊你就来看,http://footyun.top:35455/douyu/8859276
SKYE魔-手绘,http://footyun.top:35455/douyu/9460834
超精彩电影解说,http://footyun.top:35455/douyu/10319545
带您进入新视角解说的电影世界,http://footyun.top:35455/douyu/8813254
吟游诗人基德的直播间,http://footyun.top:35455/douyu/9337049
猪弟弟电影,http://footyun.top:35455/douyu/8862501
欢迎来到超级英雄的世界,http://footyun.top:35455/douyu/9665696
听完发现这些书白读了~,http://footyun.top:35455/douyu/2680501
将军令片的直播间,http://footyun.top:35455/douyu/8529736
速看丽姐说电影,http://footyun.top:35455/douyu/9437283
憨憨仓鼠,闯关冲冲冲,http://footyun.top:35455/douyu/10354920
阿忙来斗鱼赶海了,http://footyun.top:35455/douyu/9348876
认真科普,偶尔不务正业的瞎扯,http://footyun.top:35455/douyu/9072066
同行的直播间 2718202,http://footyun.top:35455/douyu/2718202
【草泥泥影院】每日解说欧美高分动画,http://footyun.top:35455/douyu/9091049
【阿木】解说高分经典电影,http://footyun.top:35455/douyu/532050
在荒野建一个动物园,http://footyun.top:35455/douyu/9663833
真人改编,史上最凶残的毒枭，世界七大富豪,http://footyun.top:35455/douyu/9937291
叶墨的百妖馆的直播间,http://footyun.top:35455/douyu/9517351
恐怖悬疑小故事精彩解说,http://footyun.top:35455/douyu/6361974
小姐姐Die跑哦的直播间,http://footyun.top:35455/douyu/8666258
钱小元说电影的直播间,http://footyun.top:35455/douyu/9368265
会火-娱乐先知 海量资讯内容等你来看,http://footyun.top:35455/douyu/9442836
童年经典动漫讲解,http://footyun.top:35455/douyu/9734515
自虐级不要笑挑战,http://footyun.top:35455/douyu/2174405
【神剧top】十分钟传递影视情感,http://footyun.top:35455/douyu/8286679
吃鸡小表弟魔性吃鸡,http://footyun.top:35455/douyu/9370197
【蓝星人】颠覆你想象的神秘未解谜团,http://footyun.top:35455/douyu/9431727
铲屎官和高智商狗狗的温暖治愈日常,http://footyun.top:35455/douyu/8662812
哈哈哈哈哈哈哈 9583975,http://footyun.top:35455/douyu/9583975
飞行,驾驶，太空  ,http://footyun.top:35455/douyu/5727066
起来啦小躺的直播间,http://footyun.top:35455/douyu/8849047
经典日漫,剧情向剪辑,http://footyun.top:35455/douyu/9193179
最好看的搞笑篮球动漫,http://footyun.top:35455/douyu/9401305
最有梗的直播间,全是影视梗,http://footyun.top:35455/douyu/9480648
进击de伏特加的直播间,http://footyun.top:35455/douyu/9501444
是天才还是穿越,http://footyun.top:35455/douyu/8662915
猫眼电影影视的直播间,http://footyun.top:35455/douyu/8726221
小爱看大片的直播间,http://footyun.top:35455/douyu/9312805
鲨说电影的直播间,http://footyun.top:35455/douyu/9544628
二次元fans鹿鹿~鹿鹿陪你看动漫,http://footyun.top:35455/douyu/8661526
KB唱歌时间,http://footyun.top:35455/douyu/8970851
妈见打ovo的直播间,http://footyun.top:35455/douyu/9413151
【搞笑孟文明】有趣的灵魂万里挑一,http://footyun.top:35455/douyu/9766337
最详细的解说,http://footyun.top:35455/douyu/9542834
动画大师姐的直播间,http://footyun.top:35455/douyu/9742136
来看热血动漫,http://footyun.top:35455/douyu/9931766
【骑士】 10分钟浓缩电影精华,http://footyun.top:35455/douyu/9958943
low君带你发掘更多好剧,http://footyun.top:35455/douyu/8461020
戴萌兔的模玩手办展示,http://footyun.top:35455/douyu/9522315
第七艺术坊的直播间,http://footyun.top:35455/douyu/9737022
【高甜KISS】酥到爆炸的吻戏合集,http://footyun.top:35455/douyu/8807568
拳击大王的直播间,http://footyun.top:35455/douyu/9385340
chshh的沙雕视频,http://footyun.top:35455/douyu/9570579
最真实的陕西农村生活,见过吗？,http://footyun.top:35455/douyu/5794474
电影冷知识的直播间,http://footyun.top:35455/douyu/9660835
热门电视剧/综艺的疯狂吐槽,http://footyun.top:35455/douyu/9663084
突然听懂系列,http://footyun.top:35455/douyu/8724904
带您走进侯瑶瑶的动漫绘画世界,http://footyun.top:35455/douyu/9450568
【国士无双人物传奇】无双国士人物分享,http://footyun.top:35455/douyu/9544555
旺仔大哥哥哥阿的直播间,http://footyun.top:35455/douyu/9629361
涛哥玩吃鸡,http://footyun.top:35455/douyu/613850
王哥说电影的直播间,http://footyun.top:35455/douyu/9312685
什么都解说一下的育碧先生,http://footyun.top:35455/douyu/9505962
带您进入白鱼Sakana的动漫小屋,http://footyun.top:35455/douyu/9611771
XCin,你的私人球鞋顾问,http://footyun.top:35455/douyu/3617935
新疆人提亲真豪横,http://footyun.top:35455/douyu/9047046
奇趣故事的博物馆,看完不亏,http://footyun.top:35455/douyu/9409723
人性的本质是什么样的？,http://footyun.top:35455/douyu/9443129
问题狗狗大改造,http://footyun.top:35455/douyu/9478842
【刘也变】搞笑的超能力者,http://footyun.top:35455/douyu/9489079
爱星影视的直播间,http://footyun.top:35455/douyu/9476806
Erik带你打造超级英雄身板,http://footyun.top:35455/douyu/9370434
【经典动漫】 9455567,http://footyun.top:35455/douyu/9455567
是否要去的你的,http://footyun.top:35455/douyu/9533302
【有超超】那些童年回忆的动画,http://footyun.top:35455/douyu/9665484
感受不一样的新农村,http://footyun.top:35455/douyu/9850661
爆笑P图和游戏日常,http://footyun.top:35455/douyu/2282604
爆爆的成长之路,http://footyun.top:35455/douyu/10394922
【苏八拉西】快乐搞笑频道,http://footyun.top:35455/douyu/97643
动漫二次元#补番推荐#,http://footyun.top:35455/douyu/9429545
小浅说电影的直播间,http://footyun.top:35455/douyu/9665834
超然电影解说,http://footyun.top:35455/douyu/4626315
农村俏丫儿的直播间,http://footyun.top:35455/douyu/9344884
游戏天才纪录片【话龙电竞】,http://footyun.top:35455/douyu/9957571
今天可以吃住人了吗的直播间,http://footyun.top:35455/douyu/4340136
【罗杰】高分悬疑推理电影盘点解说,http://footyun.top:35455/douyu/8821917
豆客解说的直播间,http://footyun.top:35455/douyu/8883122
动漫精彩混剪,令人极为舒适的踩点衔接,http://footyun.top:35455/douyu/9192852
当下频道的当下世界,http://footyun.top:35455/douyu/9389239
动漫女神儿  每日更新,http://footyun.top:35455/douyu/9439594
mzx阿哲   动漫杂谈,http://footyun.top:35455/douyu/9483965
解说-厨神当道 地狱厨房 天桥骄子,http://footyun.top:35455/douyu/9753585
嘎嘣带您看大片,http://footyun.top:35455/douyu/10082307
说笑武林的直播间,http://footyun.top:35455/douyu/10329706
缺实战鞋吗,送你一双,http://footyun.top:35455/douyu/865331
暴走兄弟v的直播间,http://footyun.top:35455/douyu/9350960
【经典电影】 历届奥斯卡最佳影片盘点解说,http://footyun.top:35455/douyu/9402110
一起欣赏电影,http://footyun.top:35455/douyu/9444627
【老剧新赏/影视】第一人称视角解说,http://footyun.top:35455/douyu/9663665
CYN大帅比的直播间,http://footyun.top:35455/douyu/9718700
罗休休的爆笑校园,http://footyun.top:35455/douyu/9403178
小鸭子老师来唱歌,http://footyun.top:35455/douyu/9627625
周队长电影解说,http://footyun.top:35455/douyu/9023539
荒野建筑指南的直播间,http://footyun.top:35455/douyu/10226974
小木鱼ze妈呀的直播间,http://footyun.top:35455/douyu/11199147
很有趣的电影解说,http://footyun.top:35455/douyu/8837964
小岛电影精选,http://footyun.top:35455/douyu/9390955
渝岸潮疆233的直播间,http://footyun.top:35455/douyu/9518082
变的沙雕起来了,http://footyun.top:35455/douyu/9541736
网红赤炘男孩来了都是热知识,http://footyun.top:35455/douyu/9835644
电影幕后喵的直播间,http://footyun.top:35455/douyu/8884074
冷门动漫解说,http://footyun.top:35455/douyu/9064711
【晨光君】进来一起影视解说,http://footyun.top:35455/douyu/9484541
【我是阿树酱】不一样的影视解说,http://footyun.top:35455/douyu/9486020
【搞笑】大金链子,http://footyun.top:35455/douyu/9741805
【漫画解说】漫威宇宙解说,http://footyun.top:35455/douyu/5907076
原创歌手双笙陈元榕入驻斗鱼啦,http://footyun.top:35455/douyu/6476693
懵懵守夜女频漫画,http://footyun.top:35455/douyu/8842108
带您进入嘎嘣脆土拨鼠的鬼畜现场,http://footyun.top:35455/douyu/9564230
fans圈娱乐的直播间,http://footyun.top:35455/douyu/9630581
暮小肆的放飞日常,http://footyun.top:35455/douyu/9634199
老王的夜电影院,http://footyun.top:35455/douyu/3498219
带你看好剧好电影,喜欢点个关注哦,http://footyun.top:35455/douyu/8747638
超魔性换脸直播间,别错过~,http://footyun.top:35455/douyu/9323164
你知道人的一生有多长吗？,http://footyun.top:35455/douyu/9477915
祝晓晗的直播间,http://footyun.top:35455/douyu/9575293
无界电影的直播间,http://footyun.top:35455/douyu/9720498
派友放映室-好看又好玩的放映室,http://footyun.top:35455/douyu/10586105
戒猫中心的直播间,http://footyun.top:35455/douyu/8658212
重草区搏鱼连杀,http://footyun.top:35455/douyu/8669435
橘猫瘟Oswald的直播间,http://footyun.top:35455/douyu/8793544
带您进入皮皮动漫星球的动漫小屋,http://footyun.top:35455/douyu/8841920
【野火aka】一起追番,http://footyun.top:35455/douyu/8867233
二次元放映室综漫街接的魅力,http://footyun.top:35455/douyu/9192932
关于游泳与健身那些事~,http://footyun.top:35455/douyu/9546016
三新动漫的直播间,http://footyun.top:35455/douyu/9548279
看电影,懂生活,http://footyun.top:35455/douyu/9573592
总有一部让你觉得很哇塞的电影,http://footyun.top:35455/douyu/9820039
星空茶茶的直播间,http://footyun.top:35455/douyu/8635497
摆烂小主播9087887,http://footyun.top:35455/douyu/9087887
吐槽各种东西都吐槽,http://footyun.top:35455/douyu/9540113
放学后联盟 | 协同动画工作室,http://footyun.top:35455/douyu/9543361
WANJINNY的直播间,http://footyun.top:35455/douyu/9567755
小太的amv制作与展示,http://footyun.top:35455/douyu/9606954
京城笑工坊,http://footyun.top:35455/douyu/10329324
Red袖袖的直播间,http://footyun.top:35455/douyu/9645396
你听过我唱歌吗？没有的话来听听吧~,http://footyun.top:35455/douyu/9650246
醋知鱼的科学世界,http://footyun.top:35455/douyu/5408225
日本惊悚恐怖漫画大师伊藤润二,http://footyun.top:35455/douyu/8849703
脑洞大开的悬疑短剧【不思异】,http://footyun.top:35455/douyu/9297412
电影解说员,http://footyun.top:35455/douyu/9431125
微笑影视解说的直播间,http://footyun.top:35455/douyu/9476790
十音来斗鱼啦~,http://footyun.top:35455/douyu/9650451
全是恐怖片的解说直播间,http://footyun.top:35455/douyu/9736161
少年看电影的直播间,http://footyun.top:35455/douyu/8762120
火柴人对战,超精彩,http://footyun.top:35455/douyu/9430394
阿哔方言配音的直播间,http://footyun.top:35455/douyu/9442903
带您进入孙十一的动漫小屋,http://footyun.top:35455/douyu/9619048
好像异说故事电影推荐,http://footyun.top:35455/douyu/8891883
9369937的直播间,http://footyun.top:35455/douyu/9369937
女汉子还是女神,看看她讲的电影就知道啦,http://footyun.top:35455/douyu/9395966
芳芳说故事每日更新,http://footyun.top:35455/douyu/9401905
是小x同学呀  原创动画的世界,http://footyun.top:35455/douyu/9415020
千代语默的动漫世界,http://footyun.top:35455/douyu/9484187
小铁房乐队来唱歌啦,http://footyun.top:35455/douyu/9624976
yoyo酱的菜鸡时间,http://footyun.top:35455/douyu/884073
阿九筒的“海南美丽乡村”,http://footyun.top:35455/douyu/3705679
杨山美boat,http://footyun.top:35455/douyu/6300365
三斤吖的直播间,http://footyun.top:35455/douyu/9047933
9392433的直播间,http://footyun.top:35455/douyu/9392433
锋哥聊商机的直播间,http://footyun.top:35455/douyu/9472141
见证丛林奇迹工程,http://footyun.top:35455/douyu/9804149
花笙馆长——进击的巨人精彩解说,http://footyun.top:35455/douyu/2295993
温柔大姐姐声,http://footyun.top:35455/douyu/2925299
北大美女学霸在线陪聊,http://footyun.top:35455/douyu/3736649
超燃超治愈超励志短片：你是最棒的,http://footyun.top:35455/douyu/8700367
万花丛中过 独宠你一个,http://footyun.top:35455/douyu/8783035
带您进入搞笑院长的电影世界,http://footyun.top:35455/douyu/8829915
那些年一起追的宝可梦,http://footyun.top:35455/douyu/9050486
【MAD】极致卡点,极致视听享受,http://footyun.top:35455/douyu/9191071
旻涵君影视解说直播间,http://footyun.top:35455/douyu/9354201
带您进入粽子酱的动漫小屋,http://footyun.top:35455/douyu/9390685
【三七电影】好看电影解说,http://footyun.top:35455/douyu/9457792
Ethan清醒思考的直播间,http://footyun.top:35455/douyu/9481151
我的超能力女友的直播间,http://footyun.top:35455/douyu/9501159
教你学板绘上色,http://footyun.top:35455/douyu/9501548
纪梵老给给的直播间,http://footyun.top:35455/douyu/9543413
夏日幻听MCE的直播间,http://footyun.top:35455/douyu/9546437
木梓车话的直播间,http://footyun.top:35455/douyu/9602107
沙雕娴的直播间,http://footyun.top:35455/douyu/9612400
是纯洁上校的直播间,http://footyun.top:35455/douyu/9666042
小姐姐详细解说动漫,http://footyun.top:35455/douyu/9674566
大魔王的直播间,http://footyun.top:35455/douyu/9729740
爱玩家小姐姐播一会,http://footyun.top:35455/douyu/317409
晓麦带你看电影 453963,http://footyun.top:35455/douyu/453963
内蒙古卡卡的直播间,http://footyun.top:35455/douyu/9067858
9191358的直播间,http://footyun.top:35455/douyu/9191358
讲神话的小志,http://footyun.top:35455/douyu/9495613
数据库saber的直播间,http://footyun.top:35455/douyu/9720506
【黑袍】假如超人不再拯救世界,http://footyun.top:35455/douyu/7508566
带您进入享看电影的世界,http://footyun.top:35455/douyu/8974130
【动漫盘点+老番补番】动漫片段24h轮播,http://footyun.top:35455/douyu/9199976
小行家的MMD直播间,http://footyun.top:35455/douyu/9280356
带您进入鸡蛋糕的动漫小屋,http://footyun.top:35455/douyu/9367188
律子的经典漫画和宅物分享,http://footyun.top:35455/douyu/9371308
点点点点点 9458184,http://footyun.top:35455/douyu/9458184
【伊藤润二】恐怖漫画解说直播间,http://footyun.top:35455/douyu/9481137
猫总白一帆的直播间,http://footyun.top:35455/douyu/9517105
来欣赏别墅呀,http://footyun.top:35455/douyu/9527761
不要因为我的美貌,忽略我有有趣的灵魂,http://footyun.top:35455/douyu/9559063
开心遛剧场,http://footyun.top:35455/douyu/10329310
李蝉香的直播间,http://footyun.top:35455/douyu/4786399
电影先锋V的直播间,http://footyun.top:35455/douyu/8711212
大胡子魏的直播间,http://footyun.top:35455/douyu/8792763
带您进入滑稽中二楼的动漫小屋,http://footyun.top:35455/douyu/8829706
【娱乐】坚果仁的奇幻生活,http://footyun.top:35455/douyu/8850453
辉夜大小姐想让你看漫画解说,http://footyun.top:35455/douyu/9039399
补番推荐、动漫吐槽老二次元了,http://footyun.top:35455/douyu/9272043
JG影视解说的直播间,http://footyun.top:35455/douyu/9391277
孙毛毛Sunny的直播间,http://footyun.top:35455/douyu/9424103
齐司礼的直播间,http://footyun.top:35455/douyu/9481340
外卖仙人成天,http://footyun.top:35455/douyu/9498506
看动画听听歌,http://footyun.top:35455/douyu/9506782
【萝莉daylily】美妆好物分享,http://footyun.top:35455/douyu/9685770
田浅夏柒的直播间,http://footyun.top:35455/douyu/9747144
【持续更新】中外经典功夫格斗大戦-解说,http://footyun.top:35455/douyu/10329889
Co视因你而精彩,http://footyun.top:35455/douyu/1060418
超人.传播正能量搞笑视频,http://footyun.top:35455/douyu/5961006
鞋鞋鞋时尚男孩进,http://footyun.top:35455/douyu/8317571
shhher的直播间,http://footyun.top:35455/douyu/8733680
人形自走变声器日配声优,http://footyun.top:35455/douyu/8896100
食姐搞笑生活,http://footyun.top:35455/douyu/9322081
王德发的导演小阿飞 直播间,http://footyun.top:35455/douyu/9430799
君笑坊的直播间,http://footyun.top:35455/douyu/9444093
超精彩的高能影视剪辑,http://footyun.top:35455/douyu/9487090
带您走进周默的电影世界,http://footyun.top:35455/douyu/9505584
金渐层沈同学,http://footyun.top:35455/douyu/9516467
好耶进来听歌8,http://footyun.top:35455/douyu/9533226
你也爱看动漫吗？,http://footyun.top:35455/douyu/9564766
没命了直播间,http://footyun.top:35455/douyu/9564845
一只魔玩,持续更新,http://footyun.top:35455/douyu/9606281
神奇的大智的直播间,http://footyun.top:35455/douyu/9650047
小刚学长青铜上分路,http://footyun.top:35455/douyu/9701497
世界那么大,一起去看看~,http://footyun.top:35455/douyu/10220896
【九儿】高甜真的红,http://footyun.top:35455/douyu/7335280
Rimworld：皇权,http://footyun.top:35455/douyu/7661496
吐槽安利各种剧,http://footyun.top:35455/douyu/8611011
【奥特】经典童年记忆,没有之一,http://footyun.top:35455/douyu/8841881
来看声音比电影好听的粽子,http://footyun.top:35455/douyu/8867276
中二病‘后期’ 视频特效大浆,http://footyun.top:35455/douyu/8891285
搞笑有趣的女生日常,http://footyun.top:35455/douyu/8911070
俄罗斯女孩安婷的直播间,http://footyun.top:35455/douyu/9314604
辰哥说电影的直播间,http://footyun.top:35455/douyu/9371407
带您进入威生天霖的电影世界,http://footyun.top:35455/douyu/9393403
带您进入龙大人不喷火的搞笑天堂,http://footyun.top:35455/douyu/9437298
77电影解说,每日更新,http://footyun.top:35455/douyu/9444320
小鹏漫剪的直播间,http://footyun.top:35455/douyu/9476810
乡村水龙的直播间,http://footyun.top:35455/douyu/9486905
【高燃混剪】进来感受海贼王魅力,http://footyun.top:35455/douyu/9609171
【全职猎人】一网打尽,http://footyun.top:35455/douyu/10050914
【蔡恩雨Priscilla】的音乐世界,http://footyun.top:35455/douyu/9662853
【贤于葛格】最会讲电影的贤于来啦,http://footyun.top:35455/douyu/9461990
二次元放映室,有味儿了!,http://footyun.top:35455/douyu/8912038
别问了,是臭男人,http://footyun.top:35455/douyu/927999
托腮少女猪五花,http://footyun.top:35455/douyu/3508096
【体育】足坛事件大盘点,http://footyun.top:35455/douyu/4589972
出格字幕组的直播间,http://footyun.top:35455/douyu/8906162
带你进入抗战年代,体会热血抗战,http://footyun.top:35455/douyu/9388945
搜罗世界上诡异的案件和恐怖故事,http://footyun.top:35455/douyu/9401473
最牛的特效,没有想不到,http://footyun.top:35455/douyu/9406663
郭教练篮球教学的直播间,http://footyun.top:35455/douyu/9437932
冯二宝 影视鉴赏,http://footyun.top:35455/douyu/9501818
罐装老K的直播间,http://footyun.top:35455/douyu/9566210
星海璃幻V的直播间,http://footyun.top:35455/douyu/9567313
补番目录V的直播间,http://footyun.top:35455/douyu/9668692
阿烦与小铃铛甜蜜日常,http://footyun.top:35455/douyu/9702820
YY用户,http://footyun.top:35455/yy/1382736810
超精彩武打场景,http://footyun.top:35455/yy/1354936131
举起手来-惊险抗日,http://footyun.top:35455/yy/1382736877
地下交通站,http://footyun.top:35455/yy/1382736795
正阳门下,http://footyun.top:35455/yy/1354931580
终结者2：审判日,http://footyun.top:35455/yy/1382851148
papi酱主演,北漂生活中的爱情与梦想,http://footyun.top:35455/yy/1382745124
无双花木兰,http://footyun.top:35455/yy/1382749917
王牌保镖在此,http://footyun.top:35455/yy/1382749913
女医明妃传,http://footyun.top:35455/yy/1382736861
绝对让你笑翻天！,http://footyun.top:35455/yy/1354936159
鹿鼎记-周星驰版,http://footyun.top:35455/yy/1354658049
震撼！国内功夫大片,http://footyun.top:35455/yy/1382736902
神探狄仁杰2,http://footyun.top:35455/yy/1382828767
宰相刘罗锅,http://footyun.top:35455/yy/1382745191
欢乐集结号-每天笑不停,http://footyun.top:35455/yy/1382741642
丸子,http://footyun.top:35455/yy/1382851588
少年包青天第三部,http://footyun.top:35455/yy/1382736814
神探狄仁杰2,http://footyun.top:35455/yy/1382851146
三国演义94年经典版,http://footyun.top:35455/yy/1354936241
内在美-伊人有约,http://footyun.top:35455/yy/1382737892
宫心计-港剧-古装,http://footyun.top:35455/yy/1354933540
暖暖1999,http://footyun.top:35455/yy/1382851591
这部剧你居然没看过？,http://footyun.top:35455/yy/1354932355
经典大片合集,http://footyun.top:35455/yy/1382749895
华子系列,http://footyun.top:35455/yy/1354888726
情满四合院-高分电视剧,http://footyun.top:35455/yy/1382735541
你最爱的宋小宝,http://footyun.top:35455/yy/1354936198
神探狄仁杰1,http://footyun.top:35455/yy/1354930934
�逋鞠盗�-国产喜剧,http://footyun.top:35455/yy/1382736856
YY用户,http://footyun.top:35455/yy/1382736808
恋歌,http://footyun.top:35455/yy/1382746276
新白娘子传奇-女神赵雅芝,http://footyun.top:35455/yy/1354930969
读心神探,http://footyun.top:35455/yy/1382736875
成龙系列,http://footyun.top:35455/yy/1354888751
双月之城-国漫,http://footyun.top:35455/yy/1382736907
YY用户,http://footyun.top:35455/yy/1382736818
国内玄幻电影-林正英,http://footyun.top:35455/yy/1354932444
杭小妞,http://footyun.top:35455/yy/1382851590
西游记后传,http://footyun.top:35455/yy/1382736846
智取威虎山,http://footyun.top:35455/yy/1382736843
变形金刚,http://footyun.top:35455/yy/1382736803
法证先锋,http://footyun.top:35455/yy/1354930939
天道-9.2高分好剧,http://footyun.top:35455/yy/1382735574
欢乐颂,http://footyun.top:35455/yy/1382735624
开心小泡芙,http://footyun.top:35455/yy/1382851578
速度与激情系列！-精彩大片,http://footyun.top:35455/yy/1382736911
七色小彩虹,http://footyun.top:35455/yy/1382851601
少年包青天第三部,http://footyun.top:35455/yy/1382851540
YY用户,http://footyun.top:35455/yy/1382736838
恋歌,http://footyun.top:35455/yy/1382851594
YY用户,http://footyun.top:35455/yy/1382736890
士兵突击,http://footyun.top:35455/yy/1382851600
三国演义【1994】,http://footyun.top:35455/yy/1354930932
YY用户,http://footyun.top:35455/yy/1382736910
流行古装剧—知否知否应是绿肥红瘦,http://footyun.top:35455/yy/1354936134
二号交通站,http://footyun.top:35455/yy/1354930965
香港院线大片-最新,http://footyun.top:35455/yy/1354936242
爆笑小品大合集,http://footyun.top:35455/yy/1382736821
你是最美的风景,http://footyun.top:35455/yy/1382851599
欢乐集结号,http://footyun.top:35455/yy/1354931582
叶问全集,http://footyun.top:35455/yy/1382828771
父母爱情,http://footyun.top:35455/yy/1354926650
颜值永远在线,http://footyun.top:35455/yy/1382851582
国内喜剧,http://footyun.top:35455/yy/1382736862
神探狄仁杰1,http://footyun.top:35455/yy/1382851575
张国荣与周润发的兄弟情,http://footyun.top:35455/yy/1354930961
郝蕾演绎-情满四合院,http://footyun.top:35455/yy/1382745089
大家都在看的电视剧,http://footyun.top:35455/yy/1354930964
大进军全集：红色系列电影,http://footyun.top:35455/yy/1382745083
伪装者,http://footyun.top:35455/yy/1354936244
速度与激情全集,http://footyun.top:35455/yy/1382749892
妖神记,http://footyun.top:35455/yy/1382745171
小惠_郭德纲相声迷,http://footyun.top:35455/yy/1382851593
我的体育老师,http://footyun.top:35455/yy/1382745169
炊事班的故事III,http://footyun.top:35455/yy/1382736716
精武英雄-李连杰主演经典动作片,http://footyun.top:35455/yy/1382736873
易中天品三国,http://footyun.top:35455/yy/1354931498
YY用户,http://footyun.top:35455/yy/1382736885
魔幻手机,http://footyun.top:35455/yy/1382735544
纯纯纯儿,http://footyun.top:35455/yy/1382851589
二号交通站,http://footyun.top:35455/yy/1382735582
夏洛特烦恼-国内电影-喜剧,http://footyun.top:35455/yy/1354936201
宫锁珠帘,http://footyun.top:35455/yy/1354926666
老广的味道-美食之旅,http://footyun.top:35455/yy/1354932375
甜甜的恋爱 这狗粮我吃了,http://footyun.top:35455/yy/1354932438
YY用户,http://footyun.top:35455/yy/1382735572
妖神记-全集,http://footyun.top:35455/yy/1382735551
老广的味道 第3季-美食纪录片,http://footyun.top:35455/yy/1382735565
YY用户,http://footyun.top:35455/yy/1382745085
洪金宝福星系列,http://footyun.top:35455/yy/1354924839
风筝,http://footyun.top:35455/yy/1382828770
欢乐颂,http://footyun.top:35455/yy/1382851577
YY用户,http://footyun.top:35455/yy/1382736886
国内动作大片,http://footyun.top:35455/yy/1382745176
穿越时空的爱恋,http://footyun.top:35455/yy/1382735567
YY用户,http://footyun.top:35455/yy/1382745117
院线动作大片,http://footyun.top:35455/yy/1382736900
亲爱的热爱的,http://footyun.top:35455/yy/1354932433
无敌县令,http://footyun.top:35455/yy/1354932390
非常保镖-经典港剧,http://footyun.top:35455/yy/1382736903
欢乐集结号3,http://footyun.top:35455/yy/1382736822
漫威十年老粉福利来了,http://footyun.top:35455/yy/1354930233
灌篮高手,http://footyun.top:35455/yy/1382735626
时光的海,http://footyun.top:35455/yy/1382851579
北京爱情故事,心动不打烊,http://footyun.top:35455/yy/1382744423
炊事班的故事,http://footyun.top:35455/yy/1382749901
大汉贤后卫子夫,http://footyun.top:35455/yy/1382735569
寻秦记,http://footyun.top:35455/yy/1354658048
超精彩！系列动作电影,http://footyun.top:35455/yy/1382745096
电影百团大战,http://footyun.top:35455/yy/1382736871
最美的青春,http://footyun.top:35455/yy/1382745116
我的前半生,http://footyun.top:35455/yy/1382735564
仙剑奇侠传-神仙姐姐驾到,http://footyun.top:35455/yy/1382749903
以家人之名,http://footyun.top:35455/yy/1382736908
真心想让你幸福,http://footyun.top:35455/yy/1382736876
强悍“杀猪婆”的励志人生,http://footyun.top:35455/yy/1354658062
欢乐一起看,http://footyun.top:35455/yy/1354930926
活力满满,http://footyun.top:35455/yy/1382851585
史诗级科幻电影-阿凡达,http://footyun.top:35455/yy/1382735577
赌神-发哥,http://footyun.top:35455/yy/1354889044
YY用户,http://footyun.top:35455/yy/1382745084
熊出没之探险日记S1-国漫,http://footyun.top:35455/yy/1354930977
YY用户,http://footyun.top:35455/yy/1382735578
笑傲帮,http://footyun.top:35455/yy/1382735555
鸭子天空-翱翔于篮球的梦想,http://footyun.top:35455/yy/1354930894
巩汉林春晚小品合集,http://footyun.top:35455/yy/1354889035
精彩动作电影享不停,http://footyun.top:35455/yy/1382736809
小朋友可爱到家了,http://footyun.top:35455/yy/1354930887
国产大片电影,http://footyun.top:35455/yy/1354926655
哈利波特全集,http://footyun.top:35455/yy/1382745105
YY用户,http://footyun.top:35455/yy/1382735553
超燃警匪片,http://footyun.top:35455/yy/1382735576
小鬼当家-童年回忆,http://footyun.top:35455/yy/1382745104
野山鹰-影视剧,http://footyun.top:35455/yy/1354932395
叛逆者,http://footyun.top:35455/yy/1382736868
密子君,http://footyun.top:35455/yy/1382736717
0,http://footyun.top:35455/yy/1382851580
陈情令,http://footyun.top:35455/yy/1382745121
猩球崛起-怪兽片合集,http://footyun.top:35455/yy/1354930181
魔幻手机,http://footyun.top:35455/yy/1382851541
复仇者联盟全季,http://footyun.top:35455/yy/1354936167
YY用户,http://footyun.top:35455/yy/1382736888
寻秦记-穿越剧经典,http://footyun.top:35455/yy/1382749900
你的回忆有我吗,http://footyun.top:35455/yy/1354889024
苦乐村官,http://footyun.top:35455/yy/1382736864
周星星系列,http://footyun.top:35455/yy/1354888671
粟裕大将-影视,http://footyun.top:35455/yy/1354926542
我爱我家,http://footyun.top:35455/yy/1382735557
YY用户,http://footyun.top:35455/yy/1382736805
侏罗纪世界-国外科幻大片合集,http://footyun.top:35455/yy/1382736851
海洋幻梦-泰剧,http://footyun.top:35455/yy/1382749889
Blingbling,http://footyun.top:35455/yy/1382851598
本山快乐营,http://footyun.top:35455/yy/1354933529
保护我家蓉儿,http://footyun.top:35455/yy/1370293254
YY用户,http://footyun.top:35455/yy/1382736975
动作大片-热血开打,http://footyun.top:35455/yy/1354936168
高分科幻动作片,http://footyun.top:35455/yy/1382749948
俺娘田小草,http://footyun.top:35455/yy/1382741638
新世界,http://footyun.top:35455/yy/1382736850
欢乐集结号,http://footyun.top:35455/yy/1382735550
人生必看的科幻片,http://footyun.top:35455/yy/1382745114
YY用户,http://footyun.top:35455/yy/1382745093
啊咧,http://footyun.top:35455/yy/1459243913
功夫小子进城,http://footyun.top:35455/yy/1382749890
加勒比海盗系列,http://footyun.top:35455/yy/1382749914
飞虎之潜行极战,http://footyun.top:35455/yy/1354932420
YY用户,http://footyun.top:35455/yy/1382736842
大明王朝,http://footyun.top:35455/yy/1382736879
中国味道 第4季-美食纪录片,http://footyun.top:35455/yy/1382736845
无厘头的出处,http://footyun.top:35455/yy/1354930891
重生之超级赛亚人,http://footyun.top:35455/yy/1354936124
YY用户,http://footyun.top:35455/yy/1382736834
金玉满堂：精彩港剧,http://footyun.top:35455/yy/1382736881
国外院线动作大片,http://footyun.top:35455/yy/1382735570
辉煌或疯狂-韩剧,http://footyun.top:35455/yy/1382749902
笑傲江湖 第1季,http://footyun.top:35455/yy/1382749896
科幻片：来看神奇的地球,http://footyun.top:35455/yy/1354930897
爆笑电影！王牌大贱谍2-3,http://footyun.top:35455/yy/1382735556
来自星星的你,http://footyun.top:35455/yy/1354930976
笑傲江湖 第2季,http://footyun.top:35455/yy/1382736914
回家的诱惑,http://footyun.top:35455/yy/1354658043
黑衣人1、2—动作喜剧大片,http://footyun.top:35455/yy/1354930936
陪你一起看好剧,http://footyun.top:35455/yy/1354932359
本山快乐营-爆笑小品,http://footyun.top:35455/yy/1354930948
高分动作大片-热血出击,http://footyun.top:35455/yy/1382736909
美国队长史蒂夫,http://footyun.top:35455/yy/1382736813
法国版《家有儿女》治愈所有不开心,http://footyun.top:35455/yy/1382851137
国产喜剧,http://footyun.top:35455/yy/1382735584
钟馗传说,http://footyun.top:35455/yy/1382736839
国内高分悬疑剧-风筝,http://footyun.top:35455/yy/1354931585
金牌配角达叔系列,http://footyun.top:35455/yy/1354888728
萌鸡小队S1-国漫,http://footyun.top:35455/yy/1382736904
大江大河2-高分影视推荐,http://footyun.top:35455/yy/1382736797
田园生活,http://footyun.top:35455/yy/1382736898
第8号当铺,http://footyun.top:35455/yy/1382736905
公主嫁到,http://footyun.top:35455/yy/1382736915
国内经典动作电影,http://footyun.top:35455/yy/1382851522
末日系列-外国电影合集,http://footyun.top:35455/yy/1354889019
精彩动作电影,http://footyun.top:35455/yy/1382736823
港剧-警犬巴打,http://footyun.top:35455/yy/1354932397
国内科幻片来袭,http://footyun.top:35455/yy/1354930821
深海利剑,http://footyun.top:35455/yy/1382736906
国外黑色喜剧：冷幽默小剧场,http://footyun.top:35455/yy/1382745175
YY用户,http://footyun.top:35455/yy/1382745113
电影黑豹,http://footyun.top:35455/yy/1382736816
缺宅男女,http://footyun.top:35455/yy/1354930937
永远的经典系列,http://footyun.top:35455/yy/1354930204
明天和你-韩剧,http://footyun.top:35455/yy/1382749905
许多多,http://footyun.top:35455/yy/1382851583
飓风营救,http://footyun.top:35455/yy/1382735547
外国科幻大片,http://footyun.top:35455/yy/1382747628
国外动作大片,http://footyun.top:35455/yy/1382735540
宝莲灯前传,http://footyun.top:35455/yy/1354931631
燃爆动作片,http://footyun.top:35455/yy/1382736801
躺平还是奋斗？搞笑中见真谛,http://footyun.top:35455/yy/1382851586
嘻嘻熙熙,http://footyun.top:35455/yy/1382735585
最美的青春,http://footyun.top:35455/yy/1382851530
国外经典—小鬼当家,http://footyun.top:35455/yy/1354658064
国内喜剧,http://footyun.top:35455/yy/1382735563
请回答1988,http://footyun.top:35455/yy/1354932362
少年四大名捕,http://footyun.top:35455/yy/1354936203
国外高分大片,http://footyun.top:35455/yy/1382736867
毒液：致命守护者,http://footyun.top:35455/yy/1382745095
神厨小福贵,http://footyun.top:35455/yy/1382736860
缺宅男女-精彩港剧,http://footyun.top:35455/yy/1382745088
YY用户,http://footyun.top:35455/yy/1382736807
流金岁月-经典港剧,http://footyun.top:35455/yy/1382736891
憨豆先生-经典喜剧,http://footyun.top:35455/yy/1354936239
战争与女性,http://footyun.top:35455/yy/1382745179
能耐大了第1季,http://footyun.top:35455/yy/1354930195
国外科幻,http://footyun.top:35455/yy/1382736800
我的父亲我的兵,http://footyun.top:35455/yy/1353413714
大江大河-高分影视推荐,http://footyun.top:35455/yy/1382736806
国产电影-就是闹着玩的,http://footyun.top:35455/yy/1354931503
晨晨的影视小窝,http://footyun.top:35455/yy/1382851576
洪大哥系列,http://footyun.top:35455/yy/1354888743
热门喜剧,http://footyun.top:35455/yy/1354931495
百家讲坛――之明太祖朱元璋,http://footyun.top:35455/yy/1354936149
YY用户,http://footyun.top:35455/yy/1382745103
珍珠港-电影,http://footyun.top:35455/yy/1354936234
福贵,http://footyun.top:35455/yy/1354926537
科幻惊悚片-异形,http://footyun.top:35455/yy/1382735543
单挑荒野第一季,http://footyun.top:35455/yy/1354933535
舌尖上的中国第2季,http://footyun.top:35455/yy/1354930943
从溺水到冠军,热血泳坛励志传奇,http://footyun.top:35455/yy/1382736723
超炫科幻大片,http://footyun.top:35455/yy/1382736840
欢乐集结号2,http://footyun.top:35455/yy/1354930919
欢乐集结号4,http://footyun.top:35455/yy/1382736889
动物世界-领略原始野性,http://footyun.top:35455/yy/1382743138
欢喜冤家的爱情-夏日乐悠悠,http://footyun.top:35455/yy/1354936191
本山选谁上-喜剧人选拔,http://footyun.top:35455/yy/1382749878
农家小菜,http://footyun.top:35455/yy/1382736894
欢乐集结号58-70,http://footyun.top:35455/yy/1382745119
妖神记之黑狱篇,http://footyun.top:35455/yy/1382745173
河山,http://footyun.top:35455/yy/1382749952
溏心风暴之家好月圆,http://footyun.top:35455/yy/1354888747
太空荒野求生记-火星救援,http://footyun.top:35455/yy/1354930957
贾玲春晚小品,http://footyun.top:35455/yy/1382736720
科幻电影,http://footyun.top:35455/yy/1354930209
来看修牛蹄,http://footyun.top:35455/yy/1382749887
拳拳到肉,搏击燃情,http://footyun.top:35455/yy/1382736870
哑巴竟然会说话,http://footyun.top:35455/yy/1354932427
蔡明春晚小品,http://footyun.top:35455/yy/1354936177
抗日神片,燃爆抗战热血魂,http://footyun.top:35455/yy/1354926600
一起来笑吧,http://footyun.top:35455/yy/1454859415
YY用户,http://footyun.top:35455/yy/1382735579
舌尖上的中国第一季,http://footyun.top:35455/yy/1354930952
发哥系列,http://footyun.top:35455/yy/1354888733
宋小宝春晚小品合集,http://footyun.top:35455/yy/1382736866
百家讲坛-红楼梦篇,http://footyun.top:35455/yy/1382741639
YY用户,http://footyun.top:35455/yy/1382736918
抹茶少女,http://footyun.top:35455/yy/1382737888
机械战警1-3,http://footyun.top:35455/yy/1382736854
YY用户,http://footyun.top:35455/yy/1382736887
远去的飞鹰-影视剧,http://footyun.top:35455/yy/1354930912
电视剧-流金岁月,http://footyun.top:35455/yy/1382749906
致敬星爷致敬经典,http://footyun.top:35455/yy/1354889048
高分动作片——创可贴,http://footyun.top:35455/yy/1382735568
本山快乐营1,http://footyun.top:35455/yy/1354936209
少年包青天美黑之旅,http://footyun.top:35455/yy/1354936141
热血少年上线,《长歌行》开播,http://footyun.top:35455/yy/1382736802
大台风,http://footyun.top:35455/yy/1382735583
搬山道人之落天荒,http://footyun.top:35455/yy/1382736916
洪金宝福星系列,http://footyun.top:35455/yy/1382851602
紧急营救,http://footyun.top:35455/yy/1354926676
一分钟学道菜,http://footyun.top:35455/yy/1382736901
辣警狂花2,http://footyun.top:35455/yy/1382745110
渴望,http://footyun.top:35455/yy/1354930963
超英集结,http://footyun.top:35455/yy/1382745091
银河护卫队-国外科幻巨作,http://footyun.top:35455/yy/1382736815
白领被迫当楼奴？,http://footyun.top:35455/yy/1382736832
国产家庭电视剧-如果岁月可回头,http://footyun.top:35455/yy/1382736883
带你领略四季的变化,http://footyun.top:35455/yy/1354930816
施公奇案2-欧阳震华,http://footyun.top:35455/yy/1382736824
名媛望族-精彩港剧,http://footyun.top:35455/yy/1354932431
辣警狂花,http://footyun.top:35455/yy/1382736892
高能博弈—大事件,http://footyun.top:35455/yy/1382749898
碟中谍系列电影,http://footyun.top:35455/yy/1382736836
另类猪妖爆笑逆袭,http://footyun.top:35455/yy/1354936155
忠诚无畏,战犬出击,http://footyun.top:35455/yy/1354930225
超燃科幻大片：明日边缘,http://footyun.top:35455/yy/1382736835
霹雳火：速度与激情,http://footyun.top:35455/yy/1382736895
学生兵,http://footyun.top:35455/yy/1354658003
影视小艺,http://footyun.top:35455/yy/1382737886
名不虚传-韩剧,http://footyun.top:35455/yy/1382749904
本山快乐营2,http://footyun.top:35455/yy/1382736718
狄仁杰智破红瞳谜案,http://footyun.top:35455/yy/1354936116
喜剧闹翻天,http://footyun.top:35455/yy/1382735548
当旺爸爸-港剧,http://footyun.top:35455/yy/1354936208
致命武器3,http://footyun.top:35455/yy/1382749918
国产动作电影,http://footyun.top:35455/yy/1382736858
初恋脸,http://footyun.top:35455/yy/1382851597
PK地球神,http://footyun.top:35455/yy/1382736872
爱在璀璨时,http://footyun.top:35455/yy/1354926671
清官难当？看芝麻官如何破局,http://footyun.top:35455/yy/1382749909
每天都要快乐哦！,http://footyun.top:35455/yy/1354930909
一段关于救赎与坚守的西部传奇,http://footyun.top:35455/yy/1382741640
封神：祸商,http://footyun.top:35455/yy/1354932407
娘亲舅大,http://footyun.top:35455/yy/1354932360
Simon Amstell：躺平哲学,http://footyun.top:35455/yy/1382749951
悬疑反转,直击真相,http://footyun.top:35455/yy/1354930954
热血战争巨作,http://footyun.top:35455/yy/1382745087
动作大片,http://footyun.top:35455/yy/1354888739
热血抗日电影,http://footyun.top:35455/yy/1382749907
艾迪格里芬：经典就是我,http://footyun.top:35455/yy/1354932409
巾帼枭雄之义海豪情,http://footyun.top:35455/yy/1382736859
笑傲江湖-电视剧,http://footyun.top:35455/yy/1354936128
老夫少妻搞笑忘年恋,http://footyun.top:35455/yy/1354932391
最佳下饭小甜剧,暖心暖胃,http://footyun.top:35455/yy/1382741637
笔墨传情,致敬经典——妙墨中国心,http://footyun.top:35455/yy/1382745178
深海巨兽惊现,渔民与神秘生物的生存博弈,http://footyun.top:35455/yy/1382745111
乔·科伊热辣开麦,http://footyun.top:35455/yy/1382735625
手机APP掌控人生,http://footyun.top:35455/yy/1382736874
铁血拍档：并肩破局的燃魂对决,http://footyun.top:35455/yy/1382736884
YY用户,http://footyun.top:35455/yy/1382745182
黄大妮-电视剧,http://footyun.top:35455/yy/1354930904
海王-院线大片,http://footyun.top:35455/yy/1354936142
高分经典动作片,http://footyun.top:35455/yy/1382749944
了不起的萝莉小玲,http://footyun.top:35455/yy/1382736799
牧野诡事之赤丹珠,http://footyun.top:35455/yy/1382736863
美好的意外治愈邂逅,http://footyun.top:35455/yy/1382828766
小人国——介子鬼城,http://footyun.top:35455/yy/1382749950
全村一起搞艺术,http://footyun.top:35455/yy/1354936210
不可能的任务-碟中谍4,http://footyun.top:35455/yy/1354930967
岳云鹏宋小宝也来演电影了？,http://footyun.top:35455/yy/1354926612
毒力觉醒的异能逆袭狂潮,http://footyun.top:35455/yy/1354926735
金牌喜剧班,http://footyun.top:35455/yy/1354889009
还原英雄最后的壮烈！,http://footyun.top:35455/yy/1354930984
新木乃伊：古埃及公主复活的灾难对决,http://footyun.top:35455/yy/1354936169
高分港剧合集,http://footyun.top:35455/yy/1382735542
匪帮传奇故事,http://footyun.top:35455/yy/1382749941
新时代农村青年的热血奋斗记,http://footyun.top:35455/yy/1382736715
丹尼尔·斯洛斯烧脑谜题,http://footyun.top:35455/yy/1354936199
你最爱的小龙女-神雕侠侣,http://footyun.top:35455/yy/1354926637
呆萌飞行员,http://footyun.top:35455/yy/1354930968
亚洲笑星征服美国,http://footyun.top:35455/yy/1382736920
宇宙护卫队--国漫,http://footyun.top:35455/yy/1382736837
YY用户,http://footyun.top:35455/yy/1382735545
悬疑武侠电影—九门,http://footyun.top:35455/yy/1382828768
萌妹特攻队爆笑出击,http://footyun.top:35455/yy/1354930971
神秘来客闯入,http://footyun.top:35455/yy/1382736820
时间的答卷第二季,http://footyun.top:35455/yy/1382745106
绝地生死营救,http://footyun.top:35455/yy/1354936214
坑你没商量,http://footyun.top:35455/yy/1354936160
Bill Burr暴躁经典重现,http://footyun.top:35455/yy/1382736917
经典传奇2018,http://footyun.top:35455/yy/1382745184
憨夫憨妇闯情关,http://footyun.top:35455/yy/1382735581
异地演出,炸场奇遇,http://footyun.top:35455/yy/1382735561
笑果伴酒,快乐中秋,http://footyun.top:35455/yy/1382745092
杰斯尼克暗黑我思我祷,http://footyun.top:35455/yy/1354658051
追踪神秘狐影,http://footyun.top:35455/yy/1382749953
快递小哥变身英雄,http://footyun.top:35455/yy/1354932405
心动信号甜蜜发酵,http://footyun.top:35455/yy/1382736819
Storm憋了一年大招,http://footyun.top:35455/yy/1382735559
熊出没之探险日记-森林探险记,http://footyun.top:35455/yy/1382745122
异类入侵高能反转,http://footyun.top:35455/yy/1354936217
杀机四伏,http://footyun.top:35455/yy/1354936195
旺达·塞克丝：怼遍全场,http://footyun.top:35455/yy/1354936221
为妈妈点赞,http://footyun.top:35455/yy/1382745098
狼爸硬核带娃,http://footyun.top:35455/yy/1382735627
龙师傅来接招,http://footyun.top:35455/yy/1354889015
武状元落魄,神谕指引丐帮逆袭,http://footyun.top:35455/yy/1382736882
苍狼特战突击,http://footyun.top:35455/yy/1382736849
开放麦现场惊现认亲,http://footyun.top:35455/yy/1354936181
战俘营大逃亡,http://footyun.top:35455/yy/1354930915
兵王绝境狙杀,http://footyun.top:35455/yy/1382736833
英伦特工智斗谍影,http://footyun.top:35455/yy/1382736841
颠覆秩序的声浪狂潮,http://footyun.top:35455/yy/1354932426
战火中的兄弟情义,http://footyun.top:35455/yy/1382736844
重启,http://footyun.top:35455/yy/1354888736
嗜血巨狼突袭人类,http://footyun.top:35455/yy/1382735560
唐门双雄战神犼,http://footyun.top:35455/yy/1382736897
体验另一种生活！,http://footyun.top:35455/yy/1354936229
忠犬救主,一段感动人心的陪伴之旅,http://footyun.top:35455/yy/1382736719
打破第四面墙,http://footyun.top:35455/yy/1382745090
茅山天师降魔,http://footyun.top:35455/yy/1354889042
蜀山伏魔剑,http://footyun.top:35455/yy/1354932365
你好现任,http://footyun.top:35455/yy/1382735566
非典型恋爱,http://footyun.top:35455/yy/1354936157
侏罗纪复活战,http://footyun.top:35455/yy/1354930945
花木兰巾帼英雄,http://footyun.top:35455/yy/1354926622
乔·科伊席卷西雅图,http://footyun.top:35455/yy/1382749911
悬疑剧-河神,http://footyun.top:35455/yy/1353413683
天师驱魔令,http://footyun.top:35455/yy/1354926643
铁甲狂猴雷霆,http://footyun.top:35455/yy/1382735552
音乐才女与霸道总裁的治愈之恋,http://footyun.top:35455/yy/1382735573
大闹三界奇幻冒险,http://footyun.top:35455/yy/1382736804
赵牡丹,辛辣开麦,http://footyun.top:35455/yy/1382736893
闲暇观看综艺,http://footyun.top:35455/yy/1354932379
暗恋成真青春纯爱,http://footyun.top:35455/yy/1382736817
未来中国,http://footyun.top:35455/yy/1354932429
青龙偃月显威,http://footyun.top:35455/yy/1354932402
小小心事,笑着流泪,http://footyun.top:35455/yy/1382736852
戴夫吐槽晕头转向的时代,http://footyun.top:35455/yy/1382736869
最佳时机：命运转角的最佳抉择与奔赴,http://footyun.top:35455/yy/1354936207
美女保镖出击！,http://footyun.top:35455/yy/1354936231
揭秘！经典传奇背后的未解之谜,http://footyun.top:35455/yy/1382736912
淮水情深深,http://footyun.top:35455/yy/1382749888
爆笑诡扯记,http://footyun.top:35455/yy/1354936249
巅峰救援行动,http://footyun.top:35455/yy/1382736857
就是要疯狂,http://footyun.top:35455/yy/1354936145
契约夫妻上线,http://footyun.top:35455/yy/1354936154
许光汉主演喜剧大片,http://footyun.top:35455/yy/1382736825
新弦已张,静候谁的指尖与故事？,http://footyun.top:35455/yy/1354936170
硬汉搭档扫黑,致命武器2,http://footyun.top:35455/yy/1382736865
留学澳大利亚的蓝翔梗王,http://footyun.top:35455/yy/1354932441
拳战闸北！,http://footyun.top:35455/yy/1382749910
致命蜂群来袭,http://footyun.top:35455/yy/1382736896
硬核使命,http://footyun.top:35455/yy/1354936122
热烈的玫瑰,http://footyun.top:35455/yy/1382736798
外星人入侵,http://footyun.top:35455/yy/1382745181
爱情拯救计划,http://footyun.top:35455/yy/1354936238
巨蛛嗜血狂,http://footyun.top:35455/yy/1354930903
守护千年雄关,http://footyun.top:35455/yy/1354936228
太空异种惊魂,http://footyun.top:35455/yy/1382745094
踮脚拥抱爱情,http://footyun.top:35455/yy/1354930927
公主战俘记,http://footyun.top:35455/yy/1354931488
破解终极密码,http://footyun.top:35455/yy/1382735571
哮天犬闹龙宫,http://footyun.top:35455/yy/1382736913
赛道争锋！,http://footyun.top:35455/yy/1382736853
大铸剑师传奇,http://footyun.top:35455/yy/1354932371
暗战幽灵毒枭,http://footyun.top:35455/yy/1382745099
奇门异人出世,http://footyun.top:35455/yy/1382749912
仙剑风云再起,http://footyun.top:35455/yy/1354933556
冰峰惊魂夜,http://footyun.top:35455/yy/1354936136
绝对忠诚使命,http://footyun.top:35455/yy/1354936178
横行不霸道,http://footyun.top:35455/yy/1354930189
特派先锋出击,http://footyun.top:35455/yy/1382749940
经典传奇2018,http://footyun.top:35455/yy/1382745189
网剧《冬去春来》,http://footyun.top:35455/yy/1354808044
天龙 神雕金庸,http://footyun.top:35455/yy/1356043609
靓剑,http://footyun.top:35455/yy/1382788679
24H地下交通站全,http://footyun.top:35455/yy/37880083
赵本山宋小宝小品大全,http://footyun.top:35455/yy/1382745331
动漫,http://footyun.top:35455/yy/23993334
靓剑,http://footyun.top:35455/yy/1356043643
武林外传,http://footyun.top:35455/yy/1355652820
少年包青天,http://footyun.top:35455/yy/1356043677
和你不见不散,http://footyun.top:35455/yy/1355635293
武林外传,http://footyun.top:35455/yy/1355344777
林正英-经典电影,http://footyun.top:35455/yy/34229877
古惑仔,http://footyun.top:35455/yy/1458015189
【鹿鼎记】金庸经典,http://footyun.top:35455/yy/28265277
【狂飙】,http://footyun.top:35455/yy/1354806550
朵宝陪你看狄仁杰,http://footyun.top:35455/yy/1353753252
打狗棍~24h经典好剧,http://footyun.top:35455/yy/1354744544
纪晓岚,http://footyun.top:35455/yy/1354143978
济公,http://footyun.top:35455/yy/1355265814
【周星驰】搞笑电影,http://footyun.top:35455/yy/38670875
梦涵 正在直播,http://footyun.top:35455/yy/1352475619
弹幕天团 下饭神剧,http://footyun.top:35455/yy/23512910
晾剑 电视剧,http://footyun.top:35455/yy/1451866697
真实案件系列,http://footyun.top:35455/yy/1382671124
豪哥带我们发财,http://footyun.top:35455/yy/23402146
康熙微服私访记,http://footyun.top:35455/yy/1352811698
狄仁杰,http://footyun.top:35455/yy/1351755386
神医喜来乐,http://footyun.top:35455/yy/1382714119
林正英经典,http://footyun.top:35455/yy/1351505899
甜心 正在直播,http://footyun.top:35455/yy/1454732419
赵本山《超清版》,http://footyun.top:35455/yy/1382683959
赵本山《蓝光版》,http://footyun.top:35455/yy/32160832
李连杰功夫 经典武侠,http://footyun.top:35455/yy/74613175
天龙神雕经典回忆,http://footyun.top:35455/yy/68260522
大家车言论,http://footyun.top:35455/yy/1382570702
雪中悍刀行,http://footyun.top:35455/yy/1462996362
老九门24h,http://footyun.top:35455/yy/1355171357
小蓉儿 正在直播,http://footyun.top:35455/yy/1351762426
经典港片动作搞笑,http://footyun.top:35455/yy/1459869766
狂飙,http://footyun.top:35455/yy/1382626335
鹿鼎记-高清全集,http://footyun.top:35455/yy/1382704650
燕双鹰,http://footyun.top:35455/yy/1354143942
小美美 正在直播,http://footyun.top:35455/yy/1354143966
周星驰搞笑在线,http://footyun.top:35455/yy/1351537467
小玲儿 正在直播,http://footyun.top:35455/yy/1351814644
燕双鹰,http://footyun.top:35455/yy/1352227153
昕儿 正在直播,http://footyun.top:35455/yy/1353852605
经典电影 港片枪战,http://footyun.top:35455/yy/1355076627
倚天屠龙记,http://footyun.top:35455/yy/33300793
【靓剑】乐乐陪看,http://footyun.top:35455/yy/1352946111
铁齿铜牙纪晓岚,http://footyun.top:35455/yy/1382781415
83射雕英雄传,http://footyun.top:35455/yy/1354210357
超喜剧地下交通站男神贾贵,http://footyun.top:35455/yy/1353428972
苍狼,http://footyun.top:35455/yy/1507704566
鬼经典老片,http://footyun.top:35455/yy/1463783198
动漫,http://footyun.top:35455/yy/25055036
纪晓岚,http://footyun.top:35455/yy/1352227227
动漫,http://footyun.top:35455/yy/26664495
宰相刘罗锅,http://footyun.top:35455/yy/1353892468
动漫,http://footyun.top:35455/yy/1354143938
薛仁贵传奇,http://footyun.top:35455/yy/1355260662
动漫,http://footyun.top:35455/yy/1382747970
【战狼3吴京】独播,http://footyun.top:35455/yy/37999586
知否知否应是绿肥红瘦,http://footyun.top:35455/yy/21881901
古装剧,http://footyun.top:35455/yy/1356158015
动漫,http://footyun.top:35455/yy/1354768831
《石敢当》六耳猕猴,http://footyun.top:35455/yy/1394156613
大染坊,http://footyun.top:35455/yy/1353215589
五号特工组和平ff,http://footyun.top:35455/yy/1414967772
鬼片喜剧动作港剧,http://footyun.top:35455/yy/1355269576
少年歌行1.2~,http://footyun.top:35455/yy/29067083
新主播,求照顾,http://footyun.top:35455/yy/1382690406
破案港剧,http://footyun.top:35455/yy/1350670730
国漫动漫,http://footyun.top:35455/yy/1354768828
经典雪豹24h,http://footyun.top:35455/yy/1459010966
w_400,http://footyun.top:35455/yy/1356212303
经典抗战剧,http://footyun.top:35455/yy/1354555195
西游记后传 蓝光,http://footyun.top:35455/yy/1353392400
苹果工会招募主播,http://footyun.top:35455/yy/1354889234
动漫《火影疾风传》,http://footyun.top:35455/yy/1459675153
精彩动漫,http://footyun.top:35455/yy/1420843376
安安电视剧,http://footyun.top:35455/yy/1414817779
【新三国】,http://footyun.top:35455/yy/1382851415
【经典港片】佟瑶,http://footyun.top:35455/yy/23531261
w_400,http://footyun.top:35455/yy/1394000563
24h唐朝诡实录1234,http://footyun.top:35455/yy/1353913646
【武林客栈】,http://footyun.top:35455/yy/1382773728
老妖私影院,http://footyun.top:35455/yy/1354952229
绝版僵尸鬼片,http://footyun.top:35455/yy/1460889796
鬼片恐怖私家影院,http://footyun.top:35455/yy/1354209316
军旅剧（回忆经典）,http://footyun.top:35455/yy/1356306672
惊恐盗暮鬼怪,http://footyun.top:35455/yy/1382749525
经典鬼片3000部,http://footyun.top:35455/yy/29460894
动漫,http://footyun.top:35455/yy/22777075
武林外传,http://footyun.top:35455/yy/1354282410
什么会让你快乐,http://footyun.top:35455/yy/54886912
w_400,http://footyun.top:35455/yy/1382773714
时代剧,黄土高天,http://footyun.top:35455/yy/1414864180
8090.电影一哥,http://footyun.top:35455/yy/29197808
【科幻电影】,http://footyun.top:35455/yy/1355065896
今天你喂狗了吗,http://footyun.top:35455/yy/1352300646
1930年代经典电影,http://footyun.top:35455/yy/1356363815
僵尸道长,http://footyun.top:35455/yy/1355171231
少年歌行,http://footyun.top:35455/yy/1450556636
新白娘子4K高清观看,http://footyun.top:35455/yy/1508961855
【战狼3吴京】首播,http://footyun.top:35455/yy/1456668939
YY果国际电影频道,http://footyun.top:35455/yy/1382627144
电影,http://footyun.top:35455/yy/37454459
《东北小品》,http://footyun.top:35455/yy/29600150
士兵突击,http://footyun.top:35455/yy/1382768483
易中天品三国完整版,http://footyun.top:35455/yy/1461244449
欢迎光临,http://footyun.top:35455/yy/1355532933
w_400,http://footyun.top:35455/yy/1354693629
东北小品王,http://footyun.top:35455/yy/34313906
斗破苍穹~24h玄幻剧,http://footyun.top:35455/yy/1356051105
魅力女神别错过,http://footyun.top:35455/yy/1356076442
少寒回归啦-真,http://footyun.top:35455/yy/13739310
你的声音女友,http://footyun.top:35455/yy/1460008724
🔄韩国歌曲[刷新就是新内容],https://xn--vusr00g.v.nxog.top/m/tv/xjj.php?id=0
🔄DJ舞曲[刷新就是新内容],http://xjj1.716888.xyz/fenlei/djxjj/dj1.php
🔄网络热曲[刷新就是新内容],https://188sp.711888.xyz/188/video.php
🔄经典老歌[刷新就是新内容],http://xjj1.716888.xyz/fenlei/mtv/mtv.php
🔄4K视频[刷新就是新内容],http://xjj1.716888.xyz/fenlei/4k/4k.php
🔄不吃香菜[刷新就是新内容],http://xjj2.716888.xyz/fenlei/mvmn/mvmn.php
🔄TikTok美女[刷新就是新内容],https://xn--vusr00g.v.nxog.top/m/tv/xjj.php?id=2
🔄美女热舞1[刷新就是新内容],https://xn--vusr00g.v.nxog.top/m/tv/xjj.php?id=1
🔄美女热舞2[刷新就是新内容],http://xjj2.716888.xyz/fenlei/zj/gengxin/gengxin.php
🔄美女展示1[刷新就是新内容],http://xjj2.716888.xyz/fenlei/zj/jipinyz/jipinyz.php
🔄美女展示2[刷新就是新内容],http://xjj2.716888.xyz/fenlei/zj/xuejie/xuejie.php
🔄美女展示3[刷新就是新内容],http://xjj2.716888.xyz/fenlei/zj/kawayi/kawayi.php
🔄美女展示4[刷新就是新内容],http://xjj2.716888.xyz/fenlei/zj/nennen/nennen.php
🔄美女展示5[刷新就是新内容],http://xjj2.716888.xyz/fenlei/zj/sihuawd/sihuawd.php
🔄美女展示6[刷新就是新内容],http://xjj2.716888.xyz/fenlei/zj/manyao/manyao.php
🔄美女展示7[刷新就是新内容],http://xjj2.716888.xyz/fenlei/zj/sihuadd/sihuadd.php
🔄美女展示8[刷新就是新内容],http://xjj2.716888.xyz/fenlei/zj/qingchun/qingchun.php
🔄美女展示9[刷新就是新内容],http://xjj2.716888.xyz/fenlei/zj/cos/cos.php
🔄美女展示10[刷新就是新内容],http://xjj2.716888.xyz/fenlei/zj/heji1/heji1.php
🔄美女展示11[刷新就是新内容],http://xjj2.716888.xyz/fenlei/zj/jingpinbz/jingpinbz.php
🔄美女展示12[刷新就是新内容],http://xjj2.716888.xyz/fenlei/zj/jipinll/jipinll.php
🔄美女展示13[刷新就是新内容],http://xjj2.716888.xyz/fenlei/zj/nideym/nideym.php
🔄美女展示14[刷新就是新内容],http://xjj2.716888.xyz/fenlei/zj/tianmei/tianmei.php
🔄美女展示15[刷新就是新内容],http://xjj2.716888.xyz/fenlei/zj/yusi/yusi.php
🔄美女展示16[刷新就是新内容],http://xjj2.716888.xyz/fenlei/tkxjj/tk.php
🔄美女展示17[刷新就是新内容],http://xjj2.716888.xyz/fenlei/zj/rewu/rewu.php
🔄美女展示18[刷新就是新内容],http://xjj2.716888.xyz/fenlei/zj/jingpinsc/jingpinsc.php
🔄美女展示19[刷新就是新内容],http://xjj2.716888.xyz/fenlei/zj/heji1/heji1.php
🔄美女展示20[刷新就是新内容],http://xjj2.716888.xyz/fenlei/api/apiheng1.php
🔄美女展示21[刷新就是新内容],https://xn--vusr00g.v.nxog.top/m/tv/xjj.php?id=3
🔄美女展示22[刷新就是新内容],https://v.nrzj.vip/video.php
🔄美女展示23[刷新就是新内容],http://xjj1.716888.xyz/fenlei/kuan2/v.php
盗源狗si全家 全家下地狱
广东,https://lhttp.qingting.fm/live/1257/64k.mp3
广东音乐,https://lhttp.qingting.fm/live/1260/64k.mp3
广东2,https://lhttp.qingting.fm/live/1259/64k.mp3
广东汽车,https://lhttp.qingting.fm/live/1262/64k.mp3
广东3,https://lhttp.qingting.fm/live/1264/64k.mp3
香港第三台,https://rthkaudio3-lh.akamaihd.net/i/radio3_1@355866/master.m3u8
亚洲经典,https://lhttp.qingting.fm/live/5021912/64k.mp3
亚洲热歌,https://live.ximalaya.com/radio-first-page-app/live/1908/64.m3u8?transcode=ts
HD音乐,https://lhttp.qingting.fm/live/15318341/64k.mp3
亚洲粤语,https://lhttp.qingting.fm/live/15318569/64k.mp3
亚洲天空,https://lhttp.qingting.fm/live/20071/64k.mp3
亚洲音乐,https://lhttp.qingting.fm/live/5022405/64k.mp3
澳门绿坉,https://fm995.ddns.net/hls1/fm995.m3u8
重庆音乐,https://lhttp.qingting.fm/live/647/64k.mp3
江苏音乐,https://lhttp.qingting.fm/live/4936/64k.mp3
广西音乐,https://lhttp.qingting.fm/live/4875/64k.mp3
陕西音乐,https://lhttp.qingting.fm/live/4873/64k.mp3
河南音乐,https://lhttp.qingting.fm/live/1206/64k.mp3
河南音乐2,https://lhttp.qingting.fm/live/1206/64k.mp3
香港古典音乐,https://rthkradio1-live.akamaized.net/hls/live/2035313/radio1/master.m3u8?sd=10&rebase=on
四川音乐,https://lhttp.qingting.fm/live/1110/64k.mp3
贵州音乐,https://lhttp.qingting.fm/live/20067/64k.mp3
湖北音乐,https://lhttp.qingting.fm/live/1289/64k.mp3
湖南音乐,https://lhttp.qingting.fm/live/4979/64k.mp3
吉林音乐,https://lhttp.qingting.fm/live/1831/64k.mp3
江西音乐,http://lhttp.qingting.fm/live/1802/64k.mp3
山西音乐,https://lhttp.qingting.fm/live/4932/64k.mp3
福建音乐,https://lhttp.qingting.fm/live/4585/64k.mp3
河北音乐,https://lhttp.qingting.fm/live/1649/64k.mp3
浙江音乐,https://lhttp.qingting.fm/live/4866/64k.mp3
惊艳1,rtmp://112.29.121.74/live/易發TV-jyt
香蕉2,rtmp://112.29.121.74/live/易發TV-xjt
松视1,rtmp://112.29.121.74/live/易發TV-s1t
惊艳2,http://ctrl.yunshipin.bbroot.com:8080/streams/ds7fcf8th2/gc/playlist.m3u8
惊艳(挂梯),http://15.204.105.50:25461/live/G2s9zK2n9m/xDtwVfWM8T/85.ts
潘多拉(挂梯),http://15.204.105.50:25461/live/G2s9zK2n9m/xDtwVfWM8T/86.ts
彩虹(挂梯),http://15.204.105.50:25461/live/G2s9zK2n9m/xDtwVfWM8T/87.ts
松1(挂梯),http://15.204.105.50:25461/live/G2s9zK2n9m/xDtwVfWM8T/88.ts
松2(挂梯),http://15.204.105.50:25461/live/G2s9zK2n9m/xDtwVfWM8T/89.ts
松3(挂梯),http://15.204.105.50:25461/live/G2s9zK2n9m/xDtwVfWM8T/90.ts
香蕉(挂梯),http://15.204.105.50:25461/live/G2s9zK2n9m/xDtwVfWM8T/117.ts
Vanessinha Vailatti,http://91.218.50.136/live/brunoceccarelli/brunoceccarelli10/1271935.ts
Scarlett,http://91.218.50.136/live/brunoceccarelli/brunoceccarelli10/1271934.ts
Miaz1234,http://91.218.50.136/live/brunoceccarelli/brunoceccarelli10/1271933.ts
Lolax,http://91.218.50.136/live/brunoceccarelli/brunoceccarelli10/1271932.ts
Julieta Yanez,http://91.218.50.136/live/brunoceccarelli/brunoceccarelli10/1271931.ts
Jeangrey Bianca,http://91.218.50.136/live/brunoceccarelli/brunoceccarelli10/1271930.ts
Gia Nine,http://91.218.50.136/live/brunoceccarelli/brunoceccarelli10/1271929.ts
Duda Monet,http://91.218.50.136/live/brunoceccarelli/brunoceccarelli10/1271928.ts
Camila Araujo,http://91.218.50.136/live/brunoceccarelli/brunoceccarelli10/1271927.ts
Anastangel,http://91.218.50.136/live/brunoceccarelli/brunoceccarelli10/1271926.ts
Mercedes Blanche,http://91.218.50.136/live/brunoceccarelli/brunoceccarelli10/1271925.ts
Tati Zaqui,http://91.218.50.136/live/brunoceccarelli/brunoceccarelli10/1271924.ts
Mc Pipokinha,http://91.218.50.136/live/brunoceccarelli/brunoceccarelli10/1271923.ts
Mc Mirella,http://91.218.50.136/live/brunoceccarelli/brunoceccarelli10/1271922.ts
Lumena,http://91.218.50.136/live/brunoceccarelli/brunoceccarelli10/1271921.ts
Layz Rezende,http://91.218.50.136/live/brunoceccarelli/brunoceccarelli10/1271920.ts
Grazi Mourão 4,http://91.218.50.136/live/brunoceccarelli/brunoceccarelli10/1271919.ts
Grazi Mourão 3,http://91.218.50.136/live/brunoceccarelli/brunoceccarelli10/1271918.ts
Grazi Mourão 2,http://91.218.50.136/live/brunoceccarelli/brunoceccarelli10/1271917.ts
Grazi Mourão 1,http://91.218.50.136/live/brunoceccarelli/brunoceccarelli10/1271916.ts
Francine,http://91.218.50.136/live/brunoceccarelli/brunoceccarelli10/1271915.ts
Diosa Azteca,http://91.218.50.136/live/brunoceccarelli/brunoceccarelli10/1271914.ts
Cibelly Ferreira,http://91.218.50.136/live/brunoceccarelli/brunoceccarelli10/1271913.ts
Brenda Trindade 4,http://91.218.50.136/live/brunoceccarelli/brunoceccarelli10/1271912.ts
Brenda Trindade 3,http://91.218.50.136/live/brunoceccarelli/brunoceccarelli10/1271911.ts
Brenda Trindade 2,http://91.218.50.136/live/brunoceccarelli/brunoceccarelli10/1271910.ts
Brenda Trindade 1,http://91.218.50.136/live/brunoceccarelli/brunoceccarelli10/1271909.ts
Bethany Morgan,http://91.218.50.136/live/brunoceccarelli/brunoceccarelli10/1271908.ts
Angel Steve,http://91.218.50.136/live/brunoceccarelli/brunoceccarelli10/1271907.ts
Andressa Urach,http://91.218.50.136/live/brunoceccarelli/brunoceccarelli10/1271906.ts
Aline Farias,http://91.218.50.136/live/brunoceccarelli/brunoceccarelli10/1271905.ts
MiniGabys,http://91.218.50.136/live/brunoceccarelli/brunoceccarelli10/1272180.ts
Marcela Soares,http://91.218.50.136/live/brunoceccarelli/brunoceccarelli10/1272179.ts
Ninfo Bad,http://91.218.50.136/live/brunoceccarelli/brunoceccarelli10/1272178.ts
Nanda2k01,http://91.218.50.136/live/brunoceccarelli/brunoceccarelli10/1272177.ts
Mih Santos,http://91.218.50.136/live/brunoceccarelli/brunoceccarelli10/1272176.ts
Melissa Bueno,http://91.218.50.136/live/brunoceccarelli/brunoceccarelli10/1272175.ts
Mc Mirella 2025,http://91.218.50.136/live/brunoceccarelli/brunoceccarelli10/1272174.ts
Mc Mirella,http://91.218.50.136/live/brunoceccarelli/brunoceccarelli10/1272173.ts
Maria Eduarda monteiro,http://91.218.50.136/live/brunoceccarelli/brunoceccarelli10/1272172.ts
Malzeira,http://91.218.50.136/live/brunoceccarelli/brunoceccarelli10/1272171.ts
Larissa e Bianca,http://91.218.50.136/live/brunoceccarelli/brunoceccarelli10/1272170.ts
kelltchup vip,http://91.218.50.136/live/brunoceccarelli/brunoceccarelli10/1272169.ts
Julia Sodre,http://91.218.50.136/live/brunoceccarelli/brunoceccarelli10/1272168.ts
Julia Carolina,http://91.218.50.136/live/brunoceccarelli/brunoceccarelli10/1272167.ts
Jennifer Fabri,http://91.218.50.136/live/brunoceccarelli/brunoceccarelli10/1272166.ts
Indiazinha,http://91.218.50.136/live/brunoceccarelli/brunoceccarelli10/1272165.ts
Girl Rock Sex,http://91.218.50.136/live/brunoceccarelli/brunoceccarelli10/1272164.ts
Fooquinhaa,http://91.218.50.136/live/brunoceccarelli/brunoceccarelli10/1272163.ts
Diana Maia,http://91.218.50.136/live/brunoceccarelli/brunoceccarelli10/1272162.ts
Bruna Lambertini,http://91.218.50.136/live/brunoceccarelli/brunoceccarelli10/1272161.ts
Brenda Trindade 2025,http://91.218.50.136/live/brunoceccarelli/brunoceccarelli10/1272160.ts
Brenda Trindade,http://91.218.50.136/live/brunoceccarelli/brunoceccarelli10/1272159.ts
Blinkx,http://91.218.50.136/live/brunoceccarelli/brunoceccarelli10/1272158.ts
Aninha Trois,http://91.218.50.136/live/brunoceccarelli/brunoceccarelli10/1272157.ts
Aline Escobar,http://91.218.50.136/live/brunoceccarelli/brunoceccarelli10/1272156.ts
Alice Maciel,http://91.218.50.136/live/brunoceccarelli/brunoceccarelli10/1272155.ts
A Musa de São Conrado,http://91.218.50.136/live/brunoceccarelli/brunoceccarelli10/1272154.ts
nalfnf,https://v2.catcast.tv/content/40381/index.m3u8
Anal,http://cdn.adultiptv.net/anal.m3u8
Arab Girls,http://live.mycamtv.com/arab.m3u8
Asian Girls,http://live.mycamtv.com/asian.m3u8
Big Ass,http://live.redtraffic.xyz/bigass.m3u8
Big Dick,http://live.redtraffic.xyz/bigdick.m3u8
Big Tits,http://live.redtraffic.xyz/bigtits.m3u8
Blowjob,http://live.redtraffic.xyz/blowjob.m3u8
Blonde,http://live.redtraffic.xyz/blonde.m3u8
Brunette,http://cdn.adultiptv.net/brunette.m3u8
Brunette Girls,http://live.mycamtv.com/brunette.m3u8
Cuckold HD,http://live.redtraffic.xyz/cuckold.m3u8
Compilation,http://cdn.adultiptv.net/compilation.m3u8
Ebony Girls,http://live.mycamtv.com/ebony.m3u8
Hard Core,http://live.redtraffic.xyz/hardcore.m3u8
Three Some,http://live.redtraffic.xyz/threesome.m3u8
Lesbian,http://live.redtraffic.xyz/lesbian.m3u8
Latina HD,http://live.redtraffic.xyz/latina.m3u8
Livecams,http://cdn.adultiptv.net/livecams.m3u8
Fetish HD,http://live.redtraffic.xyz/fetish.m3u8
Interracial HD,http://live.redtraffic.xyz/interracial.m3u8
Milf HD,http://live.redtraffic.xyz/milf.m3u8
Pornstar HD,http://live.redtraffic.xyz/pornstar.m3u8
POV HD,http://live.redtraffic.xyz/pov.m3u8
Russian HD,http://live.redtraffic.xyz/russian.m3u8
Rough,http://cdn.adultiptv.net/rough.m3u8
Teen,http://live.redtraffic.xyz/teen.m3u8
Gangbang,http://cdn.adultiptv.net/gangbang.m3u8
Young Girls,http://live.mycamtv.com/young.m3u8
White Girls,http://live.mycamtv.com/white.m3u8
Skinny Girls,http://live.mycamtv.com/skinny.m3u8
Medium Girls,http://live.mycamtv.com/medium.m3u8
1本道_1,https://vip4.ddyunbo.com/20210210/IjSENz6s/index.m3u8
1本道_2,https://vip4.ddyunbo.com/20210209/dEzJjeSU/index.m3u8
1本道_3,https://vip4.ddyunbo.com/20210208/6LaKp6lZ/index.m3u8
1本道_4,https://vip4.ddyunbo.com/20210208/uWwFdRB7/index.m3u8
1本道_5,https://vip4.ddyunbo.com/20210208/EZRbwZn4/index.m3u8
1本道_6,https://vip4.ddyunbo.com/20210207/Lyhqjp3z/index.m3u8
1本道_7,https://vip4.ddyunbo.com/20210203/DYtc79vE/index.m3u8
1本道_8,https://vip4.ddyunbo.com/20210202/cy0urBhD/index.m3u8
1本道_9,https://vip4.ddyunbo.com/20210202/cOf9FXgF/index.m3u8
1本道_10,https://vip4.ddyunbo.com/20210202/jnSPf5L7/index.m3u8
1本道_11,https://vip4.ddyunbo.com/20210202/6wLYbWPq/index.m3u8
1本道_12,https://vip4.ddyunbo.com/20190904/HqGckgKl/index.m3u8
1本道_13,https://vip4.ddyunbo.com/20190904/m94xaoPh/index.m3u8
1本道_14,https://vip4.ddyunbo.com/20190908/1oZ5V2g2/index.m3u8
1本道_15,https://vip4.ddyunbo.com/20190904/wJoZlwtT/index.m3u8
1本道_16,https://vip4.ddyunbo.com/20190904/ZnGN7sEl/index.m3u8
1本道_18,https://vip4.ddyunbo.com/20190908/ETghLd5D/index.m3u8
1本道_20,https://vip4.ddyunbo.com/20190908/zSd2DI9R/index.m3u8
1本道_34,https://vip4.ddyunbo.com/20191007/IFlq5eON/index.m3u8
1本道_36,https://vip4.ddyunbo.com/20190907/PH1oGegu/index.m3u8
1本道_37,https://vip4.ddyunbo.com/20191206/aIGd1S2S/index.m3u8
1本道_39,https://vip4.ddyunbo.com/20191209/eOWqpnjK/index.m3u8
1本道_40,https://vip4.ddyunbo.com/20191203/kT2Rfcof/index.m3u8
1本道_41,https://vip4.ddyunbo.com/20191203/eKcaCDs1/index.m3u8
1本道_42,https://vip4.ddyunbo.com/20191204/jouQzYVh/index.m3u8
1本道_43,https://vip4.ddyunbo.com/20190824/InhHOPJz/index.m3u8
1本道_44,https://vip4.ddyunbo.com/20191201/yKe6LATy/index.m3u8
1本道_46,https://vip4.ddyunbo.com/20191104/NAZTGvOC/index.m3u8
1本道_47,https://vip4.ddyunbo.com/20190724/fpVllSSA/index.m3u8
1本道_48,https://vip4.ddyunbo.com/20191115/nz0OLAD7/index.m3u8
1本道_50,https://vip4.ddyunbo.com/20191111/YQ1Jvlo7/index.m3u8
1本道_51,https://vip4.ddyunbo.com/20191203/mXPJeA8L/index.m3u8
1本道_54,https://vip4.ddyunbo.com/20191211/EmnFBcTv/index.m3u8
1本道_56,https://vip4.ddyunbo.com/20191207/3l1NKbd9/index.m3u8
1本道_58,https://vip4.ddyunbo.com/20191121/NoBsuuFA/index.m3u8
1本道_71,https://vip4.ddyunbo.com/20191128/J5nWdwcz/index.m3u8
1本道_77,https://vip4.ddyunbo.com/20191104/5Br1zP28/index.m3u8
1本道_80,https://vip4.ddyunbo.com/20191205/0oLr2jlQ/index.m3u8
1本道_81,https://vip4.ddyunbo.com/20191110/Z3mWJbrz/index.m3u8
1本道_82,https://vip4.ddyunbo.com/20190724/SRcabvNZ/index.m3u8
1本道_83,https://vip4.ddyunbo.com/20191127/52rP822O/index.m3u8
1本道_84,https://vip4.ddyunbo.com/20191207/p0zvtDBY/index.m3u8
1本道_85,https://vip4.ddyunbo.com/20191208/dw94ieYl/index.m3u8.
1本道_87,https://vip4.ddyunbo.com/20191210/tyN6I80q/index.m3u8
1本道_88,https://vip4.ddyunbo.com/20191122/QMk66MvN/index.m3u8
1本道_89,https://vip4.ddyunbo.com/20191206/trGVPzmt/index.m3u8
1本道_90,https://vip4.ddyunbo.com/20191010/xcMAZOOw/index.m3u8
1本道_91,https://vip4.ddyunbo.com/20191207/tBB5RkgE/index.m3u8
1本道_101,https://vip4.ddyunbo.com/20190801/68w4hmaH/index.m3u8
1本道_102,https://vip4.ddyunbo.com/20191203/AdOtik4n/index.m3u8
1本道_105,https://vip4.ddyunbo.com/20191203/lrQfHler/index.m3u8
1本道_106,https://vip4.ddyunbo.com/20191203/5E24xFQu/index.m3u8
1本道_107,https://vip4.ddyunbo.com/20191206/wElIhu09/index.m3u8
1本道_109,https://vip4.ddyunbo.com/20191130/5D8rho9Y/index.m3u8
1本道_110,https://vip4.ddyunbo.com/20191125/b7iK6Oay/index.m3u8
1本道_111,https://vip4.ddyunbo.com/20191118/pa08NZI8/index.m3u8
1本道_113,https://vip4.ddyunbo.com/20191208/YoOOpIoB/index.m3u8
1本道_114,https://vip4.ddyunbo.com/20191206/KlOfpmXm/index.m3u8
1本道_115,https://vip4.ddyunbo.com/20191128/bhlfixkB/index.m3u8
1本道_118,https://vip4.ddyunbo.com/20191020/HFA1EICB/index.m3u8
1本道_119,https://vip4.ddyunbo.com/20190725/QoR2tEMa/index.m3u8
1本道_123,https://vip4.ddyunbo.com/20191206/beXglix7/index.m3u8
1本道_134,https://vip4.ddyunbo.com/20190712/AWmTfG0V/index.m3u8
1本道_137,https://vip4.ddyunbo.com/20191205/ZhyfTfzD/index.m3u8
1本道_138,https://vip4.ddyunbo.com/20191209/Cg46YFFD/index.m3u8
1本道_140,https://vip4.ddyunbo.com/20191206/D2NceISA/index.m3u8
1本道_141,https://vip4.ddyunbo.com/20190703/TS1mxp2x/index.m3u8
1本道_142,https://vip4.ddyunbo.com/20191127/28kOylU9/index.m3u8
1本道_143,https://vip4.ddyunbo.com/20190924/1r6n6c3u/index.m3u8
1本道_144,https://vip4.ddyunbo.com/20191201/8UTueLDg/index.m3u8
1本道_146,https://vip4.ddyunbo.com/20191109/7zPRNKbZ/index.m3u8
1本道_147,https://vip4.ddyunbo.com/20191208/0gSaR7IX/index.m3u8
1本道_149,https://vip4.ddyunbo.com/20191108/iI37Slwz/index.m3u8
1本道_151,https://vip4.ddyunbo.com/20191206/DRjLLulI/index.m3u8
1本道_152,https://vip4.ddyunbo.com/20191208/F59kEATh/index.m3u8
1本道_153,https://vip4.ddyunbo.com/20191205/u11PSJcw/index.m3u8
1本道_154,https://vip4.ddyunbo.com/20191203/PldaO4lb/index.m3u8
1本道_155,https://vip4.ddyunbo.com/20191206/AYu0BDSt/index.m3u8
1本道_156,https://vip4.ddyunbo.com/20191211/M3q09qGG/index.m3u8
1本道_163,https://vip4.ddyunbo.com/20191121/5fNyVOF0/index.m3u8
1本道_164,https://vip4.ddyunbo.com/20191120/c3IW5efi/index.m3u8
1本道_173,https://vip4.ddyunbo.com/20191201/XJwjwidw/index.m3u8
1本道_175,https://vip4.ddyunbo.com/20190918/dW0J9fzv/index.m3u8
1本道_176,https://vip4.ddyunbo.com/20191125/vpMcTD6O/index.m3u8
1本道_182,https://vip4.ddyunbo.com/20191203/nYjY9u2u/index.m3u8
1本道_186,https://vip4.ddyunbo.com/20191110/7bbcTr2N/index.m3u8
1本道_187,https://vip4.ddyunbo.com/20191127/65PpXoMw/index.m3u8
1本道_197,https://vip4.ddyunbo.com/20190924/cJ5trNUQ/index.m3u8
1本道_202,https://vip4.ddyunbo.com/20191203/52ec89LM/index.m3u8
1本道_207,https://vip4.ddyunbo.com/20191206/KcxaHKNK/index.m3u8
1本道_208,https://vip4.ddyunbo.com/20191130/aACNUDUx/index.m3u8
1本道_211,https://vip4.ddyunbo.com/20191110/NwogQedH/index.m3u8
1本道_219,https://vip4.ddyunbo.com/20191201/Lwlr3Bkj/index.m3u8
1本道_227,https://vip4.ddyunbo.com/20191201/K4Kv3dAa/index.m3u8
1本道_234,https://vip4.ddyunbo.com/20191212/HePcXP5K/index.m3u8
1本道_242,https://vip4.ddyunbo.com/20191203/eBg5Mcqa/index.m3u8
1本道_243,https://vip4.ddyunbo.com/20191028/bnoZp1dl/index.m3u8
1本道_249,https://vip4.ddyunbo.com/20191102/E6lR5iaR/index.m3u8
1本道_261,https://vip4.ddyunbo.com/20190729/aN7GcbnY/index.m3u8
1本道_264,https://vip4.ddyunbo.com/20191201/YEg5oWil/index.m3u8
1本道_268,https://vip4.ddyunbo.com/20191208/BS0JwI5Z/index.m3u8
1本道_274,https://vip4.ddyunbo.com/20191102/thRqkr3J/index.m3u8
1本道_275,https://vip4.ddyunbo.com/20191008/ONnuL7h3/index.m3u8
1本道_276,https://vip4.ddyunbo.com/20190904/f9ADZ1CY/index.m3u8
1本道_277,https://vip4.ddyunbo.com/20190904/UfqniQi1/index.m3u8
1本道_278,https://vip4.ddyunbo.com/20191211/FFE0h29v/index.m3u8
1本道_280,https://vip4.ddyunbo.com/20191121/VmpUGI2G/index.m3u8
1本道_281,https://vip4.ddyunbo.com/20190909/jRVMH9sc/index.m3u8
1本道_301,https://vip4.ddyunbo.com/20191213/J6Cv9gPJ/index.m3u8
1本道_305,https://vip4.ddyunbo.com/20191128/dkDIOfQC/index.m3u8
1本道_306,https://vip4.ddyunbo.com/20191130/c6PcG5MJ/index.m3u8
1本道_309,https://vip4.ddyunbo.com/20191111/DlyNFtz9/index.m3u8
1本道_310,https://vip4.ddyunbo.com/20191106/yFE2T1bI/index.m3u8
1本道_311,https://vip4.ddyunbo.com/20191128/0UFCYn1m/index.m3u8
1本道_313,https://vip4.ddyunbo.com/20191208/2uX0tXFP/index.m3u8
1本道_314,https://vip4.ddyunbo.com/20191112/xgfe7yP7/index.m3u8
1本道_315,https://vip4.ddyunbo.com/20191204/vbdhMyr9/index.m3u8
1本道_317,https://vip4.ddyunbo.com/20191211/mKHj4MjF/index.m3u8
1本道_396,https://vip4.ddyunbo.com/20210210/IjSENz6s/index.m3u8
1本道_404,https://vip4.ddyunbo.com/20210202/cOf9FXgF/index.m3u8
1本道_405,https://vip4.ddyunbo.com/20210202/jnSPf5L7/index.m3u8
FC2PPV-1226584,https://aosikazy12.com/20220929/Y3kiFgyI/index.m3u8
FC2PPV-1235209,https://aosikazy12.com/20220929/cejBtTpH/index.m3u8
Carib041210-345,https://aosikazy12.com/20220929/iqUTZL9A/index.m3u8
Carib122819-001,https://vip1.slbfsl.com/20220818/muZFQwbr/index.m3u8
Carib122819-001,https://aosikazy12.com/20220929/7dcRQciZ/index.m3u8
Caribpr040710-341,https://vip1.slbfsl.com/20220818/CosC4oYf/index.m3u8
Caribpr040710-341,https://aosikazy12.com/20220929/AoUHqOJz/index.m3u8
FC2PPV-1233512,https://aosikazy12.com/20220929/cTOx9X8F/index.m3u8
FC2PPV-1226620,https://vip1.slbfsl.com/20220818/kBbmLn4y/index.m3u8
FC2PPV-1226620,https://aosikazy12.com/20220929/RRvqSCzZ/index.m3u8
FC2PPV-1234565,https://vip1.slbfsl.com/20220818/ZfYfH9C6/index.m3u8
FC2PPV-1234565,https://aosikazy12.com/20220929/9wkupPdS/index.m3u8
Carib050310-364,https://aosikazy12.com/20220929/4G1vjG8V/index.m3u8
Carib041010-344,https://vip1.slbfsl.com/20220818/G8xaGLd7/index.m3u8
Carib041010-344,https://aosikazy12.com/20220929/bNIV0MmE/index.m3u8
FC2PPV-1244095,https://vip1.slbfsl.com/20220818/BN5TvwMw/index.m3u8
FC2PPV-1244095,https://aosikazy12.com/20220929/CERN3y68/index.m3u8
FC2PPV-1233604,https://vip1.slbfsl.com/20220818/jqKkWyyd/index.m3u8
FC2PPV-1233604,https://aosikazy12.com/20220929/t8ohaxz8/index.m3u8
FC2PPV-1244083,https://vip1.slbfsl.com/20220818/iOoPY6MR/index.m3u8
FC2PPV-1244083,https://aosikazy12.com/20220929/pXewETjV/index.m3u8
FC2PPV-1233280,https://vip1.slbfsl.com/20220818/KgBwuuXd/index.m3u8
FC2PPV-1233280,https://aosikazy12.com/20220929/B1EpeDn4/index.m3u8
FC2PPV-1244053,https://vip1.slbfsl.com/20220818/OIBBm9oz/index.m3u8
FC2PPV-1244053,https://aosikazy12.com/20220929/XyAe9nMa/index.m3u8
FC2PPV-1243939,https://vip1.slbfsl.com/20220818/9imKQSIQ/index.m3u8
FC2PPV-1243939,https://aosikazy12.com/20220929/Eh6SlwaI/index.m3u8
Carib040410-339,https://vip1.slbfsl.com/20220818/KWTP14NJ/index.m3u8
Carib040410-339,https://aosikazy12.com/20220929/L6edNzE1/index.m3u8
FC2PPV-1233100,https://aosikazy12.com/20220929/91cycSZd/index.m3u8
FC2PPV-1230185,https://aosikazy12.com/20220929/jcDj53ii/index.m3u8
FC2PPV-1231059,https://aosikazy12.com/20220929/43uZvTqd/index.m3u8
FC2PPV-1230596,https://vip1.slbfsl.com/20220818/3GWCglie/index.m3u8
FC2PPV-1230596,https://aosikazy12.com/20220929/btvSlCZQ/index.m3u8
FC2PPV-1231680,https://aosikazy12.com/20220929/hLCWKAzS/index.m3u8
FC2PPV-1243928,https://vip1.slbfsl.com/20220818/LiZyy6lS/index.m3u8
FC2PPV-1243928,https://aosikazy12.com/20220929/tAFXpH7T/index.m3u8
FC2PPV-1243463,https://aosikazy12.com/20220929/jIcE7IJX/index.m3u8
FC2PPV-1209497,https://vip1.slbfsl.com/20220818/An4CkRkC/index.m3u8
FC2PPV-1209497,https://aosikazy12.com/20220929/fZRAfak2/index.m3u8
FC2PPV-1234159,https://vip1.slbfsl.com/20220818/z1FkVV7t/index.m3u8
FC2PPV-1234159,https://aosikazy12.com/20220929/P1m6seTJ/index.m3u8
FC2PPV-1235208,https://vip1.slbfsl.com/20220818/wKqrwRYW/index.m3u8
FC2PPV-1235208,https://aosikazy12.com/20220929/rj4PbLyx/index.m3u8
FC2PPV-1233127,https://vip1.slbfsl.com/20220818/eOBgHfNC/index.m3u8
FC2PPV-1233127,https://aosikazy12.com/20220929/xzqHbBbx/index.m3u8
FC2PPV-1244192,https://vip1.slbfsl.com/20220818/xJpsYKK4/index.m3u8
FC2PPV-1244192,https://aosikazy12.com/20220929/WTtT2ICa/index.m3u8
Carib011320-001,https://aosikazy12.com/20220929/qBfKIGlH/index.m3u8
FC2PPV-1244023-B,https://vip1.slbfsl.com/20220818/iSqGqMOq/index.m3u8
FC2PPV-1244023-B,https://aosikazy12.com/20220929/F0gsM3Hk/index.m3u8
FC2PPV-1244888,https://aosikazy12.com/20220929/mzDq7pSr/index.m3u8
FC2PPV-1244023-A,https://aosikazy12.com/20220929/QfdZvXZs/index.m3u8
FC2PPV-1227537,https://aosikazy12.com/20220929/99uaLZEd/index.m3u8
Carib041410-347,https://vip1.slbfsl.com/20220818/HLkXJd7o/index.m3u8
Carib041410-347,https://aosikazy12.com/20220929/jt2OURx0/index.m3u8
FC2PPV-1245021,https://aosikazy12.com/20220929/poMR0VKC/index.m3u8
FC2PPV-1233392,https://vip1.slbfsl.com/20220818/4sh8OxxN/index.m3u8
FC2PPV-1233392,https://aosikazy12.com/20220929/rJT4uh5c/index.m3u8
FC2PPV-1226815,https://aosikazy12.com/20220929/w5Xj9i4P/index.m3u8
Carib072310-434,https://vip1.slbfsl.com/20220818/dd2WHOoX/index.m3u8
Carib072310-434,https://aosikazy12.com/20221002/NpSBmjkm/index.m3u8
HAMESAMURAI0210,https://vip1.slbfsl.com/20220818/MSCkJtkz/index.m3u8
HAMESAMURAI0210,https://aosikazy12.com/20221002/9KpYlXnx/index.m3u8
FC2PPV-1264353,https://vip1.slbfsl.com/20220818/C84H3d0W/index.m3u8
FC2PPV-1264353,https://aosikazy12.com/20221002/wAKRUh2r/index.m3u8
435神,https://vip1.slbfsl.com/20220818/WZxDkttg/index.m3u8
435神崎,https://aosikazy12.com/20221002/lEhhYPMp/index.m3u8
Carib072610-436高沙耶香熟,https://vip1.slbfsl.com/20220818/Vt8HXiZQ/index.m3u8
Carib072610-436高沙耶香熟,https://aosikazy12.com/20221002/yDDTRArH/index.m3u8
積極的な,https://vip2.slbfsl.com/20230414/V7I2GGJi/index.m3u8
即ハメさ,https://vip2.slbfsl.com/20230414/aC4vPn2j/index.m3u8
結婚生活はうま,https://vip2.slbfsl.com/20230415/RSp2pn9f/index.m3u8
今日は俺の誕生日だ,https://vip2.slbfsl.com/20230415/6lR5y7D0/index.m3u8
今日のために綺麗,https://vip2.slbfsl.com/20230415/TV5VyE6L/index.m3u8
結婚３年の真緒,https://vip2.slbfsl.com/20230415/h95CMnNZ/index.m3u8
今回のアマチ,https://vip2.slbfsl.com/20230415/W5LBMlYf/index.m3u8
就活ストレ,https://vip2.slbfsl.com/20230416/c1TaSLkv/index.m3u8
就職活動,https://vip2.slbfsl.com/20230416/O0JpOhUs/index.m3u8
精子は飲むも,https://vip2.slbfsl.com/20230416/OAIZYX2r/index.m3u8
出版-い,https://vip2.slbfsl.com/20230418/qGTTAU0e/index.m3u8
出版-川,https://vip2.slbfsl.com/20230418/uSGccKt7/index.m3u8
両穴を餌に誘,https://vip2.slbfsl.com/20230418/etJ7qYBw/index.m3u8
大橋優子,https://vip2.slbfsl.com/20230418/KXcOJc28/index.m3u8
豊満ムラム,https://vip2.slbfsl.com/20230418/xYPhVUeJ/index.m3u8
出版,https://vip2.slbfsl.com/20230419/DDaQtCFN/index.m3u8
炉輪カン,https://vip2.slbfsl.com/20230419/ld5D7chj/index.m3u8
小野寺梨紗,https://vip2.slbfsl.com/20230419/X2DCy0vR/index.m3u8
音梓無出2,https://vip2.slbfsl.com/20230419/d9IWkwNA/index.m3u8
音梓無出1,https://vip2.slbfsl.com/20230419/rY7FxjsA/index.m3u8
陽田まり無出,https://vip2.slbfsl.com/20230419/vMdkUeLX/index.m3u8
美BODYに内発-Part1,https://vip2.slbfsl.com/20230420/jTDzqNUh/index.m3u8
美BODYに内発-Part2,https://vip2.slbfsl.com/20230420/QxQzbTSd/index.m3u8
北条麻,https://lajiao-bo.com/20190730/ePs2ZjZi/index.m3u8
波多野,https://shayubf.com/20200216/96h7qKaN/index.m3u8
③日韩无,https://m3u8.49cdn.com/newhd/202207/62d42bc691ad9d1e6cc00f50/hls/index.m3u8
②野外,https://m3u8.49cdn.com/video/202011/5fa8dbcd1d290d0b0846da1a/9d8a2e/index.m3u8
无偷1,https://video22.balecao.com/video/20220322/cf11da99d6542fbaecd82dd408824afc/index.m3u8
无偷2,https://video51.balecao.com/video/20230407/c02c8fc80db92aadb1a262a485d6ab57/index.m3u8
无中字,https://m3u8.34cdn.com/newhd/202310/652aaf0b37926f1bd8c37ed2/hls/index.m3u8
多人开,https://video32.balecao.com/video/20220527/48b1326a070cc23623f3fa676c320ad9/index.m3u8
无中字2,https://m3u8.49cdn.com/newhd/202305/646251a7b34733324e331d4c/hls/index.m3u8
无中字3,https://m3u8.40cdn.com/newhd/202310/652aaf0b37926f1bd8c37ec4/hls/index.m3u8
无中字5,https://m3u8.44cdn.com/newhd/202305/646251a7b34733324e331d4b/hls/index.m3u8
集体活,https://m3u8.48cdn.com/newhd/202305/646251a7b34733324e331d2a/hls/index.m3u8
精品,https://t10t13t16.cdn2020.com/video/m3u8/2021/11/28/fce4ea6a/index.m3u8
凌下属美人,https://t21.cdn2020.com/video/m3u8/2023/01/24/fe483832/index.m3u8
波多野①,https://dadi-bo.com/20181219/DDIoB9jj/index.m3u8
川上奈奈美,https://siwazywcdn2.com:5278/zhongwenzimu/3YPtObjx/index.m3u8
247,https://siwazywcdn2.com:5278/zhongwenzimu/TZb8hicm/index.m3u8
247,https://siwazywcdn2.com:5278//zhongwenzimu/TZb8hicm/index.m3u8
320,https://siwazywcdn2.com:5278/zhongwenzimu/4idREMlz/index.m3u8
MI320,https://siwazywcdn2.com:5278//zhongwenzimu/4idREMlz/index.m3u8
117,https://siwazywcdn2.com:5278/zhongwenzimu/2imBA5or/index.m3u8
SCOP-697,https://siwazywcdn2.com:5278/zhongwenzimu/59LHYbi4/index.m3u8
1481夏川,https://siwazywcdn2.com:5278/zhongwenzimu/1Wc2gtfN/index.m3u8
096乙白沙也,https://siwazywcdn2.com:5278/zhongwenzimu/0GbVxCsv/index.m3u8
118梦乃,https://siwazywcdn2.com:5278/zhongwenzimu/5yvSxVeg/index.m3u8
SSNI-658A,https://siwazywcdn2.com:5278/zhongkouwei/nwba4LUx/index.m3u8
SSNI-658B,https://siwazywcdn2.com:5278/zhongkouwei/WBdOE3qp/index.m3u8
ssni-778儿玉玲奈,https://siwazywcdn2.com:5278/zhongwenzimu/6Lwmk5xH/index.m3u8
TPPN-174奏音花音,https://videozm.whqhyg.com:8091/20210601/QQp5l88Y/1000kb/hls/index.m3u8
737奏音花音,https://video2.51daao.com/btt1/2021/10/20211019/wO9PIxFb/2000kb/hls/index.m3u8
087工藤良罗,https://siwazywcdn2.com:5278/zhongwenzimu/0SuepbFL/index.m3u8
125回,https://vip2.slbfsl.com/20230309/MSVdCsi0/index.m3u8
高20,https://t10t13t16.cdn2020.com/video/m3u8/2021/08/14/4e8c1bc5/index.m3u8
脸李一,https://t1.wuyufei1.cn/20240401/5VQ4aaul/index.m3u8
欧美飞2,https://video2.51daao.com/btt1/2022/02/20220228/pqaA1UjM/index.m3u8
只是口,https://video30.avnyg.com/video/20220603/f4dc49e681e59524980c977bf4721050/index.m3u8
优视–65回,https://vip2.slbfsl.com/20230412/2zHaqTwN/index.m3u8
优视_66,https://vip2.slbfsl.com/20230412/ljtACzt2/index.m3u8
优视_67,https://vip2.slbfsl.com/20230412/n3vCipMP/index.m3u8
优视_72回,https://vip2.slbfsl.com/20230412/dt3Wec6O/index.m3u8
优视–78,https://vip2.slbfsl.com/20230412/gXFTYvm0/index.m3u8
优视_82,https://vip2.slbfsl.com/20230412/Lnmpkfzj/index.m3u8
优视83回,https://vip2.slbfsl.com/20230412/rqdwcCcy/index.m3u8
优视125回,https://vip2.slbfsl.com/20230412/kyPvblIB/index.m3u8
优视-橘涼香,https://z100.cdn2020.com/video/m3u8/2020/07/10/0a17f7bf/index.m3u8
优视-園田ありさ,https://z100.cdn2020.com/video/m3u8/2020/06/25/bfa72078/index.m3u8
优视-川野杏樹,https://z100.cdn2020.com/video/m3u8/2020/07/14/23bdb384/index.m3u8
优视_絕叫,https://vip2.slbfsl.com/20230412/KB7iJ7VF/index.m3u8
优视_決悶,https://vip2.slbfsl.com/20230412/1usMIlkd/index.m3u8
优视_110回,https://vip2.slbfsl.com/20230412/5Dl10uvg/index.m3u8
优视_40發,https://vip2.slbfsl.com/20230412/LUpb2w3Q/index.m3u8
优视_回,https://vip2.slbfsl.com/20230412/yTegVXCe/index.m3u8
优视_連,https://vip2.slbfsl.com/20230412/rb52u4bi/index.m3u8
优视川野杏,https://z100.cdn2020.com/video/m3u8/2020/07/14/23bdb384/index.m3u8
优视橘涼香,https://z100.cdn2020.com/video/m3u8/2020/07/10/0a17f7bf/index.m3u8
优视園田あ,https://z100.cdn2020.com/video/m3u8/2020/06/25/bfa72078/index.m3u8
古瀬玲,https://z100.cdn2020.com/video/m3u8/2020/07/13/8df89ffe/index.m3u8
优视_絕,https://vip2.slbfsl.com/20230412/KB7iJ7VF/index.m3u8
東京Gachiwakan,https://vip2.slbfsl.com/20230410/Hovn0UcH/index.m3u8
東熱治療,https://vip2.slbfsl.com/20230410/isRQj64n/index.m3u8
東京ホパト1,https://vip2.slbfsl.com/20230410/AItFaYor/index.m3u8
口礼物,https://t23a.cdn2020.com/video/m3u8/2023/12/28/2840c3ea/index.m3u8
♨️优_,https://t25.cdn2020.com/video/m3u8/2024/04/20/93b11115/index.m3u8
♨️二位仆,https://videojc.hndtl.com:8091/20190913/XER9p5np/1000kb/hls/index.m3u8
♨️山下绫香,https://videojc.hndtl.com:8091/20190913/6Vm6zaHC/1000kb/hls/index.m3u8
♨️漂亮妹妹,https://videojc.hndtl.com:8091/20191025/ZVobIuVL/1000kb/hls/index.m3u8
1制服♨️,https://videos3.m8t9ew.com/20220416/220327a0438/index.m3u8
2制服♨️,https://videos3.m8t9ew.com/20220406/220327a0274/index.m3u8
4制服♨️,https://videos3.m8t9ew.com/20220416/220327a0436/index.m3u8
3制服♨️,https://videos3.m8t9ew.com/20220406/220327a0274/index.m3u8
6制服♨️,https://videos3.m8t9ew.com/20220406/220327a0211/index.m3u8
5制服♨️,https://videos3.m8t9ew.com/20220421/220327a0890/index.m3u8
1墙间♨️,https://videos3.m8t9ew.com/20220406/220327a0355/index.m3u8
2墙间♨️,https://videos3.m8t9ew.com/20220406/220327a0395/index.m3u8
3墙间♨️,https://videos3.m8t9ew.com/20220406/220327a0236/index.m3u8
4墙间♨️,https://videos3.m8t9ew.com/20220406/220327a0263/index.m3u8
5墙间♨️,https://videos3.m8t9ew.com/20220406/220327a0242/index.m3u8
7墙间♨️,https://videos3.m8t9ew.com/20220416/220327a0454/index.m3u8
6墙间♨️,https://videos3.m8t9ew.com/20220426/220327a1175/index.m3u8
8墙间♨️,https://videos3.m8t9ew.com/20220423/220327a0975/index.m3u8
9墙间♨️,https://videos3.m8t9ew.com/20220427/220327a1340/index.m3u8
日本动漫1,https://lbbf9.com/20191105/xAf8e6gN/index.m3u8
日本动漫2,https://lbbf9.com/20191105/6dCdeenO/index.m3u8
日韩2,https://m3u8.46cdn.com/videos/akex/1905/7vjtDwwP/7vjtDwwP.m3u8
日韩3,https://m3u8.46cdn.com/videos/akex/1905/N8UFEDcj/N8UFEDcj.m3u8
日韩4,https://m3u8.41cdn.com/videos/201910/0y7WTW0v/hls/0y7WTW0v.m3u8
日韩5,https://m3u8.34cdn.com/videos/201908/8v33bdqt/hls/8v33bdqt.m3u8
日韩6,https://m3u8.48cdn.com/videos/201908/sb6ksmxx/hls/sb6ksmxx.m3u8
♨️,https://videos3.m8t9ew.com/20220406/220327a0385/index.m3u8
♨3,https://videos3.m8t9ew.com/20220418/220327a0805/index.m3u8
日韩,https://aosikazy12.com/20220929/cTOx9X8F/index.m3u8
122816_453,https://v.imgstream2.com/c/ggioidnjzv/ggioidnjzv.m3u8
122515_215,https://v.imgstream2.com/n/wrqfhaakuw/wrqfhaakuw.m3u8
122416_451,https://v.imgstream2.com/e/iwmsvjszum/iwmsvjszum.m3u8
122316_450,https://v.imgstream2.com/f/omlrqipols/omlrqipols.m3u8
122216_449,https://v.imgstream2.com/m/nlgnjfgocv/nlgnjfgocv.m3u8
121617_618,https://v.imgstream2.com/c/dyostrmwue/dyostrmwue.m3u8
120618_779,https://v.imgstream2.com/n/hnkknknkql/hnkknknkql.m3u8
120217_613,https://v.imgstream2.com/e/vwiedbxdkp/vwiedbxdkp.m3u8
113017_612,https://v.imgstream2.com/f/pzohakwafr/pzohakwafr.m3u8
113013_707,https://v.imgstream2.com/f/eaooaeotee/eaooaeotee.m3u8
112616_435,https://v.imgstream2.com/n/mcnwrfklfp/mcnwrfklfp.m3u8
110917_603,https://v.imgstream2.com/e/ixaobvrqds/ixaobvrqds.m3u8
110318_764,https://v.imgstream2.com/g/rgihjwnolt/rgihjwnolt.m3u8
110316_419,https://v.imgstream2.com/b/ptytphcyus/ptytphcyus.m3u8
102518_760,https://v.imgstream2.com/c/djpkstllvq/djpkstllvq.m3u8
101416_405,https://v.imgstream2.com/b/gfxmpvuzgp/gfxmpvuzgp.m3u8
100711_190,https://v.imgstream2.com/g/gfataosddo/gfataosddo.m3u8
100317_001,https://v.imgstream2.com/e/ganqalkwlc/ganqalkwlc.m3u8
073016_350,https://v.imgstream2.com/h/fmrcohtytf/fmrcohtytf.m3u8
072917_559,https://v.imgstream2.com/h/ibogkqnaah/ibogkqnaah.m3u8
071715_008,https://v.imgstream2.com/d/pltgukhrqp/pltgukhrqp.m3u8
070415_109,https://v.imgstream2.com/g/oplgqtiekh/oplgqtiekh.m3u8
070116_331,https://v.imgstream2.com/c/vkitdntxfe/vkitdntxfe.m3u8
062814_835,https://v.imgstream2.com/n/cciiffbcdb/cciiffbcdb.m3u8
061116_315,https://v.imgstream2.com/c/zhqflrvagh/zhqflrvagh.m3u8
060218_695,https://v.imgstream2.com/a/uiderhzccz/uiderhzccz.m3u8
052315_085,https://v.imgstream2.com/h/thzuyfmhgn/thzuyfmhgn.m3u8
051518_687,https://v.imgstream2.com/m/oqmopwjnlj/oqmopwjnlj.m3u8
050617_523,https://v.imgstream2.com/m/ofktrsbnkk/ofktrsbnkk.m3u8
050115_071,https://v.imgstream2.com/d/jdvhvhzvme/jdvhvhzvme.m3u8
042917_518,https://v.imgstream2.com/h/uglvzhiqwb/uglvzhiqwb.m3u8
042719_839,https://v.imgstream2.com/f/frtplrpmjr/frtplrpmjr.m3u8
041317_511,https://v.imgstream2.com/h/phpxfwjmjv/phpxfwjmjv.m3u8
040216_273,https://v.imgstream2.com/g/pzvktykubw/pzvktykubw.m3u8
040114_782,https://v.imgstream2.com/d/zctobdhtab/zctobdhtab.m3u8
032517_505,https://v.imgstream2.com/f/cllftifosy/cllftifosy.m3u8
032416_267,https://v.imgstream2.com/c/wqkwnwoexd/wqkwnwoexd.m3u8
031619_822,https://v.imgstream2.com/d/nnsppjlpki/nnsppjlpki.m3u8
031216_261,https://v.imgstream2.com/g/whauznmlmn/whauznmlmn.m3u8
022417_488,https://v.imgstream2.com/g/ibktjjcjvi/ibktjjcjvi.m3u8
012717_472,https://v.imgstream2.com/g/sqmenioqik/sqmenioqik.m3u8
010519_793,https://v.imgstream2.com/f/kpprkumlkh/kpprkumlkh.m3u8
HEYZO-1982,https://v.imgstream2.com/g/futinomptf/futinomptf.m3u8
HEYZO-1898,https://v.imgstream2.com/c/ovpkknhgij/ovpkknhgij.m3u8
HEYZO-1867,https://v.imgstream2.com/f/jsikolsmok/jsikolsmok.m3u8
HEYZO-1865,https://v.imgstream2.com/b/ngontjhsqo/ngontjhsqo.m3u8
HEYZO-1802,https://v.imgstream2.com/h/wslnatlmqo/wslnatlmqo.m3u8
HEYZO-1791,https://v.imgstream2.com/d/jcgjcwwxvo/jcgjcwwxvo.m3u8
HEYZO-1786,https://v.imgstream2.com/b/ehazmnswdt/ehazmnswdt.m3u8
HEYZO-1768,https://v.imgstream2.com/n/rpsqccbbug/rpsqccbbug.m3u8
HEYZO-1722,https://v.imgstream2.com/f/xbztwfweja/xbztwfweja.m3u8
HEYZO-1696,https://v.imgstream2.com/g/tmnfduxmmf/tmnfduxmmf.m3u8
HEYZO-1691,https://v.imgstream2.com/d/gxoiwurbtv/gxoiwurbtv.m3u8
HEYZO-1681,https://v.imgstream2.com/d/yiumolahdw/yiumolahdw.m3u8
HEYZO-1638,https://v.imgstream2.com/n/hvxlbaoohy/hvxlbaoohy.m3u8
HEYZO-1630,https://v.imgstream2.com/m/xfwuedirui/xfwuedirui.m3u8
HEYZO-1628,https://v.imgstream2.com/e/uqqhjrzmyn/uqqhjrzmyn.m3u8
HEYZO-1627,https://v.imgstream2.com/d/uofzaxftkj/uofzaxftkj.m3u8
HEYZO-1612,https://v.imgstream2.com/e/dqhmdfpqrh/dqhmdfpqrh.m3u8
HEYZO-1610,https://v.imgstream2.com/n/nupdtrhmxp/nupdtrhmxp.m3u8
HEYZO-1601,https://v.imgstream2.com/d/mdsjynuabc/mdsjynuabc.m3u8
HEYZO-1597,https://v.imgstream2.com/g/jsmnukakej/jsmnukakej.m3u8
HEYZO-1590,https://v.imgstream2.com/m/qyqycucecx/qyqycucecx.m3u8
HEYZO-1570,https://v.imgstream2.com/b/xisxqtvjhu/xisxqtvjhu.m3u8
HEYZO-1544,https://v.imgstream2.com/h/xfjsphiogs/xfjsphiogs.m3u8
HEYZO-1531,https://v.imgstream2.com/n/dfsmqefkde/dfsmqefkde.m3u8
HEYZO-1478,https://v.imgstream2.com/c/tbpdlnyuix/tbpdlnyuix.m3u8
HEYZO-1465,https://v.imgstream2.com/c/jdxahfzbnn/jdxahfzbnn.m3u8
HEYZO-1458,https://v.imgstream2.com/e/fhhxguhfbp/fhhxguhfbp.m3u8
HEYZO-1455,https://v.imgstream2.com/e/qkqajdfulg/qkqajdfulg.m3u8
HEYZO-1449,https://v.imgstream2.com/g/ikeughyggl/ikeughyggl.m3u8
HEYZO-1447,https://v.imgstream2.com/b/srvvnrdhit/srvvnrdhit.m3u8
HEYZO-1446,https://v.imgstream2.com/n/pxqbhmdkfc/pxqbhmdkfc.m3u8
HEYZO-1444,https://v.imgstream2.com/g/oibenqdfxz/oibenqdfxz.m3u8
HEYZO-1439,https://v.imgstream2.com/c/mbuiubbuvm/mbuiubbuvm.m3u8
HEYZO-1431,https://v.imgstream2.com/f/uwzmvrdmvt/uwzmvrdmvt.m3u8
HEYZO-1430,https://v.imgstream2.com/b/wbaebcxzyw/wbaebcxzyw.m3u8
HEYZO-1424,https://v.imgstream2.com/h/zhoocgqysm/zhoocgqysm.m3u8
HEYZO-1420,https://v.imgstream2.com/c/eprstelhxd/eprstelhxd.m3u8
HEYZO-1417,https://v.imgstream2.com/d/dotublrfkg/dotublrfkg.m3u8
HEYZO-1413,https://v.imgstream2.com/h/qtnaiqhjhg/qtnaiqhjhg.m3u8
HEYZO-1410,https://v.imgstream2.com/d/wywlawvucu/wywlawvucu.m3u8
HEYZO-1407,https://v.imgstream2.com/g/towitoldvn/towitoldvn.m3u8
HEYZO-1405,https://v.imgstream2.com/b/gqqtfrjnrh/gqqtfrjnrh.m3u8
HEYZO-1404,https://v.imgstream2.com/g/fzjmujawcg/fzjmujawcg.m3u8
HEYZO-1400,https://v.imgstream2.com/f/ijtsnyfxnf/ijtsnyfxnf.m3u8
HEYZO-1395,https://v.imgstream2.com/n/navpsngdew/navpsngdew.m3u8
HEYZO-1380,https://v.imgstream2.com/e/rwanvyeluj/rwanvyeluj.m3u8
HEYZO-1377,https://v.imgstream2.com/d/sjgbiprpyg/sjgbiprpyg.m3u8
HEYZO-1371,https://v.imgstream2.com/h/xaolnldlvw/xaolnldlvw.m3u8
HEYZO-1361,https://v.imgstream2.com/n/jrbgmqhrqf/jrbgmqhrqf.m3u8
HEYZO-1359,https://v.imgstream2.com/m/kmqzsjwtgx/kmqzsjwtgx.m3u8
HEYZO-1335,https://v.imgstream2.com/h/ecyrmtyfqw/ecyrmtyfqw.m3u8
HEYZO-1329,https://v.imgstream2.com/n/xrwbaylqxo/xrwbaylqxo.m3u8
HEYZO-1311,https://v.imgstream2.com/e/stzgnrgyre/stzgnrgyre.m3u8
HEYZO-1307,https://v.imgstream2.com/b/fruxetnnmr/fruxetnnmr.m3u8
HEYZO-1306,https://v.imgstream2.com/c/mdpegmoywh/mdpegmoywh.m3u8
HEYZO-1304,https://v.imgstream2.com/d/iniplfbres/iniplfbres.m3u8
HEYZO-1275,https://v.imgstream2.com/m/yifrmmuwzg/yifrmmuwzg.m3u8
HEYZO-1262,https://v.imgstream2.com/d/fhctzryess/fhctzryess.m3u8
HEYZO-1243,https://v.imgstream2.com/c/iqwejgyxjo/iqwejgyxjo.m3u8
HEYZO-1206,https://v.imgstream2.com/g/vsyzvnmjtz/vsyzvnmjtz.m3u8
HEYZO-1200,https://v.imgstream2.com/n/qqbeytpmsk/qqbeytpmsk.m3u8
HEYZO-1199,https://v.imgstream2.com/d/bysmgbtdit/bysmgbtdit.m3u8
HEYZO-1184,https://v.imgstream2.com/e/kpeoqktzlt/kpeoqktzlt.m3u8
HEYZO-1147,https://v.imgstream2.com/h/dupxypvctx/dupxypvctx.m3u8
HEYZO-1137,https://v.imgstream2.com/f/kzcowytmxh/kzcowytmxh.m3u8
HEYZO-0996,https://v.imgstream2.com/g/nplyebnbbh/nplyebnbbh.m3u8
HEYZO-0960,https://v.imgstream2.com/c/zzxqncpyfv/zzxqncpyfv.m3u8
HEYZO-0933,https://v.imgstream2.com/n/lbbcyteloq/lbbcyteloq.m3u8
HEYZO-0907,https://v.imgstream2.com/g/ogkeyrdcnj/ogkeyrdcnj.m3u8
HEYZO-0881,https://v.imgstream2.com/c/jdhscqsmub/jdhscqsmub.m3u8
HEYZO-0841,https://v.imgstream2.com/f/ojczhcygra/ojczhcygra.m3u8
HEYZO-0805,https://v.imgstream2.com/m/pmxjuabyai/pmxjuabyai.m3u8
HEYZO-0705,https://v.imgstream2.com/e/hacddcsdtd/hacddcsdtd.m3u8
HEYZO-0655,https://v.imgstream2.com/e/patecdhadc/patecdhadc.m3u8
HEYZO-0585,https://v.imgstream2.com/n/mcfatltses/mcfatltses.m3u8
HEYZO-0500,https://v.imgstream2.com/c/jnviroonns/jnviroonns.m3u8
HEYZO-0459,https://v.imgstream2.com/g/ioaleeshil/ioaleeshil.m3u8
HEYZO-0444,https://v.imgstream2.com/n/qohdisbicd/qohdisbicd.m3u8
HEYZO-0444,https://v.imgstream2.com/f/iisccdluhc/iisccdluhc.m3u8
HEYZO-0387,https://v.imgstream2.com/h/tdbnfarsou/tdbnfarsou.m3u8
HEYZO-0372,https://v.imgstream2.com/n/xqfhffexmh/xqfhffexmh.m3u8
HEYZO-0304,https://v.imgstream2.com/d/fayeeifiie/fayeeifiie.m3u8
123117-569,https://v.imgstream2.com/n/owslkmknnt/owslkmknnt.m3u8
123016-337,https://v.imgstream2.com/d/uuvombzvvi/uuvombzvvi.m3u8
122910-573,https://v.imgstream2.com/f/amcqedfafh/amcqedfafh.m3u8
122615-055,https://v.imgstream2.com/d/pvsgfmqtkq/pvsgfmqtkq.m3u8
122417-563,https://v.imgstream2.com/d/qscypinana/qscypinana.m3u8
122415-053 (Shemate),https://v.imgstream2.com/h/tvgcgjdiml/tvgcgjdiml.m3u8
122217-561,https://v.imgstream2.com/b/zihzurzkzk/zihzurzkzk.m3u8
122216-329,https://v.imgstream2.com/m/umgxlrnjnz/umgxlrnjnz.m3u8
122117-560,https://v.imgstream2.com/m/vldvxjimki/vldvxjimki.m3u8
121918-813,https://v.imgstream2.com/g/srmpilknqm/srmpilknqm.m3u8
120915-041,https://v.imgstream2.com/c/dixfsussjs/dixfsussjs.m3u8
112516-311,https://v.imgstream2.com/h/kmqtdxwjmz/kmqtdxwjmz.m3u8
112215-028,https://v.imgstream2.com/f/rpieiuuaei/rpieiuuaei.m3u8
112015-026,https://v.imgstream2.com/h/xhabttksui/xhabttksui.m3u8
111817-541,https://v.imgstream2.com/c/rhmiiydppe/rhmiiydppe.m3u8
111715-023,https://v.imgstream2.com/c/zgfcqhuokl/zgfcqhuokl.m3u8
111415-022 Debut Vol.25,https://v.imgstream2.com/b/ccleatvidx/ccleatvidx.m3u8
110717-533,https://v.imgstream2.com/f/dkpfeyqgrj/dkpfeyqgrj.m3u8
110317-531,https://v.imgstream2.com/n/cekgvsrnrr/cekgvsrnrr.m3u8
102516-288,https://v.imgstream2.com/m/jtzgqcaxvw/jtzgqcaxvw.m3u8
102312-164 SNS,https://v.imgstream2.com/m/uchdcltiol/uchdcltiol.m3u8
101814-715,https://v.imgstream2.com/h/fbbiiehlic/fbbiiehlic.m3u8
101618-774,https://v.imgstream2.com/d/orqsmptjrn/orqsmptjrn.m3u8
101314-711,https://v.imgstream2.com/g/pfdcdbcbsc/pfdcdbcbsc.m3u8
101116-279,https://v.imgstream2.com/d/izszthzclq/izszthzclq.m3u8
101017-516,https://v.imgstream2.com/f/pwkupqugdm/pwkupqugdm.m3u8
101016-278,https://v.imgstream2.com/n/zdzxtluovx/zdzxtluovx.m3u8
101013-451,https://v.imgstream2.com/g/ledscdccbc/ledscdccbc.m3u8
100717-513,https://v.imgstream2.com/n/sfxuwjeqel/sfxuwjeqel.m3u8
092318-759,https://v.imgstream2.com/c/rnpmkvqfrr/rnpmkvqfrr.m3u8
092218-758,https://v.imgstream2.com/h/jmtkoqplkg/jmtkoqplkg.m3u8
091816-260,https://v.imgstream2.com/b/ypvctxnsha/ypvctxnsha.m3u8
091717-501,https://v.imgstream2.com/m/gfcxlkekjk/gfcxlkekjk.m3u8
090817-495,https://v.imgstream2.com/g/xvbqwmnpqm/xvbqwmnpqm.m3u8
090218-744,https://v.imgstream2.com/c/kmiorrpitk/kmiorrpitk.m3u8
090217-492,https://v.imgstream2.com/m/adoemvyzil/adoemvyzil.m3u8
090118-743,https://v.imgstream2.com/b/oxgcplmori/oxgcplmori.m3u8
090115-961,https://v.imgstream2.com/d/kalprufmim/kalprufmim.m3u8
082517-486,https://v.imgstream2.com/d/ricfvriflm/ricfvriflm.m3u8
082418-737,https://v.imgstream2.com/c/mksgloppuo/mksgloppuo.m3u8
082316-239,https://v.imgstream2.com//f/kiodjzacdz/kiodjzacdz.m3u8
082316-239,https://v.imgstream2.com/n/uvbinnjany/uvbinnjany.m3u8
082315-955,https://v.imgstream2.com/n/kdjvbdvoou/kdjvbdvoou.m3u8
082116-237,https://v.imgstream2.com/f/ytpmskucen/ytpmskucen.m3u8
082016_366,https://v.imgstream2.com/c/wgucctcnwb/wgucctcnwb.m3u8
081816-234,https://v.imgstream2.com/m/ktptyyesdi/ktptyyesdi.m3u8
081517-479,https://v.imgstream2.com/b/zmindwvmqr/zmindwvmqr.m3u8
081314-665 96CM,https://v.imgstream2.com/e/qceilhdacl/qceilhdacl.m3u8
081217-478,https://v.imgstream2.com/d/lhnviuaoqi/lhnviuaoqi.m3u8
081118-725,https://v.imgstream2.com/b/nipnnqiqlp/nipnnqiqlp.m3u8
081117-477,https://v.imgstream2.com/c/avmrmbmugl/avmrmbmugl.m3u8
081114-663,https://v.imgstream2.com/f/ndcsdtflla/ndcsdtflla.m3u8
080918-002,https://v.imgstream2.com/g/rtelingfvh/rtelingfvh.m3u8
080715-940,https://v.imgstream2.com/n/bniezlvsun/bniezlvsun.m3u8
080313-397,https://v.imgstream2.com/h/meecexfbke/meecexfbke.m3u8
072818-717,https://v.imgstream2.com/f/ssoskhqgml/ssoskhqgml.m3u8
071818-710,https://v.imgstream2.com/h/mesmnroogk/mesmnroogk.m3u8
071718-709,https://v.imgstream2.com/m/nnkegqpqiv/nnkegqpqiv.m3u8
071216-206,https://v.imgstream2.com/d/oduhcvyunk/oduhcvyunk.m3u8
070717-457,https://v.imgstream2.com/h/unxtgmrxzw/unxtgmrxzw.m3u8
070516-200,https://v.imgstream2.com/b/qlzltbubrr/qlzltbubrr.m3u8
070415-913,https://v.imgstream2.com/m/edpfrbrrjn/edpfrbrrjn.m3u8
062718-693,https://v.imgstream2.com/c/mrpmoinlmj/mrpmoinlmj.m3u8
062614-629,https://v.imgstream2.com/e/gfuiobatli/gfuiobatli.m3u8
062317-449,https://v.imgstream2.com/b/txaohlcqnn/txaohlcqnn.m3u8
062218-690,https://v.imgstream2.com/b/mdfrdmclnn/mdfrdmclnn.m3u8
061918-688,https://v.imgstream2.com/n/jkkonisjkt/jkkonisjkt.m3u8
061017-442,https://v.imgstream2.com/e/qtvrbyxcrb/qtvrbyxcrb.m3u8
061016-182,https://v.imgstream2.com/f/tveemkomvr/tveemkomvr.m3u8
060617-440,https://v.imgstream2.com/g/iptoavuuwt/iptoavuuwt.m3u8
060615-894,https://v.imgstream2.com/d/rnxmiymqqm/rnxmiymqqm.m3u8
060518-680,https://v.imgstream2.com/m/iqgojvsnkk/iqgojvsnkk.m3u8
052814-609,https://v.imgstream2.com/f/stasfhodif/stasfhodif.m3u8
052618-675,https://v.imgstream2.com/c/qmlpmophlh/qmlpmophlh.m3u8
052518-674,https://v.imgstream2.com/g/jtlmkjipqv/jtlmkjipqv.m3u8
052513-346,https://v.imgstream2.com/h/dqdkiifcxb/dqdkiifcxb.m3u8
052317-433,https://v.imgstream2.com/g/vphfeljbji/vphfeljbji.m3u8
051917-431,https://v.imgstream2.com/d/jestvkpubl/jestvkpubl.m3u8
051318-665,https://v.imgstream2.com/g/oplnohpsmh/oplnohpsmh.m3u8
050523-001,https://v.imgstream2.com/e/mxhrdggqci/mxhrdggqci.m3u8
042817-420,https://v.imgstream2.com/d/qzwkkcltyl/qzwkkcltyl.m3u8
042816-146,https://v.imgstream2.com/c/nofftnyelj/nofftnyelj.m3u8
042619-903,https://v.imgstream2.com/m/knvfiolkuq/knvfiolkuq.m3u8
042117-417,https://v.imgstream2.com/f/lpeelnsfwx/lpeelnsfwx.m3u8
042013-317,https://v.imgstream2.com/f/nkexdqkqyd/nkexdqkqyd.m3u8
041416-137,https://v.imgstream2.com/m/sukozsnelp/sukozsnelp.m3u8
041117-411,https://v.imgstream2.com/b/vmfmgumpyd/vmfmgumpyd.m3u8
040717-409,https://v.imgstream2.com/f/bdxwuetqxh/bdxwuetqxh.m3u8
040619-891,https://v.imgstream2.com/b/isjjpqsmrm/isjjpqsmrm.m3u8
040213-303,https://v.imgstream2.com/e/jmayuffifd/jmayuffifd.m3u8
033118-632,https://v.imgstream2.com/e/mpnsnppgqp/mpnsnppgqp.m3u8
032718-629,https://v.imgstream2.com/b/sjqipgviul/sjqipgviul.m3u8
032619-884,https://v.imgstream2.com/n/rojulmmcui/rojulmmcui.m3u8
032113-293,https://v.imgstream2.com/f/zdxeddximq/zdxeddximq.m3u8
032018-625,https://v.imgstream2.com/g/mswmgdnlfm/mswmgdnlfm.m3u8
031919-879,https://v.imgstream2.com/f/mmkojnrogn/mmkojnrogn.m3u8
031018-619,https://v.imgstream2.com/f/fpjpuqljpj/fpjpuqljpj.m3u8
030918-618,https://v.imgstream2.com/h/jwiosfhegr/jwiosfhegr.m3u8
030717-387,https://v.imgstream2.com/f/fvezbnadln/fvezbnadln.m3u8
030116-107,https://v.imgstream2.com/d/jvqorvbyyb/jvqorvbyyb.m3u8
022714-001,https://v.imgstream2.com/h/jtsdscodha/jtsdscodha.m3u8
022615-816,https://v.imgstream2.com/e/tzlddgimcn/tzlddgimcn.m3u8
022417-379,https://v.imgstream2.com/h/dwdyunudxb/dwdyunudxb.m3u8
022323-001,https://v.imgstream2.com/a/curgohkzak/curgohkzak.m3u8
022217-378,https://v.imgstream2.com/h/yavkhrsuut/yavkhrsuut.m3u8
022119-864,https://v.imgstream2.com/b/oplkmljlrp/oplkmljlrp.m3u8
021717-375,https://v.imgstream2.com/n/qwpcalfmpo/qwpcalfmpo.m3u8
021517-374,https://v.imgstream2.com/g/pzyjnrrlii/pzyjnrrlii.m3u8
021219-858,https://v.imgstream2.com/g/pfqpmrpnum/pfqpmrpnum.m3u8
021118-602,https://v.imgstream2.com/c/mpkipnonup/mpkipnonup.m3u8
021117-371,https://v.imgstream2.com/h/twfmmpobii/twfmmpobii.m3u8
020616-091,https://v.imgstream2.com/f/uheuxmmxcj/uheuxmmxcj.m3u8
020318-597,https://v.imgstream2.com/n/iqphtushdl/iqphtushdl.m3u8
020216-087,https://v.imgstream2.com/m/vjdxkhohfp/vjdxkhohfp.m3u8
020117-364,https://v.imgstream2.com/c/zupqpqsmqj/zupqpqsmqj.m3u8
013117-363,https://v.imgstream2.com/b/ravxbmkthk/ravxbmkthk.m3u8
013019-850,https://v.imgstream2.com/b/eomtmpokkj/eomtmpokkj.m3u8
012917-362,https://v.imgstream2.com/m/dacqlwkrvd/dacqlwkrvd.m3u8
012718-593,https://v.imgstream2.com/b/jhnkjmiikg/jhnkjmiikg.m3u8
012613-247,https://v.imgstream2.com/e/wfhsefuaal/wfhsefuaal.m3u8
012318-589,https://v.imgstream2.com/n/okjmiigqsr/okjmiigqsr.m3u8
012219-844,https://v.imgstream2.com/b/rqsrohitls/rqsrohitls.m3u8
010816-068,https://v.imgstream2.com/m/omftskuxle/omftskuxle.m3u8
010713-231,https://v.imgstream2.com/n/fhodduulaa/fhodduulaa.m3u8
010623-001,https://v.imgstream2.com/c/gbkohlkxnt/gbkohlkxnt.m3u8
010618-575,https://v.imgstream2.com/m/npmloonnmi/npmloonnmi.m3u8
010613-230,https://v.imgstream2.com/n/ecsausfoio/ecsausfoio.m3u8
010518-574,https://v.imgstream2.com/h/oqmoimljpr/oqmoimljpr.m3u8
010416-063,https://v.imgstream2.com/b/lkqpwfrgfn/lkqpwfrgfn.m3u8
010117-570,https://v.imgstream2.com/m/fvmifoqdfn/fvmifoqdfn.m3u8
010117-339,https://v.imgstream2.com/d/pqkdrfftpw/pqkdrfftpw.m3u8
PPV 121815_453,https://v.imgstream2.com/f/ruqxrljwkn/ruqxrljwkn.m3u8
PPV 120922_005,https://v.imgstream2.com/a/nyofwfozfn/nyofwfozfn.m3u8
PPV 120117_004,https://v.imgstream2.com/c/vmjnudrlau/vmjnudrlau.m3u8
PPV 120117_002,https://v.imgstream2.com/c/fpsvmyqlej/fpsvmyqlej.m3u8
PPV 111817_002,https://v.imgstream2.com/e/qfgeuuvrqt/qfgeuuvrqt.m3u8
PPV 102716_005,https://v.imgstream2.com/b/kosvvsumug/kosvvsumug.m3u8
PPV 102414_984,https://v.imgstream2.com/g/ovctkqgtmx/ovctkqgtmx.m3u8
PPV 101417_001,https://v.imgstream2.com/g/atyqqentci/atyqqentci.m3u8
PPV 100815_389,https://v.imgstream2.com/h/oxzfrcsdml/oxzfrcsdml.m3u8
PPV 091616_015,https://v.imgstream2.com/f/esnwgvyzlq/esnwgvyzlq.m3u8
PPV 091616_010,https://v.imgstream2.com/g/clgkswvkai/clgkswvkai.m3u8
PPV 091616_008,https://v.imgstream2.com/b/bpgrepmcie/bpgrepmcie.m3u8
PPV 091616_007,https://v.imgstream2.com/m/vqbbcushfc/vqbbcushfc.m3u8
PPV 083016-011,https://v.imgstream2.com/h/tkrswajecq/tkrswajecq.m3u8
PPV 083016_009,https://v.imgstream2.com/g/cufjvycrgg/cufjvycrgg.m3u8
PPV 083016_008,https://v.imgstream2.com/b/vecierufyx/vecierufyx.m3u8
PPV 081315_323,https://v.imgstream2.com/c/oncpfkuefo/oncpfkuefo.m3u8
PPV 081217_001,https://v.imgstream2.com/c/huevucfsfc/huevucfsfc.m3u8
PPV 081017_001,https://v.imgstream2.com/e/ervijqohbm/ervijqohbm.m3u8
PPV 073015_295,https://v.imgstream2.com/d/hglwxdwpid/hglwxdwpid.m3u8
PPV 072514_910,https://v.imgstream2.com/c/wdcdsliefc/wdcdsliefc.m3u8
PPV 072215_284,https://v.imgstream2.com/m/nzqmgnvhpw/nzqmgnvhpw.m3u8
PPV 072215_283,https://v.imgstream2.com/e/eqftoxccgy/eqftoxccgy.m3u8
PPV 072016_630,https://v.imgstream2.com/g/wmlwdiwzby/wmlwdiwzby.m3u8
PPV 070716_001,https://v.imgstream2.com/e/zvkdojhwkk/zvkdojhwkk.m3u8
PPV 070315_309,https://v.imgstream2.com/c/nywkjlmnyw/nywkjlmnyw.m3u8
PPV 061815_249,https://v.imgstream2.com/f/dpwqzmnyyo/dpwqzmnyyo.m3u8
PPV 061115_237,https://v.imgstream2.com/n/bkigbgsbqs/bkigbgsbqs.m3u8
PPV 060917_002,https://v.imgstream2.com/f/kocyhzoxyy/kocyhzoxyy.m3u8
PPV 060916_585,https://v.imgstream2.com/h/qedqpbrufd/qedqpbrufd.m3u8
PPV 060217_001,https://v.imgstream2.com/m/fnmmjihcla/fnmmjihcla.m3u8
PPV 052815_224,https://v.imgstream2.com/c/qlhxtauuwc/qlhxtauuwc.m3u8
PPV 042914_834,https://v.imgstream2.com/e/heucehecto/heucehecto.m3u8
PPV 042816_548,https://v.imgstream2.com/d/hkmqpapjle/hkmqpapjle.m3u8
PPV 041418_001,https://v.imgstream2.com/n/lmhmoqvnte/lmhmoqvnte.m3u8
PPV 030218_001,https://v.imgstream2.com/h/ptlpkqmmit/ptlpkqmmit.m3u8
PPV 022217_004,https://v.imgstream2.com/f/xuyanbincr/xuyanbincr.m3u8
PPV 021717_003,https://v.imgstream2.com/f/eleoibuvwq/eleoibuvwq.m3u8
PPV 020817-005,https://v.imgstream2.com/h/gdrdmfmrmh/gdrdmfmrmh.m3u8
PPV 020318_001,https://v.imgstream2.com/f/uqnokstrnm/uqnokstrnm.m3u8
PPV 013114_760 Sky Angel Vol.169,https://v.imgstream2.com/c/tdsbtstuuf/tdsbtstuuf.m3u8
PPV 012816_486,https://v.imgstream2.com/m/wagqrymtgc/wagqrymtgc.m3u8
PPV 012618_002,https://v.imgstream2.com/f/nuchymqpjg/nuchymqpjg.m3u8
PPV 011318_003,https://v.imgstream2.com/h/mqltpommjn/mqltpommjn.m3u8
PPV 011117_004,https://v.imgstream2.com/g/zlxifwbxug/zlxifwbxug.m3u8
PPV 010115_057,https://v.imgstream2.com/f/xwfkqbklfe/xwfkqbklfe.m3u8
SKY-310 Sky Angel,https://v.imgstream2.com/c/lfxulrkdwi/lfxulrkdwi.m3u8
SKY-280 Sky Angel Vol.167,https://v.imgstream2.com/h/viclldcfsd/viclldcfsd.m3u8
SKY-264 Sky Angel Vol.157,https://v.imgstream2.com/c/ieufxyfked/ieufxyfked.m3u8
SKY-260 Sky Angel Vol.37,https://v.imgstream2.com/n/dfmhuaieye/dfmhuaieye.m3u8
SKY-246 Sky Angel Vol.32,https://v.imgstream2.com/n/fsleccobsu/fsleccobsu.m3u8
SKY-226 Sky Angel,https://v.imgstream2.com/g/ndbebbdidl/ndbebbdidl.m3u8
DSAM-57,https://v.imgstream2.com/d/vpcfaqmzio/vpcfaqmzio.m3u8
CWP-75 CATWALK POISON 75,https://v.imgstream2.com/m/wadfafoddi/wadfafoddi.m3u8
pacopacomama 120817_184,https://v.imgstream2.com/e/hvfxfwewxv/hvfxfwewxv.m3u8
pacopacomama 120115_001,https://v.imgstream2.com/b/hkcqcqzfyh/hkcqcqzfyh.m3u8
pacopacomama 081717_133,https://v.imgstream2.com/e/feqmkwgnoa/feqmkwgnoa.m3u8
pacopacomama 080218_312,https://v.imgstream2.com/f/jqvueiycus/jqvueiycus.m3u8
pacopacomama 070215_003,https://fbhost1.imgscloud.com/b/ei/CH23105.jpg
pacopacomama 062316_110,https://v.imgstream2.com/d/lgrmntmkym/lgrmntmkym.m3u8
pacopacomama 052017_090,https://v.imgstream2.com/f/vwtmftsxif/vwtmftsxif.m3u8
pacopacomama 051617_087,https://v.imgstream2.com/e/rbiqwejgyx/rbiqwejgyx.m3u8
pacopacomama 021319_034,https://v.imgstream2.com/c/jkjpnonlff/jkjpnonlff.m3u8
pacopacomama 012817_017,https://v.imgstream2.com/m/asapmsunwr/asapmsunwr.m3u8
pacopacomama 010319_005,https://v.imgstream2.com/d/eotkwwhsoi/eotkwwhsoi.m3u8
pacopacomama 010317_200,https://v.imgstream2.com/b/ihpcxmcxjw/ihpcxmcxjw.m3u8
123016_01,https://v.imgstream2.com/m/imcxplssog/imcxplssog.m3u8
082815_01,https://v.imgstream2.com/g/scwgmbizms/scwgmbizms.m3u8
080117_01,https://v.imgstream2.com/m/kpssqatgsb/kpssqatgsb.m3u8
071218_01,https://v.imgstream2.com/n/npmskpqjnr/npmskpqjnr.m3u8
051617_01,https://v.imgstream2.com/g/beiarfnfss/beiarfnfss.m3u8
012619_01,https://v.imgstream2.com/d/lmoeqmkoji/lmoeqmkoji.m3u8
Tokyo Hot n1244,https://v.imgstream2.com/e/dctmfqofhz/dctmfqofhz.m3u8
Tokyo Hot n1242,https://v.imgstream2.com/m/fvybwjosqs/fvybwjosqs.m3u8
Tokyo Hot n1241,https://v.imgstream2.com/c/pubjyshbin/pubjyshbin.m3u8
Tokyo Hot n1238,https://v.imgstream2.com/d/tmeodmivmv/tmeodmivmv.m3u8
Tokyo Hot n1226,https://v.imgstream2.com/d/fpwxahuhga/fpwxahuhga.m3u8
Tokyo Hot n1225,https://v.imgstream2.com/h/aujpyshxdv/aujpyshxdv.m3u8
Tokyo Hot n0985,https://v.imgstream2.com/f/jsfaotdsot/jsfaotdsot.m3u8
Tokyo Hot n0946,https://v.imgstream2.com/f/faalaccchd/faalaccchd.m3u8
Tokyo Hot n0808,https://v.imgstream2.com/m/vacioblala/vacioblala.m3u8
Tokyo Hot n0807,https://v.imgstream2.com/c/mscaadocdc/mscaadocdc.m3u8
Tokyo Hot n0801,https://v.imgstream2.com/h/htelahthbc/htelahthbc.m3u8
Tokyo Hot n0675,https://v.imgstream2.com/f/mcsifiddea/mcsifiddea.m3u8
Tokyo Hot k1243,https://v.imgstream2.com/c/fbpjghamud/fbpjghamud.m3u8
Tokyo Hot k1179,https://v.imgstream2.com/b/wxuswpzjmt/wxuswpzjmt.m3u8
PINK-001,https://v.imgstream2.com/f/ycdtuabcao/ycdtuabcao.m3u8
PINK-002,https://v.imgstream2.com/b/qcdubattif/qcdubattif.m3u8
PINK-003,https://v.imgstream2.com/e/ydacdshccu/ydacdshccu.m3u8
PINK-004,https://v.imgstream2.com/f/rtaoibafai/rtaoibafai.m3u8
PINK-007,https://v.imgstream2.com/d/railcidllo/railcidllo.m3u8
PINK-008,https://v.imgstream2.com/n/porgvgkvne/porgvgkvne.m3u8
PINK-012,https://v.imgstream2.com/g/lohtscilbd/lohtscilbd.m3u8
xxx-av 21647,https://v.imgstream2.com/h/phcaifctce/phcaifctce.m3u8
巨茹,http://krevonix.com/20240520/DN1ccCOX/index.m3u8
双仁,https://t26.cdn2020.com/video/m3u8/2022/01/19/56a11163/index.m3u8
jufe-131,https://t33.cdn2020.com/video/m3u8/2025/09/09/25fc50e8/index.m3u8
FC2PPV-4791300,https://t33.cdn2020.com/video/m3u8/2025/11/13/52a69578/index.m3u8
e嫂粉丝活动玩弄篇,https://t33.cdn2020.com/video/m3u8/2025/11/12/0a876f4c/index.m3u8
e嫂粉丝活动实战篇,https://t33.cdn2020.com/video/m3u8/2025/11/11/2a3c84ff/index.m3u8
e嫂巨乳性感女秘书,https://t33.cdn2020.com/video/m3u8/2025/11/08/d556eb9b/index.m3u8
e嫂女仆侍奉,https://t33.cdn2020.com/video/m3u8/2025/11/07/546905e0/index.m3u8
eyan-163,https://t33.cdn2020.com/video/m3u8/2025/11/13/d35857ec/index.m3u8
SONE-976,https://t33.cdn2020.com/video/m3u8/2025/11/13/240c05c9/index.m3u8
MIAD-948,https://t33.cdn2020.com/video/m3u8/2025/11/12/8c0a6253/index.m3u8
HHF-092,https://t33.cdn2020.com/video/m3u8/2025/11/12/63682031/index.m3u8
DANDY-936,https://t33.cdn2020.com/video/m3u8/2025/11/12/1be35bc0/index.m3u8
NHDTB-963,https://t33.cdn2020.com/video/m3u8/2025/11/12/d5be1dd2/index.m3u8
PPPE-260,https://t33.cdn2020.com/video/m3u8/2025/11/12/3d7dcfe7/index.m3u8
PPPE-255,https://t33.cdn2020.com/video/m3u8/2025/11/12/6695b62d/index.m3u8
ssni-979,https://t33.cdn2020.com/video/m3u8/2025/11/11/4f30ccf2/index.m3u8
juy-806,https://t33.cdn2020.com/video/m3u8/2025/11/11/e1e9a833/index.m3u8
DASS-776,https://t33.cdn2020.com/video/m3u8/2025/11/11/b329edd0/index.m3u8
NHDTB-961,https://t33.cdn2020.com/video/m3u8/2025/11/11/01d9f494/index.m3u8
ROYD-200,https://t33.cdn2020.com/video/m3u8/2025/11/11/4a93ab3e/index.m3u8
UMD-984,https://t33.cdn2020.com/video/m3u8/2025/11/11/eeb831ad/index.m3u8
HZGD-321,https://t33.cdn2020.com/video/m3u8/2025/11/10/d0e7afd7/index.m3u8
NHDTC-122,https://t33.cdn2020.com/video/m3u8/2025/11/10/64732aef/index.m3u8
FC2PPV-2363276,https://t33.cdn2020.com/video/m3u8/2025/11/09/cf23ca37/index.m3u8
adn-293,https://t33.cdn2020.com/video/m3u8/2025/11/08/39ba63a6/index.m3u8
GG-106,https://t33.cdn2020.com/video/m3u8/2025/11/08/8f313ac6/index.m3u8
BBTU-087,https://t33.cdn2020.com/video/m3u8/2025/11/08/bd7df09e/index.m3u8
FJIN-037,https://t33.cdn2020.com/video/m3u8/2025/11/08/7c7d43f8/index.m3u8
DVMM-145,https://t33.cdn2020.com/video/m3u8/2025/11/08/09565b57/index.m3u8
DVMM-143,https://t33.cdn2020.com/video/m3u8/2025/11/08/7f1a4081/index.m3u8
DASS-441,https://t33.cdn2020.com/video/m3u8/2025/11/07/df063af2/index.m3u8
FC2PPV-2466403,https://t33.cdn2020.com/video/m3u8/2025/11/07/12538a22/index.m3u8
顶级童颜女孩腿长腰细,https://t33.cdn2020.com/video/m3u8/2025/11/06/aa67b28b/index.m3u8
snis-462,https://t33.cdn2020.com/video/m3u8/2025/11/06/d4925346/index.m3u8
SNIS-309,https://t33.cdn2020.com/video/m3u8/2025/11/06/036bb696/index.m3u8
FC2PPV-2417006,https://t33.cdn2020.com/video/m3u8/2025/11/06/807b6ddd/index.m3u8
START-272,https://t33.cdn2020.com/video/m3u8/2026/01/02/ce232842/index.m3u8
pppd-913,https://t33.cdn2020.com/video/m3u8/2026/01/01/380c7c52/index.m3u8
NHDTC-149,https://t33.cdn2020.com/video/m3u8/2026/01/01/5a53719e/index.m3u8
DVMM-106,https://t33.cdn2020.com/video/m3u8/2026/01/01/dd97864f/index.m3u8
IPZZ-304,https://t33.cdn2020.com/video/m3u8/2026/01/01/cc651505/index.m3u8
LULU-299,https://t33.cdn2020.com/video/m3u8/2026/01/01/8d5e2fa8/index.m3u8
DASS-831,https://t33.cdn2020.com/video/m3u8/2025/12/31/12d8e555/index.m3u8
pppd-911,https://t33.cdn2020.com/video/m3u8/2025/12/31/403a0733/index.m3u8
SKMJ-700,https://t33.cdn2020.com/video/m3u8/2025/12/31/b4a08cc7/index.m3u8
NTRH-002,https://t33.cdn2020.com/video/m3u8/2025/12/31/69425255/index.m3u8
FC2PPV-4816832,https://t33.cdn2020.com/video/m3u8/2025/12/30/d859d07f/index.m3u8
NTRH-020,https://t33.cdn2020.com/video/m3u8/2025/12/30/6d495057/index.m3u8
326FCT-205,https://t33.cdn2020.com/video/m3u8/2025/12/30/2e0dc0e6/index.m3u8
DASS-402,https://t33.cdn2020.com/video/m3u8/2025/12/30/0c95c4de/index.m3u8
SSNI-845,https://t33.cdn2020.com/video/m3u8/2025/12/29/466b5559/index.m3u8
SSNI-865,https://t33.cdn2020.com/video/m3u8/2025/12/29/cbfa103e/index.m3u8
AKDLD-283,https://t33.cdn2020.com/video/m3u8/2025/12/29/08fea47e/index.m3u8
LULU-306,https://t33.cdn2020.com/video/m3u8/2025/12/28/a655085c/index.m3u8
豆传媒.DG56785.夏云.兄乱抽的,https://t33.cdn2020.com/video/m3u8/2026/01/20/3c534750/index.m3u8
豆传媒.DG56784.夏云.感医生下惑暴富小,https://t33.cdn2020.com/video/m3u8/2025/12/31/3b03be1c/index.m3u8
豆传媒.DG56783.喵喵.少的极致惑任你玩,https://t33.cdn2020.com/video/m3u8/2025/12/31/01733c43/index.m3u8
豆传媒.DG56782.喵喵.网红战非外被绑架内幕很惊,https://t33.cdn2020.com/video/m3u8/2025/12/31/724e4a57/index.m3u8
豆传媒.DG56781.佳琦.一暴富后势力眼表秒变我的小,https://t33.cdn2020.com/video/m3u8/2025/12/31/e5e6c241/index.m3u8
豆传媒.DG56780.佳琦.利成功拿下秘书,https://t33.cdn2020.com/video/m3u8/2025/12/31/066afff5/index.m3u8
豆传媒.DG56779.子莹.探花的捞金之路偷拍风上门少,https://t33.cdn2020.com/video/m3u8/2025/12/27/bb2546f5/index.m3u8
豆传媒.DG56778.梦悦.被老公的好兄弟玩弄有刺激又兴奋,https://t33.cdn2020.com/video/m3u8/2025/12/27/b1d7e58b/index.m3u8
豆传媒.DG56777.梦悦.揭秘表未知的一面下的荡,https://t33.cdn2020.com/video/m3u8/2025/12/27/51bbb967/index.m3u8
豆传媒.DG56774.小静.被闺蜜的父亲坏小,https://t33.cdn2020.com/video/m3u8/2025/12/14/18c3808e/index.m3u8
豆传媒.DG56773.小静.乱家庭把后的让给了儿子,https://t33.cdn2020.com/video/m3u8/2025/12/14/a2a37b34/index.m3u8
豆传媒.DG56772.林小漫.装惑小被满,https://t33.cdn2020.com/video/m3u8/2025/12/14/a7e121de/index.m3u8
豆传媒.DG56771.林小漫.,https://t33.cdn2020.com/video/m3u8/2025/12/14/7228e9d3/index.m3u8
豆传媒.DG56768.婷婷.拿捏隔壁美,https://t33.cdn2020.com/video/m3u8/2025/11/25/6255ff34/index.m3u8
豆传媒.DG56767.婷婷.同城初尝校花的,https://t33.cdn2020.com/video/m3u8/2025/11/25/21a9bb50/index.m3u8
豆传媒.DG5676.林沫.仆用征服她的粉蜜,https://t33.cdn2020.com/video/m3u8/2025/10/26/8e18dea3/index.m3u8
豆传媒.DG5675.林沫.试驾小米YU7户外无车感销售,https://t33.cdn2020.com/video/m3u8/2025/10/26/aaea2fdc/index.m3u8
豆传媒.IDG5674.林沫.探花奇遇记.意主播意外空降足引浆,https://t33.cdn2020.com/video/m3u8/2025/08/21/380350f0/index.m3u8
豆传媒.IDG5673.林沫.外卖小翻身记.趁虚而直捣黄龙,https://t33.cdn2020.com/video/m3u8/2025/08/21/bea1f5c2/index.m3u8
豆传媒.IDG5672.夏云.失业小子.被用计谋小子的,https://t33.cdn2020.com/video/m3u8/2025/08/15/d238802f/index.m3u8
豆传媒.IDG5671.夏云.借宿表家.趁机打桩心心念念的婊,https://t33.cdn2020.com/video/m3u8/2025/08/15/3b9c1b7f/index.m3u8
豆传媒.IDG5670.喵喵.工厂小伙.差阳错到美风介,https://t33.cdn2020.com/video/m3u8/2025/08/15/dc9cae48/index.m3u8
豆传媒.IDG5669.喵喵.报复轨前.同城探花遇高冷小子,https://t33.cdn2020.com/video/m3u8/2025/08/15/d495dfcd/index.m3u8
豆传媒.IDG5629.贝娜.用开发双马尾,https://av6k.com/uploads/allimg/2505/D-051306331H96e5229A1.jpg
豆传媒.IDG5555.静怡.抖音网红美声甜呻吟很销魂,https://t33.cdn2020.com/video/m3u8/2025/01/11/7bd3d2d3/index.m3u8
豆传媒.IDG5554.静怡.瑜伽少,https://t33.cdn2020.com/video/m3u8/2025/01/11/c752128d/index.m3u8
豆传媒.IDG5553.婉婉.双向奔赴一激慰藉躁动的望,https://t33.cdn2020.com/video/m3u8/2025/01/05/2ca4cae1/index.m3u8
豆传媒.IDG5552.婉婉.美儿媳偷偷和父亲激缠绵,https://t33.cdn2020.com/video/m3u8/2025/01/05/46a0f36d/index.m3u8
豆传媒.IDG5551.小乔.婊你的真的很紧,https://t33.cdn2020.com/video/m3u8/2024/12/27/92f1a3dc/index.m3u8
豆传媒.IDG5550.淋雪.荡小和我乱的秘密,https://t33.cdn2020.com/video/m3u8/2024/12/27/7b9ce101/index.m3u8
豆传媒.IDG5549.淋雪.失意美被同事暴力抽,https://t33.cdn2020.com/video/m3u8/2024/12/27/cc0ae9bf/index.m3u8
豆传媒.IDG5548.夏云.望友心不纯只认不认,https://t33.cdn2020.com/video/m3u8/2024/12/24/8821c7fa/index.m3u8
豆传媒.IDG5547.夏云.风流公公儿媳干柴烈火疯狂做,https://t33.cdn2020.com/video/m3u8/2024/12/24/8012063d/index.m3u8
豆传媒.IDG5546.莎梦.隔壁傲慢美沦为我的工具,https://t33.cdn2020.com/video/m3u8/2024/12/24/1790391a/index.m3u8
豆传媒.IDG5545.莎梦.绿奴友设计路友被好兄弟,https://t33.cdn2020.com/video/m3u8/2024/12/24/755b6eac/index.m3u8
豆传媒.IDG5544.喵喵.前友下和我再续缘只要688,https://t33.cdn2020.com/video/m3u8/2024/12/21/25c8851d/index.m3u8
豆传媒.IDG5543.喵喵.感班主任和18岁学生的不秘密,https://t33.cdn2020.com/video/m3u8/2024/12/21/d0611955/index.m3u8
豆传媒.IDG5542.靓靓.同城满足自己高潮的,https://t33.cdn2020.com/video/m3u8/2024/12/20/9544b73a/index.m3u8
豆传媒.IDG5541.小曼.擦边主播被父亲到高潮不断,https://t33.cdn2020.com/video/m3u8/2024/12/14/5c52c8e9/index.m3u8
豆传媒.IDG5540.小曼.未亡之不流外田,https://t33.cdn2020.com/video/m3u8/2024/12/14/05a3ae75/index.m3u8
豆传媒.IDG5539.琦琦.彩礼30万只需899,https://t33.cdn2020.com/video/m3u8/2024/12/14/6fb711c9/index.m3u8
豆传媒.IDG5538.靓靓.初恋学袜惑长腿,https://t33.cdn2020.com/video/m3u8/2024/12/14/f116506b/index.m3u8
豆传媒.IDG5537.萧雅.儿媳不能怀孕只能公公催助孕,https://t33.cdn2020.com/video/m3u8/2024/12/14/ed09e9a7/index.m3u8
豆传媒.IDG5536.萧雅.催让纯萝莉沦为望少,https://t33.cdn2020.com/video/m3u8/2024/12/14/83c509be/index.m3u8
豆传媒.IDG5535.子沫.魔继父让儿成为胯下玩物,https://t33.cdn2020.com/video/m3u8/2024/12/07/e8716833/index.m3u8
豆传媒.IDG5534.子沫.丈听隔壁老王他,https://t33.cdn2020.com/video/m3u8/2024/12/07/8c8a272c/index.m3u8
豆传媒.IDG5533.可可.差寂寞来,https://t33.cdn2020.com/video/m3u8/2024/12/07/fe244055/index.m3u8
豆传媒.IDG5532.可可.技术宅少无狂湿,https://t33.cdn2020.com/video/m3u8/2024/12/07/0f02130e/index.m3u8
豆传媒.IDG5531.沐沐.父子床上前后夹击被晕的美家教,https://t33.cdn2020.com/video/m3u8/2024/12/07/f6ebb391/index.m3u8
豆传媒.IDG5530.沐沐.弟弟的感友,https://t33.cdn2020.com/video/m3u8/2024/12/07/b92c0707/index.m3u8
豆传媒.IDG5529.婉婉.干爹干干儿对荡不堪目,https://t33.cdn2020.com/video/m3u8/2024/11/17/20096f54/index.m3u8
豆传媒.IDG5528.雅娜.漂亮相亲对像无内直流,https://t33.cdn2020.com/video/m3u8/2024/11/17/b241e55a/index.m3u8
豆传媒.IDG5527.雅娜.开小米SU7极品潮喷少,https://t33.cdn2020.com/video/m3u8/2024/11/17/992b8444/index.m3u8
豆传媒.IDG5526.梦琪.催精油按摩激发少对的渴望,https://t33.cdn2020.com/video/m3u8/2024/11/17/b1300873/index.m3u8
豆传媒.IDG5525.小冰.你对我答不理我让你高潮迭起,https://t33.cdn2020.com/video/m3u8/2024/11/17/d7962df3/index.m3u8
豆传媒.IDG5524.小冰.恶富二代下公司感文员,https://t33.cdn2020.com/video/m3u8/2024/11/14/1f7069cb/index.m3u8
豆传媒.IDG5523.小冰.强力伟增重新挽回望,https://t33.cdn2020.com/video/m3u8/2024/11/14/4c279a51/index.m3u8
豆传媒.IDG5522.小柒.跟踪狂发上门泻火,https://t33.cdn2020.com/video/m3u8/2024/11/27/28a110f7/index.m3u8
豆传媒.IDG5521.小柒.小侄的蜜被巴叔叔,https://t33.cdn2020.com/video/m3u8/2024/11/27/6e111a1d/index.m3u8
豆传媒.IDG5520.皮皮.感秘书私下为老板解决生理需求,https://t33.cdn2020.com/video/m3u8/2024/11/08/d5a972ec/index.m3u8
豆传媒.IDG5519.皮皮.抖音小网红,https://t33.cdn2020.com/video/m3u8/2024/11/08/32ae357e/index.m3u8
豆传媒.IDG5518.婉婉.独居公公伟加持强儿媳,https://t33.cdn2020.com/video/m3u8/2024/11/08/53d2c4f8/index.m3u8
豆传媒.IDG5517.小曼.催下绝美秘书主动又荡的舔,https://t33.cdn2020.com/video/m3u8/2024/11/08/a9e3664e/index.m3u8
豆传媒.IDG5516.小曼.激成功让老板娘臣服于胯下,https://t33.cdn2020.com/video/m3u8/2024/11/08/cda61e1e/index.m3u8
豆传媒.IDG5515.芳芳.偶遇好兄弟的感美娇,https://t33.cdn2020.com/video/m3u8/2024/11/01/16d06a2f/index.m3u8
豆传媒.IDG5514.芳芳.儿子的班主任被我成功,https://t33.cdn2020.com/video/m3u8/2024/11/01/8b64a99e/index.m3u8
豆传媒.IDG5513.小轩.强力伟征服痴小子,https://t33.cdn2020.com/video/m3u8/2024/11/01/893ce990/index.m3u8
豆传媒.IDG5512.小轩.催让冷淡弟弟,https://t33.cdn2020.com/video/m3u8/2024/11/01/38d8acae/index.m3u8
豆传媒.IDG5511.莉娜.外表甜美学生荡体服务,https://t33.cdn2020.com/video/m3u8/2024/10/27/89cb35c1/index.m3u8
豆传媒.IDG5510.莉娜.也有天,https://t33.cdn2020.com/video/m3u8/2024/10/27/9c879a34/index.m3u8
豆传媒.IDG5509.雅娜.外卖员极品少到潮喷,https://t33.cdn2020.com/video/m3u8/2024/10/27/d00b0623/index.m3u8
豆传媒.IDG5508.雅娜.极品尤物36D空,https://t33.cdn2020.com/video/m3u8/2024/10/27/7f336043/index.m3u8
豆传媒.IDG5507.夏云.年轻小恋上帅气儿子的巴,https://t33.cdn2020.com/video/m3u8/2024/10/12/91d19f8b/index.m3u8
豆传媒.IDG5506.如意.毕业工作成为老板的专属奴,https://t33.cdn2020.com/video/m3u8/2024/10/12/9e6df41e/index.m3u8
豆传媒.IDG5505.如意.都市打工深下班兼职上门服务,https://t33.cdn2020.com/video/m3u8/2024/10/17/65c9cfad/index.m3u8
豆传媒.IDG5504.莉娜.送外卖遇到的心动神居然在卖,https://t33.cdn2020.com/video/m3u8/2024/10/12/d061708a/index.m3u8
豆传媒.IDG5503.莉娜.为了弟弟的生活费被劫匪,https://t33.cdn2020.com/video/m3u8/2024/10/16/fdddadcd/index.m3u8
豆传媒.IDG5502.小婧.下催朋友的感小娇,https://t33.cdn2020.com/video/m3u8/2024/10/16/14cdbb7e/index.m3u8
豆传媒.IDG5501.小叶.和好兄弟一起3P美貌保姆,https://t33.cdn2020.com/video/m3u8/2024/10/17/a215ee1d/index.m3u8
豆传媒.IDG5500.瑶瑶.一发魂下感台球陪练,https://t33.cdn2020.com/video/m3u8/2024/10/12/9a9a2537/index.m3u8
豆传媒.IDG5499.瑶瑶.尾随多金少下财双收,https://t33.cdn2020.com/video/m3u8/2024/10/16/991ce152/index.m3u8
豆传媒.IDG5498.小婧.用激发冷淡的友,https://t33.cdn2020.com/video/m3u8/2024/09/30/9c421bb3/index.m3u8
豆传媒.IDG5497.小曼.琐惩罚漂亮室友,https://t33.cdn2020.com/video/m3u8/2024/10/01/e7983f34/index.m3u8
豆传媒.IDG5496.小曼.下子和兄弟一起3P才刺激,https://t33.cdn2020.com/video/m3u8/2024/09/30/f2da8541/index.m3u8
豆传媒.IDG5495.小柒.反差婊少前神后,https://t33.cdn2020.com/video/m3u8/2024/10/01/141fc77b/index.m3u8
豆传媒.IDG5494.小柒.萝莉弟的极品小,https://t33.cdn2020.com/video/m3u8/2024/09/30/563642f5/index.m3u8
豆传媒.IDG5493.文文.网车司机不良学生,https://t33.cdn2020.com/video/m3u8/2024/09/22/145816d5/index.m3u8
豆传媒.IDG5492.文文.反差秘书下班兼职做上门服务,https://t33.cdn2020.com/video/m3u8/2024/09/25/bbf4b0d2/index.m3u8
豆传媒.IDG5491.莹.小偷室强风,https://t33.cdn2020.com/video/m3u8/2024/09/22/db76fd4b/index.m3u8
豆传媒.IDG5490.莹.失恋醉酒卖,https://t33.cdn2020.com/video/m3u8/2024/09/25/47a27bd1/index.m3u8
豆传媒.IDG5489.惜月.引弟弟抠到潮喷,https://t33.cdn2020.com/video/m3u8/2024/09/25/d24c19c2/index.m3u8
豆传媒.IDG5488.惜月.下惩罚偷轨的,https://t33.cdn2020.com/video/m3u8/2024/09/22/cce7746d/index.m3u8
豆传媒.IDG5487.向珍.少自慰难消寂寞下修理工,https://t33.cdn2020.com/video/m3u8/2024/09/13/6373fa0f/index.m3u8
豆传媒.IDG5486.林梦.户外私拍模特上门服务,https://t33.cdn2020.com/video/m3u8/2024/09/04/ed0ecc25/index.m3u8
豆传媒.IDG5485.林梦.饥渴岳上平台卖求,https://t33.cdn2020.com/video/m3u8/2024/09/04/432063ed/index.m3u8
豆传媒.IDG5484.向珍.不良老板下给员工换取签单,https://t33.cdn2020.com/video/m3u8/2024/09/04/fb18fa81/index.m3u8
豆传媒.IDG5483.如烟.同城到老爸的风小,https://t33.cdn2020.com/video/m3u8/2024/09/04/aa89f5a3/index.m3u8
豆传媒.IDG5482.如烟.小区保安愤少业主,https://t33.cdn2020.com/video/m3u8/2024/09/04/f7ee8667/index.m3u8
豆传媒.IDG5481.琴.保镖到火难耐的总裁,https://t33.cdn2020.com/video/m3u8/2024/08/27/37707caf/index.m3u8
豆传媒.IDG5480.琴.科医生下班后患者,https://t33.cdn2020.com/video/m3u8/2024/08/27/12f6ea63/index.m3u8
豆传媒.IDG5479.佳玲.老公不在公公替我浇灭火,https://t33.cdn2020.com/video/m3u8/2024/08/27/81a73e36/index.m3u8
豆传媒.IDG5478.佳玲.下垂涎之久的风韵嫂,https://t33.cdn2020.com/video/m3u8/2024/08/27/8033d290/index.m3u8
豆传媒.IDG5477.梦柔.表心动神被拒一颗搞定,https://t33.cdn2020.com/video/m3u8/2024/08/22/db5ecce6/index.m3u8
豆传媒.IDG5476.梦柔.强犯用催凌辱他,https://t33.cdn2020.com/video/m3u8/2024/08/22/76ad8e3e/index.m3u8
豆传媒.IDG5475.半云.剧反转环卫工婊子,https://t33.cdn2020.com/video/m3u8/2024/08/22/26bae40d/index.m3u8
豆传媒.IDG5474.半云.感业主被保安轻松拿捏,https://t33.cdn2020.com/video/m3u8/2024/08/22/eddbdb3a/index.m3u8
豆传媒.IDG5473.妍姝.沦为好的奴隶,https://t33.cdn2020.com/video/m3u8/2024/08/16/558bba4d/index.m3u8
豆传媒.IDG5472.妍姝.绿奴下友让兄弟一起玩3P,https://t33.cdn2020.com/video/m3u8/2024/08/16/5d06ba87/index.m3u8
豆传媒.IDG5471.果果.网红主播线上装清纯线下变,https://t33.cdn2020.com/video/m3u8/2024/08/10/82f4a04a/index.m3u8
豆传媒.IDG5470.果果.合租室友瑜伽竟然下接客,https://t33.cdn2020.com/video/m3u8/2024/08/10/6354969b/index.m3u8
豆传媒.IDG5469.梦柔.留宿同学家他的寂寞小,https://t33.cdn2020.com/video/m3u8/2024/08/10/2b099269/index.m3u8
豆传媒.IDG5468.梦柔.美术模特学生,https://t33.cdn2020.com/video/m3u8/2024/08/10/16c4ea10/index.m3u8
豆传媒.IDG5467.莉莉.极品背着老公同城,https://t33.cdn2020.com/video/m3u8/2024/07/26/fde37713/index.m3u8
豆传媒.IDG5466.莉莉.用拯救隔壁的望,https://t33.cdn2020.com/video/m3u8/2024/07/26/576ed9af/index.m3u8
豆传媒.IDG5465.茜茜.反差教师下被同学各种姿势,https://t33.cdn2020.com/video/m3u8/2024/07/25/3081a4ad/index.m3u8
豆传媒.IDG5464.茜茜.同城上门小竟是青梅竹马的梦,https://t33.cdn2020.com/video/m3u8/2024/07/25/0fae2f73/index.m3u8
豆传媒.IDG5463.嘉嘉.代驾小势利眼车主,https://t33.cdn2020.com/video/m3u8/2024/07/25/86458866/index.m3u8
豆传媒.IDG5462.嘉嘉.同城到我的高冷家教,https://t33.cdn2020.com/video/m3u8/2024/07/25/33f8b352/index.m3u8
豆传媒.IDG5461.依兰.丈离世后公公用霸占了我,https://t33.cdn2020.com/video/m3u8/2024/07/16/6521291a/index.m3u8
豆传媒.IDG5460.依兰.体惩罚业绩不达标的美业务员,https://t33.cdn2020.com/video/m3u8/2024/07/16/e3b1d0ce/index.m3u8
豆传媒.IDG5459.梦柔.下卖友用她体还债,https://t33.cdn2020.com/video/m3u8/2024/07/16/039e6557/index.m3u8
豆传媒.IDG5458.梦柔.催眠师极品少,https://t33.cdn2020.com/video/m3u8/2024/07/16/436929c3/index.m3u8
豆传媒.IDG5456.菲媛.被无良好友激发潜藏的恋癖,https://t33.cdn2020.com/video/m3u8/2024/07/16/020dc52f/index.m3u8
豆传媒.IDG5455.莉莉.伪装误食化身贱,https://t33.cdn2020.com/video/m3u8/2024/07/11/a0b88049/index.m3u8
豆传媒.IDG5454.莉莉.的香汗起我的强烈,https://t33.cdn2020.com/video/m3u8/2024/07/11/9efbbeea/index.m3u8
豆传媒.IDG5453.棠.落榜书生红楼破处改霉运,https://t33.cdn2020.com/video/m3u8/2024/07/11/a91418f6/index.m3u8
豆传媒.IDG5452.棠.貌美娘子卖身青楼救相公,https://t33.cdn2020.com/video/m3u8/2024/07/11/9e15fbc5/index.m3u8
豆传媒.IDG5451.朵儿.同城感保洁员,https://t33.cdn2020.com/video/m3u8/2024/06/29/1b8c16dd/index.m3u8
豆传媒.IDG5450.芳芳.外卖员草惩罚差评,https://t33.cdn2020.com/video/m3u8/2024/06/29/700dcc0a/index.m3u8
豆传媒.IDG5449.小莲.西门官小金莲,https://t33.cdn2020.com/video/m3u8/2024/06/29/917fbcb8/index.m3u8
豆传媒.IDG5448.小莲.催之极乐双修,https://t33.cdn2020.com/video/m3u8/2024/06/29/0004be21/index.m3u8
豆传媒.IDG5447.芊梦.异地差网到分手多年的友,https://t33.cdn2020.com/video/m3u8/2024/06/07/ccfb4e23/index.m3u8
豆传媒.IDG5446.芊梦.趁备战高考偷她的初恋友,https://t33.cdn2020.com/video/m3u8/2024/06/07/cdc6c633/index.m3u8
豆传媒.IDG5445.沈佳吟.清纯学生到她高潮不断,https://t33.cdn2020.com/video/m3u8/2024/06/07/6e2fa8bd/index.m3u8
豆传媒.IDG5444.沈佳吟.不良少与班主任不激,https://t33.cdn2020.com/video/m3u8/2024/06/07/a30703b2/index.m3u8
豆传媒.IDG5443.若雨.怒下属的娇媚友,https://t33.cdn2020.com/video/m3u8/2024/05/31/9d65e9db/index.m3u8
豆传媒.IDG5442.念念.我和小的往秘密,https://t33.cdn2020.com/video/m3u8/2024/05/31/aa1e59d5/index.m3u8
豆传媒.IDG5441.念念.绿帽友为了钱让我做了外围,https://t33.cdn2020.com/video/m3u8/2024/05/31/4dc4fbd6/index.m3u8
豆传媒.IDG5440.梦柔.美用感体抵房租,https://t33.cdn2020.com/video/m3u8/2024/05/31/ddc524be/index.m3u8
豆传媒.IDG5439.梦柔.友报复我轨同城,https://t33.cdn2020.com/video/m3u8/2024/05/31/8bc353e6/index.m3u8
豆传媒.IDG5438.小优.合租房竟是上门小,https://t33.cdn2020.com/video/m3u8/2024/05/23/0bb0d4bb/index.m3u8
豆传媒.IDG5437.小优.同城竟然是自己的,https://t33.cdn2020.com/video/m3u8/2024/05/23/91653c06/index.m3u8
豆传媒.IDG5436.雨婷.职场小嫖老板的感秘书,https://t33.cdn2020.com/video/m3u8/2024/05/21/ce9b796d/index.m3u8
豆传媒.IDG5435.雨婷.我的是主播,https://t33.cdn2020.com/video/m3u8/2024/05/23/dd1667f0/index.m3u8
豆传媒.IDG5434.莎梦.极品外围让阳痿重振雄风,https://t33.cdn2020.com/video/m3u8/2024/05/12/c11cc9f4/index.m3u8
豆传媒.IDG5433.莎梦.赢钱带上兄弟同城娇喘,https://t33.cdn2020.com/video/m3u8/2024/05/23/3e819018/index.m3u8
豆传媒.IDG5432.雨婷.隔壁老王偷窃下,https://t33.cdn2020.com/video/m3u8/2024/05/12/b380483e/index.m3u8
豆传媒.IDG5431.雨婷.鬼老板下下属老婆,https://t33.cdn2020.com/video/m3u8/2024/05/12/c5e0e9a5/index.m3u8
豆传媒.IDG5430.朵儿.我的反差初恋友,https://t33.cdn2020.com/video/m3u8/2024/05/10/79454a22/index.m3u8
豆传媒.IDG5429.夏云.禽下弟,https://t33.cdn2020.com/video/m3u8/2024/05/12/e1e14961/index.m3u8
豆传媒.IDG5428.夏云.满足的福生活,https://t33.cdn2020.com/video/m3u8/2024/05/10/686f39ce/index.m3u8
豆传媒.IDG5427.若雨.真留不住的嫂子被我用物拿下,https://t33.cdn2020.com/video/m3u8/2024/05/10/3ecd98c4/index.m3u8
豆传媒.IDG5426.若雨.无法抵挡儿媳的绝美酥,https://t33.cdn2020.com/video/m3u8/2024/05/10/33b16312/index.m3u8
豆传媒.IDG5425.彤彤.高冷小子化身贱,https://t33.cdn2020.com/video/m3u8/2024/05/01/554b017d/index.m3u8
豆传媒.IDG5424.彤彤.用唤醒感内心的,https://t33.cdn2020.com/video/m3u8/2024/05/09/6b123d36/index.m3u8
豆传媒.IDG5423.朵儿.同城我的反差婊相亲对象,https://t33.cdn2020.com/video/m3u8/2024/05/01/22034e42/index.m3u8
豆传媒.IDG5422.王红娟.秘书的职场之路,https://t33.cdn2020.com/video/m3u8/2024/04/27/14d9e895/index.m3u8
豆传媒.IDG5421.王红娟.同城之兄弟的巨,https://t33.cdn2020.com/video/m3u8/2024/04/27/15f0371f/index.m3u8
豆传媒.IDG5420.松子.家的和她无能的丈,https://t33.cdn2020.com/video/m3u8/2024/04/19/d8cb2f49/index.m3u8
豆传媒.IDG5419.松子.意很久的跑腿小竟是我的对象,https://t33.cdn2020.com/video/m3u8/2024/04/12/4a611b8f/index.m3u8
豆传媒.IDG5418.张婷.学生异地寻欢.竟被清纯学破处,https://t33.cdn2020.com/video/m3u8/2024/04/12/de26968d/index.m3u8
豆传媒.IDG5417.张婷.我叫杨伟我不阳痿,https://t33.cdn2020.com/video/m3u8/2024/04/19/98c92220/index.m3u8
豆传媒.IDG5416.朦朦.社畜青年的极品OL友,https://t33.cdn2020.com/video/m3u8/2024/04/02/f968e6f9/index.m3u8
豆传媒.IDG5415.朦朦.重生之我的放荡生活,https://t33.cdn2020.com/video/m3u8/2024/04/02/6b4dd0ac/index.m3u8
豆传媒.IDG5414.小美.已婚少的下日记,https://t33.cdn2020.com/video/m3u8/2024/03/27/e774d793/index.m3u8
豆传媒.IDG5413.小美.隔壁被家暴的竟沦为我的,https://t33.cdn2020.com/video/m3u8/2024/03/27/6a243f26/index.m3u8
豆传媒.IDG5412.晓曼.同城会之一日体验友,https://t33.cdn2020.com/video/m3u8/2024/03/17/fbb94f4c/index.m3u8
豆传媒.IDG5411.晓曼.同城会之租个友回家拜年,https://t33.cdn2020.com/video/m3u8/2024/03/17/e3030710/index.m3u8
豆传媒.IDG5410.嘉仪.同城会绿帽老公看着我被客,https://t26.cdn2020.com/video/m3u8/2024/03/08/f08dc7f9/index.m3u8
豆传媒.IDG5408.小雨.同城会邻家小与我的小秘密,https://t26.cdn2020.com/video/m3u8/2024/03/08/af4e7889/index.m3u8
豆传媒.IDG5401.璐璐.体验红裙惑,https://t26.cdn2020.com/video/m3u8/2024/02/02/6d260f0f/index.m3u8
豆传媒.ID5400.慧敏.迟来的导演潜规则,https://t33.cdn2020.com/video/m3u8/2024/07/04/40e0b505/index.m3u8
豆传媒.ID5399.柔柔.我的榨汁姬老婆,https://t33.cdn2020.com/video/m3u8/2024/06/18/d14fdbc6/index.m3u8
豆传媒.ID5398.慧敏.洗车场,https://t33.cdn2020.com/video/m3u8/2024/06/07/1890c230/index.m3u8
豆传媒.IDG5396.丽萨.技师上门体验,https://t26.cdn2020.com/video/m3u8/2024/01/10/3983fb43/index.m3u8
豆传媒.IDG5391.婷婷.风美调教娘帅,https://t26.cdn2020.com/video/m3u8/2023/12/08/bce452d0/index.m3u8
豆传媒.IDG5390.露露.被同城小治愈的早,https://t26.cdn2020.com/video/m3u8/2023/11/30/dc0ada8f/index.m3u8
豆传媒.IDG5388.芳芳.外卖小刁蛮顾客,https://t26.cdn2020.com/video/m3u8/2023/11/25/8e758bae/index.m3u8
豆传媒.ID5385.米兰.高潮保险员,https://t33.cdn2020.com/video/m3u8/2024/05/21/db30a074/index.m3u8
豆传媒.ID5384.惠敏.如愿以偿的多换运动,https://t33.cdn2020.com/video/m3u8/2024/05/09/b7968de8/index.m3u8
豆传媒.ID5383.芷萱.偷心盗的完美任务,https://t33.cdn2020.com/video/m3u8/2024/04/23/6e405592/index.m3u8
豆传媒.ID5380.米兰.高冷文坛美竟然是个反差婊,https://t33.cdn2020.com/video/m3u8/2024/04/12/a2c9fd81/index.m3u8
豆传媒.ID5378.米兰.那天不小心上了同学的友,https://t26.cdn2020.com/video/m3u8/2024/01/04/161b5efd/index.m3u8
豆传媒.ID5377.米兰.身体力行的推销员,https://t26.cdn2020.com/video/m3u8/2024/01/04/f85976e6/index.m3u8
豆传媒.ID5376.米兰.恩好无赖竟然索要身体补偿,https://t26.cdn2020.com/video/m3u8/2023/12/16/fd546e72/index.m3u8
豆传媒.ID5375.晨沁.偷.绿奴丈居然看了,https://t26.cdn2020.com/video/m3u8/2024/01/18/0f383047/index.m3u8
豆传媒.ID5374.小乔.同学聚会再已为的学,https://t26.cdn2020.com/video/m3u8/2023/12/24/6980a38d/index.m3u8
豆传媒.ID5373.芷萱.美好友酣畅淋漓的精神抚慰,https://t26.cdn2020.com/video/m3u8/2023/12/08/e5ec8bcf/index.m3u8
豆传媒.ID5368.慧敏.保镖干上助理,https://t26.cdn2020.com/video/m3u8/2023/11/18/674e40c1/index.m3u8
豆传媒.ID5364.苗方.糜乱家庭调皮计上亲,https://t26.cdn2020.com/video/m3u8/2023/10/15/2429390c/index.m3u8
豆传媒.ID5359.晨沁.与外卖小一起3P调教,https://t26.cdn2020.com/video/m3u8/2023/09/29/f2d7cd51/index.m3u8
豆传媒.ID5358.湘湘.土味话引客厅偷,https://t26.cdn2020.com/video/m3u8/2023/09/23/390910da/index.m3u8
豆传媒.ID5357.乔安.乔安的献身36计,https://t26.cdn2020.com/video/m3u8/2023/09/21/529fd8a3/index.m3u8
豆传媒.ID5355.小洁.购房风波.临时假戏真做,https://t26.cdn2020.com/video/m3u8/2023/07/30/ad67cfc7/index.m3u8
豆传媒.ID5354.湘湘.感病火难耐引主治医师,https://t26.cdn2020.com/video/m3u8/2023/09/15/9d8179f7/index.m3u8
豆传媒.ID5350.惠敏.风尘与处弟弟的不之恋,https://t26.cdn2020.com/video/m3u8/2023/08/17/6ef3c3aa/index.m3u8
豆传媒.ID5349.惠敏.宅主播挑战赛(下),https://t26.cdn2020.com/video/m3u8/2023/09/03/7a627456/index.m3u8
豆传媒.ID5348.惠敏.宅主播挑战赛(上),https://t26.cdn2020.com/video/m3u8/2023/08/31/86af8648/index.m3u8
豆传媒.ID5346.芷萱.鸳梦重温(上),https://t26.cdn2020.com/video/m3u8/2023/08/17/3c793686/index.m3u8
豆传媒.ID5343.灵枝.装佬混住单身舍,https://t26.cdn2020.com/video/m3u8/2023/07/28/8aaf6912/index.m3u8
豆传媒.ID5339.阿柒.假冒日本引宅,https://t26.cdn2020.com/video/m3u8/2023/08/07/716981be/index.m3u8
豆传媒.ID5336.芳.致命轨之血设计师,https://t26.cdn2020.com/video/m3u8/2023/08/02/37437eba/index.m3u8
豆传媒.ID5331.惠敏.优拍摄时候阳痿导演亲自搏,https://t26.cdn2020.com/video/m3u8/2023/07/23/1cef8941/index.m3u8
豆传媒.ID5328.紫寒.惩罚兄弟的轨,https://t26.cdn2020.com/video/m3u8/2023/07/20/db39059f/index.m3u8
豆传媒.ID5327.雯茜.被第三者拯救的婚姻,https://t26.cdn2020.com/video/m3u8/2023/07/16/cd5a4f84/index.m3u8
豆传媒.ID5325.莉娜.子的好闺蜜借腹生子,https://t26.cdn2020.com/video/m3u8/2023/07/16/8ef7fd13/index.m3u8
豆传媒.ID5320.惠敏.厌食症孩的营养,https://t26.cdn2020.com/video/m3u8/2023/06/22/f852f269/index.m3u8
豆传媒.ID5318.凯丽.为了儿子上名校感少献身招生主任,https://t26.cdn2020.com/video/m3u8/2023/07/03/ca8f6699/index.m3u8
豆传媒.ID5316.觅嫣.父亲乱儿提高学习效率,https://t26.cdn2020.com/video/m3u8/2023/07/06/626936b8/index.m3u8
豆传媒.ID5315.觅嫣.单身成功恋的秘密,https://t26.cdn2020.com/video/m3u8/2023/06/29/ffde66e7/index.m3u8
豆传媒.ID5313.觅嫣.业主买房潜规则感销售,https://t26.cdn2020.com/video/m3u8/2023/06/19/a73863e4/index.m3u8
豆传媒.ID5312.婧儿.路边捡尸醉汉痴上位猛,https://t26.cdn2020.com/video/m3u8/2023/06/22/1532292c/index.m3u8
豆传媒.ID5308.瑶瑶.怪癖老板攻略已婚,https://t26.cdn2020.com/video/m3u8/2023/06/19/5b9740ba/index.m3u8
豆传媒.ID5307.灵枝.村主任上借种下田,https://t26.cdn2020.com/video/m3u8/2023/05/28/0af89115/index.m3u8
豆传媒.ID5306.紫寒.友被横刀夺,https://t26.cdn2020.com/video/m3u8/2023/05/20/83102df5/index.m3u8
豆传媒.ID5305.觅嫣.韵少引青涩足疗师,https://t26.cdn2020.com/video/m3u8/2023/06/08/8e6b8bed/index.m3u8
豆传媒.ID5304.小薇.资助学生变易,https://t26.cdn2020.com/video/m3u8/2023/06/16/885267c8/index.m3u8
豆传媒.ID5302.瑶瑶.腹他,https://t26.cdn2020.com/video/m3u8/2023/06/01/2a3da722/index.m3u8
豆传媒.ID5301.小洁.下催兄示火乱,https://t26.cdn2020.com/video/m3u8/2023/06/11/7fa8bdae/index.m3u8
豆传媒.ID5300.冬娜.将计就计嫖绿茶婊,https://t26.cdn2020.com/video/m3u8/2023/06/22/251f4bfb/index.m3u8
豆传媒.ID5298.静秋.高傲御内心渴望被蹂躏,https://t26.cdn2020.com/video/m3u8/2023/06/11/ac5e0013/index.m3u8
豆传媒.ID5294.惠敏.户外挑战乱party,https://t26.cdn2020.com/video/m3u8/2023/05/20/0a1864b6/index.m3u8
豆传媒.ID5293.小洁.幼师轨家长被捉在床,https://t33.cdn2020.com/video/m3u8/2023/05/07/47aa1d14/index.m3u8
豆传媒.ID5292.雯茜.友被强我却有了反应,https://t33.cdn2020.com/video/m3u8/2023/05/11/e4ea5b1a/index.m3u8
豆传媒.ID5291.雯茜.美上司的宠物,https://t26.cdn2020.com/video/m3u8/2023/05/20/f3a5dd42/index.m3u8
豆传媒.ID5290.小洁.背着老婆偷寄宿表,https://t26.cdn2020.com/video/m3u8/2023/05/20/408ab640/index.m3u8
豆传媒.ID5289.心萱.狂飙之徐江为子复仇强暴高启兰,https://t33.cdn2020.com/video/m3u8/2023/04/29/e60a2e6f/index.m3u8
豆传媒.ID5288.芳.闺蜜.百万网红惨遭陷害设崩塌,https://t33.cdn2020.com/video/m3u8/2023/04/29/eb569f53/index.m3u8
豆传媒.ID5287.婕珍.酷弄调教好老公,https://t33.cdn2020.com/video/m3u8/2023/05/14/caff5c17/index.m3u8
豆传媒.ID5286.琳怡.新婚醉酒新娘走错房,https://t33.cdn2020.com/video/m3u8/2023/04/29/8ea87807/index.m3u8
豆传媒.ID5285.琳怡.模特惨遭烂赌老公裸照还债,https://t33.cdn2020.com/video/m3u8/2023/05/14/2195bfb7/index.m3u8
豆传媒.ID5284.琳怡.相依为命的竟是小,https://t33.cdn2020.com/video/m3u8/2023/05/07/2139ceb3/index.m3u8
豆传媒.ID5283.喜鹊.禽父亲贱卖儿还债,https://t33.cdn2020.com/video/m3u8/2023/05/11/8527140e/index.m3u8
豆传媒.ID5282.小洁.学霸的补习课,https://t33.cdn2020.com/video/m3u8/2023/04/29/64d7bcef/index.m3u8
豆传媒.ID5281.小洁.学生富有,https://t33.cdn2020.com/video/m3u8/2023/04/24/0040f4c3/index.m3u8
豆传媒.ID5280.瑶瑶.替父上门讨债反被老赖耍流氓,https://t33.cdn2020.com/video/m3u8/2023/05/07/489b15ef/index.m3u8
豆传媒.ID5279.梦洁.感空被迫下援,https://t33.cdn2020.com/video/m3u8/2023/04/21/3ecef40b/index.m3u8
豆传媒.ID5278.夏绯.家教对学生家长的辅导,https://t33.cdn2020.com/video/m3u8/2023/05/07/32a86b56/index.m3u8
豆传媒.ID5277.董悦悦.旺盛的小子引内,https://t33.cdn2020.com/video/m3u8/2023/04/21/cee0d481/index.m3u8
豆传媒.ID5276.琳怡.载客顺风车.老婆失身被卖财两空,https://t33.cdn2020.com/video/m3u8/2023/04/21/2d4fe525/index.m3u8
豆传媒.ID5275.瑶瑶.感嫂复仇不成反被,https://t33.cdn2020.com/video/m3u8/2023/04/18/0022b450/index.m3u8
豆传媒.ID5274.瑶瑶.对叛逆弟弟体惩罚,https://t33.cdn2020.com/video/m3u8/2023/04/24/b60d4bdd/index.m3u8
豆传媒.ID5273.雯茜.扶弟魔身还债,https://t33.cdn2020.com/video/m3u8/2023/04/14/f58eb228/index.m3u8
豆传媒.ID5272.瑶瑶.上班嫖援郎是同事,https://t33.cdn2020.com/video/m3u8/2023/04/14/48e49328/index.m3u8
豆传媒.ID5271.婕珍.变态主伪装瘫痪强居家保姆,https://t33.cdn2020.com/video/m3u8/2023/04/14/fb06e93e/index.m3u8
豆传媒.ID5270.诗琪.乱主播一侍二,https://t33.cdn2020.com/video/m3u8/2023/04/18/6b1c0800/index.m3u8
豆传媒.ID5269.芯萱.美艳主持温泉会馆体验,https://t33.cdn2020.com/video/m3u8/2023/05/11/b6027aab/index.m3u8
豆传媒.ID5268.婕珍.隔壁老王厨房强上腴,https://t33.cdn2020.com/video/m3u8/2023/04/06/12733b8e/index.m3u8
豆传媒.ID5267.梦洁.禽们趁熟强上3P,https://t33.cdn2020.com/video/m3u8/2023/04/11/60ac9521/index.m3u8
豆传媒.ID5266.香茹.感模特遭遇魔摄影师,https://t33.cdn2020.com/video/m3u8/2023/04/06/b380a84e/index.m3u8
豆传媒.ID5265.琳怡.塑料引闺蜜友,https://t33.cdn2020.com/video/m3u8/2023/04/14/02122b72/index.m3u8
豆传媒.ID5264.琳怡.我的友竟是我的嫂子,https://t33.cdn2020.com/video/m3u8/2023/04/06/e95a4b7c/index.m3u8
豆传媒.ID5263.凌萱.替狱照顾感嫂子,https://t33.cdn2020.com/video/m3u8/2023/04/11/523a1609/index.m3u8
豆传媒.ID5262.张琪琪.请我吧,https://t33.cdn2020.com/video/m3u8/2023/04/04/97c5e95a/index.m3u8
豆传媒.ID5261.芸溪.狂飙II先亲程程后摸腿莽村李宏伟,https://t33.cdn2020.com/video/m3u8/2023/04/04/a63b88d9/index.m3u8
豆传媒.ID5260.张琪琪.我和兄弟把给轮了,https://t33.cdn2020.com/video/m3u8/2023/03/31/0b7ec432/index.m3u8
豆传媒.ID5259.婉婷.师生乱寂寞教师自己的学生,https://t33.cdn2020.com/video/m3u8/2023/04/04/1f108802/index.m3u8
豆传媒.ID5258.舒岚.全裸家政浪荡护理,https://t33.cdn2020.com/video/m3u8/2023/03/31/01086a62/index.m3u8
豆传媒.ID5257.诗琪.心机的计划,https://t33.cdn2020.com/video/m3u8/2023/04/06/fe19b1fe/index.m3u8
豆传媒.ID5256.芯萱.越狱逃犯沦为奴隶,https://t33.cdn2020.com/video/m3u8/2023/04/11/057726f2/index.m3u8
豆传媒.ID5255.雯茜.美客服上门售后惨遭调教,https://t33.cdn2020.com/video/m3u8/2023/04/04/2e7c1b2d/index.m3u8
豆传媒.ID5254.雯茜.包月无限次数极限,https://t33.cdn2020.com/video/m3u8/2023/03/25/b09b2c58/index.m3u8
豆传媒.ID5253.凌萱.社恐宅的援伴侣,https://t33.cdn2020.com/video/m3u8/2023/03/25/966e2709/index.m3u8
豆传媒.ID5252.凌萱.帮朋友引的少竟是自己老婆,https://t33.cdn2020.com/video/m3u8/2023/03/25/9fd751ea/index.m3u8
豆传媒.ID5251.夏绯.瑜伽的课程,https://t33.cdn2020.com/video/m3u8/2023/04/11/8d2b08c1/index.m3u8
豆传媒.ID5250.琪琪.烂赌老公贱卖,https://t33.cdn2020.com/video/m3u8/2023/03/31/f2c82163/index.m3u8
豆传媒.ID5249.凌萱.富二代强上巨按摩师,https://t33.cdn2020.com/video/m3u8/2023/03/22/77680922/index.m3u8
豆传媒.ID5248.婉婷.租客兼职外围偿房租,https://t33.cdn2020.com/video/m3u8/2023/03/22/e42e8bc7/index.m3u8
豆传媒.ID5247.婉婷.舔的逆袭学主动投怀送抱,https://t33.cdn2020.com/video/m3u8/2023/03/19/4696e6d8/index.m3u8
豆传媒.ID5246.姚茜.血衣天使之复仇,https://8bb881.cdnedge.live/file/avple-asserts/hls/6426cf69f25a0871d9657dad/playlist.m3u8
豆传媒.ID5245.芯萱.一日特派员之气优初体验,https://t33.cdn2020.com/video/m3u8/2023/03/22/2d5053e6/index.m3u8
豆传媒.ID5244.莉娜.风上司醉酒同事,https://t33.cdn2020.com/video/m3u8/2023/03/25/0181fea6/index.m3u8
豆传媒.ID5243.刘小珊.合租学的福生理课,https://t33.cdn2020.com/video/m3u8/2023/03/16/47064852/index.m3u8
豆传媒.ID5242.刘小姗.精虫上脑的感闺蜜,https://t33.cdn2020.com/video/m3u8/2023/03/14/c70717d2/index.m3u8
豆传媒.ID5241.茜茜.新婚前偷前友,https://t33.cdn2020.com/video/m3u8/2023/03/14/a40ac052/index.m3u8
豆传媒.ID5240.雯茜.感护士取精,https://t33.cdn2020.com/video/m3u8/2023/03/19/ad262fbe/index.m3u8
豆传媒.ID5239.雯茜.绿奴的极品,https://t33.cdn2020.com/video/m3u8/2023/03/12/7bd76f6f/index.m3u8
豆传媒.ID5238.凌萱.突袭蜜桃臀感小子,https://t33.cdn2020.com/video/m3u8/2023/03/12/389c8d8f/index.m3u8
豆传媒.ID5237.芳.作家的放荡绮想,https://t33.cdn2020.com/video/m3u8/2023/03/16/3c04e813/index.m3u8
豆传媒.ID5236.张琪琪.禽继父双飞,https://t33.cdn2020.com/video/m3u8/2023/03/09/eacfddac/index.m3u8
豆传媒.ID5235.季妍希.风小富婆驾驭宠争风吃醋,https://t33.cdn2020.com/video/m3u8/2023/03/12/0a3c4a6b/index.m3u8
豆传媒.ID5234.莉娜.风子趁老公醉酒乱居酒屋,https://t33.cdn2020.com/video/m3u8/2023/03/19/2f597e06/index.m3u8
豆传媒.ID5233.莉娜.爬上同事床绿奴老公喜得娃,https://t33.cdn2020.com/video/m3u8/2023/03/22/66f6e4a6/index.m3u8
豆传媒.ID5232.刘小姗.公公儿媳,https://t33.cdn2020.com/video/m3u8/2023/03/04/149b36c4/index.m3u8
豆传媒.ID5231.刘小珊.干上司捅兄弟都是放荡惹的祸,https://t33.cdn2020.com/video/m3u8/2023/03/09/fbe2c085/index.m3u8
豆传媒.ID5230.芳.激游戏硬上娘闺蜜,https://t33.cdn2020.com/video/m3u8/2023/03/04/da41783d/index.m3u8
豆传媒.ID5229.刘小姗.顶级时间管理.老婆闺蜜极限偷,https://t33.cdn2020.com/video/m3u8/2023/03/04/3a564435/index.m3u8
豆传媒.ID5228.张琪琪.实习仆为了通过考核用身体满足顾客,https://t33.cdn2020.com/video/m3u8/2023/03/04/0df7e946/index.m3u8
豆传媒.ID5227.夏露.田径教练侵运动员,https://t33.cdn2020.com/video/m3u8/2023/02/26/e16539c8/index.m3u8
豆传媒.ID5226.舒婷.狂飙之高启强与陈书婷的风花雪月,https://t33.cdn2020.com/video/m3u8/2023/02/26/5350068c/index.m3u8
豆传媒.ID5225.樱樱.自慰婚戒掉道粗挚友来相助,https://t33.cdn2020.com/video/m3u8/2023/02/26/04c0ae50/index.m3u8
豆传媒.ID5224.刘小姗.怀孕渣惨遭备胎友们轮报复,https://t33.cdn2020.com/video/m3u8/2023/02/26/7c9a11d5/index.m3u8
豆传媒.ID5223.芳.温泉馆风欠,https://t33.cdn2020.com/video/m3u8/2023/02/19/3262abe3/index.m3u8
豆传媒.ID5222.莉娜.初恋的最清澈,https://t33.cdn2020.com/video/m3u8/2023/02/19/380e6253/index.m3u8
豆传媒.ID5221.妍希.变态BOSS.捆绑调教新员工,https://t33.cdn2020.com/video/m3u8/2023/02/19/92af400c/index.m3u8
豆传媒.ID5220.妍希.侄偷拿舅舅私房钱被教育,https://t33.cdn2020.com/video/m3u8/2023/02/19/c366b5d2/index.m3u8
豆传媒.ID5219.心萱.被包养的学生.引老板司机,https://t33.cdn2020.com/video/m3u8/2023/02/13/98375cd9/index.m3u8
豆传媒.ID5218.舒云.裸聊接单.风引亲,https://t33.cdn2020.com/video/m3u8/2023/02/13/851c372d/index.m3u8
豆传媒.ID5217.心萱.公司酒会.秘书和老板私密偷,https://t33.cdn2020.com/video/m3u8/2023/02/13/5e6eefb4/index.m3u8
豆传媒.ID5216.夏露.开车老司机.潜规则美汔车销售员,https://t33.cdn2020.com/video/m3u8/2023/02/13/a29d5a5a/index.m3u8
豆传媒.ID5215.畇希.主治医生隐患者,https://t33.cdn2020.com/video/m3u8/2023/02/05/05bf6d9e/index.m3u8
豆传媒.ID5214.芯怡.兄弟争房手足相残.倒霉弟媳遭强,https://t33.cdn2020.com/video/m3u8/2023/02/13/c1c86c9d/index.m3u8
豆传媒.ID5213.季研希.放荡激潮喷.引酒保满足,https://t33.cdn2020.com/video/m3u8/2023/02/05/2a9fb633/index.m3u8
豆传媒.ID5212.畇希.衣天使化身奴隶,https://t33.cdn2020.com/video/m3u8/2023/02/05/9ddc2866/index.m3u8
豆传媒.ID5211.姚茜.咖啡馆搭讪服务员.调制浓蜜液,https://t33.cdn2020.com/video/m3u8/2023/02/05/e94cc84a/index.m3u8
豆传媒.ID5210.芯怡.醉酒强上小子,https://t33.cdn2020.com/video/m3u8/2023/02/05/98cc4c7c/index.m3u8
豆传媒.ID5209.夏露.美艳护士凌辱学长反被,https://t33.cdn2020.com/video/m3u8/2023/01/24/09e47c7a/index.m3u8
豆传媒.ID5208.姚茜.温泉老板娘.火热引健身教练,https://t33.cdn2020.com/video/m3u8/2023/01/24/526f1fc9/index.m3u8
豆传媒.ID5207.夏露.办公室偷.强上老板的小,https://t33.cdn2020.com/video/m3u8/2023/01/24/85b1be01/index.m3u8
豆传媒.ID5206 可比.乖儿给爸爸干一下,https://t33.cdn2020.com/video/m3u8/2023/01/24/3e1d7ff1/index.m3u8
豆传媒.ID5205.可比.霸凌,https://t33.cdn2020.com/video/m3u8/2023/01/24/e53444e9/index.m3u8
豆传媒.ID5204.心萱.研究生的调查,https://t33.cdn2020.com/video/m3u8/2023/01/24/f8c27e34/index.m3u8
豆传媒.ID5203.芯怡.饥渴父强上回家过年的儿,https://t33.cdn2020.com/video/m3u8/2023/01/24/dc422585/index.m3u8
豆传媒.ID5202.妍希.凌辱下属美,https://t33.cdn2020.com/video/m3u8/2023/01/24/fe483832/index.m3u8
豆传媒.ID5201.妍希.隔壁美成了我的言听计从奴隶,https://t33.cdn2020.com/video/m3u8/2023/01/24/a6752a0a/index.m3u8
91ZCM-014.李蓉蓉.曹穿越狠,https://t26.cdn2020.com/video/m3u8/2023/06/22/46222376/index.m3u8
91ZCM-015.李蓉蓉.硬上风白富美,https://t26.cdn2020.com/video/m3u8/2023/06/29/40bf48c5/index.m3u8
91BCM-001.李依依.少被邻居调教成,https://t33.cdn2020.com/video/m3u8/2022/11/10/62aca95c/index.m3u8
91BCM-002.白允儿.深夜我用安慰胸学,https://t33.cdn2020.com/video/m3u8/2022/11/14/423e8fe6/index.m3u8
91BCM-003.李依依.外旅游意外了一个美,https://t33.cdn2020.com/video/m3u8/2022/11/14/487dfb9b/index.m3u8
91BCM-004.莫夕慈.在老的面前她闺蜜,https://t33.cdn2020.com/video/m3u8/2022/11/15/d7f38b1a/index.m3u8
91BCM-005.优娜.英雄救美原来是我的相对象,https://t33.cdn2020.com/video/m3u8/2022/11/17/7d9a8cc4/index.m3u8
91BCM-006.白允儿.儿子的美颜幼儿园老师,https://t33.cdn2020.com/video/m3u8/2022/11/18/92ca94d8/index.m3u8
91BCM-007.优娜.拜金用偿还网贷,https://t33.cdn2020.com/video/m3u8/2022/11/25/08b6894b/index.m3u8
91BCM-008.白婷婷.和兄弟的假戏真做,https://t33.cdn2020.com/video/m3u8/2022/11/25/976bd772/index.m3u8
91BCM-009.白婷婷.丈夫的计谋,https://t33.cdn2020.com/video/m3u8/2022/11/25/8012b1e6/index.m3u8
91BCM-010.莫夕慈.毕业多年后再前,https://t33.cdn2020.com/video/m3u8/2022/11/26/55201a46/index.m3u8
91BCM-011.小柒.渣为借钱晕献给朋,https://t33.cdn2020.com/video/m3u8/2022/12/01/11b04275/index.m3u8
91BCM-012.希瑶.同学威胁我和她做,https://t33.cdn2020.com/video/m3u8/2022/12/01/c4052239/index.m3u8
91BCM-013.妍儿.半夜给老公戴帽,https://t33.cdn2020.com/video/m3u8/2022/12/08/70651c31/index.m3u8
91BCM-014.吴凯彤.房东和我激缠绵,https://t33.cdn2020.com/video/m3u8/2022/12/15/d425bec8/index.m3u8
91BCM-015.吴凯彤.职场少被的一天,https://t33.cdn2020.com/video/m3u8/2022/12/15/dc229d5e/index.m3u8
91BCM-016.妍儿.帽老公让自己老去,https://t33.cdn2020.com/video/m3u8/2022/12/08/170240c8/index.m3u8
91BCM-021.金宝娜.日系美少除灵,https://t33.cdn2020.com/video/m3u8/2022/12/21/9be01c10/index.m3u8
91BCM-022.金宝娜.高手称霸全国,https://t33.cdn2020.com/video/m3u8/2022/12/23/57534b1a/index.m3u8
91BCM-023.坏坏.警逆袭棒击,https://t33.cdn2020.com/video/m3u8/2023/01/06/f03dacd1/index.m3u8
91BCM-024.坏坏.五连,https://t33.cdn2020.com/video/m3u8/2023/01/07/c9a4a26b/index.m3u8
91BCM-025.莉娜.足选手足球星,https://t33.cdn2020.com/video/m3u8/2022/11/26/7b01216e/index.m3u8
91BCM-027.斑比.搜查,https://t33.cdn2020.com/video/m3u8/2023/01/10/55531cf8/index.m3u8
91BCM-028.斑比.网球教练的培训班,https://t33.cdn2020.com/video/m3u8/2023/01/11/6d10b63a/index.m3u8
91BCM-029.佳芯.快递小哥逆袭高管,https://t33.cdn2020.com/video/m3u8/2023/01/12/62b31d3e/index.m3u8
91BCM-032.斑比.侵犯房东太太的楼下房客,https://t33.cdn2020.com/video/m3u8/2023/02/23/ca9a1044/index.m3u8
91BCM-033.莉娜.趁闺蜜不注意诱她老公,https://t33.cdn2020.com/video/m3u8/2023/02/23/25bc293a/index.m3u8
91BCM-034.莉娜.让的房东成为我的,https://t33.cdn2020.com/video/m3u8/2023/02/26/58f63a4c/index.m3u8
91BCM-035.波尼.玩坏极品.制片尽,https://t33.cdn2020.com/video/m3u8/2023/03/09/e72e1210/index.m3u8
91BCM-036.波尼.沉溺的警花,https://t33.cdn2020.com/video/m3u8/2023/03/07/b9a15dc3/index.m3u8
91BCM-037.梁云菲.篮球教练的指导,https://t33.cdn2020.com/video/m3u8/2023/03/12/997c1563/index.m3u8
91BCM-038.梁芸菲.滴滴打之被榨干,https://t33.cdn2020.com/video/m3u8/2023/03/15/70540d1d/index.m3u8
91BCM-039.白小七.单遇上.学生直流,https://t33.cdn2020.com/video/m3u8/2023/03/24/99081984/index.m3u8
91BCM-040.白小七.家教街头搭讪一次成功,https://t33.cdn2020.com/video/m3u8/2023/03/25/e0d04420/index.m3u8
91BCM-041.白瞳瞳.空诱夫,https://t33.cdn2020.com/video/m3u8/2023/04/02/e23466da/index.m3u8
91BCM-042.白瞳瞳.多金美荡的堕落,https://t33.cdn2020.com/video/m3u8/2023/04/04/261c09ea/index.m3u8
91BCM-043.黎芷媗.职员解锁上司,https://t33.cdn2020.com/video/m3u8/2023/03/29/d0ab54bd/index.m3u8
91BCM-044.黎芷媗.天堂般的高潮.学生被牧师尽,https://t33.cdn2020.com/video/m3u8/2023/03/31/d85b3008/index.m3u8
91BCM-045.湘湘.兽理疗师上睡美,https://t33.cdn2020.com/video/m3u8/2023/04/06/7f003246/index.m3u8
91BCM-046.湘湘.随意完玩偶,https://t33.cdn2020.com/video/m3u8/2023/04/06/2c4bb4b4/index.m3u8
91BCM-047.李蓉蓉.小子误服老春,https://t33.cdn2020.com/video/m3u8/2023/04/07/456459c3/index.m3u8
91BCM-048.林嫣.为夫献绝少,https://t33.cdn2020.com/video/m3u8/2023/04/18/5626f919/index.m3u8
91BCM-049.林嫣.按摩院的激,https://t33.cdn2020.com/video/m3u8/2023/04/20/469dcb73/index.m3u8
91BCM-050.李蓉蓉.去世.孝顺儿子安慰,https://t33.cdn2020.com/video/m3u8/2023/04/21/93472702/index.m3u8
91BCM-051.李娜娜.清纯呆萌的机器,https://t33.cdn2020.com/video/m3u8/2023/04/28/a4253ec4/index.m3u8
91BCM-052.李娜娜.让兄弟报复妓老,https://t33.cdn2020.com/video/m3u8/2023/04/28/12dd4c34/index.m3u8
91BCM-055.孟若羽.诱家庭教师和我做,https://t33.cdn2020.com/video/m3u8/2023/05/07/2cbd3cfe/index.m3u8
91BCM-056.孟若羽.在调酒师胯下呻吟,https://t33.cdn2020.com/video/m3u8/2023/05/09/51ba1ef0/index.m3u8
91BCM-057.娃娃.酒店医生,https://t33.cdn2020.com/video/m3u8/2023/05/11/7508bdd3/index.m3u8
91BCM-054.娃娃.老的瑜伽老师,https://ja34l1.cdnedge.live/file/avple-asserts/hls/64572bd69915b71ab062ef3d/playlist.m3u8
91JCM-001.斑比.和儿子的初班主任,https://t33.cdn2020.com/video/m3u8/2022/10/29/9b140580/index.m3u8
91JCM-002.白允儿.半夜在兄弟家他,https://t33.cdn2020.com/video/m3u8/2022/10/22/a4bf6c7d/index.m3u8
91TCM-001.莉娜.打篮球受伤.啦啦队照顾我,https://t33.cdn2020.com/video/m3u8/2022/11/03/da3172a4/index.m3u8
91TCM-002.莉娜.沉赌博.一夜暴富房东儿讨好我,https://t33.cdn2020.com/video/m3u8/2022/11/09/be0dc82c/index.m3u8
91TCM-003.金宝娜.国足选秀失利.足球宝贝来安慰,https://t33.cdn2020.com/video/m3u8/2022/11/10/12a82139/index.m3u8
91TCM-004.金宝娜.扮装的运动辣被球员侵犯,https://t33.cdn2020.com/video/m3u8/2022/11/26/59b40055/index.m3u8
91TCM-005.斑比.可不可以放进去一下下就好.上,https://t33.cdn2020.com/video/m3u8/2022/11/23/4b978d61/index.m3u8
91TCM-006.斑比.可不可以放进去一下下就好.下,https://t33.cdn2020.com/video/m3u8/2022/12/14/dff2b664/index.m3u8
91TCM-007.佳芯.美艳老师罚校长儿子做,https://v7.slv525627.com/20251106/4MlxGij3/index.m3u8
91TCM-008.佳芯.寂寞痴.上闺蜜帅气的弟弟,https://t33.cdn2020.com/video/m3u8/2022/12/16/3f1853ac/index.m3u8
91TCM-009.唐芯.子的反击.抢我老公就找你,https://t33.cdn2020.com/video/m3u8/2023/01/24/2a08898c/index.m3u8
91TCM-010.唐芯.诱新来的绝美上司,https://t33.cdn2020.com/video/m3u8/2023/01/27/16f08066/index.m3u8
91CM-020.名媛.拼富吊凯子被识破.等待她的是怎样的结局,https://t33.cdn2020.com/video/m3u8/2020/11/24/987fabe3/index.m3u8
91CM-021.夜勤凌辱学生,https://t33.cdn2020.com/video/m3u8/2020/11/26/2c384af1/index.m3u8
91CM-024.真实拍摄计划一.真空跳蛋购物作战,https://t33.cdn2020.com/video/m3u8/2020/11/26/689bfe10/index.m3u8
91CM-025.真实拍摄计划二.跳蛋购物,https://t33.cdn2020.com/video/m3u8/2020/11/29/ecda0705/index.m3u8
91CM-026.,https://t33.cdn2020.com/video/m3u8/2020/12/15/a4a5d9c0/index.m3u8
91CM-027.金钱的诱.面对把的钞票.奇葩竟容许在自己面前被其它入射,https://t33.cdn2020.com/video/m3u8/2020/12/22/08af16eb/index.m3u8
91CM-028.少的窃癖,https://t33.cdn2020.com/video/m3u8/2020/12/18/2ecff1fa/index.m3u8
91CM-031.白晶晶.子的谎言,https://t33.cdn2020.com/video/m3u8/2020/12/28/a262eab0/index.m3u8
91CM-032.王有容.越狱,https://t33.cdn2020.com/video/m3u8/2020/12/29/0a62ea69/index.m3u8
91CM-034.王有容.沉沦,https://t33.cdn2020.com/video/m3u8/2021/01/07/f7d4ae8b/index.m3u8
91CM-036.七七.真实拍摄计划.模面试,https://t33.cdn2020.com/video/m3u8/2021/01/06/e299e506/index.m3u8
91CM-037.白晶晶.痛刻薄,https://t33.cdn2020.com/video/m3u8/2021/01/08/99195fdc/index.m3u8
1CM-063.聂小倩.消失的子,https://t33.cdn2020.com/video/m3u8/2021/03/20/2773d2c0/index.m3u8
91CM-064.文琪.真实拍摄计划之面试,https://t33.cdn2020.com/video/m3u8/2021/03/23/07b9444b/index.m3u8
91CM-065.玛丽莲.空喘息,https://t33.cdn2020.com/video/m3u8/2021/03/26/a40af15d/index.m3u8
91CM-066.杜鹃.辱之哀,https://t33.cdn2020.com/video/m3u8/2021/03/27/e224c2ad/index.m3u8
91CM-067.李茹.网贷,https://t33.cdn2020.com/video/m3u8/2021/03/31/9371c3a0/index.m3u8
91CM-068.玛丽莲.堕落,https://t33.cdn2020.com/video/m3u8/2021/04/11/873a8837/index.m3u8
91CM-069.玛丽莲.堕落2,https://t33.cdn2020.com/video/m3u8/2021/04/18/4dab0166/index.m3u8
91CM-070.玛丽莲 韩小雅.堕落3,https://t33.cdn2020.com/video/m3u8/2021/04/25/cc144631/index.m3u8
91CM-071.玛丽莲.堕落4,https://t33.cdn2020.com/video/m3u8/2021/05/02/ae06f898/index.m3u8
91CM-072.聂小倩.儿的试探,https://t33.cdn2020.com/video/m3u8/2021/04/03/4124379e/index.m3u8
91CM-073.聂小倩 杜鹃.逃亡的兄,https://t33.cdn2020.com/video/m3u8/2021/04/03/f4792074/index.m3u8
91CM-074.Rae.真实拍摄计划.优面试2,https://t33.cdn2020.com/video/m3u8/2021/04/06/8ea4762d/index.m3u8
91CM-075.何苗.轨1,https://t33.cdn2020.com/video/m3u8/2021/04/08/ba88c7ba/index.m3u8
91CM-076.白晶晶.轨2,https://t33.cdn2020.com/video/m3u8/2021/04/09/5f4013b9/index.m3u8
91CM-077.白晶晶 何苗.轨3,https://t33.cdn2020.com/video/m3u8/2021/04/10/75959d73/index.m3u8
91CM-078.黄雪纯.真实拍摄计划.腼腆少,https://t33.cdn2020.com/video/m3u8/2021/04/09/3cdaeef0/index.m3u8
91CM-079.田恬.继与儿,https://t33.cdn2020.com/video/m3u8/2021/04/15/dfcbf6b4/index.m3u8
91CM-080.李琼.继与儿2,https://t33.cdn2020.com/video/m3u8/2021/04/16/a966a047/index.m3u8
91CM-082.张晴.护士,https://t33.cdn2020.com/video/m3u8/2021/04/15/c7aa3ce9/index.m3u8
91CM-083.聂小倩.换1,https://t33.cdn2020.com/video/m3u8/2021/04/20/b900209d/index.m3u8
91CM-084.董小宛.换2,https://t33.cdn2020.com/video/m3u8/2021/04/21/548570ab/index.m3u8
91CM-085.何苗.失足贼,https://t33.cdn2020.com/video/m3u8/2021/04/23/ab52bfac/index.m3u8
91CM-086.丁香.房东的秘,https://t33.cdn2020.com/video/m3u8/2021/04/24/84448c14/index.m3u8
91CM-087.林凤娇.间谍的秘,https://t33.cdn2020.com/video/m3u8/2021/04/27/2f91ffa6/index.m3u8
91CM-088.刘颖儿.消失的,https://t33.cdn2020.com/video/m3u8/2021/04/28/9ef7b6f2/index.m3u8
91CM-089.聂小倩.被报复的小,https://t33.cdn2020.com/video/m3u8/2021/04/30/98a6f033/index.m3u8
91CM-090.杨思敏.侵犯老板,https://t33.cdn2020.com/video/m3u8/2021/05/01/eb698426/index.m3u8
91CM-091.伊蒂.饥渴的洋妞,https://t33.cdn2020.com/video/m3u8/2021/05/05/d3402a43/index.m3u8
91CM-092.何苗.上错轿车找对郎,https://t33.cdn2020.com/video/m3u8/2021/05/06/bab3e931/index.m3u8
91CM-093.杨思敏.搭讪美,https://t33.cdn2020.com/video/m3u8/2021/05/07/a5345f8f/index.m3u8
91CM-094.李琼.可恶岳,https://t33.cdn2020.com/video/m3u8/2021/05/09/588b6a55/index.m3u8
91CM-095.台湾一夜.因为愧疚将自己献给,https://t33.cdn2020.com/video/m3u8/2021/05/10/a856d24a/index.m3u8
91CM-096.白晶晶.诈骗报复,https://t33.cdn2020.com/video/m3u8/2021/05/11/69878f4e/index.m3u8
91CM-097.刘颖儿.失忆小,https://t33.cdn2020.com/video/m3u8/2021/05/12/fe2e998c/index.m3u8
91CM-098.戚小怜.嫖错妓,https://t33.cdn2020.com/video/m3u8/2021/05/13/9d6b9387/index.m3u8
91CM-099.帽先生.粉真实计划.老在前被,https://t33.cdn2020.com/video/m3u8/2021/05/16/af6e66f3/index.m3u8
91CM-100.丁香.算命先生,https://t33.cdn2020.com/video/m3u8/2021/05/22/7a683931/index.m3u8
91CM-101.杨柳.朋的,https://t33.cdn2020.com/video/m3u8/2021/05/16/468dac87/index.m3u8
91CM-102.杨思敏.交换,https://t33.cdn2020.com/video/m3u8/2021/05/19/db9c0ebc/index.m3u8
91CM-103.何雨.善良的小子,https://t33.cdn2020.com/video/m3u8/2021/05/20/085a44f2/index.m3u8
91CM-105.韩小雅.信的,https://t33.cdn2020.com/video/m3u8/2021/05/26/9948dd62/index.m3u8
91CM-106.李琼.的新1,https://t33.cdn2020.com/video/m3u8/2021/05/27/67fdbeee/index.m3u8
91CM-107.戚小怜.的新2,https://t33.cdn2020.com/video/m3u8/2021/05/28/6a7343eb/index.m3u8
91CM-108.李琼 戚小怜.的新3,https://t33.cdn2020.com/video/m3u8/2021/05/29/6c2a780f/index.m3u8
91CM-109.李琼 戚小怜 黄雪纯.的新4,https://t33.cdn2020.com/video/m3u8/2021/05/31/ae331f18/index.m3u8
91CM-110.杨柳.教师,https://t33.cdn2020.com/video/m3u8/2021/06/01/4e56ce65/index.m3u8
91CM-111.张晴.考研的,https://t33.cdn2020.com/video/m3u8/2021/06/03/1dd90cf7/index.m3u8
91CM-112.林雨露.道士下山,https://t33.cdn2020.com/video/m3u8/2021/06/05/c847f889/index.m3u8
91CM-113.何苗.贪官的子,https://t33.cdn2020.com/video/m3u8/2021/06/05/4c209fe1/index.m3u8
91CM-114.李丽.恸哭小,https://t33.cdn2020.com/video/m3u8/2021/06/09/fcfc2136/index.m3u8
91CM-115.戚小怜.神奇物语.宠物香,https://t33.cdn2020.com/video/m3u8/2021/06/10/a599328e/index.m3u8
91CM-116.陈若瑶.离婚委托,https://t33.cdn2020.com/video/m3u8/2021/06/11/afd2db0b/index.m3u8
91CM-117.孟菲菲.荔枝,https://t33.cdn2020.com/video/m3u8/2021/06/13/08bd5663/index.m3u8
91CM-118.林妙可.合租的少,https://t33.cdn2020.com/video/m3u8/2021/06/12/0250ae74/index.m3u8
91CM-119.杨柳 何苗 白晶晶.伏魔,https://t33.cdn2020.com/video/m3u8/2021/06/14/49daf894/index.m3u8
91CM-120.萧诗颖.通缉犯的报复,https://t33.cdn2020.com/video/m3u8/2021/06/18/375861a9/index.m3u8
91CM-121.林凤娇.子的野望.上,https://t33.cdn2020.com/video/m3u8/2021/06/18/c013856b/index.m3u8
91CM-122.林凤娇 黄雪纯.子的野望.下,https://t33.cdn2020.com/video/m3u8/2021/06/21/c3d134ee/index.m3u8
91CM-124.林妙可.三胎计划,https://t33.cdn2020.com/video/m3u8/2021/06/23/ee59e786/index.m3u8
91CM-125.丁香.儿媳,https://t33.cdn2020.com/video/m3u8/2021/06/25/b701a336/index.m3u8
91CM-126.杨思敏.继的劝慰,https://t33.cdn2020.com/video/m3u8/2021/06/25/89fbc9e5/index.m3u8
91CM-127.林凤娇.一夜,https://t33.cdn2020.com/video/m3u8/2021/06/26/bf0bf29f/index.m3u8
91CM-128.杨柳.弟跟我吧,https://t33.cdn2020.com/video/m3u8/2021/06/27/f1b95ad7/index.m3u8
91CM-129.李娜.盲弟弟,https://t33.cdn2020.com/video/m3u8/2021/06/30/1e0d431d/index.m3u8
91CM-130.李美丽.学渣的救赎,https://t33.cdn2020.com/video/m3u8/2021/07/01/580dad2c/index.m3u8
91CM-131.何苗.保姆.考试压力保姆来解压,https://t33.cdn2020.com/video/m3u8/2021/07/02/fe86041c/index.m3u8
91CM-132.陈若瑶.息子的.老公车祸昏不醒.公公代儿照顾儿媳,https://t33.cdn2020.com/video/m3u8/2021/07/03/9986abcd/index.m3u8
91CM-133.白晶晶.小三的遭遇.头老公轨.安排马仔报复小三,https://t33.cdn2020.com/video/m3u8/2021/07/04/496148d1/index.m3u8
91CM-134.李雪.兄弟的新,https://t33.cdn2020.com/video/m3u8/2021/07/07/9c799b19/index.m3u8
91CM-135.黄雪纯.被下的儿,https://t33.cdn2020.com/video/m3u8/2021/07/09/f9c7f911/index.m3u8
91CM-136.何苗.欧洲杯.一样的足球不一样的看球方式,https://t33.cdn2020.com/video/m3u8/2021/07/09/969e3819/index.m3u8
91CM-137.温馨.真实计划外拍遭遇,https://t33.cdn2020.com/video/m3u8/2021/07/10/acbabd34/index.m3u8
91CM-138.谢雨彤.继与我,https://t33.cdn2020.com/video/m3u8/2021/07/11/8ce6f6d5/index.m3u8
91CM-139.萧蔷.空的兼职,https://t33.cdn2020.com/video/m3u8/2021/07/14/f6c37017/index.m3u8
91CM-141.杨柳.卡在洗衣机的,https://t33.cdn2020.com/video/m3u8/2021/07/16/2558226e/index.m3u8
91CM-142.吉娜.意利留学生的兼职,https://t33.cdn2020.com/video/m3u8/2021/07/17/55dc668a/index.m3u8
91CM-143.白晶晶.王的调教,https://t33.cdn2020.com/video/m3u8/2021/07/18/eb7daed3/index.m3u8
91CM-144.林凤娇.蓝颜知己,https://t26.cdn2020.com/video/m3u8/2021/07/21/3f6a5dbc/index.m3u8
91CM-145.戚小怜.少的报答,https://t26.cdn2020.com/video/m3u8/2021/07/22/d5323426/index.m3u8
91CM-149.谢语彤.家教老师,https://t26.cdn2020.com/video/m3u8/2021/07/28/3f40205e/index.m3u8
91CM-151.袁可妮.贤惠的子,https://t26.cdn2020.com/video/m3u8/2021/07/30/93f0d95d/index.m3u8
91CM-153.何苗.再遇潘金莲,https://t26.cdn2020.com/video/m3u8/2021/08/01/934e4c5b/index.m3u8
91CM-155.白晶晶.不孕的子,https://t26.cdn2020.com/video/m3u8/2021/08/04/ae653d08/index.m3u8
91CM-157.安娜.华料理.你压榨我工资.我你的老,https://t26.cdn2020.com/video/m3u8/2021/08/06/ce3110d2/index.m3u8
91CM-158.杨桃.婚.你你的老.我玩我的小鲜,https://t26.cdn2020.com/video/m3u8/2021/08/07/f8e27ed8/index.m3u8
91CM-159.陈美惠.东京故事之我的表,https://t26.cdn2020.com/video/m3u8/2021/08/08/cdb85dc1/index.m3u8
91CM-161.吉娜.被拐卖的外国美,https://t26.cdn2020.com/video/m3u8/2021/08/11/1f97dd04/index.m3u8
91CM-162.张子瑜.小的沦陷,https://t26.cdn2020.com/video/m3u8/2021/08/12/e44ec01d/index.m3u8
91CM-164.邓玉莲.小.伯结婚用房.小借住我家,https://t26.cdn2020.com/video/m3u8/2021/08/14/debd013d/index.m3u8
91CM-165.卢珊珊.重逢.曾经的那么真.现在的那么深,https://t26.cdn2020.com/video/m3u8/2021/08/14/608659e7/index.m3u8
91CM-166.潘甜甜.七夕.91节专题独家奉献,https://t26.cdn2020.com/video/m3u8/2021/08/14/50b13da7/index.m3u8
91CM-167.吴语菲.差之旅.变对手同事变,https://t26.cdn2020.com/video/m3u8/2021/08/17/f616917d/index.m3u8
91CM-169.林雨露.礼物.这是一份送给嫖娼的的礼物,https://t26.cdn2020.com/video/m3u8/2021/08/19/29fdbaab/index.m3u8
91CM-170.谢语彤.穿越到王者荣耀的世界.第一集,https://t26.cdn2020.com/video/m3u8/2021/08/20/48b5ae1a/index.m3u8
91CM-171.陈萌.合租.无法回房的他却成了我的,https://t26.cdn2020.com/video/m3u8/2021/08/21/185505ac/index.m3u8
91CM-173.杜娟.恋癖.义风韵犹存.之心愈演愈烈,https://t26.cdn2020.com/video/m3u8/2021/08/24/7ea436f0/index.m3u8
91CM-176.李师师..哥被抓.子沦为小弟们的便器,https://t26.cdn2020.com/video/m3u8/2021/08/27/7f38ca4e/index.m3u8
91CM-177.林凤娇.慈禧秘史.慈禧夺权享受万千宠,https://t33.cdn2020.com/video/m3u8/2021/08/28/a9cec9f2/index.m3u8
91CM-179.谢语彤.穿越到王者荣耀的世界.第二集,https://t33.cdn2020.com/video/m3u8/2021/09/01/c7a2f387/index.m3u8
91CM-180.王蓉.冷雨夜.淋湿躲雨做射整晚,https://t33.cdn2020.com/video/m3u8/2021/09/11/e887d19f/index.m3u8
91CM-181.金巧巧.猎头诱术,https://t33.cdn2020.com/video/m3u8/2021/09/17/09c9ac8d/index.m3u8
91CM-182.潘甜甜.手机的秘,https://t33.cdn2020.com/video/m3u8/2021/09/04/d662110b/index.m3u8
91CM-183.杨思敏.房客的子,https://t33.cdn2020.com/video/m3u8/2021/09/09/c6e9c4c4/index.m3u8
91CM-184.林凤娇.教师节特辑.为师表.高冷教师遭叛逆学生轮,https://t33.cdn2020.com/video/m3u8/2021/09/10/2e57bc8f/index.m3u8
91CM-185.苏然.被玷污的秘书,https://t33.cdn2020.com/video/m3u8/2021/09/15/ee01a392/index.m3u8
91CM-186.卢珊珊.在初夜,https://t33.cdn2020.com/video/m3u8/2021/09/19/240f0e0b/index.m3u8
91CM-187.刘玥.租房交易,https://t33.cdn2020.com/video/m3u8/2021/09/25/4c4fd782/index.m3u8
91CM-188.谢语彤.童顔秘堕落日记,https://t33.cdn2020.com/video/m3u8/2021/09/25/ed16b849/index.m3u8
91CM-189.戚小怜.帽受,https://t33.cdn2020.com/video/m3u8/2021/09/30/159dd5f6/index.m3u8
91CM-190.潘甜甜.AV引退.少的悔悟,https://t33.cdn2020.com/video/m3u8/2021/10/01/520a11da/index.m3u8
91CM-191.美乐蒂·雏.白妖姬.吸北欧名模,https://t33.cdn2020.com/video/m3u8/2021/10/05/ce3692bf/index.m3u8
91CM-192.卢珊珊.在日落时.轨激发无尽,https://t33.cdn2020.com/video/m3u8/2021/10/06/c799d11a/index.m3u8
91CM-193.苏然.老公请原谅我,https://t33.cdn2020.com/video/m3u8/2021/10/10/614f328b/index.m3u8
91CM-194.刘小雯.兄弟我子,https://t33.cdn2020.com/video/m3u8/2021/10/14/497346ee/index.m3u8
91CM-195.金巧巧.特殊治疗,https://t33.cdn2020.com/video/m3u8/2021/10/16/b5924cbc/index.m3u8
91CM-196.王蓉.少的赌,https://t33.cdn2020.com/video/m3u8/2021/10/21/f2464601/index.m3u8
91CM-197.张子瑜.离婚谈判,https://t33.cdn2020.com/video/m3u8/2021/10/23/69faf706/index.m3u8
91CM-198.卢珊珊.在午夜.开衩旗袍台球桌上狂飙,https://t33.cdn2020.com/video/m3u8/2021/10/28/6cec6cdd/index.m3u8
91CM-199.李曼丽.子助我升职,https://t33.cdn2020.com/video/m3u8/2021/10/30/8aafd046/index.m3u8
91CM-200.徐美娇.邻居.弯饥渴少,https://t33.cdn2020.com/video/m3u8/2021/11/04/4e52bc7e/index.m3u8
91CM-201.陆雪琪.私玩物.颜值神3P超刺激,https://t33.cdn2020.com/video/m3u8/2021/11/06/7f24954d/index.m3u8
91CM-202.张晴.寂寞.勾引外卖小哥直,https://t33.cdn2020.com/video/m3u8/2021/11/13/926297db/index.m3u8
91CM-203.杜娟.的鼓励.沉沦在儿子粗壮的棒,https://t33.cdn2020.com/video/m3u8/2021/11/15/8b296113/index.m3u8
91CM-204.白雪.清纯同学,https://t26.cdn2020.com/video/m3u8/2021/11/19/7e864fd4/index.m3u8
91CM-206.林丽.借贷偿,https://t26.cdn2020.com/video/m3u8/2021/11/24/8316f157/index.m3u8
91CM-207.陆雪琪.的春天,https://t26.cdn2020.com/video/m3u8/2021/11/27/4365cd3c/index.m3u8
91CM-208.梁如意.屈辱的美,https://t26.cdn2020.com/video/m3u8/2021/12/01/af36a4c9/index.m3u8
91CM-211.白晶晶.娘的蜕变(上集),https://t26.cdn2020.com/video/m3u8/2021/12/11/c56c216d/index.m3u8
91CM-213.白晶晶 李丽.娘的蜕变(下集),https://t26.cdn2020.com/video/m3u8/2021/12/19/eaae627c/index.m3u8
91CM-214.萧悦儿.JK租客,https://t26.cdn2020.com/video/m3u8/2021/12/22/4fbdc830/index.m3u8
91CM-215.叶柔.深夜嫖美腿车模,https://t26.cdn2020.com/video/m3u8/2021/12/31/744f8dc4/index.m3u8
91CM-218.何小丽.油按摩,https://t26.cdn2020.com/video/m3u8/2021/12/29/61699ce9/index.m3u8
91CM-220.董欣.坠-上,https://t26.cdn2020.com/video/m3u8/2022/01/08/6cb568fc/index.m3u8
91CM-221.梁如意.李雷和韩梅梅,https://t26.cdn2020.com/video/m3u8/2022/01/14/5da2979c/index.m3u8
91CM-226.唐月琴 董欣.坠-下,https://t26.cdn2020.com/video/m3u8/2022/01/23/a8020817/index.m3u8
91CM-250.小艺.端午节特辑.粽.将美细致包裹,https://t33.cdn2020.com/video/m3u8/2022/06/04/3799b14f/index.m3u8
91CM-255.叶莲娜 丽.同的快乐,https://t33.cdn2020.com/video/m3u8/2023/05/07/f5edf340/index.m3u8
91MS-001.金巧巧.优面试一.91新試鏡.下部主你來定,https://t26.cdn2020.com/video/m3u8/2021/08/21/4f4f0f44/index.m3u8
91MS-003.王蓉.优面试三,https://t33.cdn2020.com/video/m3u8/2021/08/29/59421fec/index.m3u8
91MS-004.优面试四,https://t33.cdn2020.com/video/m3u8/2021/08/31/c1e60658/index.m3u8
91MS-005.苏然.优面试五,https://t33.cdn2020.com/video/m3u8/2021/09/02/efad3451/index.m3u8
91MS-006.优面试六,https://t33.cdn2020.com/video/m3u8/2021/09/07/371f8c06/index.m3u8
91MS-007.溫婉.的.成随时想干,https://t33.cdn2020.com/video/m3u8/2021/09/14/f746765e/index.m3u8
91MS-008.36D巨的,https://t33.cdn2020.com/video/m3u8/2021/09/23/d5650410/index.m3u8
91MS-009.陈悠悠.童颜少AV志愿.喜欢兽交渴望激烈,https://t33.cdn2020.com/video/m3u8/2021/09/28/12b502eb/index.m3u8
91MS-010.李曼丽.170CM长腿御,https://t33.cdn2020.com/video/m3u8/2021/10/12/a57a0d02/index.m3u8
91MS-011.徐洛瑶.语文教师,https://t33.cdn2020.com/video/m3u8/2021/10/19/c161f107/index.m3u8
91MS-012.夏玉玲.E罩杯巨郎,https://t33.cdn2020.com/video/m3u8/2021/10/26/45031930/index.m3u8
91MS-013.李萍.极品轻熟.验失禁快堕落,https://t33.cdn2020.com/video/m3u8/2021/11/02/1206d792/index.m3u8
91MS-014.唐倩.巨清纯萌,https://t33.cdn2020.com/video/m3u8/2021/11/11/288f3999/index.m3u8
91PCM-001.蒂洁.清纯系JK学生.像极了初恋,https://t26.cdn2020.com/video/m3u8/2023/11/10/51b5c43b/index.m3u8
91PCM-005.季妍希.放荡的救援,https://t26.cdn2020.com/video/m3u8/2023/11/14/4df22dc0/index.m3u8
91PCM-008.温芮欣.好家教的乱辅导,https://t33.cdn2020.com/video/m3u8/2023/12/24/d01c78e3/index.m3u8
91PCM-009.岚可彤.小模外送榨服务,https://t26.cdn2020.com/video/m3u8/2023/12/24/896fde06/index.m3u8
91PCM-010.岚可彤.极乐圣诞夜.气质美沦为玩物,https://t26.cdn2020.com/video/m3u8/2023/12/27/99cd0bbb/index.m3u8
GDCM-003.余丽.子行计划1,https://t26.cdn2020.com/video/m3u8/2022/04/12/f89a6e1b/index.m3u8
GDCM-004.云朵.家教的奖励,https://t26.cdn2020.com/video/m3u8/2022/04/17/18db6835/index.m3u8
GDCM-006.余丽.子行计划2,https://t26.cdn2020.com/video/m3u8/2022/05/08/378cde5d/index.m3u8
GDCM-008.董欣.劳模理疗师.上,https://t26.cdn2020.com/video/m3u8/2022/05/01/5d1d1f7e/index.m3u8
GDCM-009.董欣.劳模理疗师.下,https://t26.cdn2020.com/video/m3u8/2022/05/01/dfe32a8a/index.m3u8
GDCM-011.茉莉 白英.别样的健,https://t26.cdn2020.com/video/m3u8/2022/05/28/5f8019b0/index.m3u8
GDCM-012.云朵.邻居网红,https://t33.cdn2020.com/video/m3u8/2022/06/19/51d0624a/index.m3u8
GDCM-013.林洋.尾随胁迫双马尾少,https://t33.cdn2020.com/video/m3u8/2022/06/13/b1e485c2/index.m3u8
GDCM-014.陶杏儿.绑匪美计,https://t33.cdn2020.com/video/m3u8/2022/06/14/d6ff2b3a/index.m3u8
GDCM-016.苏雅兰.最喜吞好熟,https://t33.cdn2020.com/video/m3u8/2022/06/25/e76ebad5/index.m3u8
GDCM-017.叶子红.带去嫖娼玩3P惨被抓,https://t33.cdn2020.com/video/m3u8/2022/07/05/e13bd857/index.m3u8
GDCM-018.林洋.时间静止,https://t33.cdn2020.com/video/m3u8/2022/07/06/32c08dfd/index.m3u8
GDCM-019.茉莉 白英.双飞带货主播及助理,https://t33.cdn2020.com/video/m3u8/2022/07/09/58d8a52b/index.m3u8
GDCM-020.陶杏儿 王玥.双飞制服花,https://t33.cdn2020.com/video/m3u8/2022/07/18/dc6dd24b/index.m3u8
GDCM-021.王玥.拜少,https://t33.cdn2020.com/video/m3u8/2022/07/25/e8b4d243/index.m3u8
GDCM-022.林洋.被赶门的赤裸,https://t33.cdn2020.com/video/m3u8/2022/07/31/756bb1c8/index.m3u8
GDCM-023.林洋.荡的舅,https://t33.cdn2020.com/video/m3u8/2022/08/04/5f4ee73f/index.m3u8
GDCM-024.王玥.被侵犯多次的主播,https://t33.cdn2020.com/video/m3u8/2022/08/07/dfdeed4a/index.m3u8
GDCM-025.王玥.世界奇妙物语,https://t33.cdn2020.com/video/m3u8/2022/08/20/0628c856/index.m3u8
GDCM-026.薛梦琪.咖啡厅的放荡,https://t33.cdn2020.com/video/m3u8/2022/08/20/ee4acdba/index.m3u8
GDCM-027.李蕊.的秘,https://t33.cdn2020.com/video/m3u8/2022/08/24/f2525c1f/index.m3u8
GDCM-028.薛梦琪.咖啡厅的放荡.下,https://t33.cdn2020.com/video/m3u8/2022/08/31/04187c6b/index.m3u8
GDCM-029.刘嘉佳.继的儿,https://t33.cdn2020.com/video/m3u8/2022/09/04/4aaa7e6f/index.m3u8
GDCM-030.张佳晨.雨夜里轨邻居,https://t33.cdn2020.com/video/m3u8/2022/09/07/8581763d/index.m3u8
GDCM-031.小捷.秋特辑.嫦娥奔月吴刚逆袭,https://t33.cdn2020.com/video/m3u8/2022/09/12/4ecca408/index.m3u8
GDCM-032.程媛媛.新晋优首次挑战,https://t33.cdn2020.com/video/m3u8/2022/09/14/3323b03d/index.m3u8
GDCM-033.程媛媛.气勾引哥哥,https://t33.cdn2020.com/video/m3u8/2022/09/17/976e48bf/index.m3u8
GDCM-034.李蕊.新来的室是我初恋,https://t33.cdn2020.com/video/m3u8/2022/09/28/764f8fa4/index.m3u8
GDCM-035.莉娜.伪装者代号91.上集,https://t33.cdn2020.com/video/m3u8/2022/10/02/c42b3beb/index.m3u8
GDCM-036.莉娜.伪装者代号91.下集,https://t33.cdn2020.com/video/m3u8/2022/10/05/2689d1df/index.m3u8
GDCM-037.张佳晨.把子献给行长,https://t33.cdn2020.com/video/m3u8/2022/10/13/ba22fe70/index.m3u8
GDCM-038.艾贝.健教练勾引学员肛交射,https://t33.cdn2020.com/video/m3u8/2022/10/16/e921e562/index.m3u8
GDCM-040.吉娜.报复轨.子的,https://t33.cdn2020.com/video/m3u8/2022/10/27/68fa07a3/index.m3u8
GDCM-041.希瑶.帽扣在你头上,https://t33.cdn2020.com/video/m3u8/2022/11/03/a7b47ecc/index.m3u8
GDCM-043.白允儿 吴恺彤.双11特辑.单的复仇,https://t33.cdn2020.com/video/m3u8/2022/11/11/74639244/index.m3u8
GDCM-045.Rona.国足雄起之不可失,https://t33.cdn2020.com/video/m3u8/2022/11/23/c631e857/index.m3u8
GDCM-047.菜.疫邻居诱清纯,https://t33.cdn2020.com/video/m3u8/2023/02/16/17c6ad9f/index.m3u8
GDCM-052.莉娜.黄飞鸿与十三.上集,https://t33.cdn2020.com/video/m3u8/2023/05/03/e2f73afc/index.m3u8
GDCM-053.莉娜.黄飞鸿与十三.下集,https://t33.cdn2020.com/video/m3u8/2023/05/05/57da4e26/index.m3u8
GDCM-054.张群.饥渴的.上集,https://t26.cdn2020.com/video/m3u8/2023/08/15/68a3ffa4/index.m3u8
GDCM-059.曼语.空豪华上服务,https://t26.cdn2020.com/video/m3u8/2023/10/27/76b2c583/index.m3u8
GDCM-060.陈梦洁.醉酒老公误把子当小三,https://t26.cdn2020.com/video/m3u8/2023/11/14/78b3262f/index.m3u8
GDCM-066.米欧.周处三害,https://t33.cdn2020.com/video/m3u8/2024/07/04/4172f5c6/index.m3u8
91FHT-001.粉红兔.的惊喜,https://t26.cdn2020.com/video/m3u8/2021/08/16/0be27e36/index.m3u8
OM-001.佳芯.极乐圣诞.圣诞老的坏孩名单,https://t33.cdn2020.com/video/m3u8/2022/12/28/e089dad7/index.m3u8
OM-002.Lilit.元旦特别企划.战,https://t33.cdn2020.com/video/m3u8/2023/01/05/cfe4f5d8/index.m3u8
OM-003.邓紫晴.在囧途之台囧.二傻征之城,https://t33.cdn2020.com/video/m3u8/2023/01/26/60666f9e/index.m3u8
OM-004.梁芸菲.钢铁猛变萌,https://t33.cdn2020.com/video/m3u8/2023/03/05/955c23df/index.m3u8
WMOG-001.小.喷姬的潮吹释放,https://t26.cdn2020.com/video/m3u8/2023/09/07/9db5459f/index.m3u8
WMOG-003.明日花香.呆萌医生的上门服务,https://t26.cdn2020.com/video/m3u8/2023/09/18/3c6ebac0/index.m3u8
WMOG-004.小.甜美幼教贷款,https://t26.cdn2020.com/video/m3u8/2023/09/21/59671f9a/index.m3u8
WMOG-006.小.秘书的诱,https://t26.cdn2020.com/video/m3u8/2023/10/18/0c51df07/index.m3u8
WMOG-007.小小酱.清纯袜,https://t26.cdn2020.com/video/m3u8/2023/11/05/0935241d/index.m3u8
WMOG-008.小敏儿.室服的诱,https://t26.cdn2020.com/video/m3u8/2023/11/08/f5e50795/index.m3u8
WMOG-010.小.调教反差E瑜伽教练,https://t26.cdn2020.com/video/m3u8/2023/11/23/882416b8/index.m3u8
WMOG-011.小.小游记,https://t26.cdn2020.com/video/m3u8/2023/12/10/9f8ddbf5/index.m3u8
WMOG-016.小.喷娃,https://t26.cdn2020.com/video/m3u8/2024/02/16/b6b4c0fe/index.m3u8
WMOG-017.小.SM调教,https://t26.cdn2020.com/video/m3u8/2024/02/23/94818a35/index.m3u8
WMOG-019.小.E销售的全交易,https://t33.cdn2020.com/video/m3u8/2024/03/30/247eab91/index.m3u8
WMOG-021.小敏儿.甜蜜少找房记,https://v2024.sysybf.com/20241123/E2uz1WiJ/index.m3u8
WM-25031.嘉琪.少的饥渴望老公不在家贪恋小叔子的棒,https://t33.cdn2020.com/video/m3u8/2023/02/01/a8aa3cd1/index.m3u8
WM-25032.嘉琪.极品材瑜伽老师被,https://t33.cdn2020.com/video/m3u8/2023/02/01/f1132dbc/index.m3u8
WM-25033.欣欣.医生的诱,https://t33.cdn2020.com/video/m3u8/2023/02/01/9523f00b/index.m3u8
WM-25036.百合.校园,https://t33.cdn2020.com/video/m3u8/2023/02/01/ff70131c/index.m3u8
WM-25039.薇薇.清纯邻家小,https://t33.cdn2020.com/video/m3u8/2023/02/01/096b2023/index.m3u8
WM-25041.瑶瑶.面试,https://t33.cdn2020.com/video/m3u8/2023/02/08/46977454/index.m3u8
维秘传媒.小泽珍珍.实习生岗位保卫站,https://t33.cdn2020.com/video/m3u8/2023/02/01/5c0ed0c6/index.m3u8
维秘传媒.优米酱.原味萝莉,https://t33.cdn2020.com/video/m3u8/2023/01/31/bf3059d9/index.m3u8
维秘传媒.晚晚酱.荡猫咪终极调教,https://t33.cdn2020.com/video/m3u8/2023/01/31/8d908cde/index.m3u8
维秘传媒.NANA.荡修之修对棒的渴望,https://t33.cdn2020.com/video/m3u8/2023/01/31/fb9949d7/index.m3u8
维秘传媒.cola.嫩萝莉毕业,https://t33.cdn2020.com/video/m3u8/2023/01/31/de3c09bd/index.m3u8
维秘传媒.熙雅.世界杯的盛宴,https://t33.cdn2020.com/video/m3u8/2023/01/31/b815f59d/index.m3u8
维秘传媒.小桃.代孕的播种流程,https://t33.cdn2020.com/video/m3u8/2023/01/31/1c9e924f/index.m3u8
维秘传媒.酥酥.勾引修理工.白浆直流,https://t33.cdn2020.com/video/m3u8/2023/01/31/5a9fc10c/index.m3u8
维秘传媒.丸丸兔.上旗袍.子的诱,https://t33.cdn2020.com/video/m3u8/2023/01/31/9dece226/index.m3u8
维秘传媒.冉冉学.极品夜店王的侍奉,https://t33.cdn2020.com/video/m3u8/2023/01/31/fb1aa778/index.m3u8
维秘传媒.香菜公主.小货独特按摩,https://t33.cdn2020.com/video/m3u8/2023/01/31/aa8e5031/index.m3u8
维秘传媒.菲欧娜.奴的调教,https://t33.cdn2020.com/video/m3u8/2023/01/26/bddb00b4/index.m3u8
YMCM-001.芷萱.穿越唐朝翻武则天,https://t26.cdn2020.com/video/m3u8/2023/09/04/fe6a0eb7/index.m3u8
QQCM-006.甜心.专属仆.我的处理射专用仆,https://t26.cdn2020.com/video/m3u8/2022/04/13/25e7bc59/index.m3u8
QQCM-007.兰心洁.子愉悦乱伦,https://t26.cdn2020.com/video/m3u8/2022/04/07/2d4076fe/index.m3u8
QQCM-014.茉莉 兰心洁.白特烦恼之白菜换2,https://t26.cdn2020.com/video/m3u8/2022/05/01/12895f59/index.m3u8
QQCM-015.茉莉 兰心洁 蒋梦琳.白特烦恼之白菜换3.终极篇,https://t26.cdn2020.com/video/m3u8/2022/05/15/df7a2b38/index.m3u8
QQCM-017.兰心洁.金牌销售的秘,https://t26.cdn2020.com/video/m3u8/2022/05/24/7b118950/index.m3u8
QQCM-018.李小萤 家政,https://t33.cdn2020.com/video/m3u8/2022/06/09/bf326155/index.m3u8
QQCM-019.叶子红.阴差错的乱伦,https://t33.cdn2020.com/video/m3u8/2022/07/15/63ea9095/index.m3u8
QQCM-020.林洋.继的秘,https://t33.cdn2020.com/video/m3u8/2022/08/11/caf6fec7/index.m3u8
QQCM-021.叶子红.上实习生,https://t33.cdn2020.com/video/m3u8/2022/08/14/8a97481d/index.m3u8
QQOG-002.粉.油光白极品萝莉,https://t33.cdn2020.com/video/m3u8/2022/10/11/181d5b3e/index.m3u8
QQOG-003.粉.浴室镜子前极致,https://t33.cdn2020.com/video/m3u8/2022/10/11/67278475/index.m3u8
QQOG-004.小敏儿.把套路上床干,https://t33.cdn2020.com/video/m3u8/2022/10/13/700305d6/index.m3u8
QQOG-006.粉.青春学纹反差婊,https://t33.cdn2020.com/video/m3u8/2022/10/26/0f221fb3/index.m3u8
QQOG-007.粉.诱小野猫,https://t33.cdn2020.com/video/m3u8/2022/10/26/50fbdc0c/index.m3u8
QQOG-009.小敏儿.COS麻衣的学生,https://t33.cdn2020.com/video/m3u8/2022/11/02/329404e4/index.m3u8
QQOG-010.小敏儿.学生日的庆生,https://t33.cdn2020.com/video/m3u8/2022/09/07/637bc8a2/index.m3u8
QQOG-011.粉.御尤物沦为主玩物,https://v202510.ddcdnbf.com/20251101/OvmjLdIC/index.m3u8
QQOG-012.粉.健后的次元运动,https://t33.cdn2020.com/video/m3u8/2022/11/15/47546ed1/index.m3u8
QQQOG-014.粉.光花园草地的沐浴,https://t33.cdn2020.com/video/m3u8/2022/11/29/eb5c7f75/index.m3u8
QQOG-015.粉.与萝莉共享温泉之旅,https://jptgpic.bdpsjp.com/m3u8/qqog015/index_domain.m3u8
QQOG-016.亿米.上了我的车,https://fqm3u8.com/20241214/uI1vLiSL/1100kb/hls/index.m3u8
QQOG-018.小敏儿.梦境仆专属,https://t33.cdn2020.com/video/m3u8/2023/03/06/36b51eef/index.m3u8
QQOG-019.西门庆.家教上门帮我射,https://t33.cdn2020.com/video/m3u8/2023/02/17/b44e4039/index.m3u8
QQOG-020.西门庆.校花与棒,https://t33.cdn2020.com/video/m3u8/2023/03/06/2af09777/index.m3u8
QQOG-022.小敏儿.初音未来的陪玩服务,https://t33.cdn2020.com/video/m3u8/2022/12/06/3ea20b7a/index.m3u8
QQOG-023.冉冉学.观赛后的玩物,https://t33.cdn2020.com/video/m3u8/2023/03/06/fd220c41/index.m3u8
QQOG-024.冉冉学.老板的长腿风秘书,https://t33.cdn2020.com/video/m3u8/2023/03/03/428de7da/index.m3u8
QQOG-026.冉冉学.二学勾引家教老师,https://t33.cdn2020.com/video/m3u8/2023/03/03/4b9a4b72/index.m3u8
QQOG-028.冉冉学.撸管必看极品尤物趣诱,https://t33.cdn2020.com/video/m3u8/2023/03/03/b0b7ae8e/index.m3u8
QQOG-029.小敏儿.下学暗恋的同學,https://t33.cdn2020.com/video/m3u8/2023/02/01/9312f731/index.m3u8
QQOG-030.特污兔.嫩的射,https://t33.cdn2020.com/video/m3u8/2023/02/01/ab9d607f/index.m3u8
QQOG-031.小敏儿.潜规则公司网红,https://t33.cdn2020.com/video/m3u8/2023/02/01/5c3d5081/index.m3u8
QQOG-032.cola酱.撸管必须验白虎仆,https://t33.cdn2020.com/video/m3u8/2023/02/01/fc52c8cb/index.m3u8
QQOG-033.冉冉学.清純系反差,https://t33.cdn2020.com/video/m3u8/2023/02/17/1683927d/index.m3u8
QQOG-034.冉冉学.二学被醉猥亵,https://t33.cdn2020.com/video/m3u8/2023/02/01/df1278f9/index.m3u8
QQOG-035.冉冉学.淘宝腿模,https://t33.cdn2020.com/video/m3u8/2023/02/01/185e4479/index.m3u8
QQOG-036.冉冉学.04年极品白嫩足,https://t33.cdn2020.com/video/m3u8/2023/02/01/18ac5bce/index.m3u8
QQOG-038.小敏儿.醉酒后的上司,https://t33.cdn2020.com/video/m3u8/2023/02/23/60c574f9/index.m3u8
QQOG-039.Nina.滴滴司机的实录,https://t33.cdn2020.com/video/m3u8/2023/02/26/5cff1fea/index.m3u8
QQOG-040.cola酱.无耻白浆学生,https://t33.cdn2020.com/video/m3u8/2023/02/26/54376d40/index.m3u8
QQOG-041.小敏儿.萝莉同桌跟我在床上补习,https://t33.cdn2020.com/video/m3u8/2023/02/28/0beffb22/index.m3u8
QQOG-042.小敏儿.反差学床上的另一面,https://t33.cdn2020.com/video/m3u8/2023/03/07/13526ba8/index.m3u8
QQOG-043.特污兔.特殊瑜伽教学,https://t33.cdn2020.com/video/m3u8/2023/03/10/c23bec19/index.m3u8
QQOG-044.cola酱.诱甜蜜,https://t33.cdn2020.com/video/m3u8/2023/03/14/28dcb7df/index.m3u8
QQOG-045.冉冉学.蹂躏03年校花,https://t33.cdn2020.com/video/m3u8/2023/03/19/b36f98f9/index.m3u8
QQOG-046.特污兔.寂寞自慰.被舍窗台,https://t33.cdn2020.com/video/m3u8/2023/03/19/f86ffd2b/index.m3u8
QQOG-047.小敏儿.把小的小满液,https://t33.cdn2020.com/video/m3u8/2023/03/24/a354c3ce/index.m3u8
QQOG-048.cola酱.护士为痿病制射,https://t33.cdn2020.com/video/m3u8/2023/03/25/b5638c91/index.m3u8
QQOG-049.小猫咪.干爹的便器,https://t33.cdn2020.com/video/m3u8/2023/03/31/7a882ba4/index.m3u8
QQOG-050.樱桃.老师的罚,https://t33.cdn2020.com/video/m3u8/2023/04/13/49bf0e9c/index.m3u8
FSOG-113.小玩子.上日本巨技师,https://t26.cdn2020.com/video/m3u8/2023/08/15/e34a85ff/index.m3u8
FSOG-108.小敏儿.美少的午后生活,https://t26.cdn2020.com/video/m3u8/2023/07/04/0b313940/index.m3u8
FSOG-107.小玩子.巨搜查官,https://t26.cdn2020.com/video/m3u8/2023/06/30/8d2acf13/index.m3u8
FSOG-010.小鹿酱.职场潜规则,https://t33.cdn2020.com/video/m3u8/2022/07/12/832c4478/index.m3u8
FSOG-009.粉.租赁的附加服务,https://t33.cdn2020.com/video/m3u8/2022/07/09/9b425812/index.m3u8
FSOG-008.粉.二学的液注,https://t33.cdn2020.com/video/m3u8/2022/07/07/d0122483/index.m3u8
FSOG-007.不见星空.甜美萌生日遭醉,https://t33.cdn2020.com/video/m3u8/2022/07/07/2d080b62/index.m3u8
FSOG-006.许木学长.美浴缸激,https://t33.cdn2020.com/video/m3u8/2022/07/06/648aa7e3/index.m3u8
FSOG-005.许木学长.醉酒室,https://t33.cdn2020.com/video/m3u8/2022/07/06/dd3bf573/index.m3u8
FSOG-004.不见星空.可仆服务,https://t33.cdn2020.com/video/m3u8/2022/06/30/213edab6/index.m3u8
FSOG-003.许木学长.御为献还债,https://t33.cdn2020.com/video/m3u8/2022/06/30/8f96c2cc/index.m3u8
FSOG-002.粉.游戏洛丽塔,https://t33.cdn2020.com/video/m3u8/2022/06/30/751fbfbd/index.m3u8
FSOG-001.粉.夹粉嫩小学,https://fqm3u8.com/20241212/FUnn8qXZ/1100kb/hls/index.m3u8
QDOG-024.小敏儿.cos猫娘的小福利,https://t26.cdn2020.com/video/m3u8/2023/06/11/ade99078/index.m3u8
QDOG-023.樱桃.寂寞新娘上外卖小哥,https://t26.cdn2020.com/video/m3u8/2023/06/01/0c237d9f/index.m3u8
QDOG-022.小敏儿.熟睡的室,https://t33.cdn2020.com/video/m3u8/2023/05/28/eec6d32d/index.m3u8
QDOG-020.樱桃.蜗居小牛偿房租,https://t33.cdn2020.com/video/m3u8/2023/05/17/629ad920/index.m3u8
QDOG-018.小敏儿.反差萝莉睡前服务,https://t33.cdn2020.com/video/m3u8/2023/05/07/28c705fe/index.m3u8
QDOG-016.樱桃.外卖小仆,https://t33.cdn2020.com/video/m3u8/2023/04/25/105f0cdf/index.m3u8
QDOG-015.cola酱.的骑士,https://t33.cdn2020.com/video/m3u8/2023/04/24/b486ba76/index.m3u8
QDOG-014.冉冉学.172级品高跟御,https://t33.cdn2020.com/video/m3u8/2023/04/24/0b3488c3/index.m3u8
QDOG-013.楚留香.36D室,https://t33.cdn2020.com/video/m3u8/2023/04/14/fb60e263/index.m3u8
QDOG-012.小敏儿.旗袍装蜜桃臀尤物,https://t33.cdn2020.com/video/m3u8/2023/04/13/90a34e7c/index.m3u8
QDOG-011.楚留香.高172空服务,https://t33.cdn2020.com/video/m3u8/2023/04/06/6392d1e7/index.m3u8
QDOG-010.91兔兔.饥渴反差学生,https://t33.cdn2020.com/video/m3u8/2023/03/31/c0e00bff/index.m3u8
QDOG-009.cola酱.主动的,https://t33.cdn2020.com/video/m3u8/2023/03/24/5a915be3/index.m3u8
QDOG-008.cola酱.骑娇弱台,https://t33.cdn2020.com/video/m3u8/2023/02/16/81da0673/index.m3u8
QDOG-006.cola酱.最佳撸点纯享版,https://t33.cdn2020.com/video/m3u8/2023/02/01/fc73dd29/index.m3u8
QDOG-005.cola酱.除魔修的堕落仪式,https://t33.cdn2020.com/video/m3u8/2023/02/17/4cad783c/index.m3u8
QDOG-004.cola酱.圣诞的奇妙验,https://t33.cdn2020.com/video/m3u8/2023/02/17/1412617d/index.m3u8
QDOG-003.cola酱.被包养的足球宝贝,https://t33.cdn2020.com/video/m3u8/2023/02/17/0f5b1200/index.m3u8
QDOG-002.粉.户外挑战开车过程玩跳蛋x车震,https://t33.cdn2020.com/video/m3u8/2023/02/17/aaa25225/index.m3u8
QDOG-001.粉.粉佳的极品美,https://t33.cdn2020.com/video/m3u8/2022/12/08/3f45ec04/index.m3u8
DAD-034.小林杏.爸气十足EP50,https://t33.cdn2020.com/video/m3u8/2024/08/29/a79a7737/index.m3u8
DAD-033.橫井智美.爸气十足EP49,https://t33.cdn2020.com/video/m3u8/2024/04/14/effa850f/index.m3u8
DAD-032.齐藤丽.爸气十足EP48,https://t33.cdn2020.com/video/m3u8/2024/03/17/43dc850d/index.m3u8
DAD-028.金井莉央.爸气十足EP44,https://t26.cdn2020.com/video/m3u8/2023/11/25/09eb3e55/index.m3u8
DAD-027.小林瑤子.爸气十足EP43,https://t26.cdn2020.com/video/m3u8/2023/11/12/a5f9de34/index.m3u8
DAD-026.緒方かなえ.爸气十足EP42,https://t26.cdn2020.com/video/m3u8/2023/11/05/b61902d3/index.m3u8
DAD-023.青山ひかる.爸气十足EP39,https://t26.cdn2020.com/video/m3u8/2023/10/13/feb4a3e2/index.m3u8
DAD-020.上原桃.爸气十足EP36,https://t26.cdn2020.com/video/m3u8/2023/09/16/345442d2/index.m3u8
DAD-019.竹莉莉.爸气十足EP35,https://t26.cdn2020.com/video/m3u8/2023/09/09/b807dbc1/index.m3u8
DAD-018.室井优.爸气十足EP34,https://t26.cdn2020.com/video/m3u8/2023/09/02/ede00617/index.m3u8
DAD-015.爸气十足EP31,https://t26.cdn2020.com/video/m3u8/2023/08/07/123f2091/index.m3u8
DAD-013.爸气十足EP29,https://t26.cdn2020.com/video/m3u8/2023/07/23/6805b0b8/index.m3u8
DAD-012.冰室梨花.爸气十足EP28,https://t26.cdn2020.com/video/m3u8/2023/07/16/fd097c54/index.m3u8
DAD-007.爸气十足EP23,https://t33.cdn2020.com/video/m3u8/2023/05/14/dab7cb30/index.m3u8
DAD-006.爸气十足EP22,https://t33.cdn2020.com/video/m3u8/2023/05/07/282a067d/index.m3u8
DAD-005.美樱.爸气十足EP21,https://t33.cdn2020.com/video/m3u8/2023/04/24/fb45a013/index.m3u8
DAD-004.小日向花恋.爸气十足EP20,https://t33.cdn2020.com/video/m3u8/2023/04/11/18fc4940/index.m3u8
DAD-003.条莉.爸气十足EP19,https://t33.cdn2020.com/video/m3u8/2023/03/24/0bb402bd/index.m3u8
DAD-002.望月优奈.爸气十足EP18,https://t33.cdn2020.com/video/m3u8/2023/03/15/9d49a653/index.m3u8
DAD-001.浅尾美羽.爸气十足EP17,https://t33.cdn2020.com/video/m3u8/2023/02/23/555c89a4/index.m3u8
TZ-209.岡本もも.极上风俗侍奉,https://t33.cdn2020.com/video/m3u8/2026/03/05/cec3b7e2/index.m3u8
TZ-208.月野静.月野静的伊豆SEXY之旅,https://t33.cdn2020.com/video/m3u8/2026/02/21/ccafad39/index.m3u8
TZ-207.伊东濑.和日本甜的横滨着之旅,https://t33.cdn2020.com/video/m3u8/2026/02/13/be35ff8d/index.m3u8
TZ-205.七瀬恋.用陷阱夺走了的,https://t33.cdn2020.com/video/m3u8/2025/09/17/42451b1e/index.m3u8
TZ-204.伊藤小春.超痴射停不下来,https://t33.cdn2020.com/video/m3u8/2025/09/05/f0fff176/index.m3u8
TZ-203.井美咲.巨乱颤液横飞,https://t33.cdn2020.com/video/m3u8/2025/08/22/89ae1921/index.m3u8
TZ-202.Eren.混血少射到爽,https://t33.cdn2020.com/video/m3u8/2025/08/01/552d85d6/index.m3u8
TZ-181.樱花实录EP26.酒店幽会湿少,https://t33.cdn2020.com/video/m3u8/2025/01/08/676b8390/index.m3u8
TZ-180.樱花实录EP25.射少,https://t33.cdn2020.com/video/m3u8/2024/12/26/1d31cc8d/index.m3u8
TZ-179.樱花实录EP24.着少白虎美,https://t33.cdn2020.com/video/m3u8/2024/12/20/c13d3d51/index.m3u8
TZ-178.樱花实录EP23下.4P车轮战,https://t33.cdn2020.com/video/m3u8/2024/11/27/ebe24eaa/index.m3u8
TZ-178.樱花实录EP23上.4P激,https://t33.cdn2020.com/video/m3u8/2024/11/21/8c29adfa/index.m3u8
TZ-177.樱花实录EP22.4P乱交射,https://t33.cdn2020.com/video/m3u8/2024/11/14/a58b6a7e/index.m3u8
TZ-176.樱花实录EP21.地铁偶遇短裙JK,https://t33.cdn2020.com/video/m3u8/2024/11/07/8957b643/index.m3u8
TZ-175.伊藤小春.樱花实录EP20.射致樱花,https://t33.cdn2020.com/video/m3u8/2024/10/31/22fa7d38/index.m3u8
TZ-174.樱花实录EP19.射蒙面巨,https://t33.cdn2020.com/video/m3u8/2024/10/23/c540be37/index.m3u8
TZ-173.樱花实录EP18.射清纯少,https://t33.cdn2020.com/video/m3u8/2024/10/16/00382ab6/index.m3u8
TZ-172.樱花实录EP17.三P射,https://t33.cdn2020.com/video/m3u8/2024/10/09/18231401/index.m3u8
TZ-171.樱花实录EP16.陪酒拍摄初验,https://t33.cdn2020.com/video/m3u8/2024/10/03/eef65635/index.m3u8
TZ-170.樱花实录EP15.日本辣带回家,https://t33.cdn2020.com/video/m3u8/2024/09/26/fcec18b6/index.m3u8
TZ-169.樱花实录EP14.3P射白虎嫩,https://t33.cdn2020.com/video/m3u8/2024/09/19/dc568cbd/index.m3u8
TZ-168.樱花实录EP13.秘会,https://t33.cdn2020.com/video/m3u8/2024/09/13/b0d76e69/index.m3u8
TZ-167.野遥香.樱花实录EP12.短发辣无套射,https://t33.cdn2020.com/video/m3u8/2024/08/15/ea307a2e/index.m3u8
TZ-166.樱花实录EP11.浓厚,https://t33.cdn2020.com/video/m3u8/2024/08/08/773078da/index.m3u8
TZ-165.田奈奈.樱花实录EP10.酒店会,https://t33.cdn2020.com/video/m3u8/2024/08/01/4993fa27/index.m3u8
TZ-164.樱花实录EP9.纯少3P,https://t33.cdn2020.com/video/m3u8/2024/07/26/dd08ad41/index.m3u8
TZ-163.樱花实录EP8.JK少双飞记,https://t33.cdn2020.com/video/m3u8/2024/07/19/e2dbfd4f/index.m3u8
TZ-162.NAMI.樱花实录EP7.仆4P作战,https://t33.cdn2020.com/video/m3u8/2024/07/11/1ae2f6c7/index.m3u8
TZ-161.KOYUKI.樱花实录EP6.4P岛国,https://t33.cdn2020.com/video/m3u8/2024/07/04/b6861746/index.m3u8
TZ-160.AIKO.樱花实录EP5.孕按摩3P,https://t33.cdn2020.com/video/m3u8/2024/06/29/16ffc0f1/index.m3u8
TZ-159.芹泽由纪.竹莉莉.闺蜜双飞带樱花回家,https://t33.cdn2020.com/video/m3u8/2024/06/21/cb3bd01e/index.m3u8
TZ-158.菅本有纪.深夜电车痴梦,https://t33.cdn2020.com/video/m3u8/2024/06/14/727a0855/index.m3u8
TZ-157.佐佐木野.樱花实录EP4.风俗上门面试,https://t33.cdn2020.com/video/m3u8/2024/06/07/fb0ffb57/index.m3u8
TZ-156.野遥香.樱花实录EP3.金发辣激,https://t33.cdn2020.com/video/m3u8/2024/05/30/86203981/index.m3u8
TZ-155.竹下麻衣.应召郎上门服务,https://t33.cdn2020.com/video/m3u8/2024/05/23/523be4ad/index.m3u8
TZ-154.七瀬恋.你的专属仆贴心的白嫩仆,https://t33.cdn2020.com/video/m3u8/2024/05/09/d1bb291a/index.m3u8
TZ-153.天音美纱.日本少VS欧美巨根,https://t33.cdn2020.com/video/m3u8/2024/05/03/52589b83/index.m3u8
TZ-152.竹下麻衣.樱花实录EP2.深夜搭讪少,https://t33.cdn2020.com/video/m3u8/2024/04/27/80f0e52c/index.m3u8
TZ-151.美腿巨3P战.双子兄弟,https://t33.cdn2020.com/video/m3u8/2024/04/17/5bc0345b/index.m3u8
TZ-150.芹泽由纪.日本少COSPLAY原神,https://t33.cdn2020.com/video/m3u8/2024/04/12/39f39551/index.m3u8
TZ-149.田奈奈.樱花实录EP1.处童贞毕业,https://t33.cdn2020.com/video/m3u8/2024/04/06/7d0f60bb/index.m3u8
TZ-148.南瑠奈.与混血的,https://6m7d1.cdnedge.live/file/avple-asserts/hls/66040e2c93385d2c0ab570a9/playlist.m3u8
TZ-147.北条玲香.和室潜入搜查官,https://l87ul1.cdnedge.live/file/avple-asserts/hls/6600cfcafe177e743527bb59/playlist.m3u8
TZ-146.菅本有纪.日本超美花魁.第一视角沉浸验,https://t33.cdn2020.com/video/m3u8/2024/03/13/644fe91b/index.m3u8
TZ-138.天音美纱.双子兄弟EP6.3P战巨根挑战,https://t26.cdn2020.com/video/m3u8/2024/01/17/ce79e7c8/index.m3u8
TZ-135.变态干爹的调教,https://t26.cdn2020.com/video/m3u8/2023/12/28/21f97787/index.m3u8
TZ-132.月野静.别墅潜入搜查官,https://t26.cdn2020.com/video/m3u8/2023/12/07/b396a801/index.m3u8
TZ-131.柚木诗.兔子按摩院EP7,https://t26.cdn2020.com/video/m3u8/2023/11/30/89903c6f/index.m3u8
TZ-129.室井优.新开发超纯学生,https://t26.cdn2020.com/video/m3u8/2023/11/18/0c81a1a1/index.m3u8
TZ-126-2.侣搭讪游戏(下) 不知道的秘,https://t26.cdn2020.com/video/m3u8/2023/10/27/9359a7ca/index.m3u8
TZ-125.真希波.南兰.全裸3P家族,https://t26.cdn2020.com/video/m3u8/2023/10/11/95d79fb2/index.m3u8
TZ-124.原圣子.职场法则 岛国神,https://t26.cdn2020.com/video/m3u8/2023/10/05/5f179317/index.m3u8
TZ-122.七濑恋.我们的定,https://t26.cdn2020.com/video/m3u8/2023/09/21/a4bbae4f/index.m3u8
TZ-120.绫波丽.优私生活公开,https://t26.cdn2020.com/video/m3u8/2023/09/06/51735be6/index.m3u8
TZ-119.石川律子.乱钢琴教师的私生活,https://t26.cdn2020.com/video/m3u8/2023/08/31/b677045c/index.m3u8
TZ-115.望月优奈.变态公公调教儿媳,https://t26.cdn2020.com/video/m3u8/2023/08/02/d8ef06e0/index.m3u8
TZ-114.天音美纱.户外特辑之岩洞荒野求,https://t26.cdn2020.com/video/m3u8/2023/07/19/37e7a6c0/index.m3u8
TZ-113.绫波丽.我的百变,https://t26.cdn2020.com/video/m3u8/2023/07/12/12126ee3/index.m3u8
TZ-112.原圣子.兔子按摩院EP6.国宝极K杯巨,https://t26.cdn2020.com/video/m3u8/2023/07/06/b716b22d/index.m3u8
TZ-111.羽月萌音.日式油按摩上门服务,https://t26.cdn2020.com/video/m3u8/2023/07/28/343c726a/index.m3u8
TZ-110.小岛凛.节巨儿,https://t26.cdn2020.com/video/m3u8/2023/06/16/b5d9fa65/index.m3u8
TZ-108.绫波丽.痴与植物丈夫,https://t26.cdn2020.com/video/m3u8/2023/05/28/930b2ffc/index.m3u8
TZ-106.条莉.节特别篇给儿子的礼物,https://t33.cdn2020.com/video/m3u8/2023/05/11/3b3e3761/index.m3u8
TZ-105.原圣子.岛国特泡泡浴EP4.K杯神美享受,https://t33.cdn2020.com/video/m3u8/2023/05/05/3114e7f0/index.m3u8
TZ-104.白石麻衣.兔子按摩院EP5.巨技师贴服务,https://t33.cdn2020.com/video/m3u8/2023/04/28/a3b52dfe/index.m3u8
TZ-103.真希波.酒醉捡回家EP4.寂寞OL深夜谈心,https://t33.cdn2020.com/video/m3u8/2023/04/21/87289463/index.m3u8
TZ-102.凌波丽.兔子按摩院EP4.颜值神激烈,https://t33.cdn2020.com/video/m3u8/2023/04/14/faeaed75/index.m3u8
TZ-101.美樱.突然袭击乱入3P,https://t33.cdn2020.com/video/m3u8/2023/04/07/c0d87b85/index.m3u8
TZ-099.浅尾美羽.春之夜与她一夜久难忘,https://t33.cdn2020.com/video/m3u8/2023/03/23/0266a92f/index.m3u8
TZ-098.增田枫.与的一天,https://t33.cdn2020.com/video/m3u8/2023/03/16/54d9ddc9/index.m3u8
TZ-097.香月怜.痴社长的玩物,https://t33.cdn2020.com/video/m3u8/2023/03/09/ae6abc66/index.m3u8
TZ-096.美樱.债偿,https://t33.cdn2020.com/video/m3u8/2023/02/26/de4ac4ca/index.m3u8
TZ-095.白石麻衣.兔子按摩院EP3.极品,https://t33.cdn2020.com/video/m3u8/2023/03/01/b6f1d675/index.m3u8
TZ-094.绫波丽.主播,https://t33.cdn2020.com/video/m3u8/2023/02/19/035f0516/index.m3u8
TZ-093.香月怜.好呻吟,https://t33.cdn2020.com/video/m3u8/2023/02/08/3bc2dbf8/index.m3u8
TZ-093.筱崎沙罗.好呻吟,https://t33.cdn2020.com/video/m3u8/2023/02/05/4af69bed/index.m3u8
TZ-092.真希波.学班花实录,https://t33.cdn2020.com/video/m3u8/2023/02/05/c9872abe/index.m3u8
TZ-091.天音美纱.岛国特泡泡浴EP3,https://t33.cdn2020.com/video/m3u8/2023/01/19/d4d85505/index.m3u8
TZ-090.明日香.兔子按摩院EP1.,https://t33.cdn2020.com/video/m3u8/2023/01/13/fe8d35ae/index.m3u8
TZ-089.樱井美里.爸气十足EP16.巨美的,https://t33.cdn2020.com/video/m3u8/2023/01/05/0a0096e0/index.m3u8
TZ-086.七原菜菜子.爸气十足EP15,https://t33.cdn2020.com/video/m3u8/2022/12/21/f5853d44/index.m3u8
TZ-085.绫波丽.给前的订婚礼物,https://t33.cdn2020.com/video/m3u8/2022/12/08/3f9936ee/index.m3u8
TZ-084.我的美国,https://t33.cdn2020.com/video/m3u8/2022/12/01/c8b177c5/index.m3u8
TZ-083.日本高生上门援交,https://t33.cdn2020.com/video/m3u8/2022/11/25/bfe0c227/index.m3u8
TZ-082.绫波丽.酒醉捡回家EP3.肆意玩弄巨OL,https://t33.cdn2020.com/video/m3u8/2022/11/17/a72c9fb8/index.m3u8
TZ-081.明日香.按摩院,https://t33.cdn2020.com/video/m3u8/2022/11/10/7fd9b04a/index.m3u8
TZ-080.天音美纱.爸气十足EP14.白虎巨细腰,https://t33.cdn2020.com/video/m3u8/2022/11/03/fea17fad/index.m3u8
TZ-079.七濑恋.空贴服务,https://t33.cdn2020.com/video/m3u8/2022/10/27/394b8c36/index.m3u8
TZ-078-02.我的机器.下篇,https://t33.cdn2020.com/video/m3u8/2022/10/20/47282dec/index.m3u8
TZ-078-01.我的机器.上篇,https://t33.cdn2020.com/video/m3u8/2022/10/13/61625046/index.m3u8
TZ-077.绫波丽.朋的幻想,https://t33.cdn2020.com/video/m3u8/2022/10/06/0ed2fe28/index.m3u8
TZ-076.望月优奈.海贼王REO同COSPLAY,https://t33.cdn2020.com/video/m3u8/2022/10/06/4ff17848/index.m3u8
TZ-075-02.绫波丽.秋团圆.下篇,https://t33.cdn2020.com/video/m3u8/2022/09/22/9dc817b0/index.m3u8
TZ-075-01.绫波丽.秋团圆.上篇,https://t33.cdn2020.com/video/m3u8/2022/09/15/58c01cf6/index.m3u8
TZ-074.望月优奈.恩我师从开始,https://t33.cdn2020.com/video/m3u8/2022/09/09/c7413052/index.m3u8
TZ-073.樱井美里.极致享受日式泡泡浴,https://t33.cdn2020.com/video/m3u8/2022/09/03/c60f71ba/index.m3u8
TZ-072.爸气十足EP13.会金发巨学生,https://t33.cdn2020.com/video/m3u8/2022/08/25/a7773b7b/index.m3u8
TZ-071.丽香.优面试现场实录.为求工作献导演,https://t33.cdn2020.com/video/m3u8/2022/08/20/70ea8d83/index.m3u8
TZ-070-EP4.桥本菜.真希波..滴滴打.直达高潮天堂的共乘之旅,https://t33.cdn2020.com/video/m3u8/2022/09/26/200cec66/index.m3u8
TZ-070-EP3.桥本菜.真希波..接受吧落败的飞,https://t33.cdn2020.com/video/m3u8/2022/09/19/116931a4/index.m3u8
TZ-070-EP2.桥本菜.真希波.终极惩罚.队接力.急速射交棒,https://t33.cdn2020.com/video/m3u8/2022/09/12/088f8bf5/index.m3u8
TZ-070-EP1.桥本菜.真希波..终极惩罚.落败者的4P激战,https://t33.cdn2020.com/video/m3u8/2022/09/04/f0f9efce/index.m3u8
TZ-069.七濑恋.养育之恩以相报,https://t33.cdn2020.com/video/m3u8/2021/01/13/a397bae2/index.m3u8
TZ-068.绫波丽.湿夜,https://t33.cdn2020.com/video/m3u8/2022/08/07/dcf22a61/index.m3u8
TZ-067.绫波丽.爸气十足EP12,https://t33.cdn2020.com/video/m3u8/2022/07/28/197f4133/index.m3u8
TZ-066.橘美也.好挑战赛,https://t33.cdn2020.com/video/m3u8/2022/07/21/4128236c/index.m3u8
TZ-065.野惠子.替夫还债,https://t33.cdn2020.com/video/m3u8/2022/07/15/d54c6824/index.m3u8
TZ-064.酒井.酒醉捡回家EP2,https://t33.cdn2020.com/video/m3u8/2022/07/07/7a0b53a5/index.m3u8
TZ-063.绫波丽.机初验,https://t33.cdn2020.com/video/m3u8/2022/07/01/3ab12848/index.m3u8
TZ-062-02.樱井美里.两天一夜持续侵犯.后篇,https://t33.cdn2020.com/video/m3u8/2022/06/23/3fc909a7/index.m3u8
TZ-062-01.樱井美里.两天一夜持续侵犯.前篇,https://t33.cdn2020.com/video/m3u8/2022/06/16/3adfa17f/index.m3u8
TZ-061.明日香.上门按摩东瀛,https://t33.cdn2020.com/video/m3u8/2022/06/09/defd27ee/index.m3u8
TZ-058.绫波丽.土下座痴OL.奉仕谢罪,https://t26.cdn2020.com/video/m3u8/2022/05/20/3e1dc57f/index.m3u8
TZ-050.明日香.东京故事EP8.蒙眼手铐3P,https://t26.cdn2020.com/video/m3u8/2022/03/15/682ecb24/index.m3u8
TZ-048.明日香.樱井美里.痴3P后篇.激榨,https://t26.cdn2020.com/video/m3u8/2022/03/10/1cf2f450/index.m3u8
TZ-046.羽月萌音.街头搭讪小猫,https://t26.cdn2020.com/video/m3u8/2022/02/23/5edf380e/index.m3u8
TZ-045.明日香.东京故事EP6.机虽好不如,https://t26.cdn2020.com/video/m3u8/2022/02/17/de20e672/index.m3u8
TZ-044.明日香.东京故事EP5.意乱发,https://t26.cdn2020.com/video/m3u8/2022/02/10/b6d5bced/index.m3u8
TZ-042.樱井美里.过年前篇.巨领红包,https://t26.cdn2020.com/video/m3u8/2022/02/07/0c7f8933/index.m3u8
TZ-041.野惠子.岛国仆为你服务,https://t26.cdn2020.com/video/m3u8/2022/01/20/cfb723db/index.m3u8
TZ-040.双子兄弟EP4.巨少疯狂榨,https://t26.cdn2020.com/video/m3u8/2022/01/13/081d936c/index.m3u8
TZ-029.宫泽蓝.双子兄弟EP3.王求不满,https://t33.cdn2020.com/video/m3u8/2021/11/11/61c3e350/index.m3u8
PS035.青木零.雨天搭讪岛国,https://t26.cdn2020.com/video/m3u8/2023/12/24/3bdfb1fa/index.m3u8
PS031.板仓宁宁.留学少网吧,https://t26.cdn2020.com/video/m3u8/2023/11/01/1e900907/index.m3u8
PS030.田香.搭讪失恋少邻居,https://t33.cdn2020.com/video/m3u8/2023/05/03/5be30355/index.m3u8
PS029.齐藤丽.咖啡店搭讪温柔,https://t33.cdn2020.com/video/m3u8/2023/04/18/a703c32c/index.m3u8
PS028.小熊汐里.深夜家少带回家,https://t33.cdn2020.com/video/m3u8/2023/04/02/ab426671/index.m3u8
PS027.秋山理惠.初验日本会软件,https://t33.cdn2020.com/video/m3u8/2023/03/10/a8a3cdf2/index.m3u8
PS026.柚木诗.阪远征关西少指导,https://t33.cdn2020.com/video/m3u8/2023/02/13/01fe2c66/index.m3u8
PS025.筱崎沙罗.我的外国冤种兄弟4P作战,https://t33.cdn2020.com/video/m3u8/2023/01/13/bde6dc85/index.m3u8
PS023.桥本菜.搭讪传单打工,https://t33.cdn2020.com/video/m3u8/2022/12/17/39c3284f/index.m3u8
PS022.天音美纱.飞镖店搭讪美少,https://t33.cdn2020.com/video/m3u8/2022/12/09/52cf4cfc/index.m3u8
PS021.冰室梨花.技师上门服务,https://t33.cdn2020.com/video/m3u8/2022/12/04/d7f3c5a4/index.m3u8
PS020.南兰.车站搭讪金发辣,https://t33.cdn2020.com/video/m3u8/2022/11/26/0ddf691f/index.m3u8
PS019.吉冈双叶.S极神舌连续榨,https://t33.cdn2020.com/video/m3u8/2022/11/18/da19589c/index.m3u8
PS018.七原菜菜子.见超学生,https://t33.cdn2020.com/video/m3u8/2022/11/11/472f74b4/index.m3u8
PS017.条莉.激3P巨家政,https://t33.cdn2020.com/video/m3u8/2022/11/08/95f1a25c/index.m3u8
PS016.莫奈.保时捷美修车记,https://t33.cdn2020.com/video/m3u8/2022/10/29/5f43a69c/index.m3u8
PS015.小泽丽.搭讪混血兔郎,https://t33.cdn2020.com/video/m3u8/2022/10/21/68a4f7ef/index.m3u8
PS014.高岛薰.遭遇调教王,https://t33.cdn2020.com/video/m3u8/2022/10/16/a95b9c0e/index.m3u8
PS013.藤田美绪.搭讪风邻居,https://t33.cdn2020.com/video/m3u8/2022/10/08/7f62c79e/index.m3u8
PS012.椎名未央.求不满上门求,https://t33.cdn2020.com/video/m3u8/2022/10/01/b49f0bc6/index.m3u8
PS011.濑户杏奈.上门服务童贞毕业,https://t33.cdn2020.com/video/m3u8/2022/09/25/50b68110/index.m3u8
PS009.浅尾美羽.搭讪清纯高生,https://t33.cdn2020.com/video/m3u8/2022/09/10/b3b3ae52/index.m3u8
PS008.绫波丽.搭讪最美神,https://t33.cdn2020.com/video/m3u8/2022/09/03/aaed3a9e/index.m3u8
PS007.浅仓静香.搭讪巨美少,https://t33.cdn2020.com/video/m3u8/2022/08/26/26479221/index.m3u8
PS005.竹下麻衣.搭讪纹学生,https://t33.cdn2020.com/video/m3u8/2022/08/14/dfd989c8/index.m3u8
PS004.神谷怜.街头搭讪酒后少,https://t33.cdn2020.com/video/m3u8/2022/07/25/4aa05fbb/index.m3u8
PS003.铃木美樱.海边搭讪多高生,https://t33.cdn2020.com/video/m3u8/2022/07/15/fcd2e462/index.m3u8
PS002.七濑恋.搭讪早稻田学生,https://t33.cdn2020.com/video/m3u8/2022/07/01/834908c0/index.m3u8
PS001.真希波.搭讪20岁日本辣,https://t33.cdn2020.com/video/m3u8/2022/06/17/3f7bea72/index.m3u8
兔子先生.樱井美里.日本金莲领我回家.万圣节紧急企画,https://t33.cdn2020.com/video/m3u8/2021/10/31/c30062bc/index.m3u8
JDKR052.青木澪.与阪网奔现东京酒店,https://t26.cdn2020.com/video/m3u8/2024/01/24/f5a0f5c4/index.m3u8
JDKR034.寂寞的失恋学,https://t26.cdn2020.com/video/m3u8/2023/06/27/6d377cdc/index.m3u8
JDKR033.学告白,https://t26.cdn2020.com/video/m3u8/2023/06/25/d017a3a5/index.m3u8
JDKR031.安西梦.抗日奇侠.借住同事,https://t33.cdn2020.com/video/m3u8/2023/04/18/24a35541/index.m3u8
JDKR030.香月怜.抗日.我的家庭健教练,https://t33.cdn2020.com/video/m3u8/2023/04/14/3a8ccd5d/index.m3u8
JDKR029.小熊汐里.东抗日.配对软件爸爸活,https://t33.cdn2020.com/video/m3u8/2023/04/13/92544c1d/index.m3u8
JDKR028.相泽优奈.抗日奇侠.前求复合被,https://t33.cdn2020.com/video/m3u8/2023/04/09/3c52244f/index.m3u8
JDKR027.神谷怜.抗日奇侠.自慰室,https://t33.cdn2020.com/video/m3u8/2023/03/29/f1bf91cb/index.m3u8
JDKR026.抗日奇侠.醉酒同事,https://t33.cdn2020.com/video/m3u8/2023/03/25/91305712/index.m3u8
JDKR024.桥本菜.抗日奇侠.拍前,https://t33.cdn2020.com/video/m3u8/2023/03/22/8b22f1de/index.m3u8
JDKR023.抗日奇侠.停上门服务,https://t33.cdn2020.com/video/m3u8/2023/04/09/4947b019/index.m3u8
JDKR022.明步奈.抗日奇侠.上门油按摩,https://t33.cdn2020.com/video/m3u8/2023/04/06/68efd191/index.m3u8
JDKR021.抗日奇侠.怒邻居老,https://t33.cdn2020.com/video/m3u8/2023/04/02/0505e834/index.m3u8
JDKR020.抗日奇侠.阪见网,https://t33.cdn2020.com/video/m3u8/2023/03/31/b5fdb393/index.m3u8
JDKR019.天音美纱.抗日奇侠.诱房客,https://t33.cdn2020.com/video/m3u8/2023/03/19/75a140fc/index.m3u8
JDKR018.七濑恋.抗日奇侠.仆专门店验,https://t33.cdn2020.com/video/m3u8/2023/03/16/928ed1b0/index.m3u8
JDKR017.吉冈双叶.抗日奇侠.交专门店,https://t33.cdn2020.com/video/m3u8/2023/03/14/11073147/index.m3u8
JDKR016.南兰.抗日奇侠.教日本学文,https://t33.cdn2020.com/video/m3u8/2023/03/12/a2404845/index.m3u8
JDKR015.金井莉央.抗日.推特网,https://t33.cdn2020.com/video/m3u8/2023/03/09/9ee39ca8/index.m3u8
JDKR013.增田枫.抗日.媚家政,https://t33.cdn2020.com/video/m3u8/2023/03/06/6864b712/index.m3u8
JDKR012.本桥香澄.抗日.爸爸活,https://t33.cdn2020.com/video/m3u8/2023/03/06/46618a18/index.m3u8
JDKR011.藤谷麻里奈.趣风俗店,https://t33.cdn2020.com/video/m3u8/2023/02/28/3e961e5e/index.m3u8
JDKR005.冰室梨花.我射了我的日语语老师,https://t33.cdn2020.com/video/m3u8/2022/11/18/d35c2c74/index.m3u8
JDKR004.望月优奈.抗日奇侠.NO4.忘记交电费的邻居,https://t33.cdn2020.com/video/m3u8/2022/11/15/eaf2a55b/index.m3u8
JDKR003.抗日奇侠.NO3.私拍日本单纯的白虎嫩,https://t33.cdn2020.com/video/m3u8/2022/11/10/059ab604/index.m3u8
JDKR001.藤田美绪.抗日奇侠.NO1.我射了日本丰韵的兼职,https://t33.cdn2020.com/video/m3u8/2022/11/09/04c1456c/index.m3u8
JDXYX037.黎芷萱.高傲上司被下属,https://t26.cdn2020.com/video/m3u8/2023/12/22/0325a5c5/index.m3u8
JDXYX030.芹泽由纪 临时借宿的小婊,https://t26.cdn2020.com/video/m3u8/2023/12/16/2375bf00/index.m3u8
JDXYX028.香月怜.帮我的处朋子,https://t26.cdn2020.com/video/m3u8/2023/11/08/3ad1eb46/index.m3u8
JDXYX027.林思妤.处的搭讪计划,https://t33.cdn2020.com/video/m3u8/2023/01/29/fe0d89b2/index.m3u8
JDXYX026.小婕.叛徒神器.货只在神器,https://t33.cdn2020.com/video/m3u8/2023/01/27/058929c7/index.m3u8
JDXYX025.相泽悠奈.帮同学课后补习,https://t33.cdn2020.com/video/m3u8/2022/11/29/823f53fd/index.m3u8
JDXYX024.坏坏.老师帮帮我,https://t33.cdn2020.com/video/m3u8/2022/12/01/98aef966/index.m3u8
JDXYX023.夕慈.清纯巨同学帮我破处,https://t33.cdn2020.com/video/m3u8/2022/11/26/46e3c266/index.m3u8
JDXYX022.昀希.货OL用纾解,https://t33.cdn2020.com/video/m3u8/2022/11/25/49abb18f/index.m3u8
JDXYX021.真希波.安慰酒醉好,https://t33.cdn2020.com/video/m3u8/2022/11/23/d610ea33/index.m3u8
JDXYX020.南兰.诱导师,https://t33.cdn2020.com/video/m3u8/2022/11/19/e1313210/index.m3u8
JDXYX019.七濑恋.我的专属仆,https://t33.cdn2020.com/video/m3u8/2022/11/10/fc1cfe86/index.m3u8
JDXYX018.七原菜菜子.鬼侵犯儿,https://t33.cdn2020.com/video/m3u8/2022/11/09/e13ffc11/index.m3u8
JDXYX017.冰室梨花.霸道的迫日常,https://t33.cdn2020.com/video/m3u8/2022/11/09/fe245f12/index.m3u8
JDXYX016.玥玥.远房戚的不伦,https://t33.cdn2020.com/video/m3u8/2022/11/08/a28aa5e6/index.m3u8
JDXYX015.林思妤.小资缴不房租被房东侵犯,https://t33.cdn2020.com/video/m3u8/2022/11/03/d01f9a11/index.m3u8
JDXYX014.汁汁.陪酒郎,https://t33.cdn2020.com/video/m3u8/2022/09/19/d73472fa/index.m3u8
JDXYX012.王白富美,https://t33.cdn2020.com/video/m3u8/2022/09/12/5cf97a12/index.m3u8
JDXYX011.斑斑.变态病患护士,https://t33.cdn2020.com/video/m3u8/2022/09/12/a76ebf58/index.m3u8
JDXYX010.白沛瑶.棒债狠裸贷少,https://t33.cdn2020.com/video/m3u8/2022/09/12/0648109f/index.m3u8
JDXYX009.林可晴.看黄片受不了竟泄,https://t33.cdn2020.com/video/m3u8/2022/09/12/a8977abd/index.m3u8
JDXYX008.吴文淇.裸模特被上到高潮,https://t33.cdn2020.com/video/m3u8/2022/09/12/4ec63c2a/index.m3u8
JDXYX007.坏坏.NTR小厨娘,https://t33.cdn2020.com/video/m3u8/2022/09/04/bb287df1/index.m3u8
JDXYX006.林可晴.激多会,https://t33.cdn2020.com/video/m3u8/2022/09/04/47d1b4f0/index.m3u8
JDXYX005.小日向花恋.同城会学生,https://t33.cdn2020.com/video/m3u8/2022/08/23/f06460ea/index.m3u8
JDXYX004.长谷川.线下哟啪仆,https://t33.cdn2020.com/video/m3u8/2022/08/20/94190c7e/index.m3u8
JDXYX003.清洛.帽偶遇前,https://t33.cdn2020.com/video/m3u8/2022/08/23/fe4bc17b/index.m3u8
JDXYX002.小影.下班后的财务变郎,https://t33.cdn2020.com/video/m3u8/2022/07/27/458d05fd/index.m3u8
JDXYX001.兔小白.火舞战术士反被,https://t33.cdn2020.com/video/m3u8/2022/07/25/fe5598e8/index.m3u8
JDYP042.林思妤.啪HOT到家,https://t33.cdn2020.com/video/m3u8/2022/09/19/c11321f5/index.m3u8
JDYP041.坏坏.双向补充蛋白质,https://t33.cdn2020.com/video/m3u8/2022/09/19/bb0c6d8b/index.m3u8
JDYP040.七濑恋.哟啪游戏陪玩,https://t33.cdn2020.com/video/m3u8/2022/09/14/0cd286db/index.m3u8
JDYP039.冬月结衣.啪优教学,https://t33.cdn2020.com/video/m3u8/2022/09/12/fb20267a/index.m3u8
JDYP038.真希波.啪瑜伽教练,https://t33.cdn2020.com/video/m3u8/2022/09/04/57de82eb/index.m3u8
JDYP037.林思妤.啪AV优梦想成真,https://t33.cdn2020.com/video/m3u8/2022/09/04/14254793/index.m3u8
JDYP036.陆斑比.叙旧表啪兼职,https://t33.cdn2020.com/video/m3u8/2022/09/03/3f19b28f/index.m3u8
JDYP035.望月优奈.啪衣设计师,https://t33.cdn2020.com/video/m3u8/2022/09/03/fe236058/index.m3u8
JDYP034.神谷怜.啪美术老师,https://t33.cdn2020.com/video/m3u8/2022/08/31/bdac90ac/index.m3u8
JDYP033.小泽丽.啪桌球,https://t33.cdn2020.com/video/m3u8/2022/08/30/be31a39e/index.m3u8
JDYP032.凌波丽.啪网红,https://t33.cdn2020.com/video/m3u8/2022/07/31/4e21c24e/index.m3u8
JDYP031.竹下麻衣.啪老师,https://t33.cdn2020.com/video/m3u8/2022/08/23/b12cdec5/index.m3u8
JDYP030.神谷怜.啪学生,https://t33.cdn2020.com/video/m3u8/2022/08/23/a31c054f/index.m3u8
JDYP029.娜娜.啪前,https://t33.cdn2020.com/video/m3u8/2022/08/23/be3a8d22/index.m3u8
JDYP028.高岛薰.哟啪上司,https://t33.cdn2020.com/video/m3u8/2022/07/18/00503cf9/index.m3u8
JJDYP026.小影.销售的第二工作,https://t33.cdn2020.com/video/m3u8/2022/07/15/7d24f7ff/index.m3u8
JDYP025.清洛.因啪而开挂的生2,https://t33.cdn2020.com/video/m3u8/2022/08/23/febe891b/index.m3u8
JDYP024.吉吉.相KTV,https://t33.cdn2020.com/video/m3u8/2022/07/12/ea19b068/index.m3u8
JDYP023.米娅.厨房,https://t33.cdn2020.com/video/m3u8/2022/07/11/0642a15f/index.m3u8
JDYP022.Aida.运之才,https://t33.cdn2020.com/video/m3u8/2022/07/07/afe67852/index.m3u8
JDYP021.吉吉.台球助教,https://t33.cdn2020.com/video/m3u8/2022/07/06/e7a09bb5/index.m3u8
JDYP020.清洛.因啪而开挂的生1,https://t33.cdn2020.com/video/m3u8/2022/07/05/351adc75/index.m3u8
JDYP019.米娅.冒牌啪,https://t33.cdn2020.com/video/m3u8/2022/07/05/8e21524a/index.m3u8
JDYP018.雨妍.白领为客户啪子,https://t33.cdn2020.com/video/m3u8/2022/07/05/49a9dc94/index.m3u8
JDYP017.吉吉.总裁上啪求刺激,https://t33.cdn2020.com/video/m3u8/2022/07/01/242fcefb/index.m3u8
JDYP016.KK.桃家政,https://t33.cdn2020.com/video/m3u8/2022/06/30/90bfc2e4/index.m3u8
JDYP015.清洛.啪代驾,https://t33.cdn2020.com/video/m3u8/2022/06/28/e745c06e/index.m3u8
JDYP014.米娅.,https://t33.cdn2020.com/video/m3u8/2022/06/25/e38c697a/index.m3u8
JDYP013.奈奈.边玩游戏边啪,https://t33.cdn2020.com/video/m3u8/2022/06/23/b6e68839/index.m3u8
JDYP012.吉吉.前任一哭现任未必输,https://t33.cdn2020.com/video/m3u8/2022/06/21/708ad082/index.m3u8
JDYP011.米娅.机啪嫩搐,https://t33.cdn2020.com/video/m3u8/2022/07/01/f3818435/index.m3u8
JDYP010.吉吉.侣啪考验,https://t33.cdn2020.com/video/m3u8/2022/06/16/0920f0b9/index.m3u8
JDYP009.KK.纪实司机啪嫩模,https://t33.cdn2020.com/video/m3u8/2022/06/17/e31152e6/index.m3u8
JDYP008.安安.子帮丈夫,https://t33.cdn2020.com/video/m3u8/2022/06/09/8984ddd5/index.m3u8
JDYP007.Aida.农民工啪小嫩,https://t33.cdn2020.com/video/m3u8/2022/06/05/1a58872a/index.m3u8
JDYP004.米娅.啪到了,https://t26.cdn2020.com/video/m3u8/2022/05/28/0339ce39/index.m3u8
JD150.苡若.十三号星期五.杰森02,https://t33.cdn2020.com/video/m3u8/2023/05/18/e95e469e/index.m3u8
JD149.苡若.十三号星期五.杰森01,https://t33.cdn2020.com/video/m3u8/2023/05/13/26a0e2c1/index.m3u8
JD148.心萱.就算被老公发现也没关系.我和公公是真,https://t33.cdn2020.com/video/m3u8/2023/05/10/2c10c9be/index.m3u8
JD147.可菲.新娘结婚日让新郎戴帽,https://t33.cdn2020.com/video/m3u8/2023/04/29/4ecf27a8/index.m3u8
JD146.晨曦.超级电脑工具02,https://t33.cdn2020.com/video/m3u8/2023/04/28/2081b625/index.m3u8
JD144.香月怜.冲绳旅行.下集,https://t33.cdn2020.com/video/m3u8/2023/04/20/2168b8a6/index.m3u8
JD143.MOMO.童子军在捷运失去童子,https://t33.cdn2020.com/video/m3u8/2023/04/18/4a3de4f0/index.m3u8
JD142.晨曦.超级电脑工具01,https://t33.cdn2020.com/video/m3u8/2023/04/18/23f91fd4/index.m3u8
JD141.香月怜.冲绳旅行.上集,https://t33.cdn2020.com/video/m3u8/2023/04/09/5bc70b69/index.m3u8
JD140.昀希.欢乐小丑的幻想02,https://t33.cdn2020.com/video/m3u8/2023/04/09/320b3f96/index.m3u8
JD139.心萱.世界末日前夕的最后,https://t33.cdn2020.com/video/m3u8/2023/04/02/6392e284/index.m3u8
JD138.心萱.确诊了还是想做,https://t33.cdn2020.com/video/m3u8/2023/03/31/ef942b2c/index.m3u8
JD137.昀希.欢乐小丑的幻想01,https://t33.cdn2020.com/video/m3u8/2023/03/27/93ddb7de/index.m3u8
JD136.心萱.好想征服我那霸道的朋,https://t33.cdn2020.com/video/m3u8/2023/03/19/10917196/index.m3u8
JD135.坏坏.宠服侍刚下班的老,https://t33.cdn2020.com/video/m3u8/2023/03/12/10b6b09e/index.m3u8
JD134.心萱.夺回秋雅,https://t33.cdn2020.com/video/m3u8/2023/01/16/e24a91ad/index.m3u8
JD133.小雪.实习生的抉择,https://t33.cdn2020.com/video/m3u8/2022/12/01/7649638b/index.m3u8
JD132.汁汁.的叹息,https://t33.cdn2020.com/video/m3u8/2022/09/19/8f160f78/index.m3u8
JD131.樱井美里.浅尾美羽.江之岛恋(下),https://t33.cdn2020.com/video/m3u8/2022/07/27/c3d050cc/index.m3u8
JD130.桥本菜.真希波.藤田美绪.高桥熏.夜勤病栋(下),https://t33.cdn2020.com/video/m3u8/2022/06/19/5580662c/index.m3u8
JD129.樱井美里.浅尾美羽.江之岛恋(上),https://t33.cdn2020.com/video/m3u8/2022/07/18/dca25287/index.m3u8
JD128.吉吉.麻辣教师GTO,https://t33.cdn2020.com/video/m3u8/2022/07/31/cac99c1f/index.m3u8
JD127.樱井美里.圣地巡礼之搭讪波霸,https://t33.cdn2020.com/video/m3u8/2022/06/30/8dd79fe3/index.m3u8
JD126.七濑恋.怦然心动的小,https://t33.cdn2020.com/video/m3u8/2022/06/22/14d48528/index.m3u8
JD125.米娅.复仇者联盟.神奇侠VS美国队长,https://t33.cdn2020.com/video/m3u8/2022/06/13/80727673/index.m3u8
JD124.Aida.美少被美容师套路,https://t33.cdn2020.com/video/m3u8/2022/06/13/5428b839/index.m3u8
JD123.射表.悄悄上了喜裸睡表的床,https://t33.cdn2020.com/video/m3u8/2022/06/09/a4d7884f/index.m3u8
JD122.桥本菜.真希波.藤田美绪.高桥熏.夜勤病栋(上),https://t33.cdn2020.com/video/m3u8/2022/06/05/e3e65202/index.m3u8
JD121.桥本菜.子轮啪家庭教师,https://t33.cdn2020.com/video/m3u8/2022/06/04/f18193c3/index.m3u8
JD120.优优.你是我的眼之为献,https://t26.cdn2020.com/video/m3u8/2022/06/01/fdb0b2b4/index.m3u8
JD119.苏小小.隐退作品.你是我的眼,https://t33.cdn2020.com/video/m3u8/2022/06/04/fbc6deb2/index.m3u8
JD116.欣欣.闷求不满3,https://t26.cdn2020.com/video/m3u8/2022/05/25/5bef3e8e/index.m3u8
JD107.王晶晶.我的是,https://t33.cdn2020.com/video/m3u8/2022/08/11/670d3f22/index.m3u8
JD105.董欣.东按摩院.第一称视角带你临其境受极致验,https://t26.cdn2020.com/video/m3u8/2022/04/15/0ded9797/index.m3u8
JD101.我的是,https://pg2z71.cdnedge.live/file/avple-asserts/hls/63e4ee7372d51e77e837515b/playlist.m3u8
JD100.苏小小.疫无间有,https://t26.cdn2020.com/video/m3u8/2021/12/26/505a7365/index.m3u8
JD096.张晴.闷求不满2,https://t26.cdn2020.com/video/m3u8/2022/03/13/5f464ee9/index.m3u8
JD095.芳芳.我的老公在乌克兰.闷借酒消愁,https://t26.cdn2020.com/video/m3u8/2022/03/12/cec61966/index.m3u8
JD093.绫波丽.街头搭讪岛国美.自慰高潮主动求,https://t26.cdn2020.com/video/m3u8/2022/03/02/5da2d0a8/index.m3u8
JD089.萧悦儿.万万没想到之魔法少,https://t26.cdn2020.com/video/m3u8/2021/12/19/6c8b7a2f/index.m3u8
JD087.小舞.空阿莲的合租生活,https://t26.cdn2020.com/video/m3u8/2021/12/14/70aea41b/index.m3u8
JD084.林凤娇.逆袭之农民工,https://t26.cdn2020.com/video/m3u8/2021/12/02/34db055d/index.m3u8
JD081.辣辣.小鹿.吸九尾狐,https://t26.cdn2020.com/video/m3u8/2021/11/21/a56fabb0/index.m3u8
JD078.王小思.闷求不满.制服调教,https://t33.cdn2020.com/video/m3u8/2021/11/15/837baaaf/index.m3u8
JD077.张晴.道心,https://t33.cdn2020.com/video/m3u8/2021/11/13/14ffd03b/index.m3u8
JD076.可可.我是帽奴,https://t33.cdn2020.com/video/m3u8/2021/11/11/f4ba3946/index.m3u8
JD075.梁如意.美丽的儿媳.儿子不行就让我这公公满足你,https://t33.cdn2020.com/video/m3u8/2021/11/07/6c34d96c/index.m3u8
JD074.夏夏.美丽的继,https://t33.cdn2020.com/video/m3u8/2021/11/04/9dfa315a/index.m3u8
JD073.巨调教嫩.3P无套射后入,https://t33.cdn2020.com/video/m3u8/2021/10/31/10665b8a/index.m3u8
JD072.小白.金瓶梅.西门官奴家还要,https://t33.cdn2020.com/video/m3u8/2021/10/30/d9f6e2bb/index.m3u8
JD071.小美.咒怨之诅咒之家,https://t33.cdn2020.com/video/m3u8/2021/10/22/c90c9fcf/index.m3u8
JD070.克莱儿.万万没想到之白蛇传,https://t33.cdn2020.com/video/m3u8/2021/10/02/8a0dfe62/index.m3u8
JD069.上学生的.当美遇上渣老师,https://t33.cdn2020.com/video/m3u8/2021/09/30/836eb99d/index.m3u8
JD068.晓晓.Summer.赤裸特工,https://t33.cdn2020.com/video/m3u8/2021/10/17/cd2d8158/index.m3u8
JD067.小敏.小楠.上错花轿嫁对郎(下),https://t33.cdn2020.com/video/m3u8/2021/10/14/363040d1/index.m3u8
JD066.小楠.上错花轿嫁对郎(上),https://t33.cdn2020.com/video/m3u8/2021/09/28/1bee93b7/index.m3u8
JD065.布玛.囡囡.东北往事之白虎,https://t33.cdn2020.com/video/m3u8/2021/09/27/98c5d218/index.m3u8
JD064.杨思敏.嫦娥奔月.但愿长久千里共婵娟,https://t33.cdn2020.com/video/m3u8/2021/09/23/58df1fec/index.m3u8
JD063.乐乐.健,https://t33.cdn2020.com/video/m3u8/2021/09/25/7bd55242/index.m3u8
JD062.林雨露.东北往事之仙跳,https://t33.cdn2020.com/video/m3u8/2021/09/21/209a56a3/index.m3u8
JD061.囡囡.东北往事之风云,https://t33.cdn2020.com/video/m3u8/2021/09/19/ed5b849e/index.m3u8
JD060.知画.兄弟的老之,https://t33.cdn2020.com/video/m3u8/2021/09/15/c3993c5a/index.m3u8
JD059.杨思敏.百万交易.当你有钱时我的心里已经住着别,https://t33.cdn2020.com/video/m3u8/2021/09/12/d521106a/index.m3u8
JD058.囡囡.知画.邻家之隔壁张叔给我破处,https://t33.cdn2020.com/video/m3u8/2021/09/07/50e31fd9/index.m3u8
JD057.夏天.我的茶,https://t33.cdn2020.com/video/m3u8/2021/09/05/4299e70d/index.m3u8
JD056.真子丹面试粉,https://t33.cdn2020.com/video/m3u8/2021/08/31/cd70c10e/index.m3u8
JD055.凌雨萱.道风云之吃,https://t33.cdn2020.com/video/m3u8/2021/08/28/5a092b4b/index.m3u8
JD053.许诺.团之类高质量相记,https://t26.cdn2020.com/video/m3u8/2021/08/18/e318b697/index.m3u8
JD048.秋霞.少为救老公.诱王局长,https://t26.cdn2020.com/video/m3u8/2021/08/09/db8c9ec4/index.m3u8
JD047.克莱儿.百变神克莱尔.我的老师为何这么好看,https://t26.cdn2020.com/video/m3u8/2021/08/06/8b4720e4/index.m3u8
JD046.凌雨萱.原始社会好.美考古博士梦回石器时代,https://t26.cdn2020.com/video/m3u8/2021/08/05/c3e069ef/index.m3u8
JD044.克莱儿.诱ID.多重格为而,https://t26.cdn2020.com/video/m3u8/2021/07/30/fec11c5e/index.m3u8
JD043.秋霞.团有你之子图鉴.风尘子从良再下海,https://t26.cdn2020.com/video/m3u8/2021/07/29/dd11ae5a/index.m3u8
JD040.艾咪.克莱儿.找替.鬼化租客,https://t33.cdn2020.com/video/m3u8/2021/07/18/35fc4d31/index.m3u8
JD039.雪见.爸爸谢谢你收养我,https://t33.cdn2020.com/video/m3u8/2021/07/10/224efe31/index.m3u8
JD038.玲珑.雪见.雪卉.苏小小,https://t33.cdn2020.com/video/m3u8/2021/07/04/174b39a1/index.m3u8
JD036.雪见.倚天屠龙记,https://t33.cdn2020.com/video/m3u8/2021/06/26/353a4cb3/index.m3u8
JD035.苏小小.我的学生时代,https://t33.cdn2020.com/video/m3u8/2021/06/21/f3b838ff/index.m3u8
JD034.苏小小.雪卉.借种.两气神.双飞验轮番射,https://t33.cdn2020.com/video/m3u8/2021/06/15/78ee0782/index.m3u8
JD033.雪卉.天龙八部之逍遥圣,https://t33.cdn2020.com/video/m3u8/2021/06/10/c2c29fb8/index.m3u8
JD032.秦可欣.草莓味ㄦ林家小,https://t33.cdn2020.com/video/m3u8/2021/05/28/5df7449d/index.m3u8
JD031.苏小小.轨的子,https://t33.cdn2020.com/video/m3u8/2021/06/05/3b589214/index.m3u8
JD030.胡蓉蓉.唐昕怡.叶梦语.球战,https://t33.cdn2020.com/video/m3u8/2021/05/31/2bd92221/index.m3u8
JD029.苏小小.间谍7号,https://t33.cdn2020.com/video/m3u8/2021/05/23/8b3e033a/index.m3u8
JD028.胡蓉蓉.西取之儿国,https://t33.cdn2020.com/video/m3u8/2021/05/13/06f565f4/index.m3u8
JD027.苏小小.神雕侠侣,https://t33.cdn2020.com/video/m3u8/2021/05/21/8effedc1/index.m3u8
JD026.叶梦语.西取之三白骨,https://t33.cdn2020.com/video/m3u8/2021/05/20/dfe2194f/index.m3u8
JD025.雪见.叛逆学生.老师你好帅不要离开我,https://t33.cdn2020.com/video/m3u8/2021/05/10/270ec6b8/index.m3u8
JD024.胡蓉蓉.叶梦语.尸走,https://t33.cdn2020.com/video/m3u8/2021/05/16/7e82efc5/index.m3u8
JD023.雪见.过户.为了婚房委曲求全,https://t33.cdn2020.com/video/m3u8/2021/05/09/8f845633/index.m3u8
JD022.玲珑.苏小小.众筹夺花魁.三重帝王梦,https://t33.cdn2020.com/video/m3u8/2021/04/18/5c1ab2de/index.m3u8
JD020.玲珑.诱技师,https://t33.cdn2020.com/video/m3u8/2021/04/15/de8a748f/index.m3u8
JD019.苏小小.小子与植物夫,https://t33.cdn2020.com/video/m3u8/2021/04/11/99284479/index.m3u8
JD018.苏小小.房东与房客,https://t33.cdn2020.com/video/m3u8/2021/04/05/128a50d2/index.m3u8
JD017.雪卉.那一夜.那个孩上了我老的床,https://t33.cdn2020.com/video/m3u8/2021/04/03/b44cc42c/index.m3u8
JD016.胡蓉蓉.葫芦娃,https://t33.cdn2020.com/video/m3u8/2021/04/12/1830260d/index.m3u8
JD015.雪见.销售美的成功之路,https://t33.cdn2020.com/video/m3u8/2021/03/27/cc92d1fc/index.m3u8
JD014.玲珑.我的小,https://t33.cdn2020.com/video/m3u8/2021/02/20/f86fe613/index.m3u8
JD013.玲珑.我的机器,https://t33.cdn2020.com/video/m3u8/2021/02/19/d19743e2/index.m3u8
JD012.张芸熙.东新闻播报台.玩弄巨主播,https://t33.cdn2020.com/video/m3u8/2021/02/12/1ca1c2ec/index.m3u8
JD011.雪卉.玲珑.雪见.逆袭之民国传奇,https://t33.cdn2020.com/video/m3u8/2021/02/12/a9289893/index.m3u8
JD010.小悠.初为,https://t33.cdn2020.com/video/m3u8/2021/02/07/0c35b689/index.m3u8
JD009.雪见.爸爸的,https://t33.cdn2020.com/video/m3u8/2021/02/02/c1d93e76/index.m3u8
JD008.苏小小.那些年一起追过的孩,https://t33.cdn2020.com/video/m3u8/2021/01/30/9de97193/index.m3u8
JD007.雪卉.的,https://t33.cdn2020.com/video/m3u8/2021/01/23/6bb3a512/index.m3u8
JD006.兮颜.我的家教老师,https://t33.cdn2020.com/video/m3u8/2021/01/21/d77485f9/index.m3u8
JD005.雪见.叔叔与侄,https://t33.cdn2020.com/video/m3u8/2021/01/21/3b0a7436/index.m3u8
JD003.苏小小.的,https://t33.cdn2020.com/video/m3u8/2021/01/12/3dbc82b2/index.m3u8
JD002.梦瑶.我的东经历,https://t33.cdn2020.com/video/m3u8/2021/01/12/5ae041af/index.m3u8
JDMZ005.条莉.学生上老师,https://t33.cdn2020.com/video/m3u8/2022/11/18/79bbdec7/index.m3u8
JDMZ004.望月优奈.学的诱,https://t33.cdn2020.com/video/m3u8/2022/11/10/8cdb43c3/index.m3u8
JDMZ003.同学假扮老师PLAY同学,https://t33.cdn2020.com/video/m3u8/2022/11/09/aa461228/index.m3u8
JDMZ002.老公的同事上了我,https://t33.cdn2020.com/video/m3u8/2022/11/08/393c76d4/index.m3u8
JDMZ001.冰室梨花.曼紫依颜按摩师,https://t33.cdn2020.com/video/m3u8/2022/11/08/0d20cce6/index.m3u8
JDTY030.苏茜.逆袭之凌辱拜金,https://t33.cdn2020.com/video/m3u8/2022/12/21/6676934b/index.m3u8
JDTY029.苏茜.把刚学毕业的家教搞上床,https://t33.cdn2020.com/video/m3u8/2022/11/26/0c3edb03/index.m3u8
JDTY028.苏宁儿.嫩报复老公,https://t33.cdn2020.com/video/m3u8/2022/12/16/eb37955b/index.m3u8
JDTY027.苏宁儿.上我的漂亮房东,https://t33.cdn2020.com/video/m3u8/2022/11/26/125e8243/index.m3u8
JDTY026.增田枫.暗恋神.成为我的指导老师,https://t33.cdn2020.com/video/m3u8/2022/12/21/11044e8e/index.m3u8
JDTY025.吴文淇.要弟弟帮她解饥渴,https://t33.cdn2020.com/video/m3u8/2022/11/26/a8d74cc9/index.m3u8
JDTY024.吉原亚希.外表清纯的荡儿,https://t33.cdn2020.com/video/m3u8/2022/12/15/9cb49134/index.m3u8
JDTY023.吴文淇.表好会吹让我忍不住,https://t33.cdn2020.com/video/m3u8/2022/11/25/11b49667/index.m3u8
JDTY022.娃娃.我的荡儿好会摇,https://t33.cdn2020.com/video/m3u8/2022/11/18/ae6405f8/index.m3u8
JDTY021.小婕.用满足饥渴的,https://t33.cdn2020.com/video/m3u8/2022/11/25/5e76007b/index.m3u8
JDTY020.小婕.公媳激乱伦致怀孕生子,https://t33.cdn2020.com/video/m3u8/2022/11/15/63094de9/index.m3u8
JDTY019.李微微.荡外甥被到高潮,https://t33.cdn2020.com/video/m3u8/2022/11/25/d9818d72/index.m3u8
JDTY018.李微微.初休验要求哥哥放进来,https://t33.cdn2020.com/video/m3u8/2022/11/14/9d2657de/index.m3u8
JDTY017.吴文淇.趁哥哥不在爬进子的被窝,https://t33.cdn2020.com/video/m3u8/2022/11/26/f577c8a6/index.m3u8
JDTY016.吴文淇.侄子硬上荡小姑,https://t33.cdn2020.com/video/m3u8/2022/11/11/fad74b6b/index.m3u8
JDTY015.唐雨霏.波涛汹涌的无法忍受的奇耻,https://t33.cdn2020.com/video/m3u8/2022/11/25/13c3b0f3/index.m3u8
JDTY014.苡若.弟的国王游戏,https://t33.cdn2020.com/video/m3u8/2022/11/23/a29cca3a/index.m3u8
JDTY013.茶茶.趁爸不在家兄乱伦,https://t33.cdn2020.com/video/m3u8/2022/11/23/ae93e474/index.m3u8
JDTY012.白熙雨.子乱伦用填满,https://t33.cdn2020.com/video/m3u8/2022/11/26/54f96d96/index.m3u8
JDTY011.林玥玥.我的嫩小,https://t33.cdn2020.com/video/m3u8/2022/11/18/e7e738da/index.m3u8
JDTY010.白熙雨.胸美健反被教练,https://t33.cdn2020.com/video/m3u8/2022/12/25/8b8afb5a/index.m3u8
JDTY009.白熙雨.我的足球宝贝,https://t33.cdn2020.com/video/m3u8/2022/12/04/6ab358bb/index.m3u8
JDTY008.唐雨霏.巷子里攻占单车美小,https://t33.cdn2020.com/video/m3u8/2022/12/23/23fa8d0a/index.m3u8
JDTY007.唐雨霏.野外露记,https://t33.cdn2020.com/video/m3u8/2022/12/04/c41ae953/index.m3u8
JDTY006.莉娜.老的一直勾引我,https://t33.cdn2020.com/video/m3u8/2022/12/08/895d709f/index.m3u8
JDTY005.昀希.地缚灵老鬼玩弄健,https://t33.cdn2020.com/video/m3u8/2022/11/28/70332389/index.m3u8
JDTY004.昀希.拍主管在办公室自慰,https://t33.cdn2020.com/video/m3u8/2022/12/04/846f69a5/index.m3u8
JDTY003.莉娜.科学奇迹敏质,https://t33.cdn2020.com/video/m3u8/2022/11/28/ca2ab392/index.m3u8
JDTY002.莉娜.守寡贵诱管家,https://t33.cdn2020.com/video/m3u8/2022/12/01/e67d4344/index.m3u8
JDTY001.莉娜.理学教授学生,https://t33.cdn2020.com/video/m3u8/2022/11/29/47c632da/index.m3u8
JDBC081.都可可.给钱就能的拜金,https://t26.cdn2020.com/video/m3u8/2023/09/23/1155d649/index.m3u8
JDBC078.桃子.逆袭神送嫩,https://t26.cdn2020.com/video/m3u8/2023/09/12/c63fd08a/index.m3u8
JDBC077.婉青.一心想被房东包养的房客,https://t26.cdn2020.com/video/m3u8/2023/09/09/bddc288a/index.m3u8
JDBC073.希汶.半夜把气民宿老板娘得娇喘不息,https://t26.cdn2020.com/video/m3u8/2023/08/27/619a5648/index.m3u8
JDBC072.妍希.风湿小娃被翻,https://t26.cdn2020.com/video/m3u8/2023/08/24/70844cbd/index.m3u8
JDBC069.李微微.教授对学生的生物教学,https://t26.cdn2020.com/video/m3u8/2023/07/06/ba47e972/index.m3u8
JDBC068.林可菲.虚荣主播主动献处膜,https://t26.cdn2020.com/video/m3u8/2023/07/04/b3780002/index.m3u8
JDBC067.小婕.银行理专被变态客户,https://t26.cdn2020.com/video/m3u8/2023/06/30/19869e0d/index.m3u8
JDBC065.小婕.美按摩师为钱卖自己的,https://t26.cdn2020.com/video/m3u8/2023/06/27/97d5f636/index.m3u8
JDBC064.咪咪.趁朋喝醉她的异国,https://t26.cdn2020.com/video/m3u8/2023/06/25/392e72cf/index.m3u8
JDBC062.季妍希.把理发师按在床上,https://t26.cdn2020.com/video/m3u8/2023/06/21/86c7bd82/index.m3u8
JDBC061.斑斑.荡信贷业务员的诱,https://t26.cdn2020.com/video/m3u8/2023/06/19/6271b5fe/index.m3u8
JDBC059.坏坏.邻居来我家当家教,https://t26.cdn2020.com/video/m3u8/2023/06/14/07d50bdf/index.m3u8
JDBC056.优娜.为了借钱只好把儿献给兄弟,https://t26.cdn2020.com/video/m3u8/2023/06/08/edef823a/index.m3u8
JDBC055.吴文淇.极致美胸.小职员诱经理,https://t26.cdn2020.com/video/m3u8/2023/06/03/9ffcedc4/index.m3u8
JDBC054.黎芷媗.嫩背着丈夫去借,https://t26.cdn2020.com/video/m3u8/2023/07/13/9a7aaa9b/index.m3u8
JDBC051.苡若.我的荡小叫声真好听,https://t33.cdn2020.com/video/m3u8/2023/04/29/c37c680c/index.m3u8
JDBC050.宛冰.OL舅让我液不断射,https://t33.cdn2020.com/video/m3u8/2023/04/25/22e781a1/index.m3u8
JDBC049.湘湘.夫趁老不在自闭小子,https://t33.cdn2020.com/video/m3u8/2023/04/24/b3fc04eb/index.m3u8
JDBC048.宛冰.阿我不想努力了,https://t33.cdn2020.com/video/m3u8/2023/04/21/8a289a53/index.m3u8
JDBC047.坏坏.趁哥不在上寂寞,https://t33.cdn2020.com/video/m3u8/2023/04/20/2c50efe7/index.m3u8
JDBC046.湘湘.伯利诱我.用报答养育之恩,https://t33.cdn2020.com/video/m3u8/2023/04/18/cb8b4ed7/index.m3u8
JDBC045.坏坏.被下属侵犯的主管,https://t33.cdn2020.com/video/m3u8/2023/04/14/66cf8e86/index.m3u8
JDBC044.温芮欣.上合的,https://t33.cdn2020.com/video/m3u8/2023/04/13/5db135cd/index.m3u8
JDBC043.仙儿媛.家政婊子用子勾引我,https://t33.cdn2020.com/video/m3u8/2023/04/11/3cb01005/index.m3u8
JDBC042.温芮欣.第一次外打工的单纯傻,https://t33.cdn2020.com/video/m3u8/2023/04/07/d0d6a364/index.m3u8
JDBC041.仙儿媛.孩子惹祸害被迫偿赎罪,https://t33.cdn2020.com/video/m3u8/2023/04/06/e16ee5d0/index.m3u8
JDBC040.白熙雨.到府电工,https://t33.cdn2020.com/video/m3u8/2023/04/02/04bf0e3f/index.m3u8
JDBC039.李微微.经理硬上俏丽下属,https://t33.cdn2020.com/video/m3u8/2023/03/31/176a6721/index.m3u8
JDBC038.白熙雨.快递员碰到正在自慰的荡OL,https://t33.cdn2020.com/video/m3u8/2023/03/29/1137dcfd/index.m3u8
JDBC037.李微微.荡用学习健康教育,https://t33.cdn2020.com/video/m3u8/2023/03/25/375730b2/index.m3u8
JDBC036.优娜.美按摩师变成我的宠物,https://t33.cdn2020.com/video/m3u8/2023/03/24/df329dad/index.m3u8
JDBC035.季妍希.穷小子翻.拜金前秒倒追,https://t33.cdn2020.com/video/m3u8/2023/03/22/56add0c2/index.m3u8
JDBC034.优娜.可表被我调教成娃,https://t33.cdn2020.com/video/m3u8/2023/03/19/b5f44f2c/index.m3u8
JDBC033.季妍希.逮到机会上隔壁的傲娇婊子,https://t33.cdn2020.com/video/m3u8/2023/03/19/40d5d522/index.m3u8
JDBC031.宛冰.渴望婿棒的丈娘,https://t33.cdn2020.com/video/m3u8/2023/03/14/a5a61cd4/index.m3u8
JDBC030.苡若.子乱伦.午被儿子硬上,https://t33.cdn2020.com/video/m3u8/2023/03/12/f55ba6f8/index.m3u8
JDBC029.宛冰.为了业绩.卖自己的房仲,https://t33.cdn2020.com/video/m3u8/2023/03/09/7de6cf9c/index.m3u8
JDBC028.斑斑.意外私闯的醉酒小,https://t33.cdn2020.com/video/m3u8/2023/03/07/b0cf1d53/index.m3u8
JDBC027.王以欣.禽兽爸爸上醉酒儿,https://t33.cdn2020.com/video/m3u8/2023/03/04/40740203/index.m3u8
JDBC026.斑斑.上隔壁的清纯盲,https://t33.cdn2020.com/video/m3u8/2023/03/02/d6b5c4fe/index.m3u8
JDBC025.王以欣.粗心的小护士引狼入室,https://t33.cdn2020.com/video/m3u8/2023/02/28/1659aa60/index.m3u8
JDBC024.晨曦.OL.被修理工霸王硬上弓,https://t33.cdn2020.com/video/m3u8/2023/02/26/0a2617c7/index.m3u8
JDBC023.小婕.我的拜金前任,https://t33.cdn2020.com/video/m3u8/2023/02/26/b87e7c9f/index.m3u8
JDBC022.晨曦.美空求我帮她止痒,https://t33.cdn2020.com/video/m3u8/2023/02/23/4b4f40ee/index.m3u8
JDBC021.小婕.爸爸欠高利贷.儿惨遭侵犯,https://t33.cdn2020.com/video/m3u8/2023/02/19/5feaeb3e/index.m3u8
JDBC020.湘湘.变态经理催眠秘书,https://t33.cdn2020.com/video/m3u8/2023/02/16/a749670c/index.m3u8
JDBC019.静静.趁爸不在家兄做,https://t33.cdn2020.com/video/m3u8/2023/02/15/08bad689/index.m3u8
JDBC018.湘湘.AI智能机器沦为我的奴,https://t33.cdn2020.com/video/m3u8/2023/02/13/d48f85e5/index.m3u8
JDBC017.静静.下让哥哥我的处,https://t33.cdn2020.com/video/m3u8/2023/02/11/ca51a021/index.m3u8
JDBC016.斑斑.帽怒老闺蜜,https://t33.cdn2020.com/video/m3u8/2023/02/11/6d2db25e/index.m3u8
JDBC015.吴文淇.侄诱上有钱叔叔,https://t33.cdn2020.com/video/m3u8/2023/02/11/62d0b167/index.m3u8
JDBC014.斑斑.把裸家政按在床上猛,https://t33.cdn2020.com/video/m3u8/2023/02/11/729e047c/index.m3u8
JDBC013.吴文淇.我的荡.里塞跳蛋,https://t33.cdn2020.com/video/m3u8/2023/01/31/daa84c90/index.m3u8
JDBC012.静静.用棒怒野蛮前,https://t33.cdn2020.com/video/m3u8/2023/01/28/0b47d602/index.m3u8
JDBC011.小婕.我的是我的,https://t33.cdn2020.com/video/m3u8/2023/01/27/cd15bd51/index.m3u8
JDBC010.静静.与宠物沟通师的,https://t33.cdn2020.com/video/m3u8/2023/01/26/8a4050f6/index.m3u8
JDBC009.小婕.叫叫到.乱伦带上岸,https://t33.cdn2020.com/video/m3u8/2023/01/20/0a66c5a4/index.m3u8
JDBC008.吴文淇.被的禽兽爸爸下,https://t33.cdn2020.com/video/m3u8/2023/01/20/6c91c93e/index.m3u8
JDBC007.仙儿媛.乱伦小叔子,https://t33.cdn2020.com/video/m3u8/2023/01/17/a0a3040b/index.m3u8
JDBC006.吴文淇.变态继染指眼疾继,https://t33.cdn2020.com/video/m3u8/2023/01/16/f82ab763/index.m3u8
JDBC005.仙儿媛.美少用实现梦想,https://t33.cdn2020.com/video/m3u8/2023/01/13/99f63436/index.m3u8
JDBC004.静静.诱生病的哥哥,https://t33.cdn2020.com/video/m3u8/2023/01/11/3d2f19c4/index.m3u8
JDBC003.吴文淇.美特务夺取机.失败反被上,https://t33.cdn2020.com/video/m3u8/2023/01/11/94e9195e/index.m3u8
JDBC002.静静.被家教夺走处之,https://t33.cdn2020.com/video/m3u8/2023/01/06/fd1bd6bf/index.m3u8
JDBC001.吴文淇.我的18岁生日破处愿望,https://t33.cdn2020.com/video/m3u8/2023/01/05/f113ecfd/index.m3u8
JDYA024.白允儿.到朋的,https://t33.cdn2020.com/video/m3u8/2023/03/31/9d86baac/index.m3u8
JDYA023.苡若.到的诊疗室相,https://t33.cdn2020.com/video/m3u8/2023/04/07/acb19e9b/index.m3u8
JDYA022.RONA.职切磋,https://t33.cdn2020.com/video/m3u8/2023/03/24/74d08de2/index.m3u8
JDYA021.湘湘.单纯邻家孩被失禁,https://t33.cdn2020.com/video/m3u8/2023/03/22/66e6be88/index.m3u8
JDYA020.斑比.嫩孩双齐开,https://t33.cdn2020.com/video/m3u8/2023/04/06/b4d85355/index.m3u8
JDYA019.RONA.寂寞与儿子的不伦交媾,https://t33.cdn2020.com/video/m3u8/2023/03/22/acac4b1d/index.m3u8
JDYA018.宛冰.委曲少的NTR复仇,https://t33.cdn2020.com/video/m3u8/2023/03/22/3e816d17/index.m3u8
JDYA017.何安汝.纯少遭表榨,https://t33.cdn2020.com/video/m3u8/2023/03/22/07357e0d/index.m3u8
JDYA016.白允儿.袜癖翻神,https://t33.cdn2020.com/video/m3u8/2023/02/26/f2c45b20/index.m3u8
JDYA015.季妍希.文静反差深喉吞茎,https://t33.cdn2020.com/video/m3u8/2023/03/22/9203eafb/index.m3u8
JDYA014.白允儿.狠巨风韵美,https://t33.cdn2020.com/video/m3u8/2023/02/13/b62a5841/index.m3u8
JDYA013.优娜.优等生的羞耻秘,https://t33.cdn2020.com/video/m3u8/2023/02/11/a532ad54/index.m3u8
JDYA012.李娜娜.巨少被下海,https://t33.cdn2020.com/video/m3u8/2023/01/17/28a0d189/index.m3u8
JDYA011.白允儿.同学推荐的邀,https://t33.cdn2020.com/video/m3u8/2023/01/10/9d1348e7/index.m3u8
JDYA009.吴文淇.到邻居空,https://t33.cdn2020.com/video/m3u8/2022/12/25/f897cf0d/index.m3u8
JDYA008.仙儿媛.处空帮自已破处,https://t33.cdn2020.com/video/m3u8/2022/12/06/a5a272df/index.m3u8
JDYA007.吴文淇.高学历毕业生兼职还债,https://t33.cdn2020.com/video/m3u8/2022/12/01/74b42201/index.m3u8
JDYA006.小婕.到寂寞少,https://t33.cdn2020.com/video/m3u8/2022/12/23/0cba7614/index.m3u8
JDYA005.仙儿媛.御空虚寂寞的夜晚,https://t33.cdn2020.com/video/m3u8/2022/12/21/9b139340/index.m3u8
JDYA004.吴文淇.到自已的神,https://t33.cdn2020.com/video/m3u8/2022/12/21/69e4f476/index.m3u8
JDYA003.小婕.学生兼职做,https://t33.cdn2020.com/video/m3u8/2022/12/14/73507f4f/index.m3u8
JDYA002.李灵儿.到高暗恋神来搞我,https://t33.cdn2020.com/video/m3u8/2022/11/28/9894bafc/index.m3u8
JDYA001.李灵儿.客户居然是弟弟,https://t33.cdn2020.com/video/m3u8/2022/11/25/7f7b70fe/index.m3u8
JDYL027.李娜娜.神降临献神器,https://t33.cdn2020.com/video/m3u8/2023/02/19/83077824/index.m3u8
JDYL026.小婕.同事在旧房让我,https://t33.cdn2020.com/video/m3u8/2023/02/16/f3fd0b92/index.m3u8
JDYL025.李娜娜.兄冲到高潮,https://t33.cdn2020.com/video/m3u8/2023/02/15/2af04685/index.m3u8
JDYL024.小婕.哥哥猛的到喷,https://t33.cdn2020.com/video/m3u8/2023/02/13/b044b7eb/index.m3u8
JDYL023.佳芯.叫叫到,https://t33.cdn2020.com/video/m3u8/2023/02/11/d781fd63/index.m3u8
JDYL022.佳芯.我和后的秘2,https://t33.cdn2020.com/video/m3u8/2023/02/11/9bd7381a/index.m3u8
JDYL021.小婕.货游戏神童,https://t33.cdn2020.com/video/m3u8/2023/01/27/30c528bb/index.m3u8
JDYL020.李娜娜.斯文长叔叔.对我疼有加,https://t33.cdn2020.com/video/m3u8/2023/01/26/e54fb8c5/index.m3u8
JDYL019.佳芯.老公把我送给上司,https://t33.cdn2020.com/video/m3u8/2023/01/26/e6fd79e6/index.m3u8
JDYL018.佳芯.兄弟侵犯我的,https://t33.cdn2020.com/video/m3u8/2023/01/26/a43583eb/index.m3u8
JDYL017.佳芯.为了嫁入豪门.求外卖员自已,https://t33.cdn2020.com/video/m3u8/2023/01/17/7f44dccd/index.m3u8
JDYL016.佳芯.快递员侵犯主播,https://t33.cdn2020.com/video/m3u8/2023/01/11/d0626d34/index.m3u8
JDYL015.佳芯.的秘,https://t33.cdn2020.com/video/m3u8/2023/02/23/0092cb85/index.m3u8
JDYL014.佳芯.主播应聘面试被侵犯,https://t33.cdn2020.com/video/m3u8/2023/01/17/f9d6f70e/index.m3u8
JDYL013.佳芯.货空兼职主播,https://t33.cdn2020.com/video/m3u8/2023/02/26/d84f53ce/index.m3u8
JDYL012.吴文淇.直播清纯直播主,https://t33.cdn2020.com/video/m3u8/2022/11/18/26a2e08e/index.m3u8
JDYL011.吴恺彤.主播上蜘蛛侠,https://t33.cdn2020.com/video/m3u8/2022/09/04/26fccfdf/index.m3u8
JDYL010.仙儿媛.月亮恩仇录,https://t33.cdn2020.com/video/m3u8/2022/09/04/ed938bed/index.m3u8
JDYL009.直播增知术,https://t33.cdn2020.com/video/m3u8/2022/09/03/59c511d0/index.m3u8
JDYL008.挑战面试官,https://t33.cdn2020.com/video/m3u8/2022/09/03/2b283969/index.m3u8
JDYL007.林可晴.东京故事,https://t33.cdn2020.com/video/m3u8/2022/09/03/6e169827/index.m3u8
JDYL006.备胎的反击,https://t33.cdn2020.com/video/m3u8/2022/08/31/728f6a7c/index.m3u8
JDYL005.吉吉.第一次做的哥,https://t33.cdn2020.com/video/m3u8/2022/07/27/ed5a146b/index.m3u8
JDYL004.小影.八号当铺,https://t33.cdn2020.com/video/m3u8/2022/08/23/ee2951f6/index.m3u8
JDYL003.清洛.现代潘金莲,https://t33.cdn2020.com/video/m3u8/2022/08/23/e17088b9/index.m3u8
JDYL002.吉吉.上闺蜜,https://t33.cdn2020.com/video/m3u8/2022/08/23/03c78018/index.m3u8
JDYL001.吉吉.榜一哥上主播被直播,https://t33.cdn2020.com/video/m3u8/2022/07/15/f7ea3cbe/index.m3u8
JDMY040.克莱儿.囡囡第四十集,https://t26.cdn2020.com/video/m3u8/2021/12/19/441fddc5/index.m3u8
JDMY037.克莱儿.囡囡第三十七集,https://t26.cdn2020.com/video/m3u8/2021/12/14/6deb5e27/index.m3u8
JDMY033.克莱儿.囡囡第三十三集,https://t26.cdn2020.com/video/m3u8/2021/12/02/73485e7e/index.m3u8
JDMY032.克莱儿.囡囡第三十二集,https://t26.cdn2020.com/video/m3u8/2021/11/28/f7c17431/index.m3u8
JDMY030.克莱儿.囡囡第三十集,https://t26.cdn2020.com/video/m3u8/2021/11/27/cbc20182/index.m3u8
JDMY029.克莱儿.囡囡第二十九集,https://t26.cdn2020.com/video/m3u8/2021/11/25/7d85514a/index.m3u8
JDMY027.克莱儿.囡囡第二十七集,https://t26.cdn2020.com/video/m3u8/2021/11/19/ef05f977/index.m3u8
JDMY024.克莱儿.囡囡第二十四集,https://t33.cdn2020.com/video/m3u8/2021/11/13/ed4c6a33/index.m3u8
JDMY023.克莱儿.囡囡第二十三集,https://t33.cdn2020.com/video/m3u8/2021/11/11/ec12af90/index.m3u8
JDMY022.克莱儿.囡囡第二十二集,https://t33.cdn2020.com/video/m3u8/2021/11/09/c0dcb681/index.m3u8
JDMY021.克莱儿.囡囡第二十一集,https://t33.cdn2020.com/video/m3u8/2021/11/07/92be4c75/index.m3u8
JDMY020.克莱儿.囡囡第二十集,https://t33.cdn2020.com/video/m3u8/2021/11/04/94cd5f77/index.m3u8
JDMY019.克莱儿.囡囡第十九集,https://t33.cdn2020.com/video/m3u8/2021/10/31/717e47fa/index.m3u8
JDMY018.克莱儿.囡囡第十八集,https://t33.cdn2020.com/video/m3u8/2021/10/30/8e1c167a/index.m3u8
JDMY017.克莱儿.囡囡第十七集,https://t33.cdn2020.com/video/m3u8/2021/10/30/42b526d0/index.m3u8
JDMY016.克莱儿.囡囡第十六集,https://t33.cdn2020.com/video/m3u8/2021/10/26/8c5226ab/index.m3u8
JDMY015.克莱儿.囡囡第十五集,https://t33.cdn2020.com/video/m3u8/2021/10/22/184242a4/index.m3u8
JDMY014.克莱儿.囡囡第十四集,https://t33.cdn2020.com/video/m3u8/2021/10/21/a5aecce0/index.m3u8
JDMY013.克莱儿.囡囡第十三集,https://t33.cdn2020.com/video/m3u8/2021/10/19/d469c2a9/index.m3u8
JDMY012.克莱儿.囡囡第十二集,https://t33.cdn2020.com/video/m3u8/2021/10/16/d725bd04/index.m3u8
JDMY011.克莱儿.囡囡第十一集,https://t33.cdn2020.com/video/m3u8/2021/10/13/c1a8ebaf/index.m3u8
JDMY010.克莱儿.囡囡第十集,https://t33.cdn2020.com/video/m3u8/2021/10/11/d2475114/index.m3u8
JDMY009.克莱儿.囡囡第九集,https://t33.cdn2020.com/video/m3u8/2021/10/06/dcdc678a/index.m3u8
JDMY008.克莱儿.囡囡第八集,https://t33.cdn2020.com/video/m3u8/2021/10/06/523b6cc5/index.m3u8
JDMY007.克莱儿.囡囡第七集,https://t33.cdn2020.com/video/m3u8/2021/10/06/b4e06e47/index.m3u8
JDMY006.克莱儿.囡囡第六集,https://t33.cdn2020.com/video/m3u8/2021/10/06/14d7c2c3/index.m3u8
JDMY005.克莱儿.囡囡第五集,https://t33.cdn2020.com/video/m3u8/2021/10/06/7cb48abb/index.m3u8
JDMY004.克莱儿.囡囡第四集,https://t33.cdn2020.com/video/m3u8/2021/10/06/0a8c1bd4/index.m3u8
JDMY003.克莱儿.囡囡第三集,https://t33.cdn2020.com/video/m3u8/2021/10/06/13668b7b/index.m3u8
JDMY002.克莱儿.囡囡第二集,https://t33.cdn2020.com/video/m3u8/2021/10/06/0d5f47e6/index.m3u8
JDMY001.克莱儿.囡囡第一集,https://t33.cdn2020.com/video/m3u8/2021/10/06/b9b4b9ff/index.m3u8
JDYG033.COS娜美满足好宅心愿,https://t33.cdn2020.com/video/m3u8/2024/12/15/2cea7c37/index.m3u8
JDYG032.看房反被房东上,https://t33.cdn2020.com/video/m3u8/2024/12/15/118eb404/index.m3u8
JDYG031.隐形,https://t33.cdn2020.com/video/m3u8/2024/12/08/bac32dde/index.m3u8
JDYG030.用换心愿,https://t33.cdn2020.com/video/m3u8/2024/12/08/c515792d/index.m3u8
JDYG027.车震派对2,https://t33.cdn2020.com/video/m3u8/2024/11/24/2ca39685/index.m3u8
JDYG026.车震派对,https://t33.cdn2020.com/video/m3u8/2024/11/22/ea813a56/index.m3u8
JDYG025.痴主播与榜一粉直播间,https://t33.cdn2020.com/video/m3u8/2024/11/19/314d0781/index.m3u8
JDYG024.货室与我的果发生奇妙连接,https://t33.cdn2020.com/video/m3u8/2024/11/14/17c0a041/index.m3u8
JDYG023.变态写真摄影师,https://t33.cdn2020.com/video/m3u8/2024/11/11/26441990/index.m3u8
JDYG022.在私训教练家被,https://t33.cdn2020.com/video/m3u8/2024/11/07/e051b3ee/index.m3u8
JDYG020.差后,https://t33.cdn2020.com/video/m3u8/2024/10/31/0026ecf5/index.m3u8
JDYG019.位开发2,https://t33.cdn2020.com/video/m3u8/2024/10/27/4f20e7ad/index.m3u8
JDYG018.位开发,https://t33.cdn2020.com/video/m3u8/2024/10/26/650826f8/index.m3u8
JDYG017.荡房东,https://t33.cdn2020.com/video/m3u8/2024/10/21/ad6a22b1/index.m3u8
JDYG016.与摄影师穿越时空的,https://t33.cdn2020.com/video/m3u8/2024/10/17/f9c70863/index.m3u8
JDYG015.牧师,https://t33.cdn2020.com/video/m3u8/2024/10/13/29db20e8/index.m3u8
JDYG014.纸醉金,https://t33.cdn2020.com/video/m3u8/2024/10/10/76d888b4/index.m3u8
JDYG013.我们三,https://t33.cdn2020.com/video/m3u8/2024/10/09/42d61165/index.m3u8
JDYG012.街头素采访.我可以去你家吗,https://t33.cdn2020.com/video/m3u8/2024/10/09/8fd6b488/index.m3u8
JDYG009.波鬼的贱瑜伽,https://t33.cdn2020.com/video/m3u8/2024/09/22/6fb38eea/index.m3u8
JDYG003.伦敦少遗失手机私影片流,https://t26.cdn2020.com/video/m3u8/2023/08/12/8883dc43/index.m3u8
JDAM001.坏坏.AV片场的梳化,https://t33.cdn2020.com/video/m3u8/2022/10/13/6e9be138/index.m3u8
JDTC001.清洛.兼多职的美老师,https://t33.cdn2020.com/video/m3u8/2022/07/25/0e55c8ea/index.m3u8
JDTC002.薛梦琪.网司机教学,https://t33.cdn2020.com/video/m3u8/2022/09/09/b77be1e0/index.m3u8
JDTYC005.乐奈子.艺校美面试被浅规则,https://t33.cdn2020.com/video/m3u8/2022/08/25/12476903/index.m3u8
JDTYC004.尤莉.是博主,https://t33.cdn2020.com/video/m3u8/2022/08/24/489cf199/index.m3u8
JDTYC003.椿芽.失意少以偿债,https://t33.cdn2020.com/video/m3u8/2022/07/18/4ce4bdf2/index.m3u8
JDTYC002.爽爽.驯养我的兄弟,https://t33.cdn2020.com/video/m3u8/2022/07/15/35cc90a8/index.m3u8
JDTYC001.丽丽.私事之表的小秘,https://t33.cdn2020.com/video/m3u8/2022/07/15/ab67bb9e/index.m3u8
JDSY050.变态物业VS露癖,https://t33.cdn2020.com/video/m3u8/2022/09/03/791aeaa9/index.m3u8
JDSY049.邻居被辱回忆录,https://t33.cdn2020.com/video/m3u8/2022/08/28/76dbaac4/index.m3u8
JDSY048.香菱.我的老师我的,https://t33.cdn2020.com/video/m3u8/2022/08/28/51d93712/index.m3u8
JDSY047.香菱.我的小是棋牌神,https://t33.cdn2020.com/video/m3u8/2022/08/28/3d838e7c/index.m3u8
JDSY046.棋牌郎线下空降潮吹ING,https://t33.cdn2020.com/video/m3u8/2022/08/26/6912b01e/index.m3u8
JDSY045.清洛.18岁高生被到,https://t33.cdn2020.com/video/m3u8/2022/06/23/e6cca29b/index.m3u8
JDSY044.奈奈.实习医生被,https://t33.cdn2020.com/video/m3u8/2022/06/13/60162f4a/index.m3u8
JDSY043.Aida.拜金被相对像,https://t33.cdn2020.com/video/m3u8/2022/08/23/f5d14350/index.m3u8
JDSY042.兔小白.天降喜乞丐少,https://t33.cdn2020.com/video/m3u8/2022/06/05/c1e5d4ca/index.m3u8
JDSY041.安安.年轻少孕检被入,https://t26.cdn2020.com/video/m3u8/2022/06/02/e3191c48/index.m3u8
JDSY039.米娅.摄影师骗模特,https://t26.cdn2020.com/video/m3u8/2022/05/28/8d443f13/index.m3u8
JDSY033.Aida.近相破处弟弟,https://t26.cdn2020.com/video/m3u8/2022/05/15/5986f55c/index.m3u8
JDSY032.兔小白.商战之间谍,https://t26.cdn2020.com/video/m3u8/2022/05/13/80cc8789/index.m3u8
JDSY027.草莓.温柔家教帮学生破处,https://t26.cdn2020.com/video/m3u8/2022/05/24/5139eacc/index.m3u8
JDSY026.咪.学生微信群里被叫卖,https://t26.cdn2020.com/video/m3u8/2022/05/01/b9247b21/index.m3u8
JDSY025.妲己.老的瑜伽老师,https://t26.cdn2020.com/video/m3u8/2022/04/30/ca9976c1/index.m3u8
JDSY022.林凤娇.叫叫到到高潮,https://t26.cdn2020.com/video/m3u8/2022/04/23/51fc91cb/index.m3u8
JDSY020.艾丽.子酒店同住乱伦,https://t26.cdn2020.com/video/m3u8/2022/04/21/4360cc43/index.m3u8
JDSY019.邦妮.巨小安慰继子被哭,https://t26.cdn2020.com/video/m3u8/2022/04/20/a1bbdf54/index.m3u8
JDSY018.艾咪.住家小保姆,https://t33.cdn2020.com/video/m3u8/2022/08/23/381928aa/index.m3u8
JDSY017.杨思敏.帽老公看着我被小叔,https://t26.cdn2020.com/video/m3u8/2022/04/20/14c1b31e/index.m3u8
JDSY015.妲己.微信到混血辣疯狂干,https://t26.cdn2020.com/video/m3u8/2022/04/15/545cb5ed/index.m3u8
JDSY013.妲己.香菱.特殊门诊两个医生,https://t26.cdn2020.com/video/m3u8/2022/04/03/448b3f4e/index.m3u8
JDSY012.杨思敏.货车司机上年轻的小子,https://t26.cdn2020.com/video/m3u8/2022/04/03/0b71d8c3/index.m3u8
JDSY011.菲菲.和健教练激换了好多姿势,https://t26.cdn2020.com/video/m3u8/2022/04/01/2ae4a79e/index.m3u8
JDSY009.瑶瑶.被怒叛逆儿,https://t33.cdn2020.com/video/m3u8/2022/03/31/b0fe05e1/index.m3u8
JDSY008.墨涵.寂寞小上受伤儿子,https://t26.cdn2020.com/video/m3u8/2022/03/29/dafb5a87/index.m3u8
JDSY005.瑶贝.空调修理工清高少,https://t26.cdn2020.com/video/m3u8/2022/03/23/b53f6e6d/index.m3u8
JDSY003.丽纵小姑上快递员到高,https://t26.cdn2020.com/video/m3u8/2022/03/18/3b16fb87/index.m3u8
JDY001.Rona.派遣按摩师的交易,https://t33.cdn2020.com/video/m3u8/2023/03/14/34bc3bf7/index.m3u8
XKVP111.凌波丽.外卖员竟是学同学,https://t33.cdn2020.com/video/m3u8/2024/09/01/5fb10dda/index.m3u8
XKVP097.真希波.酒店与偶遇失恋,https://t33.cdn2020.com/video/m3u8/2024/08/19/f270909a/index.m3u8
XKVP096.冬月结衣.日语家教老师的文化传播,https://t33.cdn2020.com/video/m3u8/2024/08/19/560bc81d/index.m3u8
XKVP095.神谷怜.日系医生交服务患者极致服务,https://t33.cdn2020.com/video/m3u8/2024/08/15/b41b309f/index.m3u8
XKVP003.香菱.冷艳教师惨遭学渣,https://t33.cdn2020.com/video/m3u8/2024/04/30/1a73cd5b/index.m3u8
XKVP002.佳芯.替气.狠轨的,https://t33.cdn2020.com/video/m3u8/2024/04/30/7b4409d3/index.m3u8
XKVP001.依颂.的悲哀-心神献暴发户胯下呻吟,https://t33.cdn2020.com/video/m3u8/2024/04/27/36c52209/index.m3u8
XKG094.依颂.和讨厌的上司差,https://t33.cdn2020.com/video/m3u8/2023/01/19/871f7915/index.m3u8
XKG058.桥本菜.吃旧.我那吃棒的初恋,https://t33.cdn2020.com/video/m3u8/2022/11/15/566bab4e/index.m3u8
XKG054.凌波丽.给钱就干外送小送上门,https://t33.cdn2020.com/video/m3u8/2022/11/08/9909b8c1/index.m3u8
XKG040.真希波.酒店过夜硬上乱入美少,https://t33.cdn2020.com/video/m3u8/2022/09/17/a1e12f67/index.m3u8
XKG039.冬月结衣.与清纯家教的秘日语教学,https://t33.cdn2020.com/video/m3u8/2022/09/12/4e970d6c/index.m3u8
XKG038.神谷怜.极品医生的特殊服务,https://t33.cdn2020.com/video/m3u8/2022/09/12/27dae2a6/index.m3u8
XKG003.吴心语.极品在家轮流被,https://t26.cdn2020.com/video/m3u8/2022/04/15/26f1f9d2/index.m3u8
XKG001.肖云.放纵.小叔小子,https://t26.cdn2020.com/video/m3u8/2022/03/12/49c4816b/index.m3u8
XKGA041.梅子.垂涎已久的美室成为我下便器,https://t26.cdn2020.com/video/m3u8/2023/10/22/400d4724/index.m3u8
XKGA040.昀希.哥哥对我的18岁成教育,https://t26.cdn2020.com/video/m3u8/2023/10/20/1ff06c9e/index.m3u8
XKGA036.小琦.与寂寞少的深入交流二三事,https://t26.cdn2020.com/video/m3u8/2023/10/08/27e43ffe/index.m3u8
XKGA035.湘湘.小侄诱导叔叔入自己,https://t26.cdn2020.com/video/m3u8/2023/10/08/c58a9171/index.m3u8
XKGA034.宋可.真侣游戏.刺激贯彻到底,https://t26.cdn2020.com/video/m3u8/2023/10/08/3e7908f6/index.m3u8
XKGA033.溏芯.痴榨游戏.食客,https://t26.cdn2020.com/video/m3u8/2023/10/02/1abf0538/index.m3u8
XKGA026.季妍希.与足球宝贝不断交合,https://t26.cdn2020.com/video/m3u8/2023/09/16/9735bb0e/index.m3u8
XKGA024.柔伊.用钱诱吃我的棒,https://t26.cdn2020.com/video/m3u8/2023/09/11/5e6eed68/index.m3u8
XKGA022.季妍希.长腿兔郎牌桌诱我深入,https://t26.cdn2020.com/video/m3u8/2023/09/09/f45e6882/index.m3u8
XKGA019.白允儿.宅恐怖厕所之旅,https://t26.cdn2020.com/video/m3u8/2023/09/01/0515ca1e/index.m3u8
XKGA017.白允儿.模特写真实录,https://t26.cdn2020.com/video/m3u8/2023/08/25/4ac2b6bc/index.m3u8
XKGA015.王程程.拍摄做视频送给老公做生日礼物,https://t26.cdn2020.com/video/m3u8/2023/08/21/59286a86/index.m3u8
XKGA013.波妮.痴班长诱同学深入,https://t26.cdn2020.com/video/m3u8/2023/08/19/347334fe/index.m3u8
XKGA010.珠珠.瞒着备胎与疯狂做,https://t26.cdn2020.com/video/m3u8/2023/08/12/2c56d900/index.m3u8
XKGA007.桥本菜.重温白月光温暖紧,https://t26.cdn2020.com/video/m3u8/2023/08/05/e0f3f437/index.m3u8
XKGA005.李丹彤.无法满足的望少深夜墙,https://t26.cdn2020.com/video/m3u8/2023/07/28/e14503e4/index.m3u8
XKGA002.冬月结衣.极品萝莉超日系.日语家教发,https://t26.cdn2020.com/video/m3u8/2023/07/21/80c99da7/index.m3u8
XKTC017.冰室梨花.唤醒失忆,https://t33.cdn2020.com/video/m3u8/2022/11/02/461bf32b/index.m3u8
XKTC016.望月优奈.哥兽下纯,https://t33.cdn2020.com/video/m3u8/2022/10/22/bd436370/index.m3u8
XKTC011.条莉.寂寞不已风丈娘勾引婿,https://t33.cdn2020.com/video/m3u8/2022/10/13/982fd8de/index.m3u8
XKTC010.白熙雨.业主的秘,https://t33.cdn2020.com/video/m3u8/2022/10/08/7a169453/index.m3u8
XKTC009.罗娜.为了弟弟工作结老板为他招妓,https://t33.cdn2020.com/video/m3u8/2022/09/24/3f685752/index.m3u8
XKTC008.神谷怜.主播勾引披萨外送员,https://t33.cdn2020.com/video/m3u8/2022/09/24/f3bd0c3d/index.m3u8
XKTC007.真希波.胆包天公公趁儿子差硬上儿媳,https://t33.cdn2020.com/video/m3u8/2022/09/24/951768ab/index.m3u8
XKTC006.香菱.下海援交日记,https://t33.cdn2020.com/video/m3u8/2022/09/15/a6cd03e8/index.m3u8
XKTC005.林霞.下海援交日记,https://t33.cdn2020.com/video/m3u8/2022/09/14/122b4d42/index.m3u8
XKTC004.樱桃.请兄弟嫖娼,https://t33.cdn2020.com/video/m3u8/2022/09/14/293370a6/index.m3u8
XKTC003.橙子.校花神援交记,https://t33.cdn2020.com/video/m3u8/2022/09/09/c423fdde/index.m3u8
XKTC002.汁汁.共享,https://t33.cdn2020.com/video/m3u8/2022/09/09/387aa899/index.m3u8
XKTC001.李丹彤.的反转生.又到初恋,https://t33.cdn2020.com/video/m3u8/2022/09/09/29bb2acf/index.m3u8
XKYP009.橙子.同学会我闻到了昔日班花上的荡气息,https://t33.cdn2020.com/video/m3u8/2022/09/09/b9546f7d/index.m3u8
XKYP008.条莉.室的秘,https://t33.cdn2020.com/video/m3u8/2022/09/14/c298f6ea/index.m3u8
XKYP006.樱井美里.差艳遇邂逅日本一夜,https://t33.cdn2020.com/video/m3u8/2022/08/14/93fa3aab/index.m3u8
XKYP005.桥本菜.哟啪日本超甜豆,https://t33.cdn2020.com/video/m3u8/2022/08/14/641045db/index.m3u8
XKYP003.香菱.啪刚下海的高生,https://t33.cdn2020.com/video/m3u8/2022/08/07/71d117cb/index.m3u8
PMD006.辉月杏梨.尾行调教实录,https://t33.cdn2020.com/video/m3u8/2021/11/13/3f7bdc89/index.m3u8
PMD005.陈圆圆.暴我的一日.猥琐粉行入神,https://t33.cdn2020.com/video/m3u8/2021/09/19/dcc34cf0/index.m3u8
PMD004.陈圆圆.粉突袭作战.突袭神解锁姿势,https://t33.cdn2020.com/video/m3u8/2021/10/02/0627c7b4/index.m3u8
PMD003.陈圆圆.三亚企划EP02.,https://t26.cdn2020.com/video/m3u8/2021/08/15/0ac82e04/index.m3u8
PMD002.疫威胁,https://t33.cdn2020.com/video/m3u8/2021/04/27/fe45c812/index.m3u8
PMD001.辉月杏梨.东京故事3.告白心动的他,https://t33.cdn2020.com/video/m3u8/2021/05/20/4c174c1d/index.m3u8
PMD001.辉月杏梨.东京故事2.日本留学生的恋美梦,https://t33.cdn2020.com/video/m3u8/2021/05/02/b7c23a93/index.m3u8
PMD001.辉月杏梨.东京故事.日本留学生的恋美梦,https://t33.cdn2020.com/video/m3u8/2021/03/22/765275bf/index.m3u8
JDSY-054.用安慰伤的,https://t33.cdn2020.com/video/m3u8/2024/08/06/f4be4622/index.m3u8
JDSY-053.社畜叔偶遇神待少,https://t33.cdn2020.com/video/m3u8/2024/08/05/bf309d97/index.m3u8
JDSY-052.陪玩小公主.陪玩陪吃陪打,https://t33.cdn2020.com/video/m3u8/2024/08/05/6a325b07/index.m3u8
JDSY-051.凌辱调教醉酒,https://t33.cdn2020.com/video/m3u8/2024/08/05/a9aff14d/index.m3u8
JDSY-030.苦社畜报复.高冷巨主管,https://t33.cdn2020.com/video/m3u8/2024/05/31/3abe8d6e/index.m3u8
JDSY-029.无聊小弟.撞见洗澡,https://t33.cdn2020.com/video/m3u8/2024/05/31/dde3eea8/index.m3u8
JDSY-028.寻求4P开苞的货处,https://t33.cdn2020.com/video/m3u8/2024/05/30/61a16db9/index.m3u8
JDSY-027.诱征服.高冷老板娘,https://t33.cdn2020.com/video/m3u8/2024/05/30/4a63afdb/index.m3u8
JDSY-026.苏樱花.推特百万UP主.童颜巨第二部,https://t33.cdn2020.com/video/m3u8/2024/05/23/460ccce3/index.m3u8
JDSY-025.皮皮.台湾网红.被骗缅北下海拍片,https://t33.cdn2020.com/video/m3u8/2024/05/23/2d421a7c/index.m3u8
JDSY-024.风小主播.房东来打,https://t33.cdn2020.com/video/m3u8/2024/05/18/2fa4f41a/index.m3u8
JDSY-023.苏樱花.推特百万UP主.童颜巨吃,https://t33.cdn2020.com/video/m3u8/2024/05/16/0ac9e521/index.m3u8
JDSY-022.给老公拍A片.看着自己打手枪,https://t33.cdn2020.com/video/m3u8/2024/05/14/273e9fa1/index.m3u8
JDSY-021.小.巨娘车震后.又去电影院做,https://t33.cdn2020.com/video/m3u8/2024/05/12/cd079b3b/index.m3u8
JDSY-020.极品榨汁姬.猛小,https://t33.cdn2020.com/video/m3u8/2024/05/10/d8ad941e/index.m3u8
JDSY-019.酒后怒.小,https://t33.cdn2020.com/video/m3u8/2024/05/10/ace4ff77/index.m3u8
JDSY-018.调教呆萌介,https://t33.cdn2020.com/video/m3u8/2024/05/09/18e9eb14/index.m3u8
JDSY-017.窥家政美少,https://t33.cdn2020.com/video/m3u8/2024/05/09/abb58a19/index.m3u8
JDSY-016.樱桃.AV剧组乱的秘,https://t33.cdn2020.com/video/m3u8/2024/05/03/f46662e3/index.m3u8
JDSY-015.果冻.爸爸在我的屁眼里喷射,https://t33.cdn2020.com/video/m3u8/2024/05/03/73729d26/index.m3u8
JDSY-014.采液的小护士,https://t33.cdn2020.com/video/m3u8/2024/04/30/3f0bbdb7/index.m3u8
JDSY-013.少.合租渣,https://t33.cdn2020.com/video/m3u8/2024/04/30/8b2ffd32/index.m3u8
JDSY-012.夜袭AV优,https://t33.cdn2020.com/video/m3u8/2024/04/27/2ffd3461/index.m3u8
JDSY-011.果冻.我要做公公的,https://t33.cdn2020.com/video/m3u8/2024/04/27/1dd0218c/index.m3u8
JDSY-010.洛丽塔陪玩小.特殊订单双飞,https://t33.cdn2020.com/video/m3u8/2024/04/20/9e6eca3e/index.m3u8
JDSY-009.瑶瑶.台湾家教.勾引处学生,https://t33.cdn2020.com/video/m3u8/2024/04/19/eba82e79/index.m3u8
JDSY-008.富相要求验货.少射美荡,https://t33.cdn2020.com/video/m3u8/2024/04/16/38c32c98/index.m3u8
JDSY-007.猎冰伟哥归来.美交荡诱骑乘,https://t33.cdn2020.com/video/m3u8/2024/04/14/ffe03223/index.m3u8
JDSY-006.司语.清纯少.欠债偿,https://t33.cdn2020.com/video/m3u8/2024/04/12/225bb599/index.m3u8
JDSY-005.贡献老.升职加薪,https://t33.cdn2020.com/video/m3u8/2024/04/17/9a1e1ab1/index.m3u8
JDSY-004.小S.养成记,https://t33.cdn2020.com/video/m3u8/2024/04/17/00c66363/index.m3u8
JDSY-003.小的海边露日记,https://t33.cdn2020.com/video/m3u8/2024/04/16/97e1a7cc/index.m3u8
JDSY-002.夫需要你的小,https://t33.cdn2020.com/video/m3u8/2024/04/14/f7b124aa/index.m3u8
JDSY-001.金钱诱.斧头帮的,https://t33.cdn2020.com/video/m3u8/2024/04/14/fb0763f9/index.m3u8
QDYP014.莉娜.女,https://t33.cdn2020.com/video/m3u8/2022/11/15/498f2974/index.m3u8
QDYP013.斑斑.,https://t33.cdn2020.com/video/m3u8/2022/11/15/41981bb3/index.m3u8
QDYP012.李娜娜.道具,https://t33.cdn2020.com/video/m3u8/2022/11/03/061c311b/index.m3u8
QDYP011.RONA.曾经同学,https://t33.cdn2020.com/video/m3u8/2022/11/17/a6381616/index.m3u8
QDYP010.坏坏.趁子生病啪,https://t33.cdn2020.com/video/m3u8/2022/11/17/e626606c/index.m3u8
QDYP009.熙熙.狂,https://t33.cdn2020.com/video/m3u8/2022/11/23/88e169eb/index.m3u8
QDYP008.小婕.制服少女,https://t33.cdn2020.com/video/m3u8/2022/11/23/da9f9c3e/index.m3u8
QDYP007.苡若.我到亲姐,https://t33.cdn2020.com/video/m3u8/2022/11/17/6da54a54/index.m3u8
QDYP005.林思妤朋友,https://t33.cdn2020.com/video/m3u8/2022/11/11/8175099f/index.m3u8
QDYP004.艾玛.的日记,https://t33.cdn2020.com/video/m3u8/2022/11/17/8574c04f/index.m3u8
QDYP003.玥伶.第一小姐姐,https://t33.cdn2020.com/video/m3u8/2022/11/03/72c7ea91/index.m3u8
QDYP002.金宝娜.哎呦金主管,https://t33.cdn2020.com/video/m3u8/2022/11/03/300e1b36/index.m3u8
QDYP001.翁雨澄.车模,https://t33.cdn2020.com/video/m3u8/2022/11/17/8a6ae137/index.m3u8
QD012.洁咪.为用其极,https://t33.cdn2020.com/video/m3u8/2022/10/21/e5887107/index.m3u8
QD011.莉娜.你是劫财还是劫,https://t33.cdn2020.com/video/m3u8/2022/10/21/57a3df75/index.m3u8
QD010.沫诗婷.真实试镜偷拍,https://t33.cdn2020.com/video/m3u8/2022/10/21/44af8f37/index.m3u8
QD009.洁咪.隐形药水偷看姐姐洗澡,https://t33.cdn2020.com/video/m3u8/2022/10/21/d53b32f7/index.m3u8
QD008.坏坏.虫虫危机火身,https://t33.cdn2020.com/video/m3u8/2022/10/21/b17d186b/index.m3u8
QD007.陆斑比.哥哥的生理实验室,https://t33.cdn2020.com/video/m3u8/2022/10/21/3a363772/index.m3u8
QD006.林思妤.干到一半外送员加入,https://t33.cdn2020.com/video/m3u8/2022/10/21/a891fd6a/index.m3u8
QD005.仙儿媛.脱衣论命奶头预言,https://t33.cdn2020.com/video/m3u8/2022/10/21/b09eb7cc/index.m3u8
QD004.莉娜.少阿姨错床,https://t33.cdn2020.com/video/m3u8/2022/10/21/cd49c83d/index.m3u8
QD003.金宝娜.小明的美女老师,https://t33.cdn2020.com/video/m3u8/2022/10/21/3ccf77ec/index.m3u8
QD002.金宝娜.捷运痴汉偷袭,https://t33.cdn2020.com/video/m3u8/2022/10/21/69661444/index.m3u8
QD001.翁雨澄.酱油少,https://t33.cdn2020.com/video/m3u8/2022/10/21/774add43/index.m3u8
QDSP002.孟若羽.假仙跳.点数在手跟我走,https://t33.cdn2020.com/video/m3u8/2022/10/21/95164fbd/index.m3u8
QDSP001.金宝娜.好味落汤鸡,https://t33.cdn2020.com/video/m3u8/2022/10/21/5d6bba8a/index.m3u8
QDKY002.孟若羽.棋牌争霸赛,https://t33.cdn2020.com/video/m3u8/2022/11/03/cb3dac35/index.m3u8
QDKY001.李娜娜.美女荷官送到家,https://t33.cdn2020.com/video/m3u8/2022/11/15/59944cac/index.m3u8
QDED031.把友捆在她,https://t33.cdn2020.com/video/m3u8/2022/11/19/47a20b5b/index.m3u8
QDED025.和台版小波多野结,https://t33.cdn2020.com/video/m3u8/2023/04/21/3ddc98fd/index.m3u8
QDED020.学生小香干翻,https://t33.cdn2020.com/video/m3u8/2022/11/17/6ceab52c/index.m3u8
QDED019.家政小咪做家的好们,https://t33.cdn2020.com/video/m3u8/2022/11/18/75c78cf0/index.m3u8
QDED018.工作太忙許久沒打幹一場,https://t33.cdn2020.com/video/m3u8/2022/11/18/8e43b2b8/index.m3u8
QDED015.电视节目占有率难看只好来,https://t33.cdn2020.com/video/m3u8/2022/11/17/f93873e3/index.m3u8
QDED014.暗黑邱比生,https://t33.cdn2020.com/video/m3u8/2022/11/19/5fe586c7/index.m3u8
QDED011.第一次身材丰满的美甲师,https://t33.cdn2020.com/video/m3u8/2022/11/15/6cfa00d3/index.m3u8
QDED010.美丽新同学小希,https://t33.cdn2020.com/video/m3u8/2022/11/19/1fe61a4c/index.m3u8
QDED008.美腿女神米欧与小钢,https://t33.cdn2020.com/video/m3u8/2022/11/18/3b98453a/index.m3u8
QDED007.魔摄影师大翻天,https://t33.cdn2020.com/video/m3u8/2022/11/18/9f707dab/index.m3u8
QDED006.萌少女比初验,https://t33.cdn2020.com/video/m3u8/2022/11/19/0ca144bd/index.m3u8
QDED005.极品纸春了,https://t33.cdn2020.com/video/m3u8/2022/11/19/53307c7c/index.m3u8
QDED002.靜靜.來台北玩順便探訪就炮,https://t33.cdn2020.com/video/m3u8/2022/11/18/6ffee616/index.m3u8
QDZH023.感高释放,https://t33.cdn2020.com/video/m3u8/2022/11/18/fe9fb046/index.m3u8
QDZH022.爆操酒店保洁员,https://t33.cdn2020.com/video/m3u8/2022/11/18/0ce5612e/index.m3u8
QDZH021.少打麻将输进去,https://t33.cdn2020.com/video/m3u8/2022/11/17/b4dce4e5/index.m3u8
QDZH020.干翻袜小偷,https://t33.cdn2020.com/video/m3u8/2022/11/15/5393ce0b/index.m3u8
QDZH019.老板爆操小网红,https://t33.cdn2020.com/video/m3u8/2022/11/11/b10e775c/index.m3u8
QDZH018.舞蹈老师应聘,https://t33.cdn2020.com/video/m3u8/2022/11/17/2dae9584/index.m3u8
QDZH017.为退押金玩弄,https://t33.cdn2020.com/video/m3u8/2022/11/19/b78d5fdd/index.m3u8
QDZH016.秘书醉酒被司机迫,https://t33.cdn2020.com/video/m3u8/2022/11/19/5b13c25e/index.m3u8
QDZH015.工程师被献身,https://t33.cdn2020.com/video/m3u8/2022/11/19/196e4286/index.m3u8
QDZH014.售楼小姐客户,https://t33.cdn2020.com/video/m3u8/2022/11/23/b8e6e621/index.m3u8
QDZH013.过生前缘,https://t33.cdn2020.com/video/m3u8/2022/11/15/8bafbcae/index.m3u8
QDZH012.A女面试记,https://t33.cdn2020.com/video/m3u8/2022/11/23/e9cba26f/index.m3u8
QDZH011.情欲哥哥硬,https://t33.cdn2020.com/video/m3u8/2022/11/19/d19131a6/index.m3u8
QDZH010.萌欠高利贷,https://t33.cdn2020.com/video/m3u8/2022/11/15/5e83ed8e/index.m3u8
QDZH009.快递小哥,https://t33.cdn2020.com/video/m3u8/2022/11/19/dc261219/index.m3u8
QDZH008.隔壁求帮忙,https://t33.cdn2020.com/video/m3u8/2022/11/15/4ed7a7c1/index.m3u8
QDZH007.表补课被表哥操,https://t33.cdn2020.com/video/m3u8/2022/11/18/18f4d2c7/index.m3u8
QDZH006.荡女护工,https://t33.cdn2020.com/video/m3u8/2022/11/17/a05c6a91/index.m3u8
QDZH005.为了借钱,https://t33.cdn2020.com/video/m3u8/2022/11/17/3f45e780/index.m3u8
QDZH003.佣陪小姐散心,https://t33.cdn2020.com/video/m3u8/2022/11/18/78a6a8d3/index.m3u8
QDZH002.老婆不在家继,https://t33.cdn2020.com/video/m3u8/2022/11/17/7c4f4d2d/index.m3u8
QDZH001.妈妈饥渴难耐诱奸儿子,https://t33.cdn2020.com/video/m3u8/2022/11/03/4b22fff5/index.m3u8
QDSS014.女神.招嫖技师,https://t33.cdn2020.com/video/m3u8/2022/11/23/5ac4f685/index.m3u8
QDSS013.女神.极品轨,https://t33.cdn2020.com/video/m3u8/2022/11/19/92de2ce4/index.m3u8
QDSS012.女神.考研的最后一关,https://t33.cdn2020.com/video/m3u8/2022/11/19/89423ffe/index.m3u8
QDSS011.女神.迷奸高冷美女,https://t33.cdn2020.com/video/m3u8/2022/11/15/7f10a096/index.m3u8
QDSS010.女神.邂逅图书馆,https://t33.cdn2020.com/video/m3u8/2022/11/19/76282cf3/index.m3u8
QDSS009.女神.健身事,https://t33.cdn2020.com/video/m3u8/2022/11/23/7bdabb58/index.m3u8
QDSS008.女神.内饥渴女老板,https://t33.cdn2020.com/video/m3u8/2022/11/19/df3e4313/index.m3u8
QDSS007.女神.女司的另一面,https://t33.cdn2020.com/video/m3u8/2022/11/11/a23a1cda/index.m3u8
QDSS006.女神.拍写真的陷阱,https://t33.cdn2020.com/video/m3u8/2022/11/18/d874c64f/index.m3u8
QDSS004.女神.看黄片来感觉了,https://t33.cdn2020.com/video/m3u8/2022/11/19/64b482a7/index.m3u8
QDSS003.女神.趁了她,https://t33.cdn2020.com/video/m3u8/2022/11/18/96235546/index.m3u8
QDSS002.女神.青春发现,https://t33.cdn2020.com/video/m3u8/2022/11/17/ddab062a/index.m3u8
QDSS001.女神.黑诱惑,https://t33.cdn2020.com/video/m3u8/2022/11/23/d90ebc23/index.m3u8
MOMO.利用權讓我,https://t33.cdn2020.com/video/m3u8/2024/09/03/da163dc1/index.m3u8
內衣模特的清純日本,https://t33.cdn2020.com/video/m3u8/2024/08/29/94f321af/index.m3u8
MOMO.SS級完美超害羞,https://t33.cdn2020.com/video/m3u8/2024/08/16/b3cd9e93/index.m3u8
MOMO.關燈比較刺激,https://t33.cdn2020.com/video/m3u8/2024/09/01/ce5f204f/index.m3u8
XVSR-140 岸あ,https://t33.cdn2020.com/video/m3u8/2022/07/15/4e7f72af/index.m3u8
PZZ-778 圧倒的カレン,https://t33.cdn2020.com/video/m3u8/2026/02/13/abad163f/index.m3u8
IPZZ-703かけ祭り,https://t33.cdn2020.com/video/m3u8/2026/01/16/62279ec6/index.m3u8
FNS-181 同棲生与田りん,https://t33.cdn2020.com/video/m3u8/2026/02/11/2b9ac023/index.m3u8
HMN-520 昔、貧かすみ,https://t33.cdn2020.com/video/m3u8/2024/01/31/12dd2be1/index.m3u8
MIDV-383 私のな,https://t33.cdn2020.com/video/m3u8/2023/07/22/390f416b/index.m3u8
SSIS-798 愛一花,https://t33.cdn2020.com/video/m3u8/2023/09/12/c5a7a594/index.m3u8
ABW-097 天然汁 120％ 71,https://t33.cdn2020.com/video/m3u8/2023/07/06/530d3d53/index.m3u8
JUL-087 今夜、僕レイコ,https://t33.cdn2020.com/video/m3u8/2022/10/15/fe56fa54/index.m3u8
MIAB-556 帆,https://t33.cdn2020.com/video/m3u8/2025/10/31/f1ba7dbf/index.m3u8
CAWD-871 オンナ 超イカセSEX！,https://t33.cdn2020.com/video/m3u8/2025/10/19/ea3dcf5f/index.m3u8
MIDA-271 【女オ,https://t33.cdn2020.com/video/m3u8/2025/09/11/58f951a6/index.m3u8
SONE-434 潮吹き女王くるHow to SEX,https://t33.cdn2020.com/video/m3u8/2025/10/03/046d1ce0/index.m3u8
PRED-708 How t山岸あや花,https://t33.cdn2020.com/video/m3u8/2025/11/12/afeab6f8/index.m3u8
IPZZ-677 手がカレン,https://t33.cdn2020.com/video/m3u8/2025/10/20/7c57d33a/index.m3u8
IPZZ-655 チート級媚薬ン,https://t33.cdn2020.com/video/m3u8/2025/09/21/5acb052f/index.m3u8
IPZZ-435 まくった,https://t33.cdn2020.com/video/m3u8/2025/09/16/71d96b7b/index.m3u8
IPZZ-261 「奥さ員カレン,https://t33.cdn2020.com/video/m3u8/2026/02/12/cddf48c7/index.m3u8
IPZZ-242 教育実習カレン,https://t33.cdn2020.com/video/m3u8/2026/02/16/8c54018a/index.m3u8
IPZZ-170 楓カ再び。,https://t33.cdn2020.com/video/m3u8/2023/12/10/3e64a0c5/index.m3u8
FSDSS-627 もっレモン,https://t33.cdn2020.com/video/m3u8/2023/08/01/933c4dee/index.m3u8
FSDSS-615 彼女の姉田中レモン,https://t33.cdn2020.com/video/m3u8/2023/07/26/a8856101/index.m3u8
FSDSS-610 最高レモン,https://t33.cdn2020.com/video/m3u8/2023/05/31/4350129f/index.m3u8
FSDSS-609 圧’ AVデビュー,https://t33.cdn2020.com/video/m3u8/2023/05/03/47a28e2e/index.m3u8
IPX-867 カレン先ン,https://t33.cdn2020.com/video/m3u8/2022/05/20/27ae5125/index.m3u8
IPX-811 -媚薬 楓カレン,https://t33.cdn2020.com/video/m3u8/2022/02/17/5c7b1d71/index.m3u8
IPX-776 身代わレン,https://t33.cdn2020.com/video/m3u8/2022/01/13/190ebb5f/index.m3u8
IPX-758 あなた楓カレン,https://t33.cdn2020.com/video/m3u8/2021/11/18/736df1f5/index.m3u8
IPX-742 楓カンズエステ,https://t33.cdn2020.com/video/m3u8/2021/10/20/f38b7000/index.m3u8
IPX-689 ぬほカレン,https://t33.cdn2020.com/video/m3u8/2021/08/09/cd3db9e3/index.m3u8
IPX-673 純谷,https://t33.cdn2020.com/video/m3u8/2021/08/08/76107a8f/index.m3u8
IPX-658 新 逆楓カレン,https://t33.cdn2020.com/video/m3u8/2026/01/31/2d9a5bbc/index.m3u8
IPX-641 旦頂カレン,https://t33.cdn2020.com/video/m3u8/2026/01/20/59f2fc93/index.m3u8
IPX-627 大好た 楓カレン,https://t33.cdn2020.com/video/m3u8/2025/12/19/69b98f8e/index.m3u8
IPX-612 生徒と映像 楓カレン,https://t33.cdn2020.com/video/m3u8/2026/01/03/5ae4aef4/index.m3u8
IPX-596 美人家庭 楓カレン,https://t33.cdn2020.com/video/m3u8/2021/02/27/255abb48/index.m3u8
IPX-580 禁欲の果てカレン,https://t33.cdn2020.com/video/m3u8/2020/12/28/c4232a44/index.m3u8
IPX-534 ぬン,https://t33.cdn2020.com/video/m3u8/2020/12/19/29667924/index.m3u8
IPX-528 ぬほ楓カレン,https://t33.cdn2020.com/video/m3u8/2020/09/19/0e26531c/index.m3u8
IPX-451 凌●解カレン,https://t33.cdn2020.com/video/m3u8/2026/01/15/5d326ed7/index.m3u8
IPX-427 おじさんカレン,https://t33.cdn2020.com/video/m3u8/2020/09/03/ef95bd39/index.m3u8
IPX-398 出張楓カレン,https://t33.cdn2020.com/video/m3u8/2026/01/06/b5fb51f9/index.m3u8
IPX-383 射精ホヤホヤレン,https://t33.cdn2020.com/video/m3u8/2020/09/03/ff976170/index.m3u8
IPX-334 ピュア美少ナー 楓カレン,https://t33.cdn2020.com/video/m3u8/2023/01/08/2eea84bc/index.m3u8
IPX-320 絶頂84回！ランス絶頂FUCK 楓カレン,https://t33.cdn2020.com/video/m3u8/2026/02/07/6a1426fb/index.m3u8
IPX-305 瞬ン 私がなかった…,https://t33.cdn2020.com/video/m3u8/2023/06/13/ebe93eb8/index.m3u8
IPX-291 ピュア美少接吻とセックス 楓カレン,https://jkunnzyx.com/20230301/5KWwQUfH/hls/index.m3u8
IPX-278 白衣の神対応然も！ 楓カレン,https://t33.cdn2020.com/video/m3u8/2019/07/24/4b2df664/index.m3u8
IPX-484 彼女 楓カレン,https://t33.cdn2020.com/video/m3u8/2023/06/24/ba6bd43c/index.m3u8
AMATEUREURO,http://xionggroup.uk:2347/livehttpplay?channel_id=18209
BlondeTeen,http://xionggroup.uk:2347/livehttpplay?channel_id=18210
BlondeTeen2,http://xionggroup.uk:2347/livehttpplay?channel_id=18211
Brazzers,http://xionggroup.uk:2347/livehttpplay?channel_id=18212
FakeAgent,http://xionggroup.uk:2347/livehttpplay?channel_id=18213
FakeHostel,http://xionggroup.uk:2347/livehttpplay?channel_id=18214
FAKEhubFullScene,http://xionggroup.uk:2347/livehttpplay?channel_id=18215
FilthyKings,http://xionggroup.uk:2347/livehttpplay?channel_id=18216
FilthyTaboo,http://xionggroup.uk:2347/livehttpplay?channel_id=18217
HOTWIFEXXX,http://xionggroup.uk:2347/livehttpplay?channel_id=18218
princess,http://xionggroup.uk:2347/livehttpplay?channel_id=18219
princess1,http://xionggroup.uk:2347/livehttpplay?channel_id=18220
princess2,http://xionggroup.uk:2347/livehttpplay?channel_id=18221
PublicAgent,http://xionggroup.uk:2347/livehttpplay?channel_id=18222
ASIA,http://xionggroup.uk:2347/livehttpplay?channel_id=18223
ASIA2,http://xionggroup.uk:2347/livehttpplay?channel_id=18224
asia3,http://xionggroup.uk:2347/livehttpplay?channel_id=18225
asia4,http://xionggroup.uk:2347/livehttpplay?channel_id=18226
asia5,http://xionggroup.uk:2347/livehttpplay?channel_id=18227
asia6,http://xionggroup.uk:2347/livehttpplay?channel_id=18228
asia7,http://xionggroup.uk:2347/livehttpplay?channel_id=18229
asia8,http://xionggroup.uk:2347/livehttpplay?channel_id=18230
asia9,http://xionggroup.uk:2347/livehttpplay?channel_id=18231
asia10,http://xionggroup.uk:2347/livehttpplay?channel_id=18232
asia11,http://xionggroup.uk:2347/livehttpplay?channel_id=18233
asia12,http://xionggroup.uk:2347/livehttpplay?channel_id=18234
asia13,http://xionggroup.uk:2347/livehttpplay?channel_id=18235
asia14,http://xionggroup.uk:2347/livehttpplay?channel_id=18236
asia15,http://xionggroup.uk:2347/livehttpplay?channel_id=18237
asia16,http://xionggroup.uk:2347/livehttpplay?channel_id=18238
asia17,http://xionggroup.uk:2347/livehttpplay?channel_id=18239
asia18,http://xionggroup.uk:2347/livehttpplay?channel_id=18240
asia19,http://xionggroup.uk:2347/livehttpplay?channel_id=18241
asia20,http://xionggroup.uk:2347/livehttpplay?channel_id=18242
asia21,http://xionggroup.uk:2347/livehttpplay?channel_id=18243
CUS,http://xionggroup.uk:2347/livehttpplay?channel_id=18244
HMN,http://xionggroup.uk:2347/livehttpplay?channel_id=18245
MDYD,http://xionggroup.uk:2347/livehttpplay?channel_id=18246
MSD2,http://xionggroup.uk:2347/livehttpplay?channel_id=18247
PONDO,http://xionggroup.uk:2347/livehttpplay?channel_id=18248
PONDO2,http://xionggroup.uk:2347/livehttpplay?channel_id=18249
XKG,http://xionggroup.uk:2347/livehttpplay?channel_id=18250
MSD,http://xionggroup.uk:2347/livehttpplay?channel_id=18251
10周年紀念特別篇著名演員,https://t33.cdn2020.com/video/m3u8/2024/10/03/922abb2b/index.m3u8
18歲美少看似清純實際很蕩,https://t33.cdn2020.com/video/m3u8/2024/04/14/5f5c3a43/index.m3u8
21發顏在美少臉-小阪七香,https://t33.cdn2020.com/video/m3u8/2024/08/22/079edb65/index.m3u8
3P解禁生初次絕頂-希島理,https://t33.cdn2020.com/video/m3u8/2024/06/17/234e28de/index.m3u8
3P初體驗-希志野,https://t33.cdn2020.com/video/m3u8/2024/03/28/e3b42001/index.m3u8
3年A班真由老師-希美真由,https://t33.cdn2020.com/video/m3u8/2024/07/25/5bc55bd8/index.m3u8
AV偶像攝影會-葵司,https://t33.cdn2020.com/video/m3u8/2024/06/25/5bfec828/index.m3u8
AV引退倒計時-佳澄果穗,https://t33.cdn2020.com/video/m3u8/2024/08/30/bb4b0874/index.m3u8
AV隱退作-架乃由羅,https://t33.cdn2020.com/video/m3u8/2024/09/16/28f2dbc0/index.m3u8
BBQ醉酒NTR-桃乃木かな,https://t33.cdn2020.com/video/m3u8/2024/04/27/012cdf5e/index.m3u8
FSDSS-474,https://t33.cdn2020.com/video/m3u8/2024/06/17/17684b6b/index.m3u8
K罩杯的秘書被社長-凪光,https://t33.cdn2020.com/video/m3u8/2024/08/09/48bf65dd/index.m3u8
NTR的救贖-架乃由羅,https://t33.cdn2020.com/video/m3u8/2024/08/25/cf8dfb68/index.m3u8
跟住在空屋絶倫的舌吻的,https://t33.cdn2020.com/video/m3u8/2024/04/12/52b9685b/index.m3u8
按摩棒猜謎挑戰-鈴木心春,https://t33.cdn2020.com/video/m3u8/2024/09/24/3d5bc14c/index.m3u8
暗戀的生是的朋友-希島野,https://t33.cdn2020.com/video/m3u8/2024/07/19/f7a20dec/index.m3u8
傲嬌的白領-倉木華,https://t33.cdn2020.com/video/m3u8/2024/10/08/cf9a6c90/index.m3u8
傲嬌可的學生會長-RIO,https://t33.cdn2020.com/video/m3u8/2024/06/25/b616ce65/index.m3u8
把裡的-RARA,https://t33.cdn2020.com/video/m3u8/2024/09/30/3239a783/index.m3u8
把患者躺在自己的新鮮部,https://t33.cdn2020.com/video/m3u8/2024/05/03/7791e6c5/index.m3u8
把積蓄已久濃厚的全部發吧,https://t33.cdn2020.com/video/m3u8/2024/09/18/252f6e36/index.m3u8
把極品優培養成類寵物,https://t33.cdn2020.com/video/m3u8/2024/09/15/e30379b6/index.m3u8
把深的子折磨到深處-明裡紬,https://t33.cdn2020.com/video/m3u8/2024/04/27/e70fb971/index.m3u8
白虎被鄙視的公公迫高到懷孕,https://t33.cdn2020.com/video/m3u8/2024/06/07/29187dfe/index.m3u8
白咲花的變身,https://t33.cdn2020.com/video/m3u8/2024/08/16/86ef152b/index.m3u8
白天在公司是高傲嚴厲的司-星野娜美,https://t33.cdn2020.com/video/m3u8/2024/09/09/eb40d083/index.m3u8
白皙溫柔美的,https://t33.cdn2020.com/video/m3u8/2024/05/10/05e6252a/index.m3u8
百合川沒有前戲突然開始的,https://t33.cdn2020.com/video/m3u8/2024/04/27/73b9e724/index.m3u8
班裡的土味子-水卜櫻,https://t33.cdn2020.com/video/m3u8/2024/06/25/04690fbe/index.m3u8
搬到隔壁的那對夫的-野野浦暖,https://t33.cdn2020.com/video/m3u8/2024/09/28/8641f958/index.m3u8
搬到隔壁的漂亮新婚-鈴村裡,https://t33.cdn2020.com/video/m3u8/2024/07/16/041ae0ce/index.m3u8
搬到隔壁來的那對情侶的巨友,https://t33.cdn2020.com/video/m3u8/2024/08/20/6a3ff9c1/index.m3u8
阪美惠乃突然被的無套視覺盛宴,https://t33.cdn2020.com/video/m3u8/2024/05/23/882fd6a4/index.m3u8
辦公室OL淪為東熱汁們的便器隨意,https://t33.cdn2020.com/video/m3u8/2024/05/18/02e4b279/index.m3u8
辦公室美OL濕潤的絲連褲襪,https://t33.cdn2020.com/video/m3u8/2024/07/19/ed0bbaeb/index.m3u8
半醉半醒SEX-希美真由,https://t33.cdn2020.com/video/m3u8/2024/06/30/a0f5a3ca/index.m3u8
幫助處們童貞畢業的巨美-乃乃果花,https://t33.cdn2020.com/video/m3u8/2024/05/19/209f9a78/index.m3u8
保險員冴君麻衣子最擅長用體推銷,https://t33.cdn2020.com/video/m3u8/2024/06/19/2bcf50ad/index.m3u8
報復司-小川阿佐美,https://t33.cdn2020.com/video/m3u8/2024/05/30/53fe6180/index.m3u8
暴虐校淩辱-希島理,https://t33.cdn2020.com/video/m3u8/2024/06/18/3ad911f3/index.m3u8
被30根棒的亂交,https://t33.cdn2020.com/video/m3u8/2024/08/01/0fcba0f1/index.m3u8
被NTR癖-二宮光,https://t33.cdn2020.com/video/m3u8/2024/07/26/6b7389ba/index.m3u8
被NTR燒烤同學會-神宮寺奈緒,https://t33.cdn2020.com/video/m3u8/2024/03/12/a8483a9a/index.m3u8
被傲嬌狂妄的叫來-小野六花,https://t33.cdn2020.com/video/m3u8/2024/07/04/32a01f7f/index.m3u8
被逼著做極度羞恥的泳裝模特,https://t33.cdn2020.com/video/m3u8/2024/06/07/e59fa2f2/index.m3u8
被變態子犯的髮美-古川伊織,https://t33.cdn2020.com/video/m3u8/2024/06/30/f661b62f/index.m3u8
被不良學生們盯的美教師,https://t33.cdn2020.com/video/m3u8/2024/05/19/6a259f83/index.m3u8
被部長行犯墮落的-希島裡,https://t33.cdn2020.com/video/m3u8/2024/06/30/010ae991/index.m3u8
被徹底玩弄到高升天-八木奈奈,https://t33.cdn2020.com/video/m3u8/2024/03/26/252e7609/index.m3u8
被癡架乃由羅蹂躪連16次制術,https://t33.cdn2020.com/video/m3u8/2024/06/06/83e55fd1/index.m3u8
被催眠洗腦-桃乃木香奈,https://t33.cdn2020.com/video/m3u8/2024/06/04/b1ee8aed/index.m3u8
被量包圍-村悠華,https://t33.cdn2020.com/video/m3u8/2024/07/11/6da0adc7/index.m3u8
被電車癡漢盯墮落的美-天海翼,https://t33.cdn2020.com/video/m3u8/2024/06/14/98ad3395/index.m3u8
被店長犯的未婚-石原莉奈,https://t33.cdn2020.com/video/m3u8/2024/03/20/b4ccad97/index.m3u8
被盯的OL-希崎潔西嘉,https://t33.cdn2020.com/video/m3u8/2024/04/19/ff32855a/index.m3u8
被奪走的清純子-芽森滴,https://t33.cdn2020.com/video/m3u8/2024/09/03/2176ad29/index.m3u8
被幹到墮落後-小川阿佐美,https://t33.cdn2020.com/video/m3u8/2024/05/21/59815ba9/index.m3u8
被隔壁巨根鄰居犯覺醒的美,https://t33.cdn2020.com/video/m3u8/2024/10/10/a59c45d9/index.m3u8
被閨蜜老公犯墮落的-立花美涼,https://t33.cdn2020.com/video/m3u8/2024/10/10/124eb5c0/index.m3u8
被棒幹到失去意識-筱田步美,https://t33.cdn2020.com/video/m3u8/2024/03/17/9b3724b4/index.m3u8
被繼父弄到頭高的我-宮下玲奈,https://t33.cdn2020.com/video/m3u8/2024/05/10/af9f0f61/index.m3u8
被監禁當作家畜奴隸調教的短髮美-希島理,https://t33.cdn2020.com/video/m3u8/2024/07/16/1f049741/index.m3u8
被監禁束縛-Unpai,https://t33.cdn2020.com/video/m3u8/2024/07/19/f69b1d68/index.m3u8
被絕頂開發體位迷的-神宮寺奈緒,https://t33.cdn2020.com/video/m3u8/2024/04/30/0c4a39c9/index.m3u8
被垃圾佬軟禁成為便器的高生,https://t33.cdn2020.com/video/m3u8/2024/08/16/b24bbe0c/index.m3u8
被老公老闆暴的第七天-楓芙,https://t33.cdn2020.com/video/m3u8/2024/07/04/1e3dfeba/index.m3u8
被的美教師-希美真由,https://t33.cdn2020.com/video/m3u8/2024/06/30/d1f37ab7/index.m3u8
被的游泳部實習教育顧問-楓可憐,https://t33.cdn2020.com/video/m3u8/2024/03/26/d27ee1cb/index.m3u8
被調教墮落為-希島理,https://t33.cdn2020.com/video/m3u8/2024/06/18/b44180e4/index.m3u8
被美OL拒絕後的肥豬-立花美涼,https://t33.cdn2020.com/video/m3u8/2024/04/07/fdc351ea/index.m3u8
被迷藥迷暈-松島楓,https://t33.cdn2020.com/video/m3u8/2024/03/27/fec25781/index.m3u8
被包圍-兒玉七海,https://t33.cdn2020.com/video/m3u8/2024/10/08/5f06784f/index.m3u8
被友賣掉後被的OL-橋未久,https://t33.cdn2020.com/video/m3u8/2024/10/04/5352a35b/index.m3u8
被朋友的美誘惑-天海翼,https://t33.cdn2020.com/video/m3u8/2024/07/25/fa1034bd/index.m3u8
被朋友管理-橋未久,https://t33.cdn2020.com/video/m3u8/2024/09/25/05b48c6f/index.m3u8
被暴後失憶-本田岬,https://t33.cdn2020.com/video/m3u8/2024/10/12/b15ec656/index.m3u8
被犯快感的-小川阿佐美,https://t33.cdn2020.com/video/m3u8/2024/05/21/103ca134/index.m3u8
被犯的圖書管理員-希崎潔西嘉,https://t33.cdn2020.com/video/m3u8/2024/06/07/4f6f86c1/index.m3u8
被犯的圖書管理員-希志野,https://t33.cdn2020.com/video/m3u8/2024/05/08/9b3f14e0/index.m3u8
被犯的溫泉野外露-小川阿佐美,https://t33.cdn2020.com/video/m3u8/2024/06/04/96b66ff0/index.m3u8
被犯過度的教師-前田香織,https://t33.cdn2020.com/video/m3u8/2024/10/03/060ccd38/index.m3u8
被犯調教成了-立花美涼,https://t33.cdn2020.com/video/m3u8/2024/10/10/c7a625a4/index.m3u8
被禽獸繼父和混繼兄犯玩弄的可孩,https://t33.cdn2020.com/video/m3u8/2024/06/18/7e250c05/index.m3u8
被禽獸老師爆卻無能為力-小島南,https://t33.cdn2020.com/video/m3u8/2024/05/19/d0e1419a/index.m3u8
被蹂躪的-天海翼,https://t33.cdn2020.com/video/m3u8/2024/08/15/9999d0ac/index.m3u8
被三個巨美腿護士壓榨30次,https://t33.cdn2020.com/video/m3u8/2024/09/18/674d2a8e/index.m3u8
他弟弟幹到高的美寡-希崎潔西嘉,https://t33.cdn2020.com/video/m3u8/2024/04/27/760aef57/index.m3u8
逃獄者犯調教的美OL-希島理,https://t33.cdn2020.com/video/m3u8/2024/06/18/94d83bc7/index.m3u8
被調教成服侍棒的風俗-石原莉奈,https://t33.cdn2020.com/video/m3u8/2024/03/26/b806708a/index.m3u8
被猥瑣部長灌醉帶回家的美OL,https://t33.cdn2020.com/video/m3u8/2024/09/25/388b4a88/index.m3u8
被喜歡交的的學生隨時隨地的交,https://t33.cdn2020.com/video/m3u8/2024/07/19/4b890f5d/index.m3u8
被喜歡宅的辣了-神木麗,https://t33.cdn2020.com/video/m3u8/2024/05/12/5d63b829/index.m3u8
被下圈套的學生遭到癡漢們,https://t33.cdn2020.com/video/m3u8/2024/10/03/2f30d44e/index.m3u8
被下藥後拍下視頻的巨OL-沖田杏梨,https://t33.cdn2020.com/video/m3u8/2024/10/12/38d1e232/index.m3u8
被修理工犯的在老公面前被幹到高,https://t33.cdn2020.com/video/m3u8/2024/06/12/492b41c7/index.m3u8
被學生墮落身心完全破碎的教師,https://t33.cdn2020.com/video/m3u8/2024/07/25/827527c7/index.m3u8
被義父RAPE後的清純-河北彩伽,https://t33.cdn2020.com/video/m3u8/2024/10/05/fc4b9c78/index.m3u8
被蕩的破處了-UNPAI,https://t33.cdn2020.com/video/m3u8/2024/10/09/b43824b1/index.m3u8
被魔叔叔姦的美-本田岬,https://t33.cdn2020.com/video/m3u8/2024/09/15/bacc01a1/index.m3u8
被抓住淪為奴隸的記者-希島理,https://t33.cdn2020.com/video/m3u8/2024/07/19/bce11100/index.m3u8
被自己厭惡的叔-桃乃木香奈,https://t33.cdn2020.com/video/m3u8/2024/03/28/e750cec9/index.m3u8
被最美麗的吮吸的快感-楓可憐,https://t33.cdn2020.com/video/m3u8/2024/06/17/b0a91634/index.m3u8
本能的四本番-原瑞穗,https://t33.cdn2020.com/video/m3u8/2024/09/04/93434b0a/index.m3u8
本山茉莉洗的乾乾淨淨接受子注,https://t33.cdn2020.com/video/m3u8/2024/05/10/b928533d/index.m3u8
本想教訓廢物下屬卻被爽的絲司,https://t33.cdn2020.com/video/m3u8/2024/05/10/9dae2528/index.m3u8
笨拙經理足球部篇-天海翼,https://t33.cdn2020.com/video/m3u8/2024/07/19/af82f2e3/index.m3u8
比基尼孩士美容院-逢澤美優,https://t33.cdn2020.com/video/m3u8/2024/09/16/0fbb94c2/index.m3u8
比友還的店長棒-本鄉,https://t33.cdn2020.com/video/m3u8/2024/06/17/a3430f8c/index.m3u8
比起子我更擅長交-楓花戀,https://t33.cdn2020.com/video/m3u8/2024/05/03/a977cbcb/index.m3u8
畢業儀式結束後-希島理,https://t33.cdn2020.com/video/m3u8/2024/08/09/978a72ba/index.m3u8
閉門不的訪問支援服務-小湊四葉,https://t33.cdn2020.com/video/m3u8/2024/08/01/274bfe69/index.m3u8
邊走邊做可優-希美真由,https://t33.cdn2020.com/video/m3u8/2024/07/19/3094591c/index.m3u8
變成的彩花,https://t33.cdn2020.com/video/m3u8/2024/08/28/2f376b8a/index.m3u8
變態抖S癡-明裡紬,https://t33.cdn2020.com/video/m3u8/2024/07/26/4a2008d2/index.m3u8
變態鄰居綁架監禁美,https://t33.cdn2020.com/video/m3u8/2024/07/26/cb7cf833/index.m3u8
便當店的光小-青空光,https://t33.cdn2020.com/video/m3u8/2024/08/12/c4950293/index.m3u8
便利店打工的子-伊藤舞雪,https://t33.cdn2020.com/video/m3u8/2024/08/19/afbf9b6e/index.m3u8
便利店兼職主-青空光,https://t33.cdn2020.com/video/m3u8/2024/04/07/f8819128/index.m3u8
賓館瘋狂做-希美真由,https://t33.cdn2020.com/video/m3u8/2024/08/01/6f789ce4/index.m3u8
波多野結衣空天使系列接受挑戰,https://t33.cdn2020.com/video/m3u8/2024/06/09/98af6ce0/index.m3u8
波多野結衣突然現在粉絲面試送福利,https://t33.cdn2020.com/video/m3u8/2024/06/06/844cc95f/index.m3u8
不穿褲的S屬小美,https://t33.cdn2020.com/video/m3u8/2024/06/19/ef6691a1/index.m3u8
不穿褲的教師-橋未久,https://t33.cdn2020.com/video/m3u8/2024/10/03/97b79389/index.m3u8
不穿褲的教師-小川阿佐美,https://t33.cdn2020.com/video/m3u8/2024/06/06/e1fef77f/index.m3u8
不管何時何地都馬做的傭-伊東千奈美,https://t33.cdn2020.com/video/m3u8/2024/04/02/ae7a0bd2/index.m3u8
不會拒絕的被動-希志野,https://t33.cdn2020.com/video/m3u8/2024/04/30/fe54289e/index.m3u8
不會停下的掃除交-小島南,https://t33.cdn2020.com/video/m3u8/2024/08/20/83af3e5f/index.m3u8
不起眼部下的副業是泡泡浴-希島裡,https://t33.cdn2020.com/video/m3u8/2024/10/08/3d9319a4/index.m3u8
不去課的淳樸學生-水卜櫻,https://t33.cdn2020.com/video/m3u8/2024/08/14/465d6cd2/index.m3u8
不擅長拒絕的美-天海翼,https://t33.cdn2020.com/video/m3u8/2024/07/19/268075f4/index.m3u8
不受控制的與兒子的朋友絕倫交尾,https://t33.cdn2020.com/video/m3u8/2024/08/28/6fb7fbdc/index.m3u8
不停高-希志野,https://t33.cdn2020.com/video/m3u8/2024/05/03/174deb12/index.m3u8
不需要劇本和完美的情-伊東千奈美,https://t33.cdn2020.com/video/m3u8/2024/10/01/cb9a8a95/index.m3u8
不要在這裡在裡面-藤森裡穂,https://t33.cdn2020.com/video/m3u8/2024/09/17/2c46b4b6/index.m3u8
餐館的員工被同事們調教,https://t33.cdn2020.com/video/m3u8/2024/04/17/b08cca40/index.m3u8
殘酷的漏尿-未步奈奈,https://t33.cdn2020.com/video/m3u8/2024/09/13/efed57ca/index.m3u8
測試可虎牙優-初川南,https://t33.cdn2020.com/video/m3u8/2024/03/20/0ee2d303/index.m3u8
曾經稱之為主的-栗山莉緒,https://t33.cdn2020.com/video/m3u8/2024/10/11/9ec99fc6/index.m3u8
超膽丁字褲的亂誘惑-天海翼,https://t33.cdn2020.com/video/m3u8/2024/08/30/bc25ae18/index.m3u8
超型新的飯店濃密-白咲花,https://t33.cdn2020.com/video/m3u8/2024/07/19/50bfff78/index.m3u8
超高級風俗小-小島南,https://t33.cdn2020.com/video/m3u8/2024/03/20/d0a34047/index.m3u8
超豪華服務説明螢幕前的你爆-松島楓,https://t33.cdn2020.com/video/m3u8/2024/03/15/04ae8ccb/index.m3u8
超級可的幼齒蘿莉貓娘美少,https://t33.cdn2020.com/video/m3u8/2024/04/17/f7d52023/index.m3u8
超級狂歡亂交-初川南,https://t33.cdn2020.com/video/m3u8/2024/03/27/c8a795b8/index.m3u8
超級搜查官-八木奈奈,https://t33.cdn2020.com/video/m3u8/2024/08/31/5e5d58a9/index.m3u8
超級興奮的體-八掛海,https://t33.cdn2020.com/video/m3u8/2024/08/27/d0401f0f/index.m3u8
超級自慰協助-三悠亞,https://t33.cdn2020.com/video/m3u8/2024/08/05/64006472/index.m3u8
超可虎牙AV優-初川南,https://t33.cdn2020.com/video/m3u8/2024/03/23/29e21af3/index.m3u8
超可蘿莉友的溫泉旅行-櫻由羅,https://t33.cdn2020.com/video/m3u8/2024/08/30/8b95009b/index.m3u8
超爽吹-小島みなみ,https://t33.cdn2020.com/video/m3u8/2024/03/20/97fb047a/index.m3u8
超蕩癡老師的語診所-希崎潔西嘉,https://t33.cdn2020.com/video/m3u8/2024/06/04/aa397b1c/index.m3u8
吹限制解除-八掛海,https://t33.cdn2020.com/video/m3u8/2024/05/26/98be8839/index.m3u8
沉迷感美容按摩的-夏目彩春,https://t33.cdn2020.com/video/m3u8/2024/09/13/633aece5/index.m3u8
沉溺在AV優朋友的主觀之無法自拔,https://t33.cdn2020.com/video/m3u8/2024/04/20/a455389c/index.m3u8
沉溺在絕倫的背德美OL的欲白皮書,https://t33.cdn2020.com/video/m3u8/2024/09/22/5cd813d7/index.m3u8
趁楚楚可憐的美熟睡她-栗山莉緒,https://t33.cdn2020.com/video/m3u8/2024/10/05/9b9be78d/index.m3u8
趁著父母不在家-小倉由菜,https://t33.cdn2020.com/video/m3u8/2024/03/29/0ac7ef05/index.m3u8
成功拍攝完全私影片,https://t33.cdn2020.com/video/m3u8/2024/08/01/e58b014e/index.m3u8
成式同學會NTR-七澤美亞,https://t33.cdn2020.com/video/m3u8/2024/06/06/fe501850/index.m3u8
成限定幼稚園可的美教師-希志野,https://t33.cdn2020.com/video/m3u8/2024/04/30/9808855e/index.m3u8
成為教師後感受到的真摯純-三悠亞,https://t33.cdn2020.com/video/m3u8/2024/08/01/9e831e43/index.m3u8
癡迷于朋友的-楓可憐,https://t33.cdn2020.com/video/m3u8/2024/08/05/51b80228/index.m3u8
癡OL的絲襪美腿誘惑-小川阿佐美,https://t33.cdn2020.com/video/m3u8/2024/06/06/d1a0c542/index.m3u8
癡奉仕-裡美尤利婭,https://t33.cdn2020.com/video/m3u8/2024/03/15/fa92ee9d/index.m3u8
充滿高貴存在感-希島理,https://t33.cdn2020.com/video/m3u8/2024/06/25/41f05148/index.m3u8
醜聞搭訕被帶回家-希崎潔西嘉,https://t33.cdn2020.com/video/m3u8/2024/10/04/bcb3a3e0/index.m3u8
差處的破紀錄暴雨-楓可憐,https://t33.cdn2020.com/video/m3u8/2024/06/07/b1f7f9a9/index.m3u8
差跟年騷擾主管住進同間房,https://t33.cdn2020.com/video/m3u8/2024/05/03/dc0a905e/index.m3u8
軌的-椎名由奈,https://t33.cdn2020.com/video/m3u8/2024/09/12/1959a0d4/index.m3u8
其不意安排優進來,https://t33.cdn2020.com/video/m3u8/2024/06/21/71a5818b/index.m3u8
其不意突然襲擊-希島理,https://t33.cdn2020.com/video/m3u8/2024/07/04/4be9dc0e/index.m3u8
初次嘗試深喉的美豔少,https://t33.cdn2020.com/video/m3u8/2024/04/27/63061f9e/index.m3u8
初戀友過於完美的感身體-神木麗,https://t33.cdn2020.com/video/m3u8/2024/05/12/682a9e02/index.m3u8
處的我和初戀可友-小島南,https://t33.cdn2020.com/video/m3u8/2024/03/12/6c4b7b54/index.m3u8
穿白襯衫,https://t33.cdn2020.com/video/m3u8/2024/04/07/5102451e/index.m3u8
穿緊洋裝的店員-小宵虎南,https://t33.cdn2020.com/video/m3u8/2024/08/09/4a45d5a7/index.m3u8
穿各種情趣制服的高級-冬月かえで,https://t33.cdn2020.com/video/m3u8/2024/09/30/fc53b93b/index.m3u8
穿制服並來一場青春-仲村美羽,https://t33.cdn2020.com/video/m3u8/2024/06/25/9cf46513/index.m3u8
穿著透明泳衣來到公共游泳池的學生,https://t33.cdn2020.com/video/m3u8/2024/09/24/be0a8dfa/index.m3u8
穿著感衣制服的服務小-石原莉奈,https://t33.cdn2020.com/video/m3u8/2024/03/15/cc56591e/index.m3u8
穿著貞帶的-希美真由,https://t33.cdn2020.com/video/m3u8/2024/07/19/8b6a8264/index.m3u8
純和風美少-水菜麗,https://t33.cdn2020.com/video/m3u8/2024/05/08/f8b84ff7/index.m3u8
純天然孩AV道-東雲美玲,https://t33.cdn2020.com/video/m3u8/2024/06/18/72baf7a8/index.m3u8
刺激您五感的豪華自慰協助-miru,https://t33.cdn2020.com/video/m3u8/2024/08/06/c0413ffa/index.m3u8
從濕漉漉的小穴裡流來的白濁汁,https://t33.cdn2020.com/video/m3u8/2024/09/03/be8805d4/index.m3u8
從鄉下搬到東京的純潔-宮島芽衣,https://t33.cdn2020.com/video/m3u8/2024/08/01/e033fa74/index.m3u8
從丈夫葬禮的第二天開始-本莊鈴,https://t33.cdn2020.com/video/m3u8/2024/07/04/0c6bb334/index.m3u8
錯過了末班電車-川越仁子,https://t33.cdn2020.com/video/m3u8/2024/10/09/8cf95fd7/index.m3u8
錯過末班車的打工-佐山,https://t33.cdn2020.com/video/m3u8/2024/09/15/8d678ce9/index.m3u8
錯過末班車住進後輩家裡-河北彩花,https://t33.cdn2020.com/video/m3u8/2024/08/09/5e7090d3/index.m3u8
打工點可溫柔又可靠的前輩-宇野美玲,https://t33.cdn2020.com/video/m3u8/2024/06/25/7ec6b990/index.m3u8
打工孩的居家服-水蔔櫻,https://t33.cdn2020.com/video/m3u8/2024/09/16/80c394f7/index.m3u8
雞巴患者語手觸診-仲村みう,https://t33.cdn2020.com/video/m3u8/2024/08/15/88871706/index.m3u8
亂交解禁-新有菜,https://t33.cdn2020.com/video/m3u8/2024/03/28/ed878d35/index.m3u8
亂交-前田香織,https://t33.cdn2020.com/video/m3u8/2024/09/04/7fe6c96a/index.m3u8
亂交-希美真由,https://t33.cdn2020.com/video/m3u8/2024/07/04/65dca22e/index.m3u8
屁股攻擊-天海翼,https://t33.cdn2020.com/video/m3u8/2024/06/12/02eabbfb/index.m3u8
嫂的過激誘惑-希志野,https://t33.cdn2020.com/video/m3u8/2024/05/18/6c38d283/index.m3u8
叔想跟我盡情接吻嗎-早阪姬,https://t33.cdn2020.com/video/m3u8/2024/09/18/12b24a9d/index.m3u8
單身赴任的時候-夏目彩春,https://t33.cdn2020.com/video/m3u8/2024/08/16/af8e6cc5/index.m3u8
當紅花旦的十種絢麗風格表演嘗試-河北彩花,https://t33.cdn2020.com/video/m3u8/2024/08/20/77d894ae/index.m3u8
當我比原計劃提前一天差回來時,https://t33.cdn2020.com/video/m3u8/2024/06/19/77d4de2b/index.m3u8
當我父母外旅行時-小野六花,https://t33.cdn2020.com/video/m3u8/2024/08/06/9941ee15/index.m3u8
當我和兒時的朋友一起玩SM時,https://t33.cdn2020.com/video/m3u8/2024/08/30/68929ce1/index.m3u8
當著老公面被犯報復的美,https://t33.cdn2020.com/video/m3u8/2024/06/17/a455bd32/index.m3u8
到素粉絲家獻服務-橋未久,https://t33.cdn2020.com/video/m3u8/2024/08/01/b292608f/index.m3u8
第一次體驗是三悠亞,https://t33.cdn2020.com/video/m3u8/2024/07/26/1bbf27c8/index.m3u8
點了個極品小要和我一起玩3P,https://t33.cdn2020.com/video/m3u8/2024/06/11/a7b7ae4b/index.m3u8
東熱猛決定流給她,https://t33.cdn2020.com/video/m3u8/2024/04/23/c98a7bbd/index.m3u8
都不會聲求救的乖乖孩-架乃由羅,https://t33.cdn2020.com/video/m3u8/2024/07/16/854ea488/index.m3u8
都市OL的情事-希崎潔西嘉,https://t33.cdn2020.com/video/m3u8/2024/03/31/bd3d8cce/index.m3u8
兜襠布教師的羞恥-青木玲,https://t33.cdn2020.com/video/m3u8/2024/08/30/e1de52dc/index.m3u8
獨自潛解救質-橋未久,https://t33.cdn2020.com/video/m3u8/2024/09/25/b37fdc3f/index.m3u8
獨自一單挑禁欲團隊的究極癡-小川阿佐美,https://t33.cdn2020.com/video/m3u8/2024/05/30/4f133708/index.m3u8
對30歲還保持童貞的弟弟感到同情,https://t33.cdn2020.com/video/m3u8/2024/10/07/58a5e3ca/index.m3u8
對不起老公-林由奈,https://t33.cdn2020.com/video/m3u8/2024/05/19/a470f524/index.m3u8
對面房間讓我爆擼的巨寫真偶像,https://t33.cdn2020.com/video/m3u8/2024/05/18/b3205684/index.m3u8
對學員發情的健身教練-原瑞穂,https://t33.cdn2020.com/video/m3u8/2024/03/23/934314e5/index.m3u8
墮落的家庭教師-乃乃果花,https://t33.cdn2020.com/video/m3u8/2024/06/29/7cc91b3c/index.m3u8
惡魔烏賊不會停止激烈的FUCK-野野浦暖,https://t33.cdn2020.com/video/m3u8/2024/04/23/68f9adc1/index.m3u8
惡NTR-椎名由奈,https://t33.cdn2020.com/video/m3u8/2024/08/09/b9ff40c8/index.m3u8
惡的不同意誘惑-紗倉真奈,https://t33.cdn2020.com/video/m3u8/2024/08/08/1257b49c/index.m3u8
兒時的青梅竹馬-新有菜,https://t33.cdn2020.com/video/m3u8/2024/06/11/2bd9cf8f/index.m3u8
兒子的足球教練是我以前的,https://t33.cdn2020.com/video/m3u8/2024/08/14/6150d604/index.m3u8
法律實習生被監禁調教-伊藤舞雪,https://t33.cdn2020.com/video/m3u8/2024/04/17/3f63dc12/index.m3u8
反復幹高-希志あいの,https://t33.cdn2020.com/video/m3u8/2024/05/11/087a30b8/index.m3u8
廢材下屬對待霸道司的調教,https://t33.cdn2020.com/video/m3u8/2024/05/16/8445737e/index.m3u8
粉小穴被注滿-鈴村裡,https://t33.cdn2020.com/video/m3u8/2024/08/23/b31b3a8d/index.m3u8
粉絲感謝祭潑-天海翼,https://t33.cdn2020.com/video/m3u8/2024/07/26/2ecd33b5/index.m3u8
豐滿美麗的陰戶風俗塔-新ありな,https://t33.cdn2020.com/video/m3u8/2024/10/04/f366495f/index.m3u8
夫吵架離家走被媽媽朋友群約來,https://t33.cdn2020.com/video/m3u8/2024/04/17/79804040/index.m3u8
服從教師-立花美涼,https://t33.cdn2020.com/video/m3u8/2024/03/27/757564a5/index.m3u8
服用媚藥後的無止境高-小島南,https://t33.cdn2020.com/video/m3u8/2024/07/27/da847aac/index.m3u8
俘虜你的最高峰沙龍-河北彩花,https://t33.cdn2020.com/video/m3u8/2024/08/25/c6dbf491/index.m3u8
父親的-本田岬,https://t33.cdn2020.com/video/m3u8/2024/10/10/4eb6356a/index.m3u8
副職AV道-松下紗栄子,https://t33.cdn2020.com/video/m3u8/2024/08/01/334b5808/index.m3u8
感度暴增初體驗-櫻由羅,https://t33.cdn2020.com/video/m3u8/2024/08/19/ec1ebe04/index.m3u8
剛開公司不久的我-七澤米亞,https://t33.cdn2020.com/video/m3u8/2024/05/19/286fd0f0/index.m3u8
港區孩成為贏家-小倉由菜,https://t33.cdn2020.com/video/m3u8/2024/07/25/764b6e4c/index.m3u8
高191次-小阪七香,https://t33.cdn2020.com/video/m3u8/2024/07/19/0bbef422/index.m3u8
高貴美捜査官被電車癡漢媚藥,https://t33.cdn2020.com/video/m3u8/2024/04/06/61495c65/index.m3u8
高嶺之花的甜點師-八掛海,https://t33.cdn2020.com/video/m3u8/2024/09/04/0d508473/index.m3u8
高挑神酣暢淋漓的多次,https://t33.cdn2020.com/video/m3u8/2024/05/31/7032f956/index.m3u8
哥哥又硬了,https://t33.cdn2020.com/video/m3u8/2024/05/26/5b3e1c07/index.m3u8
隔壁的學生最喜歡的事是做-天海翼,https://t33.cdn2020.com/video/m3u8/2024/06/17/671769e1/index.m3u8
隔壁的是我最崇拜的明星-RIO,https://t33.cdn2020.com/video/m3u8/2024/06/18/761e6f71/index.m3u8
隔壁新搬來的美-希崎潔西嘉,https://t33.cdn2020.com/video/m3u8/2024/05/08/b8e8389b/index.m3u8
個硬的辣被玩弄到崩壞為止-流川夕,https://t33.cdn2020.com/video/m3u8/2024/04/17/4274e01f/index.m3u8
各種角扮演都能用騎乘位榨,https://t33.cdn2020.com/video/m3u8/2024/04/23/67249225/index.m3u8
給我看私處我就原諒你-七澤美亞,https://t33.cdn2020.com/video/m3u8/2024/03/31/9ea95262/index.m3u8
跟不講話的圖書館員猛烈打-水蔔櫻,https://t33.cdn2020.com/video/m3u8/2024/07/19/1747fafb/index.m3u8
跟公司同事喝酒並喝醉的癡主管,https://t33.cdn2020.com/video/m3u8/2024/08/22/5a385c7a/index.m3u8
跟素子獨處一整天-涼森玲夢,https://t33.cdn2020.com/video/m3u8/2024/05/10/a73018d2/index.m3u8
跟討厭的主管差溫泉館住進同間房,https://t33.cdn2020.com/video/m3u8/2024/05/01/22f15824/index.m3u8
跟年主管一起差-玉七海,https://t33.cdn2020.com/video/m3u8/2024/07/25/9735447e/index.m3u8
跟蹤狂狼-希志野,https://t33.cdn2020.com/video/m3u8/2024/04/19/ce97ffa2/index.m3u8
工作癡-瀧本雫葉,https://t33.cdn2020.com/video/m3u8/2024/08/25/040bae55/index.m3u8
工作癡系禦vol.03-柚月亞衣,https://t33.cdn2020.com/video/m3u8/2024/08/10/67725091/index.m3u8
公司後輩想和有婚約的我留下一點回憶,https://t33.cdn2020.com/video/m3u8/2024/09/13/21de9b07/index.m3u8
公司OL的身體誘惑指-楓花戀,https://t33.cdn2020.com/video/m3u8/2024/05/21/a252692d/index.m3u8
宮下華奈進診所被無良醫生欺騙玩弄,https://t33.cdn2020.com/video/m3u8/2024/04/19/f8e5e238/index.m3u8
共處一室NTR-青空光,https://t33.cdn2020.com/video/m3u8/2024/09/21/aa5df704/index.m3u8
供應商傲慢社長連續-栗山莉緒,https://t33.cdn2020.com/video/m3u8/2024/08/12/df8b0fd5/index.m3u8
古川伊織原檔合集,https://t33.cdn2020.com/video/m3u8/2024/04/06/0747c4f6/index.m3u8
骨感美的高難度雜技,https://t33.cdn2020.com/video/m3u8/2024/06/14/d2dad6ef/index.m3u8
寡老公對不起-小川阿佐美,https://t33.cdn2020.com/video/m3u8/2024/05/08/851b063e/index.m3u8
閨蜜把未婚夫和我分享,https://t33.cdn2020.com/video/m3u8/2024/03/15/4d33fa35/index.m3u8
國寶級臉-葵司,https://t33.cdn2020.com/video/m3u8/2024/05/03/d3a50386/index.m3u8
果然我還是喜歡子-森日向子,https://t33.cdn2020.com/video/m3u8/2024/09/15/3c7f5d88/index.m3u8
過了關燈時間的交-紗倉真菜,https://t33.cdn2020.com/video/m3u8/2024/05/03/6a300916/index.m3u8
害羞到不行的M屬,https://t33.cdn2020.com/video/m3u8/2024/03/23/d1b68701/index.m3u8
汗流浹背的體育系3場實戰,https://t33.cdn2020.com/video/m3u8/2024/08/20/72133e3e/index.m3u8
好極品美OL波多野結衣,https://t33.cdn2020.com/video/m3u8/2024/05/11/6931b7f6/index.m3u8
好又聰明的爆家庭老師-乃乃果花,https://t33.cdn2020.com/video/m3u8/2024/03/12/ef20d46a/index.m3u8
好心邀請修理工進屋休息的美-希島理,https://t33.cdn2020.com/video/m3u8/2024/06/14/ad1d2fb9/index.m3u8
喝酒後成為接吻惡魔-七澤美亞,https://t33.cdn2020.com/video/m3u8/2024/09/16/a7633960/index.m3u8
喝了春藥後優根本沒有活路-裡美尤利婭,https://t33.cdn2020.com/video/m3u8/2024/09/05/5aed9cc6/index.m3u8
喝醉後體誘惑我和同事-西宮夢,https://t33.cdn2020.com/video/m3u8/2024/09/09/02c92760/index.m3u8
喝醉酒之後在旁邊半的青梅竹馬-西宮夢,https://t33.cdn2020.com/video/m3u8/2024/09/18/0e3d2497/index.m3u8
和SS級美少旅行的最後一日,https://t33.cdn2020.com/video/m3u8/2024/04/19/e2aef683/index.m3u8
和白虎嫩穴優有賀由的情趣,https://t33.cdn2020.com/video/m3u8/2024/05/08/dea53646/index.m3u8
和表久違的再會-古川穗香,https://t33.cdn2020.com/video/m3u8/2024/06/07/4fa69000/index.m3u8
和超嫩的美少在泳池邊盡情玩耍-葵司,https://t33.cdn2020.com/video/m3u8/2024/06/29/a034a395/index.m3u8
和癡忘我做-小川阿佐美,https://t33.cdn2020.com/video/m3u8/2024/06/04/89408b13/index.m3u8
和處下屬同房被雨水打濕的身體是最棒的春藥,https://t33.cdn2020.com/video/m3u8/2024/10/06/e2ef3462/index.m3u8
和橋未久同時高絕頂吧,https://t33.cdn2020.com/video/m3u8/2024/09/25/8515bc47/index.m3u8
和町會長之間的情契約-二宮光,https://t33.cdn2020.com/video/m3u8/2024/05/12/65e49180/index.m3u8
和喝的爛醉超可的短髮美瘋狂打,https://t33.cdn2020.com/video/m3u8/2024/07/04/c834904a/index.m3u8
和家的溫泉旅行-神宮寺奈緒,https://t33.cdn2020.com/video/m3u8/2024/06/04/db7f7cae/index.m3u8
和的友-山岸逢花,https://t33.cdn2020.com/video/m3u8/2024/06/04/10bb44ed/index.m3u8
和可友交換體相互融合的濃密,https://t33.cdn2020.com/video/m3u8/2024/04/19/88d3e4be/index.m3u8
和空的溫泉旅行-松下紗榮子,https://t33.cdn2020.com/video/m3u8/2024/08/08/632a55d5/index.m3u8
和老公同血型的表弟偷偷備孕-三宮椿,https://t33.cdn2020.com/video/m3u8/2024/08/22/5a5bf5b9/index.m3u8
和美汗流浹背酣暢淋漓的-希崎潔西嘉,https://t33.cdn2020.com/video/m3u8/2024/04/06/cb3d4f88/index.m3u8
和明星友的甜蜜同居生活-RIO,https://t33.cdn2020.com/video/m3u8/2024/07/16/c16229d2/index.m3u8
和友青山未來的完全主觀視角做,https://t33.cdn2020.com/video/m3u8/2024/05/18/5bc5bc38/index.m3u8
和青梅竹馬開玩笑地玩起遊戲後,https://t33.cdn2020.com/video/m3u8/2024/09/01/e7f587e3/index.m3u8
和天海翼的甜蜜戀扮演企劃,https://t33.cdn2020.com/video/m3u8/2024/07/25/b0fe8e51/index.m3u8
和天海翼一起去的情合宿旅行,https://t33.cdn2020.com/video/m3u8/2024/07/26/9c3ed653/index.m3u8
和希美真由的甜蜜戀扮演企劃,https://t33.cdn2020.com/video/m3u8/2024/07/25/d9df9be8/index.m3u8
和相當乖巧忠誠的巨秘書激情做,https://t33.cdn2020.com/video/m3u8/2024/04/14/f82b5b53/index.m3u8
和一起班的同事多次軌,https://t33.cdn2020.com/video/m3u8/2024/06/09/98011885/index.m3u8
和已婚背德的相-田奈奈,https://t33.cdn2020.com/video/m3u8/2024/05/12/1d9ec33c/index.m3u8
和長的很像混血兒的辣做粉穴,https://t33.cdn2020.com/video/m3u8/2024/04/14/2870c105/index.m3u8
和年叔水濃密的接吻-白咲花,https://t33.cdn2020.com/video/m3u8/2024/09/26/3c3c20d9/index.m3u8
和最的數年後的再會-河北彩花,https://t33.cdn2020.com/video/m3u8/2024/08/16/32d238d1/index.m3u8
和最的異地戀的友希志野久別重逢,https://t33.cdn2020.com/video/m3u8/2024/04/30/cea3f75e/index.m3u8
黒弾FUCK-佳澄果穂,https://t33.cdn2020.com/video/m3u8/2024/09/23/251e0989/index.m3u8
道頭-朝日奈明,https://t33.cdn2020.com/video/m3u8/2024/08/16/1d88d9d0/index.m3u8
道老的悲慘的生-立花美涼,https://t33.cdn2020.com/video/m3u8/2024/09/17/65213d59/index.m3u8
髮戴著眼鏡的部下-櫻空桃,https://t33.cdn2020.com/video/m3u8/2024/09/21/b6749519/index.m3u8
絲巨教師勾引-小宵こなん,https://t33.cdn2020.com/video/m3u8/2024/09/16/6a19f1a6/index.m3u8
絲小惡魔-八掛海,https://t33.cdn2020.com/video/m3u8/2024/05/05/24e9de4f/index.m3u8
呼叫後的即刻舐-櫻空桃,https://t33.cdn2020.com/video/m3u8/2024/06/04/8a025fae/index.m3u8
呼叫鈴24小時OK-希島理,https://t33.cdn2020.com/video/m3u8/2024/06/25/683c960b/index.m3u8
護士友-石原莉奈,https://t33.cdn2020.com/video/m3u8/2024/03/23/61198584/index.m3u8
護士裝雪白子-水蔔櫻,https://t33.cdn2020.com/video/m3u8/2024/08/25/4444c75e/index.m3u8
話題十足的美運動員-本鄉,https://t33.cdn2020.com/video/m3u8/2024/08/08/77f9951c/index.m3u8
歡迎來到世界最高級泡泡店-天海翼,https://t33.cdn2020.com/video/m3u8/2024/07/25/4cf3ec5b/index.m3u8
喚醒本能的濃厚4組-小島南,https://t33.cdn2020.com/video/m3u8/2024/04/07/6b2f34a6/index.m3u8
喚醒本能的四種激烈行為-葵司,https://t33.cdn2020.com/video/m3u8/2024/05/26/ede29076/index.m3u8
恍惚的高臉忘我般快感3本番,https://t33.cdn2020.com/video/m3u8/2024/05/03/cf05918f/index.m3u8
回家的諜戰片-希志あいの,https://t33.cdn2020.com/video/m3u8/2024/05/12/bf9c5cea/index.m3u8
婚前同學會-楓可憐,https://t33.cdn2020.com/video/m3u8/2024/07/04/b49ee398/index.m3u8
混小偷劫財又劫,https://t33.cdn2020.com/video/m3u8/2024/05/03/3a5e389e/index.m3u8
混血神的激情四本番-Rio,https://t33.cdn2020.com/video/m3u8/2024/03/27/47be3aa5/index.m3u8
混血神的極品屁股-Rio,https://t33.cdn2020.com/video/m3u8/2024/06/29/da2e33db/index.m3u8
活塞追逐-八掛海,https://t33.cdn2020.com/video/m3u8/2024/08/06/35b5eb49/index.m3u8
激絕頂SEX-八掛海,https://t33.cdn2020.com/video/m3u8/2024/06/17/64f6b8fd/index.m3u8
激烈高-彩美旬果,https://t33.cdn2020.com/video/m3u8/2024/08/05/0ca39581/index.m3u8
激烈鬼畜制-美之島惠理,https://t33.cdn2020.com/video/m3u8/2024/04/19/cfbd5f27/index.m3u8
極品OL百多繪美裡和社長的,https://t33.cdn2020.com/video/m3u8/2024/05/23/d2d07f91/index.m3u8
極品風俗娘輕鬆駕馭溫柔,https://t33.cdn2020.com/video/m3u8/2024/06/17/4b9efdf0/index.m3u8
極品絲短髮尤物-裡美尤利婭,https://t33.cdn2020.com/video/m3u8/2024/10/03/6a48e857/index.m3u8
極品絲混血癡白領的誘惑-Rio,https://t33.cdn2020.com/video/m3u8/2024/06/17/0fce5012/index.m3u8
極品賽車模特任魚-希崎潔西嘉,https://t33.cdn2020.com/video/m3u8/2024/05/19/765eb6b5/index.m3u8
極品誘惑癡的手交語催法,https://t33.cdn2020.com/video/m3u8/2024/06/06/1f348d0a/index.m3u8
極其敏感容易吹的僕-天海翼,https://t33.cdn2020.com/video/m3u8/2024/07/25/59b9c6ee/index.m3u8
極挑逗技術-本鄉,https://t33.cdn2020.com/video/m3u8/2024/04/19/b9e4b4e5/index.m3u8
極致感的絲襪美腿-森日向子,https://t33.cdn2020.com/video/m3u8/2024/08/19/015e0864/index.m3u8
即將結婚的可孩-希美真由,https://t33.cdn2020.com/video/m3u8/2024/06/30/4569218d/index.m3u8
即使高也不會停止的激FUCK-鈴之家鈴,https://t33.cdn2020.com/video/m3u8/2024/08/06/73f874e1/index.m3u8
即使你高了也不會停止-涼森玲夢,https://t33.cdn2020.com/video/m3u8/2024/05/26/f31dcbaa/index.m3u8
即使了10發-河北彩花,https://t33.cdn2020.com/video/m3u8/2024/08/31/a07da20d/index.m3u8
既然是下流老師-楓芙,https://t33.cdn2020.com/video/m3u8/2024/06/09/8756a004/index.m3u8
祭脫衣舞老師姦學園-辰巳唯,https://t33.cdn2020.com/video/m3u8/2024/06/17/55dc902c/index.m3u8
家教嚴格的白虎小美有賀由,https://t33.cdn2020.com/video/m3u8/2024/05/10/8a6c65bb/index.m3u8
家庭老師的玲奈,https://t33.cdn2020.com/video/m3u8/2024/09/27/10b4ce90/index.m3u8
假裝睡覺時被你的弟弟多次-miru,https://t33.cdn2020.com/video/m3u8/2024/03/31/2b3c6266/index.m3u8
健身美骨感身材做,https://t33.cdn2020.com/video/m3u8/2024/05/03/02806f67/index.m3u8
江波亮北條麻妃攜手榨幹你的,https://t33.cdn2020.com/video/m3u8/2024/05/23/b42c4f4d/index.m3u8
將AV優有賀由宅急送到你家任你無套,https://t33.cdn2020.com/video/m3u8/2024/05/18/cee2bcb7/index.m3u8
將敏感度提升到最-八木奈奈,https://t33.cdn2020.com/video/m3u8/2024/06/30/cdf0b050/index.m3u8
將整根棒吞真空吮吸-初川南,https://t33.cdn2020.com/video/m3u8/2024/08/05/a0863cd9/index.m3u8
交了朋友之後突然可以3秒,https://t33.cdn2020.com/video/m3u8/2024/06/25/c27ed0ba/index.m3u8
交了一個溫柔又穩定的友-伊藤舞雪,https://t33.cdn2020.com/video/m3u8/2024/09/24/3e02694f/index.m3u8
交融體濃密SEX-河北彩花,https://t33.cdn2020.com/video/m3u8/2024/08/22/da231a4c/index.m3u8
交融體-小阪七香,https://t33.cdn2020.com/video/m3u8/2024/07/19/1a3efc37/index.m3u8
矯正院株式會社犯罪員改造-小川阿佐美,https://t33.cdn2020.com/video/m3u8/2024/06/04/26c45fd1/index.m3u8
叫你如何搭訕子-山岸綺花,https://t33.cdn2020.com/video/m3u8/2024/10/03/80da88ba/index.m3u8
叫修理工來家誘惑他自己的,https://t33.cdn2020.com/video/m3u8/2024/04/20/5ba4886c/index.m3u8
街隨便找個跪下來求他自己,https://t33.cdn2020.com/video/m3u8/2024/05/10/b065fb72/index.m3u8
結婚紀念日被姦戴貞帶的-RIO,https://t33.cdn2020.com/video/m3u8/2024/04/30/9025b001/index.m3u8
哺期在娘家-小宵虎南,https://t33.cdn2020.com/video/m3u8/2024/06/25/47be7cd0/index.m3u8
離婚後回家變成單親母親,https://t33.cdn2020.com/video/m3u8/2024/08/22/4f289d88/index.m3u8
借採訪的名義把有韻味的給了,https://t33.cdn2020.com/video/m3u8/2024/04/19/8ba5c2a9/index.m3u8
今天到你家來做-希崎潔西嘉,https://t33.cdn2020.com/video/m3u8/2024/04/12/85e14f40/index.m3u8
今天也是被後輩在長裙裡偷偷貼身騎乘,https://t33.cdn2020.com/video/m3u8/2024/08/27/b37a2bbf/index.m3u8
金牌銷售員的床推銷-希崎潔西嘉,https://t33.cdn2020.com/video/m3u8/2024/06/07/30eb0829/index.m3u8
緊密高-七澤米亞,https://t33.cdn2020.com/video/m3u8/2024/08/14/5f5d289d/index.m3u8
緊身超短裙教師-橋未久,https://t33.cdn2020.com/video/m3u8/2024/09/06/992956fc/index.m3u8
緊身皮衣下是個敏感得身體,https://t33.cdn2020.com/video/m3u8/2024/05/08/834e304d/index.m3u8
緊束縛住的葵,https://t33.cdn2020.com/video/m3u8/2024/06/09/6e7872db/index.m3u8
儘管我心的朋友在我面前被我的老闆,https://t33.cdn2020.com/video/m3u8/2024/09/15/5f63a239/index.m3u8
盡情抽超可虎牙優-初川南,https://t33.cdn2020.com/video/m3u8/2024/03/15/d7e2b3d1/index.m3u8
盡情地睡姦後-西宮ゆめ,https://t33.cdn2020.com/video/m3u8/2024/03/28/bd1143ae/index.m3u8
進擊的4次實戰-金松季歩,https://t33.cdn2020.com/video/m3u8/2024/10/11/6a3ec19f/index.m3u8
禁斷介護-本田岬,https://t33.cdn2020.com/video/m3u8/2024/09/06/cb0b665f/index.m3u8
禁欲300天后的優-夢乃華,https://t33.cdn2020.com/video/m3u8/2024/10/06/e5060c19/index.m3u8
經理是籃球社團公用的玩具-希島理,https://t33.cdn2020.com/video/m3u8/2024/06/12/57833fd4/index.m3u8
經歷過職場變為癡的OL波多野結衣後篇,https://t33.cdn2020.com/video/m3u8/2024/06/06/def7658a/index.m3u8
經歷過職場變為癡的OL波多野結衣前篇,https://t33.cdn2020.com/video/m3u8/2024/05/26/cefe1302/index.m3u8
橫流無限升天高-神木麗,https://t33.cdn2020.com/video/m3u8/2024/06/12/8fd04f2d/index.m3u8
飲記錄-本莊鈴,https://t33.cdn2020.com/video/m3u8/2024/04/06/78164eb0/index.m3u8
子被榨幹為止的反復-櫻由羅,https://t33.cdn2020.com/video/m3u8/2024/09/17/813a2862/index.m3u8
究極癡小野寺梨紗三個穴都渴望被玩弄,https://t33.cdn2020.com/video/m3u8/2024/05/10/8f7d3a7e/index.m3u8
究極的美臀癖-冬月楓,https://t33.cdn2020.com/video/m3u8/2024/08/31/188ed903/index.m3u8
究極的美臀癖-美雪麗絲,https://t33.cdn2020.com/video/m3u8/2024/08/20/f08cf66d/index.m3u8
究極屁股豪華240分鐘-希島理,https://t33.cdn2020.com/video/m3u8/2024/07/16/fb9b1949/index.m3u8
久別重逢後迫不及待的,https://t33.cdn2020.com/video/m3u8/2024/04/27/f062f8b6/index.m3u8
酒吧NTR-水戸香奈,https://t33.cdn2020.com/video/m3u8/2024/08/08/448fb641/index.m3u8
居然遇見了經理部的OL-明裡䌷,https://t33.cdn2020.com/video/m3u8/2024/07/27/21ad1f38/index.m3u8
巨根-夢乃華,https://t33.cdn2020.com/video/m3u8/2024/08/19/9ac695a6/index.m3u8
巨暴露制服-奧田咲,https://t33.cdn2020.com/video/m3u8/2024/07/04/59ca85a8/index.m3u8
巨放題-彩美旬果,https://t33.cdn2020.com/video/m3u8/2024/08/27/a8d637f8/index.m3u8
巨肥臀日本AV優挑戰的巨棒,https://t33.cdn2020.com/video/m3u8/2024/08/31/d54b7d7e/index.m3u8
巨美長澤梓的感風俗服務,https://t33.cdn2020.com/video/m3u8/2024/04/17/734beeef/index.m3u8
巨耶誕節搞怪暴走-神木麗,https://t33.cdn2020.com/video/m3u8/2024/05/08/0e14d85c/index.m3u8
巨教師的教學-沖田杏梨,https://t33.cdn2020.com/video/m3u8/2024/09/15/6370d3b7/index.m3u8
巨學生穿著競技泳衣的甜蜜誘惑,https://t33.cdn2020.com/video/m3u8/2024/09/24/50e4b8b6/index.m3u8
巨清純教師-本田岬,https://t33.cdn2020.com/video/m3u8/2024/10/10/c2faae65/index.m3u8
拒絕不了不停被搞的美-並木優,https://t33.cdn2020.com/video/m3u8/2024/08/19/2e578266/index.m3u8
絕對不能暴露的場所做-希美真由,https://t33.cdn2020.com/video/m3u8/2024/08/06/67a96277/index.m3u8
絕對不能原諒不倫-三宮椿,https://t33.cdn2020.com/video/m3u8/2024/03/26/e01c2d6e/index.m3u8
絕對癡的誘惑-希崎潔西嘉,https://t33.cdn2020.com/video/m3u8/2024/05/19/5abd794c/index.m3u8
絕對服從的秘書-涼森玲夢,https://t33.cdn2020.com/video/m3u8/2024/06/04/b657e54b/index.m3u8
絕對讓你想再來一發的掃除交-橫山美雪,https://t33.cdn2020.com/video/m3u8/2024/09/23/84b10694/index.m3u8
絕對忠實秘書-野野浦暖,https://t33.cdn2020.com/video/m3u8/2024/08/01/f23b86d6/index.m3u8
絕美豪少主觀視角究極侍奉-松下紗栄子,https://t33.cdn2020.com/video/m3u8/2024/08/14/43218519/index.m3u8
絕美藝-金松季歩,https://t33.cdn2020.com/video/m3u8/2024/08/01/9a0dc5aa/index.m3u8
看到勃起棒就撲來的亂護士,https://t33.cdn2020.com/video/m3u8/2024/08/08/3ad0d2a2/index.m3u8
看到結婚戒指就會濕了-miru,https://t33.cdn2020.com/video/m3u8/2024/07/11/ff160128/index.m3u8
可短發呆萌優-希美真由,https://t33.cdn2020.com/video/m3u8/2024/06/30/119e5e70/index.m3u8
可警官的逮捕-希美真由,https://t33.cdn2020.com/video/m3u8/2024/07/19/9bdbf2c4/index.m3u8
可又蕩的OL跟她去開房間,https://t33.cdn2020.com/video/m3u8/2024/08/09/03e7cf82/index.m3u8
可又蕩的後輩OL-桃乃木香奈,https://t33.cdn2020.com/video/m3u8/2024/09/09/31dbe027/index.m3u8
可以盡情享受宅小穴-架乃由羅,https://t33.cdn2020.com/video/m3u8/2024/04/19/1824de3e/index.m3u8
-小川阿佐美,https://t33.cdn2020.com/video/m3u8/2024/10/03/48252aec/index.m3u8
交NTR-西宮夢,https://t33.cdn2020.com/video/m3u8/2024/08/09/74bb5a36/index.m3u8
交顏-河北彩花,https://t33.cdn2020.com/video/m3u8/2024/05/19/0ff5d3ce/index.m3u8
9連發-櫻空桃,https://t33.cdn2020.com/video/m3u8/2024/05/05/be78957f/index.m3u8
快要結婚的教師被學生-橋未久,https://t33.cdn2020.com/video/m3u8/2024/09/26/e6dffa1e/index.m3u8
快要結婚的新教師-小川阿佐美,https://t33.cdn2020.com/video/m3u8/2024/05/30/a9074b7f/index.m3u8
狂亂的友-miru,https://t33.cdn2020.com/video/m3u8/2024/08/08/b332bb7f/index.m3u8
捆綁拘束美和兄弟們一起享用,https://t33.cdn2020.com/video/m3u8/2024/04/30/840d818f/index.m3u8
捆綁198次-miru,https://t33.cdn2020.com/video/m3u8/2024/10/07/a2e20d1c/index.m3u8
捆綁調教和服,https://t33.cdn2020.com/video/m3u8/2024/04/27/317804a9/index.m3u8
拉麵店的員工-希美真由,https://t33.cdn2020.com/video/m3u8/2024/07/25/fbaf177c/index.m3u8
來看房子的新婚夫-青空光,https://t33.cdn2020.com/video/m3u8/2024/09/04/50e3bd46/index.m3u8
來體驗拍片的美麗輕熟被多根棒,https://t33.cdn2020.com/video/m3u8/2024/06/21/19a3fdca/index.m3u8
來自風俗的樸素-星宮一花,https://t33.cdn2020.com/video/m3u8/2024/05/26/070cfe9a/index.m3u8
來自美總裁的鼓勵-凪光,https://t33.cdn2020.com/video/m3u8/2024/07/04/bdc91dbc/index.m3u8
老爸帶回家的美後媽-裡美尤利婭,https://t33.cdn2020.com/video/m3u8/2024/08/19/786f4ad2/index.m3u8
老爸再婚帶來的超可葵司,https://t33.cdn2020.com/video/m3u8/2024/06/18/cfc7b457/index.m3u8
老公安排絕倫按摩師-桃乃木香奈,https://t33.cdn2020.com/video/m3u8/2024/09/21/78f01a93/index.m3u8
老公不想做欲求不滿的鈴木裡美,https://t33.cdn2020.com/video/m3u8/2024/06/14/fc591578/index.m3u8
老公不在家-桃乃木香奈,https://t33.cdn2020.com/video/m3u8/2024/06/07/8f94739e/index.m3u8
老公海外差的二十天-天海翼,https://t33.cdn2020.com/video/m3u8/2024/09/03/01ebaac1/index.m3u8
老公請你原諒我-冬月楓,https://t33.cdn2020.com/video/m3u8/2024/03/12/166d420a/index.m3u8
老婆被粉絲成便器-七澤美亞,https://t33.cdn2020.com/video/m3u8/2024/07/25/c1361322/index.m3u8
老婆最近早才會回來-明裡紬,https://t33.cdn2020.com/video/m3u8/2024/07/26/4216094c/index.m3u8
老師畢業後和我約會好嗎-希島理,https://t33.cdn2020.com/video/m3u8/2024/03/26/318965df/index.m3u8
立花美涼骰子搖到幾就要被幾根棒,https://t33.cdn2020.com/video/m3u8/2024/06/19/b056b4d5/index.m3u8
立花美涼無碼作品,https://t33.cdn2020.com/video/m3u8/2024/03/23/2f77723a/index.m3u8
兩個孩子的辣媽網紅-紗倉真菜,https://t33.cdn2020.com/video/m3u8/2024/07/26/776e90d4/index.m3u8
兩位神甜蜜的主觀同居生活,https://t33.cdn2020.com/video/m3u8/2024/05/05/9463f549/index.m3u8
鄰家誘的-松島楓,https://t33.cdn2020.com/video/m3u8/2024/05/19/5dfab9fa/index.m3u8
淩辱美秘書-小川阿佐美,https://t33.cdn2020.com/video/m3u8/2024/05/19/b89287c6/index.m3u8
淩辱美體偶-沖田杏梨,https://t33.cdn2020.com/video/m3u8/2024/10/12/266b326e/index.m3u8
露癡-橋未,https://t33.cdn2020.com/video/m3u8/2024/08/01/561f466e/index.m3u8
露特殊企劃在公共場合前交,https://t33.cdn2020.com/video/m3u8/2024/04/27/07153c14/index.m3u8
露挑戰-橋未久,https://t33.cdn2020.com/video/m3u8/2024/08/15/23c34926/index.m3u8
淪為電車癡漢的俘虜-河北彩花,https://t33.cdn2020.com/video/m3u8/2024/07/27/1e9f9214/index.m3u8
淪為道玩物的極品-三宮椿,https://t33.cdn2020.com/video/m3u8/2024/09/26/c4e86b65/index.m3u8
淪為欲奴隸的蝶-希島理,https://t33.cdn2020.com/video/m3u8/2024/06/30/52cadbd3/index.m3u8
蘿莉美少鍛煉素優技,https://t33.cdn2020.com/video/m3u8/2024/04/27/ffb30167/index.m3u8
瞞著老公和情去溫泉旅行瘋狂做,https://t33.cdn2020.com/video/m3u8/2024/05/03/99801fa3/index.m3u8
瞞著友來面試風俗小-希崎潔西嘉,https://t33.cdn2020.com/video/m3u8/2024/05/30/ccfee977/index.m3u8
瞞著友在風俗店做-天海翼,https://t33.cdn2020.com/video/m3u8/2024/06/12/6c9502ed/index.m3u8
滿是棒的亂交-仲村美由,https://t33.cdn2020.com/video/m3u8/2024/07/04/70b3b4a9/index.m3u8
滿意度滿分的新泡泡浴郎,https://t33.cdn2020.com/video/m3u8/2024/09/15/8879f0c1/index.m3u8
貓步毒藥西園寺鈴央,https://t33.cdn2020.com/video/m3u8/2024/06/19/dbb614eb/index.m3u8
冒失護士的情看護-天海翼,https://t33.cdn2020.com/video/m3u8/2024/06/17/78e750ed/index.m3u8
沒沒小的青梅竹馬-小島南,https://t33.cdn2020.com/video/m3u8/2024/08/01/4c85b1b3/index.m3u8
沒想到我們這麼合拍-美園和花,https://t33.cdn2020.com/video/m3u8/2024/09/26/70df79c5/index.m3u8
沒有時間限制的樂園-希島裡,https://t33.cdn2020.com/video/m3u8/2024/03/28/ec344827/index.m3u8
沒有事先通知AV優突然擊瞬間,https://t33.cdn2020.com/video/m3u8/2024/06/22/85c04b7b/index.m3u8
每天被我責駡的部下-新有菜,https://t33.cdn2020.com/video/m3u8/2024/05/11/dcecccfb/index.m3u8
每天穿著情的絲襪的社員,https://t33.cdn2020.com/video/m3u8/2024/08/31/0045826e/index.m3u8
每天對應社長命令的忠實秘書-美之嶋惠理,https://t33.cdn2020.com/video/m3u8/2024/10/06/9b55c07b/index.m3u8
美巨尻-星野娜美,https://t33.cdn2020.com/video/m3u8/2024/09/04/c96d095f/index.m3u8
美麗小猥瑣的飼養-芽森滴,https://t33.cdn2020.com/video/m3u8/2024/09/26/5707977f/index.m3u8
美麗喪-森澤佳,https://t33.cdn2020.com/video/m3u8/2024/10/08/e54a81bb/index.m3u8
美魔媽媽朋友相遇偷情不倫-森沢かな,https://t33.cdn2020.com/video/m3u8/2024/09/13/ff25c4bb/index.m3u8
美寡柔嫩的肌膚-小川阿佐美,https://t33.cdn2020.com/video/m3u8/2024/06/04/c08a29c8/index.m3u8
美的理崩壞-天海翼,https://t33.cdn2020.com/video/m3u8/2024/03/26/d3000797/index.m3u8
美司差時發現了我的屌-森澤佳奈,https://t33.cdn2020.com/video/m3u8/2024/08/15/0b8192d7/index.m3u8
美圖書館員想忘去的過去-希島理,https://t33.cdn2020.com/video/m3u8/2024/06/17/1adc9a0b/index.m3u8
美主播被偷拍的恥辱的身體-石原莉奈,https://t33.cdn2020.com/video/m3u8/2024/04/14/a0f27efe/index.m3u8
美家庭教師-河北彩花,https://t33.cdn2020.com/video/m3u8/2024/08/30/f2bac841/index.m3u8
美律師-希島理,https://t33.cdn2020.com/video/m3u8/2024/07/04/a27eee5a/index.m3u8
美容沙龍店被偷拍-希崎潔西嘉,https://t33.cdn2020.com/video/m3u8/2024/05/26/aed0ebde/index.m3u8
美全露學園祭-櫻空桃,https://t33.cdn2020.com/video/m3u8/2024/06/04/3b05c41d/index.m3u8
美微露-天使萌,https://t33.cdn2020.com/video/m3u8/2024/07/04/d9e44cd1/index.m3u8
美正被下安眠藥酒醉流狂,https://t33.cdn2020.com/video/m3u8/2024/03/28/024368c2/index.m3u8
美少被畜生後爹賣給有錢肥豬當便器,https://t33.cdn2020.com/video/m3u8/2024/09/24/673f3e9c/index.m3u8
美少看護-小島南,https://t33.cdn2020.com/video/m3u8/2024/04/02/b3743e1b/index.m3u8
美少完全予約制-原瑞穂,https://t33.cdn2020.com/video/m3u8/2024/09/22/6652457a/index.m3u8
美腿空-星宮一花,https://t33.cdn2020.com/video/m3u8/2024/05/11/28f40fcd/index.m3u8
美臀品嘗老公以外的棒,https://t33.cdn2020.com/video/m3u8/2024/05/31/89781a1a/index.m3u8
美豔熟羽月希首次被開發肛門,https://t33.cdn2020.com/video/m3u8/2024/04/02/2498b151/index.m3u8
系可優瀬奈真緒露粉鮑嗷嗷待,https://t33.cdn2020.com/video/m3u8/2024/04/14/9528c61b/index.m3u8
媚藥催眠陶醉-天海翼,https://t33.cdn2020.com/video/m3u8/2024/03/17/dd26dbfd/index.m3u8
媚藥和催眠術的結合-希崎潔西嘉,https://t33.cdn2020.com/video/m3u8/2024/06/07/3103031c/index.m3u8
媚藥覺醒絕頂-楓可憐,https://t33.cdn2020.com/video/m3u8/2024/09/17/44bf8199/index.m3u8
夢開始的地方-葵,https://t33.cdn2020.com/video/m3u8/2024/08/05/c38aba51/index.m3u8
夢乃華,https://t33.cdn2020.com/video/m3u8/2024/06/06/65eaf4c1/index.m3u8
夢想的避孕套-森日向子,https://t33.cdn2020.com/video/m3u8/2024/06/30/38a13ee8/index.m3u8
迷你短裙誘惑教師-希島理,https://t33.cdn2020.com/video/m3u8/2024/06/14/53e0367d/index.m3u8
秘密捜査官-天海翼,https://t33.cdn2020.com/video/m3u8/2024/06/22/6728b7e7/index.m3u8
秘密捜査官-希美真由,https://t33.cdn2020.com/video/m3u8/2024/06/14/f441870d/index.m3u8
秘密搜查官-並木優,https://t33.cdn2020.com/video/m3u8/2024/08/20/d78e3190/index.m3u8
秘密搜查官-希崎潔西嘉,https://t33.cdn2020.com/video/m3u8/2024/04/16/f9f997df/index.m3u8
秘密搜查官-羽田,https://t33.cdn2020.com/video/m3u8/2024/09/05/d5d4ecdc/index.m3u8
面對突然不續約的AV優-天海翼,https://t33.cdn2020.com/video/m3u8/2024/03/12/c664a477/index.m3u8
明裡紬的交,https://t33.cdn2020.com/video/m3u8/2024/05/21/d25b2a8a/index.m3u8
明明是我的初戀在鄉下-石原希望,https://t33.cdn2020.com/video/m3u8/2024/05/10/deb09016/index.m3u8
模特級身材美百多繪美裡,https://t33.cdn2020.com/video/m3u8/2024/04/27/550a8ac1/index.m3u8
目睹喪自慰-石川澪,https://t33.cdn2020.com/video/m3u8/2024/05/30/f15553f4/index.m3u8
都憧憬的司-松下紗容子,https://t33.cdn2020.com/video/m3u8/2024/08/15/eed8c0c1/index.m3u8
理療店裡H的泡泡浴技師-神木麗,https://t33.cdn2020.com/video/m3u8/2024/06/14/a7dd0f6d/index.m3u8
優突然從背後沖來直接,https://t33.cdn2020.com/video/m3u8/2024/05/18/42679b0f/index.m3u8
向害羞的少-涼森玲夢,https://t33.cdn2020.com/video/m3u8/2024/08/27/1443544d/index.m3u8
衣模特兒NTR-西宮夢,https://t33.cdn2020.com/video/m3u8/2024/09/13/8e940dd6/index.m3u8
能夠多次做的絕倫-櫻空桃,https://t33.cdn2020.com/video/m3u8/2024/06/09/dd17e086/index.m3u8
你為我種下的的種子-桃乃木香奈,https://t33.cdn2020.com/video/m3u8/2024/07/27/07dc2836/index.m3u8
你真的要在這裡幹我嗎-石川澪,https://t33.cdn2020.com/video/m3u8/2024/08/31/a3cc4091/index.m3u8
逆兔郎的風俗天堂-櫻空桃,https://t33.cdn2020.com/video/m3u8/2024/08/09/68013231/index.m3u8
年末年初-淺野こころ,https://t33.cdn2020.com/video/m3u8/2024/08/12/230acfc4/index.m3u8
年輕子的軌-松本一香,https://t33.cdn2020.com/video/m3u8/2024/10/05/ca53e3be/index.m3u8
濃厚接吻和SEX-天海翼,https://t33.cdn2020.com/video/m3u8/2024/07/16/6512b4fc/index.m3u8
濃厚唾交-河北彩花,https://t33.cdn2020.com/video/m3u8/2024/08/19/f19fa66a/index.m3u8
濃厚顏十連發SP-松下紗榮子,https://t33.cdn2020.com/video/m3u8/2024/08/15/991022ad/index.m3u8
濃密的-希崎潔西嘉,https://t33.cdn2020.com/video/m3u8/2024/06/09/1c75137a/index.m3u8
濃密接吻泡泡浴-神宮寺奈緒,https://t33.cdn2020.com/video/m3u8/2024/10/07/0eed463d/index.m3u8
奴隸泡泡浴墮落的美教師,https://t33.cdn2020.com/video/m3u8/2024/06/18/2ec0948c/index.m3u8
白領工作了一天回家只想要做個熱烈的,https://t33.cdn2020.com/video/m3u8/2024/05/31/75b16847/index.m3u8
兒的未婚夫居然是前友-水戶香奈,https://t33.cdn2020.com/video/m3u8/2024/09/15/1fc5b189/index.m3u8
教師RAPE-乃乃果花,https://t33.cdn2020.com/video/m3u8/2024/03/17/438f4bcc/index.m3u8
教師殘虐體解剖教室-本田岬,https://t33.cdn2020.com/video/m3u8/2024/09/18/bc71ab4a/index.m3u8
尻-小島南,https://t33.cdn2020.com/video/m3u8/2024/03/31/4fb057b2/index.m3u8
尻泳衣-小島南,https://t33.cdn2020.com/video/m3u8/2024/04/07/481567c3/index.m3u8
老師跟學生家長外遇-竹有紀,https://t33.cdn2020.com/video/m3u8/2024/09/13/5682ea7c/index.m3u8
老師失禁與吹的濕透-橋未久,https://t33.cdn2020.com/video/m3u8/2024/08/06/2ed708d4/index.m3u8
朋友超可的虎牙其實是個小惡魔,https://t33.cdn2020.com/video/m3u8/2024/04/16/1e6a1b1c/index.m3u8
朋友的-希美真由,https://t33.cdn2020.com/video/m3u8/2024/08/28/dc9739b4/index.m3u8
僕裝的喵喵-小島南,https://t33.cdn2020.com/video/m3u8/2024/03/23/014c78b7/index.m3u8
潛搜查官任務失敗後屈辱的每天,https://t33.cdn2020.com/video/m3u8/2024/08/01/628973fa/index.m3u8
司是個情狂-希崎潔西嘉,https://t33.cdn2020.com/video/m3u8/2024/04/27/7356d40c/index.m3u8
友的不穿衣誘惑我-水蔔櫻,https://t33.cdn2020.com/video/m3u8/2024/06/30/3877a23a/index.m3u8
友的是知名抖音網紅-早阪姬,https://t33.cdn2020.com/video/m3u8/2024/07/25/14097298/index.m3u8
友洗完澡不穿罩-神木麗,https://t33.cdn2020.com/video/m3u8/2024/09/05/6351c833/index.m3u8
子校生癡漢電車-希美真由,https://t33.cdn2020.com/video/m3u8/2024/07/04/96d0af08/index.m3u8
拍攝完成後繼續找有賀由幹一,https://t33.cdn2020.com/video/m3u8/2024/05/11/d646c637/index.m3u8
配送-希美真由,https://t33.cdn2020.com/video/m3u8/2024/07/25/26206a9e/index.m3u8
朋友的媽媽古瀬玲勾引我她,https://t33.cdn2020.com/video/m3u8/2024/04/12/4a62f785/index.m3u8
朋友死後他的老婆就是我的玩物,https://t33.cdn2020.com/video/m3u8/2024/04/27/12ccb4d2/index.m3u8
騙老公說對做沒興趣的-希美真由,https://t33.cdn2020.com/video/m3u8/2024/06/17/55d12bdd/index.m3u8
平時在公司很文靜的美OL-星野娜美,https://t33.cdn2020.com/video/m3u8/2024/08/30/a52f36b1/index.m3u8
子被發小NTR的故事-川越由依,https://t33.cdn2020.com/video/m3u8/2024/03/31/ed335b19/index.m3u8
欺騙可優本次是緩慢交企劃,https://t33.cdn2020.com/video/m3u8/2024/03/27/7a974f6e/index.m3u8
前司的頭調教成為早洩體質-八木奈奈,https://t33.cdn2020.com/video/m3u8/2024/04/30/94d241da/index.m3u8
欠債不還的教師被找門三穴起開還債,https://t33.cdn2020.com/video/m3u8/2024/04/19/dff1157e/index.m3u8
暴楚楚可憐的白領-小島南,https://t33.cdn2020.com/video/m3u8/2024/03/26/73ea235d/index.m3u8
姦秘密搜查官-小川阿佐美,https://t33.cdn2020.com/video/m3u8/2024/05/18/6f6bfe9c/index.m3u8
姦學園-小島南,https://t33.cdn2020.com/video/m3u8/2024/04/06/7a6b97a9/index.m3u8
硬司和處部下在差處共處一室,https://t33.cdn2020.com/video/m3u8/2024/06/04/662c1c6e/index.m3u8
犯欲求不滿的巨鈴木裡,https://t33.cdn2020.com/video/m3u8/2024/05/31/c92e488c/index.m3u8
輕輕地挑逗他敏感的雞巴-石川澪,https://t33.cdn2020.com/video/m3u8/2024/06/30/731a417f/index.m3u8
清純學生被棒到噴停不下來,https://t33.cdn2020.com/video/m3u8/2024/06/12/ccc3096e/index.m3u8
情趣王江波亮讓你欲仙欲死,https://t33.cdn2020.com/video/m3u8/2024/05/16/c283abdb/index.m3u8
情的豪華套房-立花美涼,https://t33.cdn2020.com/video/m3u8/2024/09/06/3ffcecde/index.m3u8
請不要擼太狠哦-本鄉,https://t33.cdn2020.com/video/m3u8/2024/06/25/6fd469b9/index.m3u8
請家來犯我的子-Rio,https://t33.cdn2020.com/video/m3u8/2024/04/02/0cd9afb2/index.m3u8
請犯我的子吧-希美真由,https://t33.cdn2020.com/video/m3u8/2024/09/05/851cd07c/index.m3u8
請犯我的子吧-希志野,https://t33.cdn2020.com/video/m3u8/2024/05/08/ba09104d/index.m3u8
請犯我的子-天海翼,https://t33.cdn2020.com/video/m3u8/2024/07/26/55492ab1/index.m3u8
請在子宮裡吧-八掛海,https://t33.cdn2020.com/video/m3u8/2024/07/25/65030b05/index.m3u8
請用棒羞辱我吧-葵司,https://t33.cdn2020.com/video/m3u8/2024/07/11/6291825b/index.m3u8
慶祝解禁-新有菜,https://t33.cdn2020.com/video/m3u8/2024/09/04/b2db87f0/index.m3u8
求婚前夜的不倫-葵司,https://t33.cdn2020.com/video/m3u8/2024/03/28/6da2f51b/index.m3u8
去士按摩店時-水川潤,https://t33.cdn2020.com/video/m3u8/2024/09/07/92b29a74/index.m3u8
全日常-涼森玲夢,https://t33.cdn2020.com/video/m3u8/2024/07/26/b5e2dead/index.m3u8
全身浸透汗水的-竹有紀,https://t33.cdn2020.com/video/m3u8/2024/08/08/a6902dc6/index.m3u8
全神貫注舐棒的高生-石川澪,https://t33.cdn2020.com/video/m3u8/2024/07/16/406fd3f1/index.m3u8
燃盡的一夜情契約-本鄉,https://t33.cdn2020.com/video/m3u8/2024/05/19/b5d6ce80/index.m3u8
讓巨肥臀AV優親手掰開鮮嫩多汁的小穴,https://t33.cdn2020.com/video/m3u8/2024/09/03/7f3d25e6/index.m3u8
讓開心的深喉嚨交-miru,https://t33.cdn2020.com/video/m3u8/2024/06/04/b398c968/index.m3u8
讓欲火焚身的巨-奧田咲,https://t33.cdn2020.com/video/m3u8/2024/09/23/57860a43/index.m3u8
讓你永生難忘的的體驗-三悠亞,https://t33.cdn2020.com/video/m3u8/2024/08/08/c9071ee7/index.m3u8
讓瞬間勃起的最棒交-桃乃木香奈,https://t33.cdn2020.com/video/m3u8/2024/05/30/425fc883/index.m3u8
讓我變廢柴的癡友-山岸逢花,https://t33.cdn2020.com/video/m3u8/2024/06/04/6060599f/index.m3u8
讓小穴破壞的無限抽-楓花戀,https://t33.cdn2020.com/video/m3u8/2024/09/21/0b686581/index.m3u8
格主導的處理充氣娃娃售,https://t33.cdn2020.com/video/m3u8/2024/09/16/148d9090/index.m3u8
美聲甜超可宿舍管理員-小島南,https://t33.cdn2020.com/video/m3u8/2024/03/17/b9e8d641/index.m3u8
被NTR蒙面派對-三宮椿,https://t33.cdn2020.com/video/m3u8/2024/04/17/6ecca681/index.m3u8
波多野結衣被司捆綁犯,https://t33.cdn2020.com/video/m3u8/2024/06/09/136a62e3/index.m3u8
服從侍奉-小川阿佐美,https://t33.cdn2020.com/video/m3u8/2024/05/21/a0684709/index.m3u8
教師癡漢電車-青木玲,https://t33.cdn2020.com/video/m3u8/2024/09/04/14608aef/index.m3u8
教師-希美真由,https://t33.cdn2020.com/video/m3u8/2024/06/22/13b99a0f/index.m3u8
通勤癡漢電車-本田岬,https://t33.cdn2020.com/video/m3u8/2024/10/10/89d5662e/index.m3u8
猥褻診療室-明裡紬,https://t33.cdn2020.com/video/m3u8/2024/07/27/8eaa6056/index.m3u8
自宅美容院-明裡紬,https://t33.cdn2020.com/video/m3u8/2024/03/28/3611b7b8/index.m3u8
自宅沙龍-楓可憐,https://t33.cdn2020.com/video/m3u8/2024/06/09/3938d33d/index.m3u8
生初次到達高的另一側-河北彩花,https://t33.cdn2020.com/video/m3u8/2024/08/10/b796027d/index.m3u8
生第一次解禁被-彩美旬果,https://t33.cdn2020.com/video/m3u8/2024/08/08/3a62c522/index.m3u8
認真的辦公室郎掉驚魂癡漢池,https://t33.cdn2020.com/video/m3u8/2024/08/09/741c4692/index.m3u8
日後將于未來成為AV優-早阪姬,https://t33.cdn2020.com/video/m3u8/2024/07/11/e3a5f4f6/index.m3u8
棒突襲-瀧澤蘿拉,https://t33.cdn2020.com/video/m3u8/2024/10/12/c3f7c13b/index.m3u8
彈巨尻衝擊享受屁股的視覺震撼,https://t33.cdn2020.com/video/m3u8/2024/06/04/1ab51a33/index.m3u8
感AV-奧田咲,https://t33.cdn2020.com/video/m3u8/2024/08/27/6030d712/index.m3u8
感腿的絕對領域-Unpai,https://t33.cdn2020.com/video/m3u8/2024/09/16/25a926a2/index.m3u8
絲足交癡的秘密賤-宮下玲奈,https://t33.cdn2020.com/video/m3u8/2024/08/14/05265895/index.m3u8
體炸彈松本芽依紅繩亂交,https://t33.cdn2020.com/video/m3u8/2024/06/21/67269e80/index.m3u8
如果喜歡我的話-七澤米亞,https://t33.cdn2020.com/video/m3u8/2024/09/27/823b9a97/index.m3u8
房感帶高少巨偏AV-宇野みれい,https://t33.cdn2020.com/video/m3u8/2024/07/25/f94cd705/index.m3u8
賽車郎的誘惑-希崎潔西嘉,https://t33.cdn2020.com/video/m3u8/2024/05/18/2c0e854c/index.m3u8
賽車郎的誘惑-RIO,https://t33.cdn2020.com/video/m3u8/2024/04/16/b5b26667/index.m3u8
賽車郎的誘惑-裡美尤利婭,https://t33.cdn2020.com/video/m3u8/2024/10/03/df42756a/index.m3u8
三浦春佳多次白漿和子混合抽,https://t33.cdn2020.com/video/m3u8/2024/06/14/bb1b21c1/index.m3u8
散發著費洛蒙的誘美腿-明裡紬,https://t33.cdn2020.com/video/m3u8/2024/08/28/2683693b/index.m3u8
散發著費洛蒙的誘美腿-明裡紬,https://t33.cdn2020.com/video/m3u8/2024/08/28/e2b12ca4/index.m3u8
喪失底線的小惡魔-伊東千奈美,https://t33.cdn2020.com/video/m3u8/2024/10/01/574bc6d9/index.m3u8
情老闆-星宮一花,https://t33.cdn2020.com/video/m3u8/2024/06/25/e7e8648a/index.m3u8
技術伺候一個-葵司,https://t33.cdn2020.com/video/m3u8/2024/09/21/ed9213c5/index.m3u8
曬我引以為傲的子-神宮寺奈緒,https://t33.cdn2020.com/video/m3u8/2024/08/08/86a589b8/index.m3u8
山手栞街搭訕車爆後帶回賓館直接,https://t33.cdn2020.com/video/m3u8/2024/04/20/93b11115/index.m3u8
司派我差然後把我老婆調教成便器,https://t33.cdn2020.com/video/m3u8/2024/05/30/7c846604/index.m3u8
原亞衣超高級泡泡浴侍奉服務,https://t33.cdn2020.com/video/m3u8/2024/05/11/bda6ebc3/index.m3u8
原亞衣初次下馬無套,https://t33.cdn2020.com/video/m3u8/2024/06/19/0991d1f2/index.m3u8
原亞衣三穴齊開做,https://t33.cdn2020.com/video/m3u8/2024/04/17/fc470bdb/index.m3u8
稍微一點刺激就失禁吹的超敏感僕,https://t33.cdn2020.com/video/m3u8/2024/06/14/4af42db0/index.m3u8
設定腳本一切都沒有-七沢美亞,https://t33.cdn2020.com/video/m3u8/2024/10/09/698c671d/index.m3u8
社區的串姦-星宮一花,https://t33.cdn2020.com/video/m3u8/2024/10/01/98d74c79/index.m3u8
社團的老師是我們的處理寵物-冬月楓,https://t33.cdn2020.com/video/m3u8/2024/09/18/862cc5e1/index.m3u8
社團顧問-天海翼,https://t33.cdn2020.com/video/m3u8/2024/03/20/9a3b0a72/index.m3u8
社團已經玩厭-希島理,https://t33.cdn2020.com/video/m3u8/2024/08/09/84abb586/index.m3u8
完之後-早阪姬,https://t33.cdn2020.com/video/m3u8/2024/08/25/f1a1ea6a/index.m3u8
依賴改善治療心-青空光,https://t33.cdn2020.com/video/m3u8/2024/09/09/bcacba20/index.m3u8
身材S級優雨宮琴音之本氣陶醉,https://t33.cdn2020.com/video/m3u8/2024/05/03/dbf705b3/index.m3u8
身高172cm美少-小阪七香,https://t33.cdn2020.com/video/m3u8/2024/07/26/4b237751/index.m3u8
身體蕩抽動-河北彩花,https://t33.cdn2020.com/video/m3u8/2024/09/07/cb37db21/index.m3u8
深情的搖晃支撐刺激著你的感官-山岸逢花,https://t33.cdn2020.com/video/m3u8/2024/05/12/47db99d1/index.m3u8
深情接吻和深情的交-河北彩花,https://t33.cdn2020.com/video/m3u8/2024/08/28/39139d87/index.m3u8
什麽要在這裡做-本鄉,https://t33.cdn2020.com/video/m3u8/2024/08/12/8af4d727/index.m3u8
神級美的交技巧完全展現-羽田,https://t33.cdn2020.com/video/m3u8/2024/08/23/289f32b1/index.m3u8
聖的瘋狂蕩深喉嚨體驗-二葉惠麻,https://t33.cdn2020.com/video/m3u8/2024/10/12/c54f6aa2/index.m3u8
失戀獨自旅行-西宮夢,https://t33.cdn2020.com/video/m3u8/2024/10/10/74e38786/index.m3u8
失去理的年教師-宇野美憐,https://t33.cdn2020.com/video/m3u8/2024/04/19/10835b8a/index.m3u8
濕答答的雞雞-西宮夢,https://t33.cdn2020.com/video/m3u8/2024/04/27/9f89cbfa/index.m3u8
十年來一直單戀的同班同學-miru,https://t33.cdn2020.com/video/m3u8/2024/08/08/fe5d2f7e/index.m3u8
十年之後再次遇見-葵司,https://t33.cdn2020.com/video/m3u8/2024/06/30/94bd4df9/index.m3u8
實際一直喜歡的-東雲美玲,https://t33.cdn2020.com/video/m3u8/2024/10/06/5a2d4695/index.m3u8
史最混亂-楓芙,https://t33.cdn2020.com/video/m3u8/2024/04/12/cd0aee50/index.m3u8
受盡淩辱的短髮美主播-希美真由,https://t33.cdn2020.com/video/m3u8/2024/06/29/f16963ca/index.m3u8
舒服到身體扭曲瘋狂高升天-宮下玲奈,https://t33.cdn2020.com/video/m3u8/2024/09/16/b258db46/index.m3u8
熟北條麻妃,https://t33.cdn2020.com/video/m3u8/2024/04/30/c963c997/index.m3u8
暑假來東京玩的處弟弟-西宮夢,https://t33.cdn2020.com/video/m3u8/2024/07/26/10787835/index.m3u8
雙食癡帶回家,https://t33.cdn2020.com/video/m3u8/2024/09/18/c1f775cc/index.m3u8
雙重醜聞被搭訕後帶回家的天海翼,https://t33.cdn2020.com/video/m3u8/2024/09/06/6115fe8a/index.m3u8
誰都憧憬的OL週末母日記,https://t33.cdn2020.com/video/m3u8/2024/06/25/f0b7e815/index.m3u8
水穀心音水交融濃厚,https://t33.cdn2020.com/video/m3u8/2024/05/05/8f7df30f/index.m3u8
水手服捜査官-小島南,https://t33.cdn2020.com/video/m3u8/2024/03/26/89d8039a/index.m3u8
水野朝陽東京熱,https://t33.cdn2020.com/video/m3u8/2024/03/15/60ca2b5f/index.m3u8
順從候補生-彩美旬果,https://t33.cdn2020.com/video/m3u8/2024/09/23/b985aaf4/index.m3u8
瞬殺一擊顏-天海翼,https://t33.cdn2020.com/video/m3u8/2024/07/04/5be2746f/index.m3u8
四肢修長的美身體被撫犯,https://t33.cdn2020.com/video/m3u8/2024/08/10/cc8f98c4/index.m3u8
素亂交感謝祭-小川阿佐美,https://t33.cdn2020.com/video/m3u8/2024/05/26/7f37dd3d/index.m3u8
素孩借給你-原瑞穂,https://t33.cdn2020.com/video/m3u8/2024/09/17/4d8647d7/index.m3u8
素童貞的我第一次交到了最棒的朋友,https://t33.cdn2020.com/video/m3u8/2024/07/04/add1c25f/index.m3u8
素顏SEX紀錄片-河北彩花,https://t33.cdn2020.com/video/m3u8/2024/08/30/3156d1ec/index.m3u8
雖然很討厭公公-葵司,https://t33.cdn2020.com/video/m3u8/2024/08/09/5bf077e7/index.m3u8
雖然是老公的爸爸-森日向子,https://t33.cdn2020.com/video/m3u8/2024/10/05/d0fa37d3/index.m3u8
隨便找個路就讓他和真白梨拍片忍住就能,https://t33.cdn2020.com/video/m3u8/2024/06/21/26d12f09/index.m3u8
探訪石和溫泉的神木麗,https://t33.cdn2020.com/video/m3u8/2024/05/26/41bf5d5d/index.m3u8
桃型美尻的誘惑-橋未久,https://t33.cdn2020.com/video/m3u8/2024/09/25/18830977/index.m3u8
體溫吐息融合的-鈴村裡,https://t33.cdn2020.com/video/m3u8/2024/06/29/e8430ebb/index.m3u8
體全部釋放的量吹-逢澤美優,https://t33.cdn2020.com/video/m3u8/2024/08/25/0f53d83f/index.m3u8
天然成分由來-鈴村裡,https://t33.cdn2020.com/video/m3u8/2024/08/23/348010f9/index.m3u8
啜啜的蕩護士-河北彩花,https://t33.cdn2020.com/video/m3u8/2024/03/12/a5be4776/index.m3u8
挑戰的巨優-奧田咲,https://t33.cdn2020.com/video/m3u8/2024/08/25/b979ed7b/index.m3u8
同房逆NTR-櫻空桃,https://t33.cdn2020.com/video/m3u8/2024/09/05/da83a8c8/index.m3u8
同居誘惑我的-橋未久,https://t33.cdn2020.com/video/m3u8/2024/09/22/77893838/index.m3u8
同期進公司的同事成了接吻狂-miru,https://t33.cdn2020.com/video/m3u8/2024/03/29/8c97b93e/index.m3u8
偷偷摸摸到野外打-希志野,https://t33.cdn2020.com/video/m3u8/2024/04/27/a5e57e80/index.m3u8
突擊到宅訪問-神木麗,https://t33.cdn2020.com/video/m3u8/2024/05/19/db3d4a33/index.m3u8
突破極限的SEX-流川夕,https://t33.cdn2020.com/video/m3u8/2024/07/11/9136574c/index.m3u8
突如其來的暴風雨-櫻空桃,https://t33.cdn2020.com/video/m3u8/2024/07/04/95158f72/index.m3u8
突襲AV優瞬間現-希志野,https://t33.cdn2020.com/video/m3u8/2024/04/07/6f7039e0/index.m3u8
圖書館被下媚藥-小島南,https://t33.cdn2020.com/video/m3u8/2024/04/27/6a4fdb0c/index.m3u8
塗超多潤滑和巨白虎-鈴木心春,https://t33.cdn2020.com/video/m3u8/2024/09/04/5994c812/index.m3u8
塗滿全身的春藥和無休止的交-Unpai,https://t33.cdn2020.com/video/m3u8/2024/08/10/b39e85bf/index.m3u8
兔年要看兔郎-七澤美亞,https://t33.cdn2020.com/video/m3u8/2024/06/04/ef3a6cad/index.m3u8
吞噬的迷癡醫生-小川阿佐美,https://t33.cdn2020.com/video/m3u8/2024/06/04/c24896ac/index.m3u8
脫衣劇場的-希島裡,https://t33.cdn2020.com/video/m3u8/2024/09/15/19d8e112/index.m3u8
完美交技巧的騷貨護士幫你吸,https://t33.cdn2020.com/video/m3u8/2024/09/09/6d0c6d6a/index.m3u8
完美身材極品癡騎乘體位-裡美尤利婭,https://t33.cdn2020.com/video/m3u8/2024/08/27/733a4c88/index.m3u8
完全敞開的房非常受歡迎-Unpai,https://t33.cdn2020.com/video/m3u8/2024/07/26/8580eccc/index.m3u8
完全固定的狀態下被東熱猛們,https://t33.cdn2020.com/video/m3u8/2024/04/20/4d369a80/index.m3u8
完全主觀和巨尻的近親相同居生活,https://t33.cdn2020.com/video/m3u8/2024/04/14/881c7655/index.m3u8
完全主觀撒嬌的可友-希美真由,https://t33.cdn2020.com/video/m3u8/2024/06/30/635016fd/index.m3u8
完全主觀視角下被暴-葵司,https://t33.cdn2020.com/video/m3u8/2024/08/30/22d0645f/index.m3u8
完全主觀自慰支持-河北彩花,https://t33.cdn2020.com/video/m3u8/2024/08/31/42389f3a/index.m3u8
網球部奴隸合宿-石原莉奈,https://t33.cdn2020.com/video/m3u8/2024/03/20/21d40846/index.m3u8
威脅套房的老師-椎名由奈,https://t33.cdn2020.com/video/m3u8/2024/09/04/1c346bac/index.m3u8
為了滿足變態老公的畸形願望-Rio,https://t33.cdn2020.com/video/m3u8/2024/06/19/6f12e924/index.m3u8
為了破案不惜賣相-希志野,https://t33.cdn2020.com/video/m3u8/2024/05/30/bfe125e5/index.m3u8
為了在畢業前交到朋友-希崎潔西嘉,https://t33.cdn2020.com/video/m3u8/2024/04/02/eed15daa/index.m3u8
為了丈夫簽下奴隸契約-椎名由奈,https://t33.cdn2020.com/video/m3u8/2024/10/01/996d436e/index.m3u8
為了只能在兩位巨面前勃起的丈夫,https://t33.cdn2020.com/video/m3u8/2024/08/01/faace806/index.m3u8
為了最的老公-小島南,https://t33.cdn2020.com/video/m3u8/2024/09/15/771588d2/index.m3u8
為您服務的最好的五星級肥皂泡泡浴,https://t33.cdn2020.com/video/m3u8/2024/08/22/2860875a/index.m3u8
未成熟的你迷路了-二葉惠麻,https://t33.cdn2020.com/video/m3u8/2024/08/01/52cf728e/index.m3u8
未婚夫的哥哥是-仲村美由,https://t33.cdn2020.com/video/m3u8/2024/09/30/e01cc09e/index.m3u8
未婚夫死在肚皮-希島裡,https://t33.cdn2020.com/video/m3u8/2024/09/30/cd1c83f2/index.m3u8
溫柔小180分鐘的極品風俗四本番,https://t33.cdn2020.com/video/m3u8/2024/05/18/d7c6a4d4/index.m3u8
溫柔又不善拒絕的護士小-島玲衣,https://t33.cdn2020.com/video/m3u8/2024/10/11/2c5c0cd7/index.m3u8
我被集體了-桃乃木,https://t33.cdn2020.com/video/m3u8/2024/05/05/10c1ceca/index.m3u8
我被全校最可的生管理我的,https://t33.cdn2020.com/video/m3u8/2024/07/27/89d10ed9/index.m3u8
我被司睡了-桃乃木香奈,https://t33.cdn2020.com/video/m3u8/2024/06/06/a1fc48c0/index.m3u8
我常去的酒店-希島理,https://t33.cdn2020.com/video/m3u8/2024/06/04/e555e580/index.m3u8
我成為一名護士的原因-小島南,https://t33.cdn2020.com/video/m3u8/2024/05/03/2537ad9c/index.m3u8
我的老婆-小川阿佐美,https://t33.cdn2020.com/video/m3u8/2024/05/19/990317b2/index.m3u8
我的朋友是有賀由,https://t33.cdn2020.com/video/m3u8/2024/05/01/c4c3e8cf/index.m3u8
我的友日高千晶,https://t33.cdn2020.com/video/m3u8/2024/04/30/547b016d/index.m3u8
我的屁股不聽話-森澤加奈,https://t33.cdn2020.com/video/m3u8/2024/05/30/d2b93f16/index.m3u8
我的子在同學聚會時任,https://t33.cdn2020.com/video/m3u8/2024/05/23/704305ff/index.m3u8
我的順從玩物候補-涼森玲夢,https://t33.cdn2020.com/video/m3u8/2024/04/14/2e48825d/index.m3u8
我的專屬僕-希志野,https://t33.cdn2020.com/video/m3u8/2024/05/18/b1425026/index.m3u8
我對友的膽引誘-逢澤美優,https://t33.cdn2020.com/video/m3u8/2024/07/19/4701170a/index.m3u8
我和子正處於疲勞期-星宮一花,https://t33.cdn2020.com/video/m3u8/2024/04/12/7384abde/index.m3u8
我和一位老教師發生了關係-小阪七香,https://t33.cdn2020.com/video/m3u8/2024/08/16/c7cbd5f1/index.m3u8
我們才不會因為小穴而-楓芙,https://t33.cdn2020.com/video/m3u8/2024/07/27/d5f3b18f/index.m3u8
我是新田檸檬-楓可憐,https://t33.cdn2020.com/video/m3u8/2024/08/06/e5f0e65a/index.m3u8
我喜歡胖一點的小翼-天海翼,https://t33.cdn2020.com/video/m3u8/2024/07/04/cbbd8767/index.m3u8
我想騷擾這個漂亮的孩-未步奈奈,https://t33.cdn2020.com/video/m3u8/2024/10/06/750bdbae/index.m3u8
我蕩的欲望與秘密-本田岬,https://t33.cdn2020.com/video/m3u8/2024/09/24/d347469c/index.m3u8
我在網找到了心的未婚的情視頻,https://t33.cdn2020.com/video/m3u8/2024/05/03/1c40d964/index.m3u8
我知道她是友的-本鄉,https://t33.cdn2020.com/video/m3u8/2024/09/16/8323f191/index.m3u8
我最喜歡的子-森澤佳奈,https://t33.cdn2020.com/video/m3u8/2024/06/07/31018111/index.m3u8
無法拒絕陪睡服務-希島理,https://t33.cdn2020.com/video/m3u8/2024/08/10/19f2cced/index.m3u8
無法停止的媚藥作用下的不間斷交-淺野心,https://t33.cdn2020.com/video/m3u8/2024/09/16/9306285b/index.m3u8
無盡-柚月,https://t33.cdn2020.com/video/m3u8/2024/08/10/cf0e29cf/index.m3u8
無聊的鄉下生活-宮下玲奈,https://t33.cdn2020.com/video/m3u8/2024/06/11/8676cd81/index.m3u8
無視攝影機視線的規則-村悠華,https://t33.cdn2020.com/video/m3u8/2024/04/07/a90d2200/index.m3u8
無套和服美橋本憐奈,https://t33.cdn2020.com/video/m3u8/2024/03/27/1e5e596a/index.m3u8
無套解禁-柚月亞衣,https://t33.cdn2020.com/video/m3u8/2024/08/08/4e40e676/index.m3u8
無限的激烈抽-JULIA,https://t33.cdn2020.com/video/m3u8/2024/09/15/69d34ef7/index.m3u8
無限制發OK-青空光,https://t33.cdn2020.com/video/m3u8/2024/05/30/11a967a6/index.m3u8
五神床論劍聯手拍攝年度作,https://t33.cdn2020.com/video/m3u8/2024/08/23/b8e52879/index.m3u8
希志野,https://t33.cdn2020.com/video/m3u8/2024/04/07/73c6788e/index.m3u8
希志野,https://t33.cdn2020.com/video/m3u8/2024/04/07/be71538b/index.m3u8
希志野亂交,https://t33.cdn2020.com/video/m3u8/2024/05/18/13427f13/index.m3u8
希志家的三胞胎花,https://t33.cdn2020.com/video/m3u8/2024/04/14/5738216a/index.m3u8
喜歡登山的美少-希島理,https://t33.cdn2020.com/video/m3u8/2024/06/22/6690f6d7/index.m3u8
喜歡吊胃滿腦子想著玩弄的極品優,https://t33.cdn2020.com/video/m3u8/2024/04/27/df7a8785/index.m3u8
喜歡交的學習委員-初川南,https://t33.cdn2020.com/video/m3u8/2024/03/29/e12d1488/index.m3u8
下半身不穿褲誘惑缺勤的學生-森日向子,https://t33.cdn2020.com/video/m3u8/2024/09/26/e3715146/index.m3u8
下流不倫接客-八木奈奈,https://t33.cdn2020.com/video/m3u8/2024/08/06/78f60bcb/index.m3u8
想被頂子宮-美之嶋惠理,https://t33.cdn2020.com/video/m3u8/2024/09/22/65e3039c/index.m3u8
想被甜蜜美腿癡玩弄-明裡紬,https://t33.cdn2020.com/video/m3u8/2024/06/04/37aa12ed/index.m3u8
想讓哥哥在我的身體裡-宇野美裡,https://t33.cdn2020.com/video/m3u8/2024/05/19/058c1e00/index.m3u8
想要被子宮裡的懇求-河合明日菜,https://t33.cdn2020.com/video/m3u8/2024/04/17/277ddabe/index.m3u8
像情片裡那樣做-葵司,https://t33.cdn2020.com/video/m3u8/2024/06/12/90c494f4/index.m3u8
像野獸一樣交尾的-美園和花,https://t33.cdn2020.com/video/m3u8/2024/09/18/53c051ae/index.m3u8
小惡魔的密著-七澤美亞,https://t33.cdn2020.com/video/m3u8/2024/06/04/8641f821/index.m3u8
小惡魔美少各種玩弄老師-八掛海,https://t33.cdn2020.com/video/m3u8/2024/07/11/3b66eb47/index.m3u8
小美玩角扮演變成任你幹的粉鮑小僕,https://t33.cdn2020.com/video/m3u8/2024/06/09/aff730fd/index.m3u8
筱田優,https://t33.cdn2020.com/video/m3u8/2024/03/28/bf50ef41/index.m3u8
筱田優下馬露粉嫩美鮑,https://t33.cdn2020.com/video/m3u8/2024/05/01/976823c4/index.m3u8
校評選氣第一絲教師的誘惑授業,https://t33.cdn2020.com/video/m3u8/2024/04/19/7fdd8f3f/index.m3u8
脅迫溫泉-初川南,https://t33.cdn2020.com/video/m3u8/2024/03/27/dfdb8220/index.m3u8
脅迫職業OL成為泳裝模特後-星宮一花,https://t33.cdn2020.com/video/m3u8/2024/07/25/f96deb8c/index.m3u8
寫真時期就開始追蹤的瘋狂粉絲-仲村美羽,https://t33.cdn2020.com/video/m3u8/2024/09/03/f5d51e76/index.m3u8
新NO.1STYLE-小阪七香,https://t33.cdn2020.com/video/m3u8/2024/07/26/5928bd9e/index.m3u8
新看護師-希崎ジェシカ,https://t33.cdn2020.com/video/m3u8/2024/05/12/97d5539d/index.m3u8
新老師直到她完全墮落的濕身,https://t33.cdn2020.com/video/m3u8/2024/10/06/a4a9a65b/index.m3u8
新美護士-石原莉奈,https://t33.cdn2020.com/video/m3u8/2024/03/23/71563c60/index.m3u8
新職的職員就是負責給同事們來爽的,,https://t33.cdn2020.com/video/m3u8/2024/06/11/c87b5516/index.m3u8
新作宣傳發表會給粉絲的最高回饋,https://t33.cdn2020.com/video/m3u8/2024/03/20/85d798f6/index.m3u8
醒時同交歡-八木奈奈,https://t33.cdn2020.com/video/m3u8/2024/09/24/fe1f5488/index.m3u8
醒時同交歡-石原希望,https://t33.cdn2020.com/video/m3u8/2024/09/27/7f40a2d0/index.m3u8
三本番-鈴村裡,https://t33.cdn2020.com/video/m3u8/2024/09/17/bee37300/index.m3u8
處理專用體家政-天海翼,https://t33.cdn2020.com/video/m3u8/2024/07/26/d3fa0a44/index.m3u8
感少和三個的,https://t33.cdn2020.com/video/m3u8/2024/04/30/84111267/index.m3u8
欲魔主管的絶倫挿連續12個小時,https://t33.cdn2020.com/video/m3u8/2024/05/08/5f0ce415/index.m3u8
欲烈的癡護士-星宮一花,https://t33.cdn2020.com/video/m3u8/2024/08/15/e3c29af6/index.m3u8
欲旺盛的力士-希島裡,https://t33.cdn2020.com/video/m3u8/2024/08/28/58651636/index.m3u8
休假被主管綺花召喚-山岸逢花,https://t33.cdn2020.com/video/m3u8/2024/06/25/de17e8e8/index.m3u8
學弟讓幫忙解決生理需求-小川阿佐美,https://t33.cdn2020.com/video/m3u8/2024/05/19/4325c11b/index.m3u8
學生暗戀的肥臀老師-初川南,https://t33.cdn2020.com/video/m3u8/2024/04/14/734ca7bf/index.m3u8
學生會長是僕-希志野,https://t33.cdn2020.com/video/m3u8/2024/04/14/03525a6c/index.m3u8
學校泳裝癮老師標記的母,https://t33.cdn2020.com/video/m3u8/2024/06/29/d0d05291/index.m3u8
言聽計從的子-青木玲,https://t33.cdn2020.com/video/m3u8/2024/08/28/7527576d/index.m3u8
顏挑戰-希志野,https://t33.cdn2020.com/video/m3u8/2024/04/19/ba6440f2/index.m3u8
要不要在前輩家重新喝一杯-宮下玲奈,https://t33.cdn2020.com/video/m3u8/2024/04/02/d2a77f39/index.m3u8
夜班工作子NTR在暗-天海翼,https://t33.cdn2020.com/video/m3u8/2024/06/11/63c4486c/index.m3u8
一併解放-三悠亞,https://t33.cdn2020.com/video/m3u8/2024/07/19/a9be68e1/index.m3u8
一波二日處混浴-希美真由,https://t33.cdn2020.com/video/m3u8/2024/07/19/82654003/index.m3u8
一刀兩斷之東京熱井綾香,https://t33.cdn2020.com/video/m3u8/2024/05/03/1d7a989e/index.m3u8
一發無法滿足的感官貪婪,https://t33.cdn2020.com/video/m3u8/2024/06/17/1c64167d/index.m3u8
一個月禁止和手-夢乃華,https://t33.cdn2020.com/video/m3u8/2024/08/20/04fe0c7b/index.m3u8
一喝醉就會變得蕩的空,https://t33.cdn2020.com/video/m3u8/2024/09/07/52fa7f3b/index.m3u8
一擊顏-希美真由,https://t33.cdn2020.com/video/m3u8/2024/06/12/775b231a/index.m3u8
一家便利店的兼職主-神木麗,https://t33.cdn2020.com/video/m3u8/2024/05/13/be2960d7/index.m3u8
一流的猥褻攝影技術-天海翼,https://t33.cdn2020.com/video/m3u8/2024/06/14/6d33dc33/index.m3u8
一年沒見的,https://t33.cdn2020.com/video/m3u8/2024/04/27/7a9002a4/index.m3u8
一起調教友-芽森滴,https://t33.cdn2020.com/video/m3u8/2024/08/08/8cfed648/index.m3u8
一起在野外做吧-天海翼,https://t33.cdn2020.com/video/m3u8/2024/07/25/282a7467/index.m3u8
一月禁欲苦難耐-河北彩花,https://t33.cdn2020.com/video/m3u8/2024/08/25/29c4bbfe/index.m3u8
一整月密著跟拍-河北彩花,https://t33.cdn2020.com/video/m3u8/2024/08/27/d0ca8afb/index.m3u8
已婚在丈夫喝醉的情況下被同事戴綠帽子,https://t33.cdn2020.com/video/m3u8/2024/07/04/34642c24/index.m3u8
義的感帶-石原莉奈,https://t33.cdn2020.com/video/m3u8/2024/03/15/2609f3ae/index.m3u8
翼老師的緊密瑜伽教學-翼舞,https://t33.cdn2020.com/video/m3u8/2024/09/01/9ac43b6d/index.m3u8
翼老師的誘惑授業-天海翼,https://t33.cdn2020.com/video/m3u8/2024/06/29/1dc12f4b/index.m3u8
因為老公軌萬念俱灰-田奈奈,https://t33.cdn2020.com/video/m3u8/2024/05/10/ec24bbb0/index.m3u8
因為你不跟我打-妃光莉,https://t33.cdn2020.com/video/m3u8/2024/08/23/27cbc209/index.m3u8
因為情傷對失望的美-小川阿佐美,https://t33.cdn2020.com/video/m3u8/2024/05/26/037d2838/index.m3u8
因為同事的工作失誤-新有菜,https://t33.cdn2020.com/video/m3u8/2024/08/14/04f01ba0/index.m3u8
因為格軟弱經常被客們欺負,https://t33.cdn2020.com/video/m3u8/2024/06/22/18048aa7/index.m3u8
因為要結婚而不能再見面-神木麗,https://t33.cdn2020.com/video/m3u8/2024/09/23/1ca97126/index.m3u8
音超甜的可銷售OL-小島南,https://t33.cdn2020.com/video/m3u8/2024/03/26/3c1ac1b5/index.m3u8
蕩癡OL的絲誘惑-裡美尤利婭,https://t33.cdn2020.com/video/m3u8/2024/10/01/717fb261/index.m3u8
蕩癡教師-小川阿佐美,https://t33.cdn2020.com/video/m3u8/2024/05/21/f709181c/index.m3u8
蕩的白衣天使對病下手了,https://t33.cdn2020.com/video/m3u8/2024/08/10/a8ef85e1/index.m3u8
蕩的家庭教師-小川阿佐美,https://t33.cdn2020.com/video/m3u8/2024/06/17/4da5c3e1/index.m3u8
蕩迫-天海翼,https://t33.cdn2020.com/video/m3u8/2024/10/01/c7919c2d/index.m3u8
蕩情-橋未久,https://t33.cdn2020.com/video/m3u8/2024/09/27/c65741c9/index.m3u8
蕩嫂子的誘惑-小川阿佐美,https://t33.cdn2020.com/video/m3u8/2024/05/30/4d10f026/index.m3u8
亂癡-小川阿佐美,https://t33.cdn2020.com/video/m3u8/2024/05/18/4184631e/index.m3u8
神之竊賊悲哀痙攣之追憶-橋未久,https://t33.cdn2020.com/video/m3u8/2024/07/19/eb4116dd/index.m3u8
櫻空桃,https://t33.cdn2020.com/video/m3u8/2024/06/30/4d86a95b/index.m3u8
永遠無法發洩完的欲-櫻空桃,https://t33.cdn2020.com/video/m3u8/2024/06/06/8b0295c4/index.m3u8
泳裝爆英語教師的誘惑授業-沖田杏梨,https://t33.cdn2020.com/video/m3u8/2024/10/12/b2eb0aad/index.m3u8
用超贊的語刺激你的感官-RIO,https://t33.cdn2020.com/video/m3u8/2024/07/04/c102dff9/index.m3u8
用量春藥油解禁感神的身體,https://t33.cdn2020.com/video/m3u8/2024/07/19/0a720e8c/index.m3u8
用可笑容征服所有-河北彩花,https://t33.cdn2020.com/video/m3u8/2024/09/22/293244f2/index.m3u8
用媚藥改造高傲的夜總會頭牌郎,https://t33.cdn2020.com/video/m3u8/2024/03/20/b8b6d7ca/index.m3u8
用你的讓我更骯髒-山岸あや花,https://t33.cdn2020.com/video/m3u8/2024/07/11/ab835083/index.m3u8
用棒讓傲慢的巨侄明白道理,https://t33.cdn2020.com/video/m3u8/2024/08/12/158191c5/index.m3u8
用身體施展美計的極品美-希志野,https://t33.cdn2020.com/video/m3u8/2024/04/14/c8427376/index.m3u8
用指和食指扒開濕濕的穴-奧田咲,https://t33.cdn2020.com/video/m3u8/2024/09/12/b83bebd3/index.m3u8
有感覺的講方言-天海翼,https://t33.cdn2020.com/video/m3u8/2024/06/30/4ffd50f4/index.m3u8
有賀由潔白無毛的白嫩小穴,https://t33.cdn2020.com/video/m3u8/2024/05/01/58c0b660/index.m3u8
有賀由野外直接脫光幹白漿好幾次,https://t33.cdn2020.com/video/m3u8/2024/05/31/3b6608cb/index.m3u8
有來了我的生就結束了-美園和花,https://t33.cdn2020.com/video/m3u8/2024/10/06/69b431e5/index.m3u8
幼齒蘿莉杏樹紗奈的羞澀,https://t33.cdn2020.com/video/m3u8/2024/04/02/9d999521/index.m3u8
誘惑我的隔壁漂亮-原瑞穂,https://t33.cdn2020.com/video/m3u8/2024/10/04/6669928c/index.m3u8
誘惑我的家教老師-橋未久,https://t33.cdn2020.com/video/m3u8/2024/08/05/5a8dffb6/index.m3u8
漁網裝究極粉嫩鮑魚的誘惑,https://t33.cdn2020.com/video/m3u8/2024/04/14/d55fb290/index.m3u8
與超近距離誘惑我的好友友,https://t33.cdn2020.com/video/m3u8/2024/05/26/8c73e482/index.m3u8
與超欲孩交約會-青空光,https://t33.cdn2020.com/video/m3u8/2024/08/01/a64da7a4/index.m3u8
與友蕩的楓芙從早幹到晚的7天,https://t33.cdn2020.com/video/m3u8/2024/06/17/cc7ce153/index.m3u8
與友最好的朋友-河北彩花,https://t33.cdn2020.com/video/m3u8/2024/05/19/58c1dab6/index.m3u8
與天海翼和成瀨心美的日常同居生活,https://t33.cdn2020.com/video/m3u8/2024/07/25/2c98b8ff/index.m3u8
與突然燃起欲的巨白虎濃厚,https://t33.cdn2020.com/video/m3u8/2024/10/01/dfadb92d/index.m3u8
與渣前任在病房再度重逢後,https://t33.cdn2020.com/video/m3u8/2024/08/19/44684c26/index.m3u8
與丈夫生育之後-希島裡,https://t33.cdn2020.com/video/m3u8/2024/08/22/5b735897/index.m3u8
羽月希亂覺醒群交調教,https://t33.cdn2020.com/video/m3u8/2024/04/02/d1a58a17/index.m3u8
遇見後四秒即刻合體-小島南,https://t33.cdn2020.com/video/m3u8/2024/03/26/fae378c6/index.m3u8
禦宅辣償房租-伊藤舞雪,https://t33.cdn2020.com/video/m3u8/2024/08/06/5fb7b4b1/index.m3u8
園原利香總集篇,https://t33.cdn2020.com/video/m3u8/2024/08/28/4a0cc440/index.m3u8
圓潤的接吻護士護理-山岸逢花,https://t33.cdn2020.com/video/m3u8/2024/06/06/69ff758c/index.m3u8
約會美空美緒並成功全壘打,https://t33.cdn2020.com/video/m3u8/2024/05/26/85cc3b10/index.m3u8
約了個青春小美研究測量她的身體,https://t33.cdn2020.com/video/m3u8/2024/06/14/07c7ea3d/index.m3u8
在差處被騷擾司安排共處一室,https://t33.cdn2020.com/video/m3u8/2024/09/05/11b65478/index.m3u8
在差地的同屋被絕倫司幾次,https://t33.cdn2020.com/video/m3u8/2024/09/26/a1336cc7/index.m3u8
在差旅行被最討厭的司玩弄頭,https://t33.cdn2020.com/video/m3u8/2024/04/07/1fdb27e3/index.m3u8
在電車被癡漢犯癮的巨學生,https://t33.cdn2020.com/video/m3u8/2024/08/16/b3ebded0/index.m3u8
在各種場合讓舌頭清理棒的每一寸,https://t33.cdn2020.com/video/m3u8/2024/05/18/ad541fa0/index.m3u8
在公共場合被公然猥褻默默忍耐的巨,https://t33.cdn2020.com/video/m3u8/2024/09/12/84dc82cb/index.m3u8
在空飛舞的巨無霸絕頂-阪道美琉,https://t33.cdn2020.com/video/m3u8/2024/07/27/73b3885a/index.m3u8
在老家的鄉下嫉妒我東京友-石川澪,https://t33.cdn2020.com/video/m3u8/2024/05/03/56eb251c/index.m3u8
在兩周年慶祝酒會被優灌醉變成癡,https://t33.cdn2020.com/video/m3u8/2024/06/30/8cd609db/index.m3u8
在沒有正式下海的-神宮寺奈緒,https://t33.cdn2020.com/video/m3u8/2024/07/04/76483524/index.m3u8
在朋友面前被犯的美-希志野,https://t33.cdn2020.com/video/m3u8/2024/05/05/1586ac62/index.m3u8
在禽獸教師帶頭下被全班生,https://t33.cdn2020.com/video/m3u8/2024/04/30/59d8ad64/index.m3u8
在沙灘做吧-希崎潔西嘉,https://t33.cdn2020.com/video/m3u8/2024/04/14/24e3001e/index.m3u8
在同學會被NTR-石川澪,https://t33.cdn2020.com/video/m3u8/2024/03/26/c79fd512/index.m3u8
在同一個屋簷下和粉絲24小時同住,https://t33.cdn2020.com/video/m3u8/2024/08/08/406d07cd/index.m3u8
在我離開房間的3個月裡-小島南,https://t33.cdn2020.com/video/m3u8/2024/05/19/ae03bb07/index.m3u8
在蕩的狂歡-神木麗,https://t33.cdn2020.com/video/m3u8/2024/05/13/eeff4b66/index.m3u8
在與你的司做時感覺到了快感,https://t33.cdn2020.com/video/m3u8/2024/05/18/a09000ca/index.m3u8
在丈夫面前被暴-希崎潔西嘉,https://t33.cdn2020.com/video/m3u8/2024/04/14/dc15859d/index.m3u8
在丈夫面前被姦的-小川阿佐美,https://t33.cdn2020.com/video/m3u8/2024/05/21/53bd2571/index.m3u8
在丈夫面前被犯的美-小川阿佐美,https://t33.cdn2020.com/video/m3u8/2024/06/06/34f9f504/index.m3u8
在丈夫面前被犯的-希志野,https://t33.cdn2020.com/video/m3u8/2024/05/01/7c60efdd/index.m3u8
在丈夫面前被犯幹到高的美,https://t33.cdn2020.com/video/m3u8/2024/08/05/93396e89/index.m3u8
在丈夫面前被犯-希志野,https://t33.cdn2020.com/video/m3u8/2024/04/30/1c185528/index.m3u8
在丈夫目前被犯的-橋未久,https://t33.cdn2020.com/video/m3u8/2024/03/17/7f40d3c1/index.m3u8
在丈夫目前被犯的-小泉彩,https://t33.cdn2020.com/video/m3u8/2024/03/26/024b8c8d/index.m3u8
在這裡做點的事情吧-逢澤美優,https://t33.cdn2020.com/video/m3u8/2024/10/09/b36f7b4d/index.m3u8
遭到集團-天海翼,https://t33.cdn2020.com/video/m3u8/2024/03/12/6ed68e4b/index.m3u8
早川瀬裡奈下馬無套做,https://t33.cdn2020.com/video/m3u8/2024/05/03/25f1f4d6/index.m3u8
早晚在溫泉旅館的窩裡進行不倫,https://t33.cdn2020.com/video/m3u8/2024/03/28/e393c8eb/index.m3u8
宅小姨子-明裡紬,https://t33.cdn2020.com/video/m3u8/2024/10/06/b6508cc0/index.m3u8
展台美麗誘的波多野結衣小,https://t33.cdn2020.com/video/m3u8/2024/05/16/c64c7433/index.m3u8
丈夫策劃的絕倫按摩師高治療,https://t33.cdn2020.com/video/m3u8/2024/03/29/9a56c8ff/index.m3u8
丈夫屍骨未寒-希島理,https://t33.cdn2020.com/video/m3u8/2024/07/04/a78df6fd/index.m3u8
正經後輩喝酒後成為亂接吻魔,https://t33.cdn2020.com/video/m3u8/2024/05/18/0828e2ef/index.m3u8
正在營業的公共浴場的訪問交,https://t33.cdn2020.com/video/m3u8/2024/08/10/cc9d4c81/index.m3u8
只要忍耐住就能波多野結衣,https://t33.cdn2020.com/video/m3u8/2024/05/26/ba801093/index.m3u8
只要是交-青空光,https://t33.cdn2020.com/video/m3u8/2024/09/23/48928dd6/index.m3u8
只在今天把太太忘掉-桃乃木香奈,https://t33.cdn2020.com/video/m3u8/2024/05/05/7ffdd4ac/index.m3u8
知道我去風俗店後感到嫉妒的發小,https://t33.cdn2020.com/video/m3u8/2024/06/04/09e1955b/index.m3u8
直到早晨都被巨漢棒留種PLAY,https://t33.cdn2020.com/video/m3u8/2024/09/06/d892c3e6/index.m3u8
職場OL橋本憐奈,https://t33.cdn2020.com/video/m3u8/2024/03/15/a73a65cf/index.m3u8
癡漢電車-櫻空桃,https://t33.cdn2020.com/video/m3u8/2024/04/27/8750f93c/index.m3u8
執行官-八卦海,https://t33.cdn2020.com/video/m3u8/2024/05/26/8f298a70/index.m3u8
年叔的密著按摩-桃乃木香奈,https://t33.cdn2020.com/video/m3u8/2024/06/04/7b94b0b6/index.m3u8
終極的美膚苗條體-石川澪,https://t33.cdn2020.com/video/m3u8/2024/08/09/b881ea41/index.m3u8
終極臀部好狂熱-佳澄果穂,https://t33.cdn2020.com/video/m3u8/2024/09/06/ee06ec58/index.m3u8
終極秘技教學-桃乃木香奈,https://t33.cdn2020.com/video/m3u8/2024/06/09/8fba1bd2/index.m3u8
週末奴隸-希島理,https://t33.cdn2020.com/video/m3u8/2024/06/29/f4f2f3ab/index.m3u8
逐夢東京演藝圈-楓可憐,https://t33.cdn2020.com/video/m3u8/2024/05/30/2c93922c/index.m3u8
主動勾引隔壁家的巨,https://t33.cdn2020.com/video/m3u8/2024/06/11/f6e089c7/index.m3u8
主和僕服務員-橋未久,https://t33.cdn2020.com/video/m3u8/2024/08/05/64f3f718/index.m3u8
住在隔壁的小居然這麼好,https://t33.cdn2020.com/video/m3u8/2024/05/18/158edb93/index.m3u8
住在老家的喪-山岸綺花,https://t33.cdn2020.com/video/m3u8/2024/05/19/56d20e26/index.m3u8
住在我樓的好美-希志野,https://t33.cdn2020.com/video/m3u8/2024/04/27/19a106c9/index.m3u8
子宮想要懇求體-涼森玲夢,https://t33.cdn2020.com/video/m3u8/2024/09/09/ada6156c/index.m3u8
自從被學生誘惑並幹下去-渚理,https://t33.cdn2020.com/video/m3u8/2024/08/16/388caf51/index.m3u8
自慰到一半被公寓保安發現,https://t33.cdn2020.com/video/m3u8/2024/03/17/2db7e400/index.m3u8
總是很勢的系司,https://t33.cdn2020.com/video/m3u8/2024/08/10/7323c545/index.m3u8
租借素一整天搞在一起-八掛海,https://t33.cdn2020.com/video/m3u8/2024/06/12/156120cb/index.m3u8
嘴唇交-希志野,https://t33.cdn2020.com/video/m3u8/2024/04/19/dffb8307/index.m3u8
最棒自慰體驗僕服務-兒玉七海,https://t33.cdn2020.com/video/m3u8/2024/09/16/1adcf087/index.m3u8
最高的自慰體驗-凪光,https://t33.cdn2020.com/video/m3u8/2024/09/01/bc415e54/index.m3u8
最完美的不倫生活-山岸逢花,https://t33.cdn2020.com/video/m3u8/2024/09/16/e954fb62/index.m3u8
最喜歡的訂婚者的哥哥-桃乃木香奈,https://t33.cdn2020.com/video/m3u8/2024/05/26/c80b9a6c/index.m3u8
尊貴專屬母在豪華日式沙龍真誠為您服務,https://t33.cdn2020.com/video/m3u8/2024/06/17/d8a63556/index.m3u8
佐山,https://t33.cdn2020.com/video/m3u8/2024/07/19/6ec8b879/index.m3u8
做主持的在輕鬆屋裡作為欲處理被,https://t33.cdn2020.com/video/m3u8/2024/04/06/df4ba698/index.m3u8
少白潔1(XK8039)-童汐,https://t33.cdn2020.com/video/m3u8/2021/06/26/211a053a/index.m3u8
少白潔2(XK8044)-童汐,https://t33.cdn2020.com/video/m3u8/2021/07/10/66f7c99f/index.m3u8
少白潔3(XK8048)-童汐,https://t26.cdn2020.com/video/m3u8/2021/07/23/3203cba6/index.m3u8
少白潔4(XK8059)-童汐,https://t26.cdn2020.com/video/m3u8/2021/08/21/85331d8e/index.m3u8
少白潔5(XK8071)-童汐,https://t33.cdn2020.com/video/m3u8/2021/10/02/09d29d49/index.m3u8
少白潔MDSR-0005-1失身的新婚少,https://t26.cdn2020.com/video/m3u8/2023/10/15/30848161/index.m3u8
少白潔第二章MDSR-0005-2小晶的信,https://t26.cdn2020.com/video/m3u8/2023/10/28/a03b295d/index.m3u8
少白潔第三章MDSR-0005-3風情萬種的少,https://t33.cdn2020.com/video/m3u8/2024/09/28/11472e69/index.m3u8
少白潔MDSR-0005-4一路風流的新婚少,https://t33.cdn2020.com/video/m3u8/2024/10/04/485a4db7/index.m3u8
少白潔第五章MDSR-0005-5 欣晴,https://t33.cdn2020.com/video/m3u8/2025/10/02/8e83b8e4/index.m3u8
少白潔第六章MDSR-0005-6綠 艾悠,https://t33.cdn2020.com/video/m3u8/2025/10/18/64827eee/index.m3u8
HOY TV,https://cdn.qd.je/163189/hoy
HOY TV,https://cdn.qd.je/163189/hoy2
Astro QJ,https://cdn.qd.je/163189/qj
黄金华剧台(WebVTT字幕),https://cdn.qd.je/163189/hjhjt
广州南国都市,https://cdn.qd.je/163189/ngds
采昌影剧台,https://cdn.qd.je/163189/ccyj
My Cinema Europe,https://cdn.qd.je/163189/mce
DreamWorks梦工厂动画,https://cdn.qd.je/163189/dreamworks
咪咕4K(限移动网络),http://r.jdshipin.com/ln4xk
咪咕4K-2(限移动网络),http://r.jdshipin.com/Lqdwf
http://141.11.87.241:20013/litv-longturn10/index.m3u8?proxy=true%3Fproxy%3Dtrue%E6%B0%91%E8%A6%96%E7%AC%AC%E4%B8%80%E5%8F%B0,http://141.11.87.241:20013/4gtv-4gtv003/index.m3u8?proxy=true
大愛電視,http://141.11.87.241:20013/4gtv-live007/index.m3u8?proxy=true
三立綜合合,http://141.11.87.241:20013/4gtv-live207/index.m3u8?proxy=true
客家電視,http://141.11.87.241:20013/4gtv-4gtv043/index.m3u8?proxy=true
新唐人亞太台,http://141.11.87.241:20013/4gtv-live050/index.m3u8?proxy=true
Arirang TV,http://141.11.87.241:20013/4gtv-4gtv079/index.m3u8?proxy=true
原住民族電視台,http://141.11.87.241:20013/4gtv-live014/index.m3u8?proxy=true
東森購物四台,http://141.11.87.241:20013/4gtv-live049/index.m3u8?proxy=true
東森購物一台,http://141.11.87.241:20013/4gtv-live047/index.m3u8?proxy=true
東森購物一台,http://141.11.87.241:20013/4gtv-4gtv102/index.m3u8?proxy=true
東森購物一台,http://141.11.87.241:20013/of-4gtv-4gtv102/index.m3u8?proxy=true
TVBS HD,http://141.11.87.241:20013/4gtv-4gtv073/index.m3u8?proxy=true
東森購物二台,http://141.11.87.241:20013/4gtv-live046/index.m3u8?proxy=true
東森購物二台,http://141.11.87.241:20013/4gtv-4gtv103/index.m3u8?proxy=true
東森購物二台,http://141.11.87.241:20013/of-4gtv-4gtv103/index.m3u8?proxy=true
靖天國際,http://141.11.87.241:20013/4gtv-4gtv063/index.m3u8?proxy=true
靖天歡樂,http://141.11.87.241:20013/4gtv-4gtv054/index.m3u8?proxy=true
韓國娛樂台,http://141.11.87.241:20013/4gtv-4gtv016/index.m3u8?proxy=true
東森購物三台,http://141.11.87.241:20013/4gtv-live048/index.m3u8?proxy=true
好消息,http://141.11.87.241:20013/litv-ftv16/index.m3u8?proxy=true
好消息2台,http://141.11.87.241:20013/litv-ftv17/index.m3u8?proxy=true
大愛二台,http://141.11.87.241:20013/4gtv-live106/index.m3u8?proxy=true
國會頻道1,http://141.11.87.241:20013/4gtv-4gtv084/index.m3u8?proxy=true
國會頻道2,http://141.11.87.241:20013/4gtv-4gtv085/index.m3u8?proxy=true
三立綜合合,http://141.11.87.241:20013/4gtv-live207/index.m3u8?proxy=true
客家電視,http://141.11.87.241:20013/4gtv-4gtv043/index.m3u8?proxy=true
Arirang TV,http://141.11.87.241:20013/li-4gtv-4gtv079/index.m3u8?proxy=true
TVBS HD,http://141.11.87.241:20013/li-4gtv-4gtv073/index.m3u8?proxy=true
靖天國際,http://141.11.87.241:20013/li-4gtv-4gtv063/index.m3u8?proxy=true
靖天歡樂,http://141.11.87.241:20013/li-4gtv-4gtv054/index.m3u8?proxy=true
韓國娛樂台,http://141.11.87.241:20013/li-4gtv-4gtv016/index.m3u8?proxy=true
好消息,http://141.11.87.241:20013/li-litv-ftv16/index.m3u8?proxy=true
好消息2台,http://141.11.87.241:20013/li-litv-ftv17/index.m3u8?proxy=true
國會頻道1,http://141.11.87.241:20013/li-4gtv-4gtv084/index.m3u8?proxy=true
國會頻道2,http://141.11.87.241:20013/li-4gtv-4gtv085/index.m3u8?proxy=true
好消息,http://141.11.87.241:20013/of-litv-ftv16/index.m3u8?proxy=true
好消息2台,http://141.11.87.241:20013/of-litv-ftv17/index.m3u8?proxy=true
國會頻道1,http://141.11.87.241:20013/of-4gtv-4gtv084/index.m3u8?proxy=true
國會頻道2,http://141.11.87.241:20013/of-4gtv-4gtv085/index.m3u8?proxy=true
ROCK Entertainment,http://141.11.87.241:20013/4gtv-live080/index.m3u8?proxy=true
HITS,http://141.11.87.241:20013/4gtv-live620/index.m3u8?proxy=true
霹靂布袋戲,http://141.11.87.241:20013/4gtv-live145/index.m3u8?proxy=true
采昌影劇,http://141.11.87.241:20013/4gtv-4gtv049/index.m3u8?proxy=true
歐洲光影,http://141.11.87.241:20013/4gtv-live157/index.m3u8?proxy=true
TVBS台劇台,http://141.11.87.241:20013/4gtv-live088/index.m3u8?proxy=true
戲劇免費看1台,http://141.11.87.241:20013/4gtv-live010/index.m3u8?proxy=true
采昌影劇,http://141.11.87.241:20013/li-4gtv-4gtv049/index.m3u8?proxy=true
台灣戲劇台,http://141.11.87.241:20013/li-litv-longturn22/index.m3u8?proxy=true
台灣戲劇台,http://141.11.87.241:20013/litv-longturn22/index.m3u8?proxy=true
ELTA娛樂,http://141.11.87.241:20013/4gtv-4gtv070/index.m3u8?proxy=true
豬哥亮歌廳秀,http://141.11.87.241:20013/4gtv-4gtv006/index.m3u8?proxy=true
Trace Urban,http://141.11.87.241:20013/4gtv-4gtv082/index.m3u8?proxy=true
MTV Live,http://141.11.87.241:20013/4gtv-live025/index.m3u8?proxy=true
MEZZO LIVE HD,http://141.11.87.241:20013/4gtv-4gtv083/index.m3u8?proxy=true
CLASSICA 古典樂,http://141.11.87.241:20013/4gtv-4gtv059/index.m3u8?proxy=true
TVBS綜藝台,http://141.11.87.241:20013/4gtv-live087/index.m3u8?proxy=true
ELTA娛樂,http://141.11.87.241:20013/li-4gtv-4gtv070/index.m3u8?proxy=true
豬哥亮歌廳秀,http://141.11.87.241:20013/li-4gtv-4gtv006/index.m3u8?proxy=true
Trace Urban,http://141.11.87.241:20013/li-4gtv-4gtv082/index.m3u8?proxy=true
MEZZO LIVE HD,http://141.11.87.241:20013/li-4gtv-4gtv083/index.m3u8?proxy=true
CLASSICA 古典樂,http://141.11.87.241:20013/li-4gtv-4gtv059/index.m3u8?proxy=true
Global Trekker,http://141.11.87.241:20013/4gtv-live112/index.m3u8?proxy=true
Lifetime,http://141.11.87.241:20013/4gtv-live029/index.m3u8?proxy=true
INULTRA,http://141.11.87.241:20013/4gtv-live096/index.m3u8?proxy=true
Pet Club TV,http://141.11.87.241:20013/4gtv-live110/index.m3u8?proxy=true
滾動力 Rollor,http://141.11.87.241:20013/4gtv-live012/index.m3u8?proxy=true
亞洲旅遊,http://141.11.87.241:20013/4gtv-4gtv076/index.m3u8?proxy=true
FUN 4K探索娛樂,http://141.11.87.241:20013/4gtv-live011/index.m3u8?proxy=true
幸福空間居家台,http://141.11.87.241:20013/4gtv-live206/index.m3u8?proxy=true
ELTA生活旅遊,http://141.11.87.241:20013/4gtv-live120/index.m3u8?proxy=true
LUXE TV,http://141.11.87.241:20013/4gtv-live121/index.m3u8?proxy=true
TV5MONDE Style,http://141.11.87.241:20013/4gtv-live122/index.m3u8?proxy=true
MagellanTV頻道,http://141.11.87.241:20013/4gtv-live123/index.m3u8?proxy=true
亞洲旅遊,http://141.11.87.241:20013/li-4gtv-4gtv076/index.m3u8?proxy=true
Smart知識台,http://141.11.87.241:20013/li-litv-longturn19/index.m3u8?proxy=true
亞洲旅遊,http://141.11.87.241:20013/of-4gtv-4gtv076/index.m3u8?proxy=true
Smart知識台,http://141.11.87.241:20013/litv-longturn19/index.m3u8?proxy=true
LiveABC 互動英語台,http://141.11.87.241:20013/4gtv-live030/index.m3u8?proxy=true
達文西,http://141.11.87.241:20013/4gtv-4gtv018/index.m3u8?proxy=true
ELTV生活英語台,http://141.11.87.241:20013/litv-longturn20/index.m3u8?proxy=true
Nick Jr.,http://141.11.87.241:20013/4gtv-live032/index.m3u8?proxy=true
Nickelodeon,http://141.11.87.241:20013/4gtv-live105/index.m3u8?proxy=true
DreamWorks,http://141.11.87.241:20013/4gtv-live017/index.m3u8?proxy=true
靖洋卡通,http://141.11.87.241:20013/4gtv-4gtv057/index.m3u8?proxy=true
達文西,http://141.11.87.241:20013/li-4gtv-4gtv018/index.m3u8?proxy=true
ELTV生活英語台,http://141.11.87.241:20013/li-litv-longturn20/index.m3u8?proxy=true
靖洋卡通,http://141.11.87.241:20013/li-4gtv-4gtv057/index.m3u8?proxy=true
ELTV生活英語台,http://141.11.87.241:20013/of-litv-longturn20/index.m3u8?proxy=true
三立iNEWS,http://141.11.87.241:20013/4gtv-live089/index.m3u8?proxy=true
BLOOMBERG TV,http://141.11.87.241:20013/4gtv-live059/index.m3u8?proxy=true
SBN 全球財經台,http://141.11.87.241:20013/4gtv-live060/index.m3u8?proxy=true
寰宇財經,http://141.11.87.241:20013/4gtv-4gtv158/index.m3u8?proxy=true
FRANCE24 英文台,http://141.11.87.241:20013/4gtv-live146/index.m3u8?proxy=true
半島國際新聞台,http://141.11.87.241:20013/litv-ftv10/index.m3u8?proxy=true
VOA 美國之音,http://141.11.87.241:20013/litv-ftv03/index.m3u8?proxy=true
CNBC Asia 財經台,http://141.11.87.241:20013/4gtv-live130/index.m3u8?proxy=true
DW德國之聲,http://141.11.87.241:20013/4gtv-live071/index.m3u8?proxy=true
非凡新聞,http://141.11.87.241:20013/4gtv-4gtv010/index.m3u8?proxy=true
非凡商業,http://141.11.87.241:20013/4gtv-4gtv048/index.m3u8?proxy=true
台視財經台,http://141.11.87.241:20013/4gtv-4gtv056/index.m3u8?proxy=true
寰宇財經,http://141.11.87.241:20013/li-4gtv-4gtv158/index.m3u8?proxy=true
半島國際新聞台,http://141.11.87.241:20013/li-litv-ftv10/index.m3u8?proxy=true
VOA 美國之音,http://141.11.87.241:20013/li-litv-ftv03/index.m3u8?proxy=true
第1商業台,http://141.11.87.241:20013/li-4gtv-4gtv104/index.m3u8?proxy=true
寰宇財經,http://141.11.87.241:20013/of-4gtv-4gtv158/index.m3u8?proxy=true
第1商業台,http://141.11.87.241:20013/4gtv-4gtv104/index.m3u8?proxy=true
三立iNEWS,http://141.11.87.241:20013/iNEWS/index.m3u8?proxy=true
倪珍播新聞,http://141.11.87.241:20013/nnews-zh/index.m3u8?proxy=true
倪珍英語新聞,http://141.11.87.241:20013/nnews-en/index.m3u8?proxy=true
倪珍越語新聞,http://141.11.87.241:20013/nnews-vn/index.m3u8?proxy=true
TRACE Sport Stars,http://141.11.87.241:20013/4gtv-4gtv077/index.m3u8?proxy=true
時尚運動X,http://141.11.87.241:20013/4gtv-4gtv014/index.m3u8?proxy=true
車迷 TV,http://141.11.87.241:20013/4gtv-live201/index.m3u8?proxy=true
GINX Esports TV,http://141.11.87.241:20013/4gtv-4gtv053/index.m3u8?proxy=true
博斯魅力,http://141.11.87.241:20013/litv-longturn04/index.m3u8?proxy=true
博斯高球I,http://141.11.87.241:20013/litv-longturn05/index.m3u8?proxy=true
博斯高球II,http://141.11.87.241:20013/litv-longturn06/index.m3u8?proxy=true
博斯運動I,http://141.11.87.241:20013/litv-longturn07/index.m3u8?proxy=true
博斯運動II,http://141.11.87.241:20013/litv-longturn08/index.m3u8?proxy=true
博斯網球,http://141.11.87.241:20013/litv-longturn09/index.m3u8?proxy=true
博斯無限I,http://141.11.87.241:20013/litv-longturn10/index.m3u8?proxy=true
博斯無限II,http://141.11.87.241:20013/litv-longturn13/index.m3u8?proxy=true
TRACE Sport Stars,http://141.11.87.241:20013/li-4gtv-4gtv077/index.m3u8?proxy=true
時尚運動X,http://141.11.87.241:20013/li-4gtv-4gtv014/index.m3u8?proxy=true
GINX Esports TV,http://141.11.87.241:20013/li-4gtv-4gtv053/index.m3u8?proxy=true
歷史頻道,http://141.11.87.241:20013/4gtv-live026/index.m3u8?proxy=true
CI 罪案偵查頻道,http://141.11.87.241:20013/4gtv-live027/index.m3u8?proxy=true
視納華仁紀實頻道,http://141.11.87.241:20013/4gtv-4gtv013/index.m3u8?proxy=true
視納華仁紀實頻道,http://141.11.87.241:20013/li-4gtv-4gtv013/index.m3u8?proxy=true
Astro QJ,http://php.jdshipin.com:8880/smt.php?id=Quanjia
TVB星河1,http://cdn3.123.rr.kg/stream/live/tvbxh/
TVB星河2,http://cdn6.123.rr.kg/163189/tvbxh
TVB星河3,http://cdn10.123.rr.kg/163189/xinghe/
华丽翡翠台1,http://cdn6.123.rr.kg/163189/hlfct
华丽翡翠台2,http://cdn3.123.rr.kg/stream/live/hlt/
AOD,http://cdn3.123.rr.kg/stream/live/aod/
欢喜台,http://cdn3.123.rr.kg/stream/live/hxt/
天映经典台2,http://cdn10.123.rr.kg/163189/ccm/
无线新闻台1,http://cdn6.123.rr.kg/163189/wxxw
无线新闻台2,http://cdn6.123.rr.kg/163189/wxxwt
HOY TV,http://cdn6.123.rr.kg/163189/hoy
HOY TV,http://cdn.123.rr.kg/163189/hoy
黄金华剧台(WebVTT字幕),http://cdn10.123.rr.kg/163189/hjhjt/
广州南国都市,https://cdn15.163189.xyz/163189/ngds
CCTV1@,http://f.123.rr.kg/163189/cctv1
CCTV2@,http://f.123.rr.kg/163189/cctv2
CCTV3@,http://f.123.rr.kg/163189/cctv3
CCTV4@,http://f.123.rr.kg/163189/cctv4
CCTV5@,http://f.123.rr.kg/163189/cctv5
CCTV5+@,http://f.123.rr.kg/163189/cctv5p
CCTV6@,http://f.123.rr.kg/163189/cctv6
CCTV7@,http://f.123.rr.kg/163189/cctv7
CCTV8@,http://f.123.rr.kg/163189/cctv8
CCTV9@,http://f.123.rr.kg/163189/cctv9
CCTV10@,http://f.123.rr.kg/163189/cctv10
CCTV11@,http://f.123.rr.kg/163189/cctv11
CCTV12@,http://f.123.rr.kg/163189/cctv12
CCTV13@,http://f.123.rr.kg/163189/cctv13
CCTV14@,http://f.123.rr.kg/163189/cctv14
CCTV15@,http://f.123.rr.kg/163189/cctv15
CCTV16@,http://f.123.rr.kg/163189/cctv16
CCTV16@,http://f.123.rr.kg/163189/cctv16-2
CCTV17@,http://f.123.rr.kg/163189/cctv17
八度空间B,https://cdn.qd.je/163189.php?id=8tv
CH8B,https://cdn.qd.je/163189.php?id=ch8
CH5B,https://cdn.qd.je/163189.php?id=ch5
CHUB,https://cdn.qd.je/163189.php?id=chu
亚洲武侠B,https://cdn.qd.je/163189.php?id=yzwx
TVB星河B,https://cdn.qd.je/163189.php?id=xinghe
天映频道(新加坡)B,https://cdn.qd.je/163189.php?id=typd
天映经典B,https://cdn.qd.je/163189.php?id=ccm
华丽翡翠台(硬字幕)B,https://cdn.qd.je/163189.php?id=jade
TVBj1B,https://cdn.qd.je/163189.php?id=j1
翡翠剧集台B,https://cdn.qd.je/163189.php?id=tvbd
翡翠台B,https://cdn.qd.je/163189.php?id=fct
无线新闻台B,https://cdn.qd.je/163189.php?id=wxxw
广东珠江B,https://cdn.qd.je/163189.php?id=gdzj
广东体育B,https://cdn.qd.je/163189.php?id=gdty
凤凰中文B,https://cdn.qd.je/163189.php?id=fhzw
凤凰资讯B,https://cdn.qd.je/163189.php?id=fhzx
凤凰香港B,https://cdn.qd.je/163189.php?id=fhhk
TVB1B,https://cdn.qd.je/163189.php?id=tvb1
HOY TVB,https://cdn.qd.je/163189.php?id=hoy
HOY TVB,https://cdn.qd.je/163189.php?id=hoy2
HOY资讯台B,https://cdn.qd.je/163189.php?id=hoy78
HOY国际财经台B,https://cdn.qd.je/163189.php?id=hoy76
ViuTVB,https://cdn.qd.je/163189.php?id=viu
ViuTVsixB,https://cdn.qd.je/163189.php?id=viu6
RTHK31B,https://cdn.qd.je/163189.php?id=rthk31
RTHK32B,https://cdn.qd.je/163189.php?id=rthk32
澳视澳门B,https://cdn.qd.je/163189.php?id=asam
澳视卫星B,https://cdn.qd.je/163189.php?id=as
澳门体育B,https://cdn.qd.je/163189.php?id=amty
澳门综艺B,https://cdn.qd.je/163189.php?id=amzy
澳门莲花B,https://cdn.qd.je/163189.php?id=amlh
重温经典B,https://cdn.qd.je/163189.php?id=cwjd
海峡卫视1B,https://cdn.qd.je/163189.php?id=hxws
海峡卫视2B,https://cdn.qd.je/163189.php?id=hxws2
CCTV5B,https://cdn.qd.je/163189.php?id=cctv5
CCTV5B,https://cdn.qd.je/163189.php?id=cctv5-2
CCTV5+B,https://cdn.qd.je/163189.php?id=cctv5p
CCTV5+B,https://cdn.qd.je/163189.php?id=cctv5p-2
CCTV13B,https://cdn.qd.je/163189.php?id=cctv13
CCTV13B,https://cdn.qd.je/163189.php?id=cctv13-2
CCTV16B,https://cdn.qd.je/163189.php?id=cctv16
CCTV16B,https://cdn.qd.je/163189.php?id=cctv16-2
五星体育B,https://cdn.qd.je/163189.php?id=wxty
大湾区卫视(外),http://38.75.136.137:98/gslb/dsdqpub/gdgj.m3u8?auth=%2A%2A%2A
RTM Apetito,https://d1sq2slp9afh7o.cloudfront.net/smil:apetito/chunklist_b2596000_slENG.m3u8
RTM Aura,https://d1sq2slp9afh7o.cloudfront.net/smil:aura/chunklist_b2596000_slENG.m3u8
RTM Fitrah,https://d1sq2slp9afh7o.cloudfront.net/smil:fitrah/chunklist_b2596000_slENG.m3u8
RTM Junior,https://d1sq2slp9afh7o.cloudfront.net/smil:jr/chunklist_b2596000_slENG.m3u8
RTM Lead,https://d1sq2slp9afh7o.cloudfront.net/smil:lead/chunklist_b2596000_slENG.m3u8
RTM Roll,https://d1sq2slp9afh7o.cloudfront.net/smil:roll/chunklist_b2596000_slENG.m3u8
RTM Snap,https://d1sq2slp9afh7o.cloudfront.net/smil:snap/chunklist_b2596000_slENG.m3u8
灌篮高手D,http://129.211.14.102:22223/1356243352
凤凰中文D,http://bobohome.ignorelist.com:20247/fengshows?id=2.m3u8
凤凰资讯D,http://bobohome.ignorelist.com:20247/fengshows?id=1.m3u8
CCTV-1综合D,http://104.152.209.49:8181/720p/cctv1.m3u8
CCTV-2财经D,http://104.152.209.49:8181/720p/cctv2.m3u8
CCTV-3综艺D,http://104.152.209.49:8181/720p/cctv3.m3u8
CCTV-4中文国际D,http://104.152.209.49:8181/720p/cctv4.m3u8
CCTV-5体育D,http://104.152.209.49:8181/720p/cctv5.m3u8
CCTV-6电影D,http://104.152.209.49:8181/720p/cctv6.m3u8
CCTV-8电视剧D,http://104.152.209.49:8181/720p/cctv8.m3u8
CCTV-10科教D,http://104.152.209.49:8181/720p/cctv10.m3u8
CCTV-11戏曲D,http://104.152.209.49:8181/720p/cctv11.m3u8
CCTV-12社会与法D,http://104.152.209.49:8181/720p/cctv12.m3u8
CCTV-13新闻D,http://104.152.209.49:8181/720p/cctv13.m3u8
CCTV-14少儿D,http://104.152.209.49:8181/720p/cctv14.m3u8
CCTV-15音乐D,http://104.152.209.49:8181/720p/cctv15.m3u8
CCTV-16奥林匹克D,http://104.152.209.49:8181/720p/cctv16.m3u8
CCTV-17农业农村D,http://104.152.209.49:8181/720p/cctv17.m3u8
CCTV-5+HDD,http://104.152.209.49:8181/720p/cctv5p.m3u8
CCTV-4K超高清D,http://104.152.209.49:8181/720p/cctv4k.m3u8
CCTV-8K超高清D,http://104.152.209.49:8181/720p/cctv8k.m3u8
CCTV-第一剧场D,http://104.152.209.49:8181/720p/dyjc.m3u8
CCTV-风云剧场D,http://104.152.209.49:8181/720p/fyjc.m3u8
CCTV-怀旧剧场D,http://104.152.209.49:8181/720p/hjjc.m3u8
CCTV-兵器科技D,http://104.152.209.49:8181/720p/gfjs.m3u8
CCTV-女性时尚D,http://104.152.209.49:8181/720p/nxss.m3u8
CCTV-世界地理D,http://104.152.209.49:8181/720p/sjdl.m3u8
CCTV-卫生健康D,http://104.152.209.49:8181/720p/wsjk.m3u8
CCTV-央视文化精品D,http://104.152.209.49:8181/720p/ysjp.m3u8
CCTV-风云音乐D,http://104.152.209.49:8181/720p/fyyy.m3u8
CCTV-高尔夫网球D,http://104.152.209.49:8181/720p/gefwq.m3u8
重温经典D,http://104.152.209.49:8181/720p/cwjd.m3u8
湖南卫视D,http://104.152.209.49:8181/720p/hnws.m3u8
河北卫视D,http://104.152.209.49:8181/720p/hews.m3u8
山东卫视D,http://104.152.209.49:8181/720p/sdws.m3u8
天津卫视D,http://104.152.209.49:8181/720p/tjws.m3u8
安徽卫视D,http://104.152.209.49:8181/720p/ahws.m3u8
北京卫视D,http://104.152.209.49:8181/720p/bjws.m3u8
东方卫视D,http://104.152.209.49:8181/720p/dfws.m3u8
广东卫视D,http://104.152.209.49:8181/720p/gdws.m3u8
河南卫视D,http://104.152.209.49:8181/720p/haws.m3u8
江苏卫视D,http://104.152.209.49:8181/720p/jsws.m3u8
深圳卫视D,http://104.152.209.49:8181/720p/szws.m3u8
浙江卫视D,http://104.152.209.49:8181/720p/zjws.m3u8
HOY TV,https://cdn.qd.je/163189/hoy
HOY TV,https://cdn.qd.je/163189/hoy2
黄金华剧台(WebVTT字幕),https://cdn.qd.je/163189/hjhjt
广州南国都市,https://cdn.qd.je/163189/ngds
采昌影剧台,https://cdn.qd.je/163189/ccyj
My Cinema Europe,https://cdn.qd.je/163189/mce
DreamWorks梦工厂动画,https://cdn.qd.je/163189/dreamworks
MBC,http://tv123.cc.cd/live.php?ch=1&sid=084bdfccba613632c46b32927c05cad1&exp=1791081046&sig=e2a12bb043c503b593ed1b556ecc4ca98702499b8c578f90c0551bcb332277b1
Arirang,http://tv123.cc.cd/live.php?ch=2&sid=084bdfccba613632c46b32927c05cad1&exp=1791081046&sig=671c7fc8fbe17e61dbf6ee38a8ff7a87f85a706932cd8228455bb01d344db080
Arirang Radio,http://tv123.cc.cd/live.php?ch=3&sid=084bdfccba613632c46b32927c05cad1&exp=1791081046&sig=baad5b20aa3590d9f49b59e3bb2333fb81337692c1e59eac982aaab441fce65c
ABN TV,http://tv123.cc.cd/live.php?ch=4&sid=084bdfccba613632c46b32927c05cad1&exp=1791081046&sig=4716f195f7e4cf620cef7d684eb93c273ec914762f21e72637adb0e3c68286bc
EBS 1,http://tv123.cc.cd/live.php?ch=5&sid=084bdfccba613632c46b32927c05cad1&exp=1791081046&sig=88038a31eb01393747c443c8d0c5f2ca34dd8cfba901610580fdc2ae23e72d5d
EBS 2,http://tv123.cc.cd/live.php?ch=6&sid=084bdfccba613632c46b32927c05cad1&exp=1791081046&sig=a3a099d3011be806097f10ee26dbed577f36e864dcb0187fe841396250e2b066
EBS E,http://tv123.cc.cd/live.php?ch=7&sid=084bdfccba613632c46b32927c05cad1&exp=1791081046&sig=36bab0789b4c41ea7bc2145c5a8f37347483de276506c87b22aaf4b8c5268e85
EBS kids,http://tv123.cc.cd/live.php?ch=8&sid=084bdfccba613632c46b32927c05cad1&exp=1791081046&sig=cccb81cfbed78e6e40b41bde9d71c5d2f57247ec0f758313fb50ab00a0984b51
EBS+ 1,http://tv123.cc.cd/live.php?ch=9&sid=084bdfccba613632c46b32927c05cad1&exp=1791081046&sig=0429720dfdfbd42b2dd36bccffeef60303a2d012d86093a9e6dde8b051daba6d
EBS+ 2,http://tv123.cc.cd/live.php?ch=10&sid=084bdfccba613632c46b32927c05cad1&exp=1791081046&sig=252ff1792c9d44f550c3ec48a37165849bf03363bbd9637b46f54299c3780ddf
MBC,http://tv123.cc.cd/live.php?ch=11&sid=084bdfccba613632c46b32927c05cad1&exp=1791081046&sig=8f31391f061e9110f1923b310bc96129d11fa098b9cfd8f2a0f589c964d5657f
TBS,http://tv123.cc.cd/live.php?ch=12&sid=084bdfccba613632c46b32927c05cad1&exp=1791081046&sig=2515549e9ae55995721b6e4f1745e6fc2696c6d2b29d4fbcd9704d2c607a48f4
SBS CJB,http://tv123.cc.cd/live.php?ch=13&sid=084bdfccba613632c46b32927c05cad1&exp=1791081046&sig=b98aac5a60b7233bea8a5e3b6ad48e2f3650a56ef0668f16f3ce5d75e906cdab
SBS G1,http://tv123.cc.cd/live.php?ch=14&sid=084bdfccba613632c46b32927c05cad1&exp=1791081046&sig=f9ea74bd3c68af846dc4d111ad7387f67e57e4091925c484dda47e18834c832e
SBS JIBS,http://tv123.cc.cd/live.php?ch=15&sid=084bdfccba613632c46b32927c05cad1&exp=1791081046&sig=e39c67d03371fbce580f13e351213862419178244b957de8ab1647eb52ebd0c5
SBS KBC,http://tv123.cc.cd/live.php?ch=16&sid=084bdfccba613632c46b32927c05cad1&exp=1791081046&sig=a3892e934e500f6d55c11bec40a1418f5a66d917b0345da386577b553775376a
SBS UBC,http://tv123.cc.cd/live.php?ch=17&sid=084bdfccba613632c46b32927c05cad1&exp=1791081046&sig=a8f0a1bcf63882bb549bc9bde93a1deb5fe54e7e07aa718092eea924b8e3779d
TV Chosun,http://tv123.cc.cd/live.php?ch=18&sid=084bdfccba613632c46b32927c05cad1&exp=1791081046&sig=a189d4cbe378e485c57df3568f6c456b86c2b7aa150bd4adc7df36b7584d5957
TV Chosun 2,http://tv123.cc.cd/live.php?ch=19&sid=084bdfccba613632c46b32927c05cad1&exp=1791081046&sig=355cd14ddc5ce8c745956dfb08804a5bc2ca17b00a72ea37b8b08cbedd358803
FGTV,http://tv123.cc.cd/live.php?ch=20&sid=084bdfccba613632c46b32927c05cad1&exp=1791081046&sig=86abfafb0e9a3450efcc713f83664d0df90fabb3bc5699d8c9d240c22f187633
GugakTV 국악방송,http://tv123.cc.cd/live.php?ch=21&sid=084bdfccba613632c46b32927c05cad1&exp=1791081046&sig=27697fcd394abf5a729ea9aed48c24c55c881a383d6356fdd2a1f613ff61dba4
Gugbang TV,http://tv123.cc.cd/live.php?ch=22&sid=084bdfccba613632c46b32927c05cad1&exp=1791081046&sig=3e263bb449253367d44540760061d9840ee7b2a3f5bc5256717875aa89ce112f
KCTV 광주 CH05,http://tv123.cc.cd/live.php?ch=23&sid=084bdfccba613632c46b32927c05cad1&exp=1791081046&sig=1357a69d5c4713940c19e330acf5821131f6307a276d466cdb7dad130342f276
Korea TV,http://tv123.cc.cd/live.php?ch=24&sid=084bdfccba613632c46b32927c05cad1&exp=1791081046&sig=516275cd51a4d20a8df14075538ffa2762f9231ee44f100fd9efda42e255c58a
NHTV,http://tv123.cc.cd/live.php?ch=25&sid=084bdfccba613632c46b32927c05cad1&exp=1791081046&sig=c4608d093e54aa5bd81a73f3895b3dd9ea9d6927c72f30a16625843613cd0335
OUN,http://tv123.cc.cd/live.php?ch=26&sid=084bdfccba613632c46b32927c05cad1&exp=1791081046&sig=524857a820bae9cd2fb649646e018c3ed3fbb321f7cf360d7b3a135de3c11403
RUTC TV,http://tv123.cc.cd/live.php?ch=27&sid=084bdfccba613632c46b32927c05cad1&exp=1791081046&sig=2885d019d92d0d6f99a42c24a9f9fabcccf06e40daae9291940c45b203ffd4ec
K POP by CJ ENM,http://tv123.cc.cd/live.php?ch=28&sid=084bdfccba613632c46b32927c05cad1&exp=1791081046&sig=6cf2b6729247950c347cbe2e80514ecdab1437bf8b96519582d57d264ffb429b
National Assembly TV,http://tv123.cc.cd/live.php?ch=29&sid=084bdfccba613632c46b32927c05cad1&exp=1791081046&sig=a56b76ba4beccd11900f9a81db8de9c91331426f7cbbc7eaeabb9b99e3b38ab1
NBS Korea Agricultural Broadcasting,http://tv123.cc.cd/live.php?ch=30&sid=084bdfccba613632c46b32927c05cad1&exp=1791081046&sig=5169c1aa6a0f5e47b3e273d091ebd4411ee0c2c7a267103968ff03124b94a5aa
BBS Buddhist Broadcasting,http://tv123.cc.cd/live.php?ch=31&sid=084bdfccba613632c46b32927c05cad1&exp=1791081046&sig=28780b3cf24ebd65b438681655717e9cb3299360bd2d99d223caf336e747f590
BTN TV,http://tv123.cc.cd/live.php?ch=32&sid=084bdfccba613632c46b32927c05cad1&exp=1791081046&sig=9a4c3bc37aa721acdc8455b6bca15df9418550531af0730931a9bd3d280bbfde
GCN24 Korean,http://tv123.cc.cd/live.php?ch=33&sid=084bdfccba613632c46b32927c05cad1&exp=1791081046&sig=bc74ee30fe6c6f1d0e860e281a526241949b7538149692061df8c6c743a7f634
CJ OnStyle,http://tv123.cc.cd/live.php?ch=34&sid=084bdfccba613632c46b32927c05cad1&exp=1791081046&sig=5b491772a32ffe052fb2c70dc5572ba04dd7013bb625bb3840c53d0bf24073bf
CJ OnStyle Plus,http://tv123.cc.cd/live.php?ch=35&sid=084bdfccba613632c46b32927c05cad1&exp=1791081046&sig=038fe40d4a372d7ebf58d752039910e8cd8b5148cc97052ebb1f903ccacf4540
Gongyoung Shopping,http://tv123.cc.cd/live.php?ch=36&sid=084bdfccba613632c46b32927c05cad1&exp=1791081046&sig=3323506faa8103ce0e90d155f0f7f27b4d4e64a06e31c93a68b68a3f003699df
GS Shop,http://tv123.cc.cd/live.php?ch=37&sid=084bdfccba613632c46b32927c05cad1&exp=1791081046&sig=6dbbe2d76f49f55afde8520c455b66bceb36dad2795e7a346143f0930241e191
GS My Shop,http://tv123.cc.cd/live.php?ch=38&sid=084bdfccba613632c46b32927c05cad1&exp=1791081046&sig=050b01adef3e3fbd25fca5692885b421e84e05073da6e1522463e5f23bc560e1
Home & Shopping,http://tv123.cc.cd/live.php?ch=39&sid=084bdfccba613632c46b32927c05cad1&exp=1791081046&sig=45dbbdd539c07fc482efd2a8e5de53cdb97984874bbcf548f88ea4f4da52fb9e
Shinsegae Shopping TV,http://tv123.cc.cd/live.php?ch=40&sid=084bdfccba613632c46b32927c05cad1&exp=1791081046&sig=a9b2b19ea7837a748ad8ab85e2a6dd1b2315be690cc235d962004514396a5391
Shopping NT,http://tv123.cc.cd/live.php?ch=41&sid=084bdfccba613632c46b32927c05cad1&exp=1791081046&sig=ef8fb8540befce2b50089d1a100ccd843fbdd3e5fe05f7ddc41a1dda26ffac38
Hyundai Home Shopping,http://tv123.cc.cd/live.php?ch=42&sid=084bdfccba613632c46b32927c05cad1&exp=1791081046&sig=a1a3c2982ca1e72b2b18394c4819c0fbc87c57594a6f6466df5ba1f1679bb89c
Hyundai Home Shopping Plus,http://tv123.cc.cd/live.php?ch=43&sid=084bdfccba613632c46b32927c05cad1&exp=1791081046&sig=37ce03e9e7239d776aa192a09b38e6f82c8a7ac7289a9e95fa6e3e38952a4721
Lotte Home Shopping,http://tv123.cc.cd/live.php?ch=44&sid=084bdfccba613632c46b32927c05cad1&exp=1791081046&sig=d11fa1fc4935f1d91c6df2012760838ff02597ea3b5e376c5214da35348ff6d1
Lotte OneTV,http://tv123.cc.cd/live.php?ch=45&sid=084bdfccba613632c46b32927c05cad1&exp=1791081046&sig=4c67cfc766fbd79f5a8bab7fa77fd9ac6efa9739438c1a1ef14106b391db949e
ESPN2,http://tv123.cc.cd/live.php?ch=46&sid=084bdfccba613632c46b32927c05cad1&exp=1791081046&sig=4f59a09d11a97dc745bb2be4b1fc1f8f90066176052bb422003b9eba9e1773a5
ESPN4,http://tv123.cc.cd/live.php?ch=47&sid=084bdfccba613632c46b32927c05cad1&exp=1791081046&sig=61ccaf29e8472426e389ee9c7030e9425bcea2d282ff7b17514d78adc9d747c0
RMTV,http://tv123.cc.cd/live.php?ch=48&sid=084bdfccba613632c46b32927c05cad1&exp=1791081046&sig=66f8cd24069eb3a7d3a8eab4ce17f3a4eef4f14e1659279b4f2dbca240dd5200
ESPN 2 🇨🇴,http://tv123.cc.cd/live.php?ch=49&sid=084bdfccba613632c46b32927c05cad1&exp=1791081046&sig=2326df4223b9a3a2576b13a56e44284a45d0d1b5a63ce3e000341f6b557d41cc
Africa 24 Sport 🇳🇬,http://tv123.cc.cd/live.php?ch=50&sid=084bdfccba613632c46b32927c05cad1&exp=1791081046&sig=bbad7ac463edadcdc9fe8c0f7ca8e4993ce389b1083b75267af81b0009a09022
TELETRAK 🇨🇱,http://tv123.cc.cd/live.php?ch=51&sid=084bdfccba613632c46b32927c05cad1&exp=1791081046&sig=10825580decc83d4b6b90aa9c5bcddf05d6df7e96bccc4b7508b8d4c892d7bec
INFOSPORT 🇫🇷,http://tv123.cc.cd/live.php?ch=52&sid=084bdfccba613632c46b32927c05cad1&exp=1791081046&sig=469ac856f0d77cc4c8d60373d636f7d5fe903ba9a153175dc28b29e041d532f8
HT SPOR 🇹🇷,http://tv123.cc.cd/live.php?ch=53&sid=084bdfccba613632c46b32927c05cad1&exp=1791081046&sig=04975d91095c0d0509e99d0a1a16910bf89be4122bba7e953f7752974f605b35
KCMN-LD6 🇻🇳,http://tv123.cc.cd/live.php?ch=54&sid=084bdfccba613632c46b32927c05cad1&exp=1791081046&sig=8c38693bb1dc2b1040d029286b41a4dfd7304df2a155fa5fafa7d2c36c5e0a35
Qazaqstan Sport SD 🇰🇿,http://tv123.cc.cd/live.php?ch=55&sid=084bdfccba613632c46b32927c05cad1&exp=1791081046&sig=d7befbe30921ce5bfea027853bc94cd98327c9804c194da58730bf63fed07b7a
Turkmenistan Sport 🇹🇲,http://tv123.cc.cd/live.php?ch=56&sid=084bdfccba613632c46b32927c05cad1&exp=1791081046&sig=d26be315a635fedc054cac53adcd98379190048fe4739ad1ee81b7e6b5755168
X SPORT 🇷🇺,http://tv123.cc.cd/live.php?ch=57&sid=084bdfccba613632c46b32927c05cad1&exp=1791081046&sig=7112ec19974b1cddaec3f06a56b1f63fe5d6feed5d2abc1ef08b43791ec8d8cb
PAC-12 Network,http://tv123.cc.cd/live.php?ch=58&sid=084bdfccba613632c46b32927c05cad1&exp=1791081046&sig=52f989190546d7d77b4d122a795564dc1556bbe84e3a2a0194f91d4c0e8ffb06
Red Bull TV,http://tv123.cc.cd/live.php?ch=59&sid=084bdfccba613632c46b32927c05cad1&exp=1791081046&sig=e7c675b7df068fc73928309be86b9ee7de45063d74391e898f83d8bab5b19395
Automotion,http://tv123.cc.cd/live.php?ch=60&sid=084bdfccba613632c46b32927c05cad1&exp=1791081046&sig=c88c29a129480bf2e6ddfde9d0c6712d99a4047071a44e6fcaf8dd020a6a77c2
Team USA TV,http://tv123.cc.cd/live.php?ch=61&sid=084bdfccba613632c46b32927c05cad1&exp=1791081046&sig=f5e600c14255efb007212d33c4d8598afd14485705329112b99bac70fd7e1b56
Fox Sports,http://tv123.cc.cd/live.php?ch=62&sid=084bdfccba613632c46b32927c05cad1&exp=1791081046&sig=a8219331219f3502597efd0cef04419afb48d6b84014eb2f5ed451d0dfadea01
STADIUM,http://tv123.cc.cd/live.php?ch=63&sid=084bdfccba613632c46b32927c05cad1&exp=1791081046&sig=3c9e72809be49654aff6bb00637cb2739551f875ecbaac98cf2b6f5eea9ad4a6
Trace Sports,http://tv123.cc.cd/live.php?ch=64&sid=084bdfccba613632c46b32927c05cad1&exp=1791081046&sig=21be6fe2db8fc4174240000f5a2071e3710736e7c4c10534640c84030932b0e2
Red Bull TV,http://tv123.cc.cd/live.php?ch=65&sid=084bdfccba613632c46b32927c05cad1&exp=1791081046&sig=33d2a6b64b90c5363b62979c11726f46ca34139e25ca28e400469c2b49191644
FIFA+,http://tv123.cc.cd/live.php?ch=66&sid=084bdfccba613632c46b32927c05cad1&exp=1791081046&sig=2f8051e9d6e4b0cd7103a4437172e6e7f09293a401c5a3ceb263a7a383c7028f
APETITO,http://tv123.cc.cd/live.php?ch=67&sid=084bdfccba613632c46b32927c05cad1&exp=1791081046&sig=059d4c24020d13175e251821dd824703536c2bd20beb36a96bcf0b5ee48c4015
AURA,http://tv123.cc.cd/live.php?ch=68&sid=084bdfccba613632c46b32927c05cad1&exp=1791081046&sig=98d323efe1e8a6082aae353b3915cdbde0429f388fd4be9226246515e9534d01
FITRAH,http://tv123.cc.cd/live.php?ch=69&sid=084bdfccba613632c46b32927c05cad1&exp=1791081046&sig=c8d580d6a0b2e1e73f39dd94999ec136f37de295495996d094fddd7055414dbc
JR.,http://tv123.cc.cd/live.php?ch=70&sid=084bdfccba613632c46b32927c05cad1&exp=1791081046&sig=9e6e5ef5108ca7ce43aa02fb4ca7a43dd9e078c7c91484d7a01ea6bd9bf1502f
LEAD,http://tv123.cc.cd/live.php?ch=71&sid=084bdfccba613632c46b32927c05cad1&exp=1791081046&sig=037fc4f80c96c5035ff042c7aebfa417011fdc09b56439e769586c462be052fd
ROLL,http://tv123.cc.cd/live.php?ch=72&sid=084bdfccba613632c46b32927c05cad1&exp=1791081046&sig=a1f2e70d8cfeed4ff10df8062660acb234eea7dcccd834279e7dd765e39ecd59
SNAP,http://tv123.cc.cd/live.php?ch=73&sid=084bdfccba613632c46b32927c05cad1&exp=1791081046&sig=f59a5457a8243543145e4226453c91dcb1a58d3f12359a162a86c57a243e7ce4
日テレNEWS,http://tv123.cc.cd/live.php?ch=74&sid=084bdfccba613632c46b32927c05cad1&exp=1791081046&sig=f29fdf977c96c2470f37b8c2c8413f76650f88426a5651ae424777b8bfd6fe2c
FNNプライムオンライン,http://tv123.cc.cd/live.php?ch=75&sid=084bdfccba613632c46b32927c05cad1&exp=1791081046&sig=6a2fa072413cfca604bb943622ea92dae736902214c84ed4660ac156fe06866c
MBSニュース,http://tv123.cc.cd/live.php?ch=76&sid=084bdfccba613632c46b32927c05cad1&exp=1791081046&sig=673574d1a3353a320d99baed792574f25958fc5f546f83f0cb8f2c4829b9f66f
日テレNEWSセレクト,http://tv123.cc.cd/live.php?ch=77&sid=084bdfccba613632c46b32927c05cad1&exp=1791081046&sig=3a83467dbec9dafe594db5a912f69c27d49cc0bd9bddca4ea042a1d0c53877df
共同通信News,http://tv123.cc.cd/live.php?ch=78&sid=084bdfccba613632c46b32927c05cad1&exp=1791081046&sig=c7b652ed72a99a401c5b624f1834182e475ca57cd3e252757a7dd3dfdbee5419
オリコンニュース,http://tv123.cc.cd/live.php?ch=80&sid=084bdfccba613632c46b32927c05cad1&exp=1791081046&sig=b1744f4a36afba7f86f51449cf2c0d122664341d652cfa3db4f74ecc15c4a72d
STOCK VOICE,http://tv123.cc.cd/live.php?ch=81&sid=084bdfccba613632c46b32927c05cad1&exp=1791081046&sig=0036f83db2d2ef4545c1a36b0da6eca9ca8967aca25aff408b8e799867a08bbf
Bloomberg TV+,http://tv123.cc.cd/live.php?ch=82&sid=084bdfccba613632c46b32927c05cad1&exp=1791081046&sig=d195c7080bb8d99490469e459abe6522b5bc83f5ed662abcaea28638b403a715
Euronews,http://tv123.cc.cd/live.php?ch=83&sid=084bdfccba613632c46b32927c05cad1&exp=1791081046&sig=79baa3aa17e6f6aa5b45c35cbb95ddc1e205bae5553c05d03e3b59dda1e02972
Reuters 60,http://tv123.cc.cd/live.php?ch=84&sid=084bdfccba613632c46b32927c05cad1&exp=1791081046&sig=e7ea002cb3514af4301609869b7ae4b3073fc5b1ba98db701fe24df3071515a5
TOP BARÇA,http://tv123.cc.cd/live.php?ch=85&sid=084bdfccba613632c46b32927c05cad1&exp=1791081046&sig=d6a0b9e71c769215a2aa58cd51276dfa59b55349efec3102361cec9516934f7a
NTV Pro Wrestling,http://tv123.cc.cd/live.php?ch=86&sid=084bdfccba613632c46b32927c05cad1&exp=1791081046&sig=6ba15f9226451fafa7c29335f7ec049d7d30187e6b72054e2181623cd4092dc9
刺激ストロングSPORTS,http://tv123.cc.cd/live.php?ch=87&sid=084bdfccba613632c46b32927c05cad1&exp=1791081046&sig=55533d8da69069b88da01854357d151a5d6e69c294ea19c17bf043e0d06e8858
FUEL TV,http://tv123.cc.cd/live.php?ch=88&sid=084bdfccba613632c46b32927c05cad1&exp=1791081046&sig=871665b83b2f56784c787537a547c8cb6146a1e09be2d81961d0ac5a180c7211
ムビドラTV,http://tv123.cc.cd/live.php?ch=89&sid=084bdfccba613632c46b32927c05cad1&exp=1791081046&sig=1dee19249be4b16268fa2d34954395d4ba24103dbe8693bf7769681761f1ad21
手塚プロダクションTV,http://tv123.cc.cd/live.php?ch=90&sid=084bdfccba613632c46b32927c05cad1&exp=1791081046&sig=809b4b5ff86e1d6626fe10b79c21f34ade2c616dda8abde8bc7da9272e184b9a
キッズ,http://tv123.cc.cd/live.php?ch=91&sid=084bdfccba613632c46b32927c05cad1&exp=1791081046&sig=52168f956144b20caaabe4ce19afaf011e151ceb7ef95d274489304795fdac71
that’s 70s,http://tv123.cc.cd/live.php?ch=92&sid=084bdfccba613632c46b32927c05cad1&exp=1791081046&sig=ec6cb39b6a2acdfcf11feb035fd5c38545b5f7d152fd06159036ea2b8b9f1ab3
that’s 80s,http://tv123.cc.cd/live.php?ch=93&sid=084bdfccba613632c46b32927c05cad1&exp=1791081046&sig=da93d325ac9cc8981527ed2ad0705d1d57de719f870d1fc2f797ae215902aabe
that’s 90s00s,http://tv123.cc.cd/live.php?ch=94&sid=084bdfccba613632c46b32927c05cad1&exp=1791081046&sig=1fe45f0a9d283fca7db72f35bae1d200f07baa4b610353a29ec882c8fe4f273c
that’s Rock,http://tv123.cc.cd/live.php?ch=95&sid=084bdfccba613632c46b32927c05cad1&exp=1791081046&sig=2fa763c2721b9fce8deb1f06f8098f86a57bd47c4d3210ff6cfa830e717bce2b
麻雀,http://tv123.cc.cd/live.php?ch=96&sid=084bdfccba613632c46b32927c05cad1&exp=1791081046&sig=b0a5f92e270d6cc54b440fe97dc337a1417b5a50d82fb6577f154eb7e65633b1
パチンコ・パチスロ,http://tv123.cc.cd/live.php?ch=97&sid=084bdfccba613632c46b32927c05cad1&exp=1791081046&sig=bda122251b73a9f02d9307554ae9f46f0ca57e80813be178cbaff10cb96523a9
ぷれいば！,http://tv123.cc.cd/live.php?ch=98&sid=084bdfccba613632c46b32927c05cad1&exp=1791081046&sig=4ee5a9b2e2072d8fd346e45832742e35b073340b6db6ef6d1efa0d9b4db11c4f
ワンニャンチャンネル,http://tv123.cc.cd/live.php?ch=99&sid=084bdfccba613632c46b32927c05cad1&exp=1791081046&sig=53e6026c3b1853860793ec47540872b5432f0c62add3644abdb42be23df4f926
九州・沖縄　街ネタ,http://tv123.cc.cd/live.php?ch=100&sid=084bdfccba613632c46b32927c05cad1&exp=1791081046&sig=9806746e0cc139f3ed2168b5a8f451cee5e2f0150125444f39ae61c97cdc5b9a
エンタメ～テレDEEP,http://tv123.cc.cd/live.php?ch=101&sid=084bdfccba613632c46b32927c05cad1&exp=1791081046&sig=ac99918484e4d2e0d0277ddb36d63143e47660d9be6390d219530f811255ff78
QVC,http://tv123.cc.cd/live.php?ch=102&sid=084bdfccba613632c46b32927c05cad1&exp=1791081046&sig=678de393c634a4caedb4fb8cc2dab3b63761bc0b32d17f09590ae5df5953b17a
QVC (CS),http://tv123.cc.cd/live.php?ch=103&sid=084bdfccba613632c46b32927c05cad1&exp=1791081046&sig=dca20434fcf2e862fce100c825c5b5804bf5e1fa53f2abe7c52ecfcb8bc8f80e
GSTV,http://tv123.cc.cd/live.php?ch=104&sid=084bdfccba613632c46b32927c05cad1&exp=1791081046&sig=fcada8b69ad6437a6eff36c3d233106bf8bc829b3e73f8d7993b277f04773f80
GSTV (CS),http://tv123.cc.cd/live.php?ch=105&sid=084bdfccba613632c46b32927c05cad1&exp=1791081046&sig=0ddabf77c9f43fcf52b064a73fe7de229832f4aacb03cc6e26c2cac0ddde2ee8
セクシーエンタメチャンネル,http://tv123.cc.cd/live.php?ch=106&sid=084bdfccba613632c46b32927c05cad1&exp=1791081046&sig=d7154cdb0a82e8c0063dcaa9b18c955f84d7b509f7e62ac899c45e7597cec175
刺激ストロング,http://tv123.cc.cd/live.php?ch=107&sid=084bdfccba613632c46b32927c05cad1&exp=1791081046&sig=6e96c4cf348ef09dbd15ab6eaa398b9989d9bdff1f2a2aa8626f0a469d8c89cf
映画（年齢制限あり）,http://tv123.cc.cd/live.php?ch=108&sid=084bdfccba613632c46b32927c05cad1&exp=1791081046&sig=5f0f6884c00c149e9486785e903a26d5a8d909d23546f8ba8bece58c83a4de0e
ビジネス・プレミアム (FAST),http://tv123.cc.cd/live.php?ch=109&sid=084bdfccba613632c46b32927c05cad1&exp=1791081046&sig=66221b23621ec09cdc3d18453761f1d47eca370580d53d600c0c581720149839
エンタメニュース (FAST),http://tv123.cc.cd/live.php?ch=110&sid=084bdfccba613632c46b32927c05cad1&exp=1791081046&sig=70c3953decab06e6df4d31292f387d9c0222febbc3884393130276fa81d7543d
GOLF LIFE (FAST),http://tv123.cc.cd/live.php?ch=111&sid=084bdfccba613632c46b32927c05cad1&exp=1791081046&sig=93260a9012c6885ba4456a5f9c9218329a8775ca04ce32c078711b913e5c40e9
時代劇TV (FAST),http://tv123.cc.cd/live.php?ch=112&sid=084bdfccba613632c46b32927c05cad1&exp=1791081046&sig=20cf2140b7c14664493d492b80197c207a1e715285f1919bc24d621c81df3845
LeminoTV (FAST),http://tv123.cc.cd/live.php?ch=113&sid=084bdfccba613632c46b32927c05cad1&exp=1791081046&sig=5a5745d034d892d4540b224f97e18e94331e0a0f52809b707a3afaa55a7d75f2
エンタメ・アジア (FAST),http://tv123.cc.cd/live.php?ch=114&sid=084bdfccba613632c46b32927c05cad1&exp=1791081046&sig=76bec3dae73b1e9eaba3f557b6461b318cf4eab9ebe3a41e78ce6df79c0f8b3f
アニマックス FREE (FAST),http://tv123.cc.cd/live.php?ch=115&sid=084bdfccba613632c46b32927c05cad1&exp=1791081046&sig=c86aac8345b8d0670e9b3cc1bab4663585aa761cd481c00e4912285b8dd220f8
ペットTV (FAST),http://tv123.cc.cd/live.php?ch=116&sid=084bdfccba613632c46b32927c05cad1&exp=1791081046&sig=628d8ced61a767113038280f23012df282454ae205ed5c96acb2164f9d37f7e7
キャンプ・アウトドア (FAST),http://tv123.cc.cd/live.php?ch=117&sid=084bdfccba613632c46b32927c05cad1&exp=1791081046&sig=5e45e037e11742521788284b07fa4812ac7d490a74d7cff50c6b9417131507ea
今日のごはんなに? (FAST),http://tv123.cc.cd/live.php?ch=118&sid=084bdfccba613632c46b32927c05cad1&exp=1791081046&sig=46c76381a106dfc2361b973526f044a1a7d62a112fe58ab27c872c2dc31998aa
観るたび (FAST),http://tv123.cc.cd/live.php?ch=119&sid=084bdfccba613632c46b32927c05cad1&exp=1791081046&sig=ea6af18187952014cbbd3058379e0f78680d2ba4f1dc583876ad07d4ae67f747
丸ごと九州 (FAST),http://tv123.cc.cd/live.php?ch=120&sid=084bdfccba613632c46b32927c05cad1&exp=1791081046&sig=10023f24fdbd45f9ec6ea5303743e1bb660c062afd44915fab3a0b9885f66f98
ぴあ落語ざんまい (FAST),http://tv123.cc.cd/live.php?ch=121&sid=084bdfccba613632c46b32927c05cad1&exp=1791081046&sig=a415a1efc8f42a26d2bf216e3291e34698315686a3806d076f5dc508eb078a07
FASHIONPLUS (FAST),http://tv123.cc.cd/live.php?ch=122&sid=084bdfccba613632c46b32927c05cad1&exp=1791081046&sig=f092dbbfbf5957093ccdba22271a8fd5a171487da54ec710b90b4b65f88c330f
囲碁・将棋ライト (FAST),http://tv123.cc.cd/live.php?ch=123&sid=084bdfccba613632c46b32927c05cad1&exp=1791081046&sig=2c143dbc1182be63aac69692d67533409df1cf1b11933d76cf54581a707c5e7d
丸ごと北海道 (FAST),http://tv123.cc.cd/live.php?ch=124&sid=084bdfccba613632c46b32927c05cad1&exp=1791081046&sig=9e926081273d128c19accecab2d7a3d7e480d109d90ab5b8063889ea9f6c18f7
東海ロキポ (FAST),http://tv123.cc.cd/live.php?ch=125&sid=084bdfccba613632c46b32927c05cad1&exp=1791081046&sig=f8094db08a8dac1e67f923eabdc637e205ac9da42a0c82f390e672960b8a937d
韓流チャンネル (FAST),http://tv123.cc.cd/live.php?ch=126&sid=084bdfccba613632c46b32927c05cad1&exp=1791081046&sig=7c6c032b49e1e84a8b1928ee4544f7d0684d1a5ef222611d652ac48f6dab68b2
NHK G,http://tv123.cc.cd/live.php?ch=127&sid=084bdfccba613632c46b32927c05cad1&exp=1791081046&sig=30ae335ee7bbd24ce1eb198bfefd7463d876f0b20f6fd27fe1e2b347b75b3636
JCOM BS,http://tv123.cc.cd/live.php?ch=128&sid=084bdfccba613632c46b32927c05cad1&exp=1791081046&sig=2eb0d5d8cbfb8fbef93e926a0007a6d439da907884bd1bc1e004072a55b2c9f6
Fishing Vision,http://tv123.cc.cd/live.php?ch=129&sid=084bdfccba613632c46b32927c05cad1&exp=1791081046&sig=a2150b34521a9fb7db003afd15e0a512cce65b8f58d63159527dfd673c2775f2
Weather News,http://tv123.cc.cd/live.php?ch=130&sid=084bdfccba613632c46b32927c05cad1&exp=1791081046&sig=2348bbb1e68a7aff546c53bf7969ef17504134f6e677184b401f8ce9fa3fd56d
NHK World-Japan,http://tv123.cc.cd/live.php?ch=131&sid=084bdfccba613632c46b32927c05cad1&exp=1791081046&sig=f2ecd4aaced9c709ffe2817f274b838cf4e5126b51b9d21cade5c7bc3fd29718
Toei Channel,http://tv123.cc.cd/live.php?ch=132&sid=084bdfccba613632c46b32927c05cad1&exp=1791081046&sig=5d307afed90f71eaa16672f263e050d304b3de330adedefe945bb10788d21e54
Channel Ginga,http://tv123.cc.cd/live.php?ch=133&sid=084bdfccba613632c46b32927c05cad1&exp=1791081046&sig=dee7d12535b8c55d6e82c80abf611f7a3313263a33f717415e211588f37f97ca
Takarazuka Sky Stage,http://tv123.cc.cd/live.php?ch=134&sid=084bdfccba613632c46b32927c05cad1&exp=1791081046&sig=e7d600d3ff6b5b0a7cfb8f96ad9d155380f2cbd136b736a43b822399d5c430ed
囲碁・将棋ライト (R),http://tv123.cc.cd/live.php?ch=135&sid=084bdfccba613632c46b32927c05cad1&exp=1791081046&sig=d5ebf7ce6c4c835ce0a4464499a8a02627c4158e02e9ebf25a61bc3a6fcbe7a4
ショップチャンネル,http://tv123.cc.cd/live.php?ch=136&sid=084bdfccba613632c46b32927c05cad1&exp=1791081046&sig=fe1018a22a875c8481dfb87b8d3e0680c912d2a833117fb40837c9853b1243e8
@iptv888_bot,http://tv123.cc.cd/live.php?ch=137&sid=084bdfccba613632c46b32927c05cad1&exp=1791081046&sig=e605ad77ffef34dc9de8b5c2cd4cf622bb2d767752db070ea010c83a82454dde
HOY TV,http://tv123.cc.cd/live.php?ch=139&sid=084bdfccba613632c46b32927c05cad1&exp=1791081046&sig=f55e326f206ac33ffef9da3558ae55172bbd230d596e642d7211ddac33fa6740
HOY TV,http://tv123.cc.cd/live.php?ch=140&sid=084bdfccba613632c46b32927c05cad1&exp=1791081046&sig=af245ebe7001927707edd207db319043400c635da0728225694bc345cf85331f
东森美洲 HD,http://tv123.cc.cd/live.php?ch=187&sid=084bdfccba613632c46b32927c05cad1&exp=1791081046&sig=5058c3aee30660077bd55eda3c392e41021bc36afbbb39dc7c41ee62f06f3eff
东森美洲 HD,http://tv123.cc.cd/live.php?ch=188&sid=084bdfccba613632c46b32927c05cad1&exp=1791081046&sig=9f73ecea9721c0c2403cf1473e54a7486c9009225070dc2e5808e62b1f653b4b
东森美洲 HD,http://tv123.cc.cd/live.php?ch=189&sid=084bdfccba613632c46b32927c05cad1&exp=1791081046&sig=590885a88c10ffb218a97403b9300022b68d2558bd4c48e470ade420e855ca2b
东森 AMERICA,http://tv123.cc.cd/live.php?ch=190&sid=084bdfccba613632c46b32927c05cad1&exp=1791081046&sig=ea0f811cce5e0d51896762e8662eef0e95179f97d204180191135dd164337e8f
东森 AMERICA,http://tv123.cc.cd/live.php?ch=191&sid=084bdfccba613632c46b32927c05cad1&exp=1791081046&sig=d563cc4b2bfd81b59b38b53995c66abe5f1ecd3322cd17dd80648be60f34eac7
东森 AMERICA,http://tv123.cc.cd/live.php?ch=192&sid=084bdfccba613632c46b32927c05cad1&exp=1791081046&sig=33df0b3e7f2b620ef4e923215d8524128b02ca9a2e91eb99e2937cd788be21b9
东森超视 34.5,http://tv123.cc.cd/live.php?ch=193&sid=084bdfccba613632c46b32927c05cad1&exp=1791081046&sig=52f7c8ba73dee88b8acf1c6c398f7701759dead03eeb1b4554d469002cf6e036
东森超视 34.5,http://tv123.cc.cd/live.php?ch=194&sid=084bdfccba613632c46b32927c05cad1&exp=1791081046&sig=f568f8e306afa57ff311a2bf57b35c99265a9732874db57ea60bcc16d41135e1
东森超视 34.5,http://tv123.cc.cd/live.php?ch=195&sid=084bdfccba613632c46b32927c05cad1&exp=1791081046&sig=22f186e585dd73b6d9e82bc768c2c1a10a7d50aaf893d3db05f3df72b49e5df3
黃金華劇台「WebVTT字幕」,http://tv123.cc.cd/live.php?ch=207&sid=084bdfccba613632c46b32927c05cad1&exp=1791081046&sig=7bc158c33a21d1429e4fa82ad82d55ad8f48514c87d290a36bbcf4527901ba40
HOY TV,http://tv123.cc.cd/live.php?ch=212&sid=084bdfccba613632c46b32927c05cad1&exp=1791081046&sig=9cd00c62cc273fd8970394366ed882b0f3f2a6028dd4a8098337680835d0c5cf
HOY TV,http://tv123.cc.cd/live.php?ch=213&sid=084bdfccba613632c46b32927c05cad1&exp=1791081046&sig=e5dd6981517815c59bc5a94a408741628c7a2d0ce8e0339a5364e45ec4c7ae75
TVB Drama,http://tv123.cc.cd/live.php?ch=229&sid=084bdfccba613632c46b32927c05cad1&exp=1791081046&sig=1e85b4dd421818ae9eab34beae3cd0378d272607d01b902fb38621af010eb585
Channel 5,http://tv123.cc.cd/live.php?ch=247&sid=084bdfccba613632c46b32927c05cad1&exp=1791081046&sig=2761f991c11459ace6f1c81923b63f7b6b4584a93baf89dc1cec086faab34911
Channel 8,http://tv123.cc.cd/live.php?ch=248&sid=084bdfccba613632c46b32927c05cad1&exp=1791081046&sig=7fe203793a2736decfe79c848cf7f3b42a33e791f96fb4f663808c036f4c2319
Channel U,http://tv123.cc.cd/live.php?ch=249&sid=084bdfccba613632c46b32927c05cad1&exp=1791081046&sig=ac3ef8556fdc42f15ab424bdfe188a4e0b3a29dcb5b03b2e088d6bb37e883931
广州南国都市,http://tv123.cc.cd/live.php?ch=279&sid=084bdfccba613632c46b32927c05cad1&exp=1791081046&sig=fdd26d62c6c38237f6ab526ee8f70a25a138e5ee32a86f8ec690c8928f119f8c
采昌影劇台,http://tv123.cc.cd/live.php?ch=293&sid=084bdfccba613632c46b32927c05cad1&exp=1791081046&sig=482cbaa44c29285b4cec9ab2b19f1498a024856c13756375ad255f5bf0220b97
MCE 我的歐洲電影,http://tv123.cc.cd/live.php?ch=301&sid=084bdfccba613632c46b32927c05cad1&exp=1791081046&sig=5e3a4118e401f556fa8bedce0b92ab36c8a1352b0a5ea5789b8b8a82eef3dc4c
DreamWorks 夢工廠動畫,http://tv123.cc.cd/live.php?ch=304&sid=084bdfccba613632c46b32927c05cad1&exp=1791081046&sig=07233df2b8e7747a633bb5bb0f38e22b71df03925bb2476ed5504fabb46aa227
SUPER FREE,#KODIPROP:inputstream.adaptive.manifest_type=mpd
華語劇台,#KODIPROP:inputstream.adaptive.manifest_type=mpd
粵語片台,#KODIPROP:inputstream.adaptive.manifest_type=mpd
亞洲劇台,#KODIPROP:inputstream.adaptive.manifest_type=mpd
Thrill,#KODIPROP:inputstream.adaptive.manifest_type=mpd
ROCK Extreme,#KODIPROP:inputstream.adaptive.manifest_type=mpd
ROCK 綜藝娛樂,#KODIPROP:inputstream.adaptive.manifest_type=mpd
KIX,#KODIPROP:inputstream.adaptive.manifest_type=mpd
Global Trekker,#KODIPROP:inputstream.adaptive.manifest_type=mpd
tvN,#KODIPROP:inputstream.adaptive.manifest_type=mpd
無線衛星亞洲台,#KODIPROP:inputstream.adaptive.manifest_type=mpd
創世電視,#KODIPROP:inputstream.adaptive.manifest_type=mpd
FashionBox,#KODIPROP:inputstream.adaptive.manifest_type=mpd
Mezzo Live HD,#KODIPROP:inputstream.adaptive.manifest_type=mpd
PopC,#KODIPROP:inputstream.adaptive.manifest_type=mpd
無線衛星新聞台,#KODIPROP:inputstream.adaptive.manifest_type=mpd
亞洲新聞台,#KODIPROP:inputstream.adaptive.manifest_type=mpd
半島電視台英語頻道,#KODIPROP:inputstream.adaptive.manifest_type=mpd
France 24,#KODIPROP:inputstream.adaptive.manifest_type=mpd
DW,#KODIPROP:inputstream.adaptive.manifest_type=mpd
NHK World-Japan,#KODIPROP:inputstream.adaptive.manifest_type=mpd
Arirang TV,#KODIPROP:inputstream.adaptive.manifest_type=mpd
SUPER Sports,#KODIPROP:inputstream.adaptive.manifest_type=mpd
myTV SUPER 18台,#KODIPROP:inputstream.adaptive.manifest_type=mpd
myTV SUPER 直播足球2台,#KODIPROP:inputstream.adaptive.manifest_type=mpd
myTV SUPER 直播足球3台,#KODIPROP:inputstream.adaptive.manifest_type=mpd
myTV SUPER直播足球4台,#KODIPROP:inputstream.adaptive.manifest_type=mpd
myTV SUPER 直播足球5台,#KODIPROP:inputstream.adaptive.manifest_type=mpd
myTV SUPER 直播足球6台,#KODIPROP:inputstream.adaptive.manifest_type=mpd
myTV SUPER 直播足球7台,#KODIPROP:inputstream.adaptive.manifest_type=mpd
互動窗 1,#KODIPROP:inputstream.adaptive.manifest_type=mpd
互動窗 2,#KODIPROP:inputstream.adaptive.manifest_type=mpd
SUPER Kids Channel,#KODIPROP:inputstream.adaptive.manifest_type=mpd
ZooMoo,#KODIPROP:inputstream.adaptive.manifest_type=mpd
Nickelodeon,#KODIPROP:inputstream.adaptive.manifest_type=mpd
Nick Jr.,#KODIPROP:inputstream.adaptive.manifest_type=mpd
SUPER 獎門人,#KODIPROP:inputstream.adaptive.manifest_type=mpd
SUPER EYT,#KODIPROP:inputstream.adaptive.manifest_type=mpd
SUPER 識食,#KODIPROP:inputstream.adaptive.manifest_type=mpd
SUPER 識嘆,#KODIPROP:inputstream.adaptive.manifest_type=mpd
SUPER Music,#KODIPROP:inputstream.adaptive.manifest_type=mpd
SUPER 金曲,#KODIPROP:inputstream.adaptive.manifest_type=mpd
SUPER 煲劇,#KODIPROP:inputstream.adaptive.manifest_type=mpd
SUPER 單元劇,#KODIPROP:inputstream.adaptive.manifest_type=mpd
真情SUPER煲,#KODIPROP:inputstream.adaptive.manifest_type=mpd
中央電視台 綜合頻道,#KODIPROP:inputstream.adaptive.manifest_type=mpd
中央電視台 中文國際頻道,#KODIPROP:inputstream.adaptive.manifest_type=mpd
中央電視台 娛樂頻道,#KODIPROP:inputstream.adaptive.manifest_type=mpd
CGTN 記錄頻道,#KODIPROP:inputstream.adaptive.manifest_type=mpd
雲南瀾湄國際衛視,#KODIPROP:inputstream.adaptive.manifest_type=mpd
東方衛視國際頻道,#KODIPROP:inputstream.adaptive.manifest_type=mpd
安徽廣播電視台國際頻道,#KODIPROP:inputstream.adaptive.manifest_type=mpd
福建海峽衛視國際頻道,#KODIPROP:inputstream.adaptive.manifest_type=mpd
廣東廣播電視台大灣區衛視頻道,#KODIPROP:inputstream.adaptive.manifest_type=mpd
深圳衛視國際頻道,#KODIPROP:inputstream.adaptive.manifest_type=mpd
Action Hollywood Movies,http://tv123.cc.cd/live.php?ch=391&sid=084bdfccba613632c46b32927c05cad1&exp=1791081046&sig=0fd87b8f4d49609f4cccec4ffd37a150e648120027e2af815cf769129f8a4007
Rialto Classic Movies (RCM),http://tv123.cc.cd/live.php?ch=392&sid=084bdfccba613632c46b32927c05cad1&exp=1791081046&sig=b100a84015108fb57ac2c3de2a39afe8eba1849465bc2460ee167ad2e7ad66ae
TRACE Sport Stars,http://tv123.cc.cd/live.php?ch=394&sid=084bdfccba613632c46b32927c05cad1&exp=1791081046&sig=0a8a0f9e5f79805c5312f7cc65dd45f5641982a41b4d2dd12eb5f1b18594c1cf
TRACE Urban,http://tv123.cc.cd/live.php?ch=395&sid=084bdfccba613632c46b32927c05cad1&exp=1791081046&sig=e3394d4b1170d5f01fdcbd8f41af5506f474a216bec78678513750575b4b5460
Pet Club TV,http://tv123.cc.cd/live.php?ch=396&sid=084bdfccba613632c46b32927c05cad1&exp=1791081046&sig=0a86dba4651df266df45d62f9f4f64356f8dacacc429c4ddbd52f3263a6f5fd4
Globetrotter,http://tv123.cc.cd/live.php?ch=397&sid=084bdfccba613632c46b32927c05cad1&exp=1791081046&sig=86f9749d17c97a680b14db465d975efa8471ca3e2467c93abd6bae6789f14828
Docsville,http://tv123.cc.cd/live.php?ch=398&sid=084bdfccba613632c46b32927c05cad1&exp=1791081046&sig=bea44b048ccd972cf540daccb9c426b08bfad3a207d016ceb61b047aa8a4d755
Pulse Documentaries,http://tv123.cc.cd/live.php?ch=399&sid=084bdfccba613632c46b32927c05cad1&exp=1791081046&sig=aa821e27dc26072a409d755fae4a549eccaee7c9b4a25995a83d37ac68f04d6a
NOW 90s00s,http://tv123.cc.cd/live.php?ch=402&sid=084bdfccba613632c46b32927c05cad1&exp=1791081046&sig=50975c66aa8cf7afdd9757f4f817bde091470cc40b2c19d74cd5092e62120f71
NOW ROCK,http://tv123.cc.cd/live.php?ch=403&sid=084bdfccba613632c46b32927c05cad1&exp=1791081046&sig=abb3ccc4a57af41f4972d2a7e52c50912b2cfe5ef784b039245ea2210a95ff57
Concerto,http://tv123.cc.cd/live.php?ch=404&sid=084bdfccba613632c46b32927c05cad1&exp=1791081046&sig=85de8ca7c0a4a6ee5be7d662108c72038b877f7840d1511a7acfecda6b3ac6d1
FOX Sports 3,http://tv123.cc.cd/live.php?ch=405&sid=084bdfccba613632c46b32927c05cad1&exp=1791081046&sig=8b607cb240858165cc7d2847330d16205d4edd349d37d70678f59ed3d6e46ed5
FOX Sports 2,http://tv123.cc.cd/live.php?ch=406&sid=084bdfccba613632c46b32927c05cad1&exp=1791081046&sig=47499de669b2e3342b96b8e60b7611f89eded4ef2ce7ee7e986d7217e3cc721a
FOX Sports,http://tv123.cc.cd/live.php?ch=407&sid=084bdfccba613632c46b32927c05cad1&exp=1791081046&sig=d18b79e5f125fd4cc9ec64c6b4c863e115acddf1be87e214ed0db0f5442f4a93
Sportsnet Ontario CA,http://tv123.cc.cd/live.php?ch=408&sid=084bdfccba613632c46b32927c05cad1&exp=1791081046&sig=ce4e27d640852406ebd96ba2a8ecdfdc45a572b5b0b969aada2c99157099fd08
Sportsnet Pacific CA,http://tv123.cc.cd/live.php?ch=409&sid=084bdfccba613632c46b32927c05cad1&exp=1791081046&sig=af90cd31248048fa754149582d1ef584e3e516889785b47ad081aae7e1bb5a13
Sportsnet World CA,http://tv123.cc.cd/live.php?ch=410&sid=084bdfccba613632c46b32927c05cad1&exp=1791081046&sig=0f08c20613288958a74f1970a55e6948b738c4e160b56e28ad5501b962d556a2
Sportsnet 360 CA,http://tv123.cc.cd/live.php?ch=411&sid=084bdfccba613632c46b32927c05cad1&exp=1791081046&sig=c1922f069cafc843efa9d4e231a2b2e1ffe6890ca0a6f05a6e2569ff80523aed
Sportsnet ONE CA,http://tv123.cc.cd/live.php?ch=412&sid=084bdfccba613632c46b32927c05cad1&exp=1791081046&sig=82b70a005bdc398efbb1bd3af4a475d8bd92af66c76e31fc06dfa36abcba8110
Sportsnet West CA,http://tv123.cc.cd/live.php?ch=413&sid=084bdfccba613632c46b32927c05cad1&exp=1791081046&sig=140c4dca62e066d7d56ec41c42c606adfe4c5d89045fb414bc37b4e1daaa4459
Sportsnet East CA,http://tv123.cc.cd/live.php?ch=414&sid=084bdfccba613632c46b32927c05cad1&exp=1791081046&sig=0a314ef4d7c81171c35cd7f536516c372adebab5acdc3663da28c33255e7bc4d
TSN5 CA,http://tv123.cc.cd/live.php?ch=415&sid=084bdfccba613632c46b32927c05cad1&exp=1791081046&sig=a7547ff031da8289b46a56c68b28325b9d2c05d1d861106ffca35235a217b4d1
TSN4 CA,http://tv123.cc.cd/live.php?ch=416&sid=084bdfccba613632c46b32927c05cad1&exp=1791081046&sig=7cded847ceb4273e40b83b988e7dc66dc6571ca3932f391e4207574ee01c2362
TSN3 CA,http://tv123.cc.cd/live.php?ch=417&sid=084bdfccba613632c46b32927c05cad1&exp=1791081046&sig=20e960a6bf4717e188b1611a2effcf2066e556207b91fd7a8537dd751f13f463
TSN2 CA,http://tv123.cc.cd/live.php?ch=418&sid=084bdfccba613632c46b32927c05cad1&exp=1791081046&sig=70903ec4d66c31b3a9f1fde3f9b48897fc24a89b0123426d6d4a221ede5531c5
TSN1 CA,http://tv123.cc.cd/live.php?ch=419&sid=084bdfccba613632c46b32927c05cad1&exp=1791081046&sig=b47332ac2cda2083b1677eeea64df3b6c8e945bb0f1983ba5d17ffeba3aa9206
MSG,http://tv123.cc.cd/live.php?ch=420&sid=084bdfccba613632c46b32927c05cad1&exp=1791081046&sig=68c76fbf484d836ee32da6d5a0a76a88f53b24040885ce0d1347cef27e799aba
Space City Home Network,http://tv123.cc.cd/live.php?ch=421&sid=084bdfccba613632c46b32927c05cad1&exp=1791081046&sig=b3ac3731613fde2203aa3e45b119cda4c92e27d8adca3b74112da00dd2d13956
Tennis Channel,http://tv123.cc.cd/live.php?ch=422&sid=084bdfccba613632c46b32927c05cad1&exp=1791081046&sig=817a080fc6bd1c3ce4fbd353be3c4f5367bf3baacba8170ffc74a5f76c1903d3
Golf Channel,http://tv123.cc.cd/live.php?ch=423&sid=084bdfccba613632c46b32927c05cad1&exp=1791081046&sig=29547f7d7f5328bc59ad41571c207eb2b08d04b8af581b2e55b702986a3eacbe
NHL Network,http://tv123.cc.cd/live.php?ch=424&sid=084bdfccba613632c46b32927c05cad1&exp=1791081046&sig=55a333712299bfe8953b6a741b072088a4987f4c62bf631df718723a9c1c5485
MLB Network,http://tv123.cc.cd/live.php?ch=425&sid=084bdfccba613632c46b32927c05cad1&exp=1791081046&sig=2484828303e57f9f91ff03413039eda4c101c2f844669c1bf281c2bc1276f56f
NFL RedZone,http://tv123.cc.cd/live.php?ch=426&sid=084bdfccba613632c46b32927c05cad1&exp=1791081046&sig=b1db30fd5bc65ec5413d1076e07779361a8583c85475d125380fac0fe038dab1
NFL Network,http://tv123.cc.cd/live.php?ch=427&sid=084bdfccba613632c46b32927c05cad1&exp=1791081046&sig=e0b0507defb3f930b350aec5f0d9fce15cc9fee8e2ca58e59598f6262b91b7e0
Sportsnet Pittsburgh,http://tv123.cc.cd/live.php?ch=428&sid=084bdfccba613632c46b32927c05cad1&exp=1791081046&sig=988690da0c6c6baf550799df4e6d07317417e40119f270ab66dee8062c9e21b2
Sportsnet New York,http://tv123.cc.cd/live.php?ch=429&sid=084bdfccba613632c46b32927c05cad1&exp=1791081046&sig=7bdc42a715273a4b5e95a4cbdb0330bd4076bd897714d1d0d44b2f0fba208081
Altitude Sports,http://tv123.cc.cd/live.php?ch=430&sid=084bdfccba613632c46b32927c05cad1&exp=1791081046&sig=b6234a248d290f94b62345a57e759c37eb5b1df30c08c3ff0910e0e697d2e7ee
YES Network,http://tv123.cc.cd/live.php?ch=431&sid=084bdfccba613632c46b32927c05cad1&exp=1791081046&sig=c8532db8811582bbb6bbd3e92c29b7636ee8330aeed1a848772521c3fa401a19
Big Ten Network,http://tv123.cc.cd/live.php?ch=432&sid=084bdfccba613632c46b32927c05cad1&exp=1791081046&sig=34a63a821b0f966c8a448f7c5a4c483522511926c014f8938b650d25dc149094
Marquee Sports Network,http://tv123.cc.cd/live.php?ch=433&sid=084bdfccba613632c46b32927c05cad1&exp=1791081046&sig=21d91013524c086ca0dc1a2b6eb7bb82ea919d372af9269b27f60d127c0385f0
beIN SPORTS,http://tv123.cc.cd/live.php?ch=434&sid=084bdfccba613632c46b32927c05cad1&exp=1791081046&sig=1626bd505e0457c7b8006525d111719265ee893f6110759eff55c6f52d3dbcb8
NBC Sports Philadelphia,http://tv123.cc.cd/live.php?ch=435&sid=084bdfccba613632c46b32927c05cad1&exp=1791081046&sig=89a99c766379282ad18f3d84ebacf4fc8d41fbb41d94dcf530927eadda078f9e
NBC Sports California,http://tv123.cc.cd/live.php?ch=436&sid=084bdfccba613632c46b32927c05cad1&exp=1791081046&sig=d6d51ab458208594c79c1af680a5964d479572ff4dce1d12b5cb8c059d9457de
NBC Sports Boston,http://tv123.cc.cd/live.php?ch=437&sid=084bdfccba613632c46b32927c05cad1&exp=1791081046&sig=ffe1c19427f46053e59be6367ca15ef48725f2ac2bdfa44895476f54399eb9f6
NBC Sports Bay Area,http://tv123.cc.cd/live.php?ch=438&sid=084bdfccba613632c46b32927c05cad1&exp=1791081046&sig=8df6a47ed2a3eb65422da82cd9564c87ba7649ccad331b2b1c7dbd73763b03e4
CBS Sports Network,http://tv123.cc.cd/live.php?ch=439&sid=084bdfccba613632c46b32927c05cad1&exp=1791081046&sig=3be85a303c7933034bb1ec956a88acf5a47a3700c7fd18cb494613e7cca25669
FS2,http://tv123.cc.cd/live.php?ch=440&sid=084bdfccba613632c46b32927c05cad1&exp=1791081046&sig=f6d4aa71718ee43da7ee30693345ef6034cfebdfa5b44bab2eaf2621402d78f7
FS1,http://tv123.cc.cd/live.php?ch=441&sid=084bdfccba613632c46b32927c05cad1&exp=1791081046&sig=c73e6a5f8810bd8209a9cf17cabe5e10c9b39fb3fe1d2cfbd0aafda65d03eef2
SEC Network,http://tv123.cc.cd/live.php?ch=442&sid=084bdfccba613632c46b32927c05cad1&exp=1791081046&sig=a23022597d72f2f78e7c6d9f2a769a9f743e4a9780dab63b6875ee310d79ba3d
ESPN Deportes,http://tv123.cc.cd/live.php?ch=443&sid=084bdfccba613632c46b32927c05cad1&exp=1791081046&sig=ad4fe5e37ca2e03cf41ba309cfd4ee05ff0ce849d608332ef90ace933a61421c
ESPNU,http://tv123.cc.cd/live.php?ch=444&sid=084bdfccba613632c46b32927c05cad1&exp=1791081046&sig=0e36d4df059eb565a3bb6e2a622a511f5be9834b1ef5c5e4bb4191b4fa38cfc8
ESPNEWS,http://tv123.cc.cd/live.php?ch=445&sid=084bdfccba613632c46b32927c05cad1&exp=1791081046&sig=5e4170c46288f0689cc42d6429021b7d925cb3470bf2a0fcbad318aab3d75d9d
ESPN2,http://tv123.cc.cd/live.php?ch=446&sid=084bdfccba613632c46b32927c05cad1&exp=1791081046&sig=ca2ec17ed61b7024bc7fd75debe39e10b5ef473ea8a962db51f686de38df79e7
ESPN,http://tv123.cc.cd/live.php?ch=447&sid=084bdfccba613632c46b32927c05cad1&exp=1791081046&sig=d683d3546fc6261776150147b1a110b7b8abb61fa51d16ceb2ac00c7c072474b
ACC Network,http://tv123.cc.cd/live.php?ch=448&sid=084bdfccba613632c46b32927c05cad1&exp=1791081046&sig=fd5dda878440353271aa303f52e38a1ebb04eb7605fb0966e176b1f6323752b7
TUDN,http://tv123.cc.cd/live.php?ch=449&sid=084bdfccba613632c46b32927c05cad1&exp=1791081046&sig=faae0ad10f6665f70a7bf93f02d3c9b51e628fb92ccd4f1fd08c34a2006917ef
CBS Sports Golazo Network,http://tv123.cc.cd/live.php?ch=450&sid=084bdfccba613632c46b32927c05cad1&exp=1791081046&sig=c70782d3c9882189cb9ae83a9519e4faea106feb708f97888713c4ba9d2a855a
DAZN Ringside,http://tv123.cc.cd/live.php?ch=451&sid=084bdfccba613632c46b32927c05cad1&exp=1791081046&sig=7b9604faf196792e08a533a8b3c42a2baee59026c4759af1d8bcf5a60e732a64
F1 TV,http://tv123.cc.cd/live.php?ch=452&sid=084bdfccba613632c46b32927c05cad1&exp=1791081046&sig=f02ee74ced242b60cdffb17319de47d9f7438d3206cbe97ef3e0f7385b99a14c
HBO Boxing,http://tv123.cc.cd/live.php?ch=453&sid=084bdfccba613632c46b32927c05cad1&exp=1791081046&sig=b1eaad300a706566383b3f0ef3ced22c448b393dff8a4b3ce835c7a9396f9ca5
TSN The Ocho CA,http://tv123.cc.cd/live.php?ch=454&sid=084bdfccba613632c46b32927c05cad1&exp=1791081046&sig=e24a29956f1a205b8a4b9c00e0be73c3aecb7f5b07333e2ce150b49783b3ed65
Billiard TV,http://tv123.cc.cd/live.php?ch=455&sid=084bdfccba613632c46b32927c05cad1&exp=1791081046&sig=4c368904d9f02c4b75845fe0b577b63b164af6d4c2b5ec20e8dce451403b3860
Bowling TV,http://tv123.cc.cd/live.php?ch=456&sid=084bdfccba613632c46b32927c05cad1&exp=1791081046&sig=ddbaa2d3d57489fea5bba5794ed0799c492119941cbc5918f0ac6e6b6c97d43c
Chicago Sports Network,http://tv123.cc.cd/live.php?ch=457&sid=084bdfccba613632c46b32927c05cad1&exp=1791081046&sig=f5534db957dddb52277e9525e049a2866db82e68886d5b2a4a65ce5c8302da8b
FIFA+,http://tv123.cc.cd/live.php?ch=458&sid=084bdfccba613632c46b32927c05cad1&exp=1791081046&sig=6f44921aaafd22a86fd28fe956b8be15b606c90f3b30ba41093a5bbf76e17c0a
Fight Network,http://tv123.cc.cd/live.php?ch=459&sid=084bdfccba613632c46b32927c05cad1&exp=1791081046&sig=9325ffed7b8e7604b627fc148196283b63a32b85ee363d64ea9cbe46a63058fa
FOX Deportes,http://tv123.cc.cd/live.php?ch=460&sid=084bdfccba613632c46b32927c05cad1&exp=1791081046&sig=00b3fb5cbb50abe51eeb13aacb3c824ff59e11733c5b42814d877fa0baea2f95
FOX Soccer Plus,http://tv123.cc.cd/live.php?ch=461&sid=084bdfccba613632c46b32927c05cad1&exp=1791081046&sig=c9bea95dc4cf92715972e9d5334bad246bee63b87aa560b069be37d8ee448cd5
MSGSN,http://tv123.cc.cd/live.php?ch=462&sid=084bdfccba613632c46b32927c05cad1&exp=1791081046&sig=f3e4e55aa46bdf1d01084ff644cb52139c5b9cb26acc701addcbc53aabcb46b6
NESN,http://tv123.cc.cd/live.php?ch=463&sid=084bdfccba613632c46b32927c05cad1&exp=1791081046&sig=96e567208779f55aa20919ed16a6c2b17cff31c87156618e2c1d65628d87d454
NESN+,http://tv123.cc.cd/live.php?ch=464&sid=084bdfccba613632c46b32927c05cad1&exp=1791081046&sig=cbcd91afb120af3f83f627187a73b56ef95151639496d88ec797e4628026ed04
PokerGO,http://tv123.cc.cd/live.php?ch=465&sid=084bdfccba613632c46b32927c05cad1&exp=1791081046&sig=0b776cac338058dbc7f6e5e6f94ca38804c0d6d1c88d3507f276cdea05e06a9c
RACER Network,http://tv123.cc.cd/live.php?ch=466&sid=084bdfccba613632c46b32927c05cad1&exp=1791081046&sig=5bccb3805a247983e0c3c8bdfce763167bb01577f516c8ba7e82b96ccb7d358d
Spectrum SportsNet,http://tv123.cc.cd/live.php?ch=467&sid=084bdfccba613632c46b32927c05cad1&exp=1791081046&sig=73aee77b6de2b0aa0209f7674806d42d7329a7fea4d9de212581c0d45105acd0
Spectrum SportsNet LA,http://tv123.cc.cd/live.php?ch=468&sid=084bdfccba613632c46b32927c05cad1&exp=1791081046&sig=05ba23d75f7d1ed5c0b0eba220cc3ebd0502fbab9be618a0ad76bac3e62f25cc
Tennis Channel 2,http://tv123.cc.cd/live.php?ch=469&sid=084bdfccba613632c46b32927c05cad1&exp=1791081046&sig=142006606f1de245a98ca73dea1f4de0a88e5b52c97384e3290de9fc74a59511
Willow,http://tv123.cc.cd/live.php?ch=470&sid=084bdfccba613632c46b32927c05cad1&exp=1791081046&sig=1ca7bd1f136cb6d61444e02ac079cf6b36380e2071ae9a87701468d244d9865b
World Poker Tour,http://tv123.cc.cd/live.php?ch=471&sid=084bdfccba613632c46b32927c05cad1&exp=1791081046&sig=f9ba4a38dbf18a9eca296680b76bf844dd78e84a3a612194a5b17f74eaff7744
One Soccer CA,http://tv123.cc.cd/live.php?ch=472&sid=084bdfccba613632c46b32927c05cad1&exp=1791081046&sig=fea10a0869c945236545b085deba458e028b5bd6d1e921f2ffeab458434aa19c
Liga de Campeones por M+ ES,http://tv123.cc.cd/live.php?ch=473&sid=084bdfccba613632c46b32927c05cad1&exp=1791081046&sig=cf36c4a98e3dd3f2d5fba39b63a3427de8abe6035b79435e44a088960549e1ff
Golf por M+ ES,http://tv123.cc.cd/live.php?ch=474&sid=084bdfccba613632c46b32927c05cad1&exp=1791081046&sig=327cc3542e4e5ff1b086e1906c40e0b4058e741e0af46c19b6f3306c94034b5e
Sky Sport Bundesliga DE,http://tv123.cc.cd/live.php?ch=475&sid=084bdfccba613632c46b32927c05cad1&exp=1791081046&sig=35cbe4c18be041d4e84d8e05f39cdce7588dc36ebbbb853c1970a618240cbb61
Sky Sport Top Event DE,http://tv123.cc.cd/live.php?ch=476&sid=084bdfccba613632c46b32927c05cad1&exp=1791081046&sig=5627d463182849b936c0f9539c6bfd41138302c78cc8dcc06113999c6b8ba9e5
LaLiga por M+ ES,http://tv123.cc.cd/live.php?ch=477&sid=084bdfccba613632c46b32927c05cad1&exp=1791081046&sig=3755463182b8ab993d476ea71039d745acfcf4ef5aa4758b97e83badf5dda989
Deportes por M+ ES,http://tv123.cc.cd/live.php?ch=478&sid=084bdfccba613632c46b32927c05cad1&exp=1791081046&sig=3ea46b7b763e5aeb819bbf94bd9e42314f6b3446f15d9c5fa9bd7c67f2871b15
DAZN 2 DE,http://tv123.cc.cd/live.php?ch=479&sid=084bdfccba613632c46b32927c05cad1&exp=1791081046&sig=3641c164b62eee9ebb0e75546c60e3142225b2ad0a756c9a099f93af77891811
DAZN 1 DE,http://tv123.cc.cd/live.php?ch=480&sid=084bdfccba613632c46b32927c05cad1&exp=1791081046&sig=f85da67a19db97ec052dab9cc5a720e58829523c8a0ecf7928e42da3042d0551
CANAL+ Foot FR,http://tv123.cc.cd/live.php?ch=481&sid=084bdfccba613632c46b32927c05cad1&exp=1791081046&sig=d2fda1e338f109a64dfd46c035cd0026f7291afa819e68733bdabb9ac53c7b5a
CANAL+ Sport 360 FR,http://tv123.cc.cd/live.php?ch=482&sid=084bdfccba613632c46b32927c05cad1&exp=1791081046&sig=fdecdc00e5f4244c74fb767e230763a7f7ef81c4804ef270a3d31edae17be5c9
CANAL+ Sport FR,http://tv123.cc.cd/live.php?ch=483&sid=084bdfccba613632c46b32927c05cad1&exp=1791081046&sig=207423c0cc1d048a21f6d9edaffcc4e80b5f12cd3e7898d36cb6ce65d5ddb1e5
beIN SPORTS 3 FR,http://tv123.cc.cd/live.php?ch=484&sid=084bdfccba613632c46b32927c05cad1&exp=1791081046&sig=ec1f219cfdd2ae751c633b0f30dc787d551e2e1b78ddd816f5cb068d0c201a95
beIN SPORTS 2 FR,http://tv123.cc.cd/live.php?ch=485&sid=084bdfccba613632c46b32927c05cad1&exp=1791081046&sig=ca95ccc0ce0386ecb782a9ec28bfb980d462be359a179746391d2846a92b1b10
beIN SPORTS 1 FR,http://tv123.cc.cd/live.php?ch=486&sid=084bdfccba613632c46b32927c05cad1&exp=1791081046&sig=a25da83bb4ecfc877ac8a4e656e2cec3c706d8e70fc093491a4fc57a41b471a6
EuroSport 2 FR,http://tv123.cc.cd/live.php?ch=487&sid=084bdfccba613632c46b32927c05cad1&exp=1791081046&sig=b94a024dbccfd61277cefcc74088ec26ff1dba02dadc3ca382af993297ee59dc
EuroSport 1 FR,http://tv123.cc.cd/live.php?ch=488&sid=084bdfccba613632c46b32927c05cad1&exp=1791081046&sig=871667d234fdb29861d7fa9651b23365a4c80783f12786c1125ec017a9386ce3
Premier Sports 2 UK,http://tv123.cc.cd/live.php?ch=489&sid=084bdfccba613632c46b32927c05cad1&exp=1791081046&sig=80c88728c6018d0bef7ca4909c47413cce46fd5e2499340ddf0a7ca59db60104
Premier Sports 1 UK,http://tv123.cc.cd/live.php?ch=490&sid=084bdfccba613632c46b32927c05cad1&exp=1791081046&sig=0368793f3d6b24b5ed4a40a9588ca8f7eb3eacac67b8bef6bf2f8f04efbcd5e1
TNT Sports 4 UK,http://tv123.cc.cd/live.php?ch=491&sid=084bdfccba613632c46b32927c05cad1&exp=1791081046&sig=76d92b494897aa86ab4691f1b28d2d42af536b5251ee58ff6b584c40f1bee9ff
TNT Sports 3 UK,http://tv123.cc.cd/live.php?ch=492&sid=084bdfccba613632c46b32927c05cad1&exp=1791081046&sig=81d1c65153c180224b4dd0a0c978756b02fbc8840aee49970fd3be8fd68486f3
TNT Sports 2 UK,http://tv123.cc.cd/live.php?ch=493&sid=084bdfccba613632c46b32927c05cad1&exp=1791081046&sig=47c4a4d6bdc1d5e36e82b40d5f71b2b4abd97ca1517ecbedeb32553ac7938b06
TNT Sports 1 UK,http://tv123.cc.cd/live.php?ch=494&sid=084bdfccba613632c46b32927c05cad1&exp=1791081046&sig=79350e08dfefa51b6d1f738dbb2b506d774078767263b9f1b56f80450c8ee688
Sky Sports Tennis UK,http://tv123.cc.cd/live.php?ch=495&sid=084bdfccba613632c46b32927c05cad1&exp=1791081046&sig=5218e86c57a27a94b8e0e597bc9c31e1d3b83195910b2ea264aa4d16efe68199
Sky Sports+ UK,http://tv123.cc.cd/live.php?ch=496&sid=084bdfccba613632c46b32927c05cad1&exp=1791081046&sig=b71934c00b59ceeb138060c83e6deb640017bf43c9fef70b56fbcd4e416173c3
Sky Sports Action UK,http://tv123.cc.cd/live.php?ch=497&sid=084bdfccba613632c46b32927c05cad1&exp=1791081046&sig=b701ef76a7763ba9d12f122ce07e306f76c189a548e09875fd0e038242599747
Sky Sports Racing UK,http://tv123.cc.cd/live.php?ch=498&sid=084bdfccba613632c46b32927c05cad1&exp=1791081046&sig=e46d70878b7e0e8d3a2e8d485a4be04985f1e5974deb06bb63b38ea4e5ea3bc3
Sky Sports Golf UK,http://tv123.cc.cd/live.php?ch=499&sid=084bdfccba613632c46b32927c05cad1&exp=1791081046&sig=8d0f13ed3730e9f0914ddd3184804cf7ea809a74c0a8a5fb6c24e6156503f6d4
Sky Sports Mix UK,http://tv123.cc.cd/live.php?ch=500&sid=084bdfccba613632c46b32927c05cad1&exp=1791081046&sig=ec220c0ad6cc23cf3d40cc55ec49b5a584dba847fdf5ebb7676596230a6ed212
Sky Sports Cricket UK,http://tv123.cc.cd/live.php?ch=501&sid=084bdfccba613632c46b32927c05cad1&exp=1791081046&sig=37a73c2d39e187c35646db246b9fb5807519953ee419293365d9b13366fdb700
Sky Sports F1 UK,http://tv123.cc.cd/live.php?ch=502&sid=084bdfccba613632c46b32927c05cad1&exp=1791081046&sig=32cd0be730b4c3d1c53fe5f95fbad0890775e48a4546efac13bb6ad0e8bc32e6
Sky Sports Football UK,http://tv123.cc.cd/live.php?ch=503&sid=084bdfccba613632c46b32927c05cad1&exp=1791081046&sig=de91d2edd9862d539adbb5a0865e8e1c4081361e1fea8b028fb2e2e602cb355f
Sky Sports Premier League UK,http://tv123.cc.cd/live.php?ch=504&sid=084bdfccba613632c46b32927c05cad1&exp=1791081046&sig=d6d29bdb2cd1968eeea1d854e44804baa953f85b63bcdd379980c9fa09b9a707
Sky Sports Main Event UK,http://tv123.cc.cd/live.php?ch=505&sid=084bdfccba613632c46b32927c05cad1&exp=1791081046&sig=a482c72637ff7d07cc959690293dccec42af5d8a3a035dafe551ed49feac25de
Sky Sports News UK,http://tv123.cc.cd/live.php?ch=506&sid=084bdfccba613632c46b32927c05cad1&exp=1791081046&sig=67090af88251dde46bbda77c9a7ea5c4e9780c367f5e74f06e98fc207fa23112
Sky Sport Uno IT,http://tv123.cc.cd/live.php?ch=507&sid=084bdfccba613632c46b32927c05cad1&exp=1791081046&sig=873f76118055c9f1de03479c364caf640503bb817e99d78e95fbf607a747fada
Sky Sport Calcio IT,http://tv123.cc.cd/live.php?ch=508&sid=084bdfccba613632c46b32927c05cad1&exp=1791081046&sig=63b1b2e6ef5d8a8f2d554035674bb7550cbef2b376bd92a5d6b9cc61c3dce795
Sky Sport MotoGP IT,http://tv123.cc.cd/live.php?ch=509&sid=084bdfccba613632c46b32927c05cad1&exp=1791081046&sig=a6ed026c59aac88e9afd601b5e21900dc8cb1d26cfe29c858787a1267f7c55b8
Sky Sport News DE,http://tv123.cc.cd/live.php?ch=510&sid=084bdfccba613632c46b32927c05cad1&exp=1791081046&sig=32170ffc96dd2c5f2d53ac01dd6a1ade4f50cf5c188dcc9c48fae4363b1e4866
Sky Sport F1 DE,http://tv123.cc.cd/live.php?ch=511&sid=084bdfccba613632c46b32927c05cad1&exp=1791081046&sig=59b515a324ad166aa356ff1b4d104be0f434fd668d4a13e6cbb8de2debe231b0
Sky Sport Premier League DE,http://tv123.cc.cd/live.php?ch=512&sid=084bdfccba613632c46b32927c05cad1&exp=1791081046&sig=94761633d610a5b15f7a9a398ad7ec11c57b71c22a6266e17bbdb61f19116021
Sky Sport Mix DE,http://tv123.cc.cd/live.php?ch=513&sid=084bdfccba613632c46b32927c05cad1&exp=1791081046&sig=40587732dcd6aa92cd621e228bec0b03368b615fd7ecd5be8dbc12a75f4d6a5c
Sky Sport Tennis DE,http://tv123.cc.cd/live.php?ch=514&sid=084bdfccba613632c46b32927c05cad1&exp=1791081046&sig=93c18b06e79973d882c239feb3b0267573bc9e126d750de87ae1117e2ff97e81
Sky Sport Golf DE,http://tv123.cc.cd/live.php?ch=515&sid=084bdfccba613632c46b32927c05cad1&exp=1791081046&sig=4376482e0a493501676b7f5dafdbc325215404553244064c1e5503bd6d8d7f2b
Sky Sport Austria 1 DE,http://tv123.cc.cd/live.php?ch=516&sid=084bdfccba613632c46b32927c05cad1&exp=1791081046&sig=86086f139e72a9112f389157c4db772d08c0568262ce7e54651e36248265accf
Vamos por M+ ES,http://tv123.cc.cd/live.php?ch=517&sid=084bdfccba613632c46b32927c05cad1&exp=1791081046&sig=e9c6c4c922b4a7fcb620d5c7f46e67b68e6925dbb7221b6f1843b275d0c4d15e
Real Madrid TV ES,http://tv123.cc.cd/live.php?ch=518&sid=084bdfccba613632c46b32927c05cad1&exp=1791081046&sig=e6a4fc58336477ba7d900803482e57137f35a4346252cee0d275e27287e4666e
Sky Sport 24 IT,http://tv123.cc.cd/live.php?ch=519&sid=084bdfccba613632c46b32927c05cad1&exp=1791081046&sig=6b72244ea1645c1d48b893d24a3b323a10e715c6fb83f0ab43657153c3a1b7eb
Sky Sport Tennis IT,http://tv123.cc.cd/live.php?ch=520&sid=084bdfccba613632c46b32927c05cad1&exp=1791081046&sig=5be2e70721c82d9e2fa348e7857199bfcc9cfd15f7f280b98f3b64cada89f6de
Sky Sport Arena IT,http://tv123.cc.cd/live.php?ch=521&sid=084bdfccba613632c46b32927c05cad1&exp=1791081046&sig=1e2851b5b8d0b68513597f8e2b52d3bacdd7e9426358dc90fc34d49f1e7c24ac
Sky Sport Basket IT,http://tv123.cc.cd/live.php?ch=522&sid=084bdfccba613632c46b32927c05cad1&exp=1791081046&sig=28b21bb0f86781d448c4b01fe73333271203e702d64e2b19f3290a1845677374
Sky Sport Max IT,http://tv123.cc.cd/live.php?ch=523&sid=084bdfccba613632c46b32927c05cad1&exp=1791081046&sig=88d4b15945241bd4c4ed9851b76263276feea43daea392c9952859164a5e33d2
Sky Sport F1 IT,http://tv123.cc.cd/live.php?ch=524&sid=084bdfccba613632c46b32927c05cad1&exp=1791081046&sig=f36aaf48039f2f1c393b1d1ae174a8c59534b5e86baaa2fc1988f62016b92b05
Sky Sport Golf IT,http://tv123.cc.cd/live.php?ch=525&sid=084bdfccba613632c46b32927c05cad1&exp=1791081046&sig=4766ba9f679bece4ff9c43c47f010c4520a12917f65aac81725e321ca4725b89
Sky Sport Legend IT,http://tv123.cc.cd/live.php?ch=526&sid=084bdfccba613632c46b32927c05cad1&exp=1791081046&sig=270456e5950f4ad20097d4b71082eb9cd20267efbc1fd2291df43e9e873726c4
Sky Sport Mix IT,http://tv123.cc.cd/live.php?ch=527&sid=084bdfccba613632c46b32927c05cad1&exp=1791081046&sig=149caf8ce81cef2f229af749332f52495a49293080401e97f37f77bd94f94dfe
Super Tennis IT,http://tv123.cc.cd/live.php?ch=528&sid=084bdfccba613632c46b32927c05cad1&exp=1791081046&sig=c3a3bb2ee45d0851fe94e86a91bea9ca5808ae91dbed731ac7b403702a1bd892
Fox Sports 507 AU,http://tv123.cc.cd/live.php?ch=529&sid=084bdfccba613632c46b32927c05cad1&exp=1791081046&sig=0527c9f1d50335b1893d331e4bfd2a092c388a36bbd7e1eaa769ad3827b5bb23
Fox Sports 506 AU,http://tv123.cc.cd/live.php?ch=530&sid=084bdfccba613632c46b32927c05cad1&exp=1791081046&sig=c8978e2cccaeafac7a012ab4396781c3cda6c8bcc6706b022532b829842b74cd
Fox Sports 505 AU,http://tv123.cc.cd/live.php?ch=531&sid=084bdfccba613632c46b32927c05cad1&exp=1791081046&sig=3bf43aaebe822d8867ebf829a07da7751681b7de244755c6054211cff6cf0b84
Fox Sports 504 AU,http://tv123.cc.cd/live.php?ch=532&sid=084bdfccba613632c46b32927c05cad1&exp=1791081046&sig=2ec59acaed46cd63170ea19f2cdc3b91de8f06b0bb2d4349b51f82d5246f9fcc
Fox Sports 503 AU,http://tv123.cc.cd/live.php?ch=533&sid=084bdfccba613632c46b32927c05cad1&exp=1791081046&sig=f0f286b4e8d9d18a3261d4d97f0f663e218fb1cf78dcd15ea18b68e5013fb3e9
Fox Sports 502 AU,http://tv123.cc.cd/live.php?ch=534&sid=084bdfccba613632c46b32927c05cad1&exp=1791081046&sig=c9101702962f7b94ddce95e363d95530f2423085814b11e958b99813275043b2
Fox Sports 501 AU,http://tv123.cc.cd/live.php?ch=535&sid=084bdfccba613632c46b32927c05cad1&exp=1791081046&sig=f2ba96253b78a9edb9b27893de0ac7544cba53f4c00b94408efffff51bf9f9f4
SKY Sport Select NZ,http://tv123.cc.cd/live.php?ch=536&sid=084bdfccba613632c46b32927c05cad1&exp=1791081046&sig=9ab1eeaf4c23f73da6cb97aebe897ef1f54434e1940fcf61e7479c96ecdc392a
SKY Sport 9 NZ,http://tv123.cc.cd/live.php?ch=537&sid=084bdfccba613632c46b32927c05cad1&exp=1791081046&sig=12cb0e550fdc5eaacfe733f846f8832d9fe4e244e741d8ba959f8c70c3da0821
SKY Sport Premier League NZ,http://tv123.cc.cd/live.php?ch=538&sid=084bdfccba613632c46b32927c05cad1&exp=1791081046&sig=147075c53fe4f2734112c1cb42fe3d0be404804a63cdf49399fd32954c7fff56
SKY Sport 7 NZ,http://tv123.cc.cd/live.php?ch=539&sid=084bdfccba613632c46b32927c05cad1&exp=1791081046&sig=a8e804d19914957b94654dcee94aa8c9c343ffcfb4e900362060404a79b7e9f1
SKY Sport 6 NZ,http://tv123.cc.cd/live.php?ch=540&sid=084bdfccba613632c46b32927c05cad1&exp=1791081046&sig=26d5705642dc591cf211bfc995789bf7d0b9b9d5c5960eeed86a61ce0d4b5d18
SKY Sport 5 NZ,http://tv123.cc.cd/live.php?ch=541&sid=084bdfccba613632c46b32927c05cad1&exp=1791081046&sig=7a39f932ea16c078029a6644aaaa23126410c30c5295fcea454e8f2f119964b7
SKY Sport 4 NZ,http://tv123.cc.cd/live.php?ch=542&sid=084bdfccba613632c46b32927c05cad1&exp=1791081046&sig=6e82e3984706091a7a0b52d92b8cc10001cf709e404aa0ed88d81b26fa91a4f3
SKY Sport 3 NZ,http://tv123.cc.cd/live.php?ch=543&sid=084bdfccba613632c46b32927c05cad1&exp=1791081046&sig=6dd02438e748c00a6f1996f742213b04b5b499d9b066ce42437e6d5d36981bfb
SKY Sport 2 NZ,http://tv123.cc.cd/live.php?ch=544&sid=084bdfccba613632c46b32927c05cad1&exp=1791081046&sig=41aa49060d64ddd816f776ff819f200fb1bd6c03951a692b6b5f856caa30cada
SKY Sport 1 NZ,http://tv123.cc.cd/live.php?ch=545&sid=084bdfccba613632c46b32927c05cad1&exp=1791081046&sig=afd0b137d23642c41699adb513a5752e2b6a1eace05fc4c798dc1807ac125d17
beIN Sports 1 AU,http://tv123.cc.cd/live.php?ch=546&sid=084bdfccba613632c46b32927c05cad1&exp=1791081046&sig=a6492d59989defb83196ca67b5d824a1a1b913b8c6f939a6659cfbea8959b5ee
beIN Sports 2 AU,http://tv123.cc.cd/live.php?ch=547&sid=084bdfccba613632c46b32927c05cad1&exp=1791081046&sig=0b8cf542ce820298749a7a02ce5513ce422efea09968e43c524a7670fc9b26a6
ESPN AU,http://tv123.cc.cd/live.php?ch=548&sid=084bdfccba613632c46b32927c05cad1&exp=1791081046&sig=5a36c43ed7a6410f431b72bc18eb8a1fea11c9e3be97edae9498199baf813b40
ESPN2 AU,http://tv123.cc.cd/live.php?ch=549&sid=084bdfccba613632c46b32927c05cad1&exp=1791081046&sig=89de22c0c23d735c560c612973e222ebf12c39d6de9032934644fc81f44eeb75
TV1,http://tv123.cc.cd/live.php?ch=550&sid=084bdfccba613632c46b32927c05cad1&exp=1791081046&sig=853b20b1578d6cedcb467fa4b85738e9c279b6044df0afe7f6faa3bd0302a24f
TV1 backup,http://tv123.cc.cd/live.php?ch=551&sid=084bdfccba613632c46b32927c05cad1&exp=1791081046&sig=f3cd51180ebc62690421f41bb992cdd53fd2b96bbb44166e5d4d191d1b4dbd9d
TV2,http://tv123.cc.cd/live.php?ch=552&sid=084bdfccba613632c46b32927c05cad1&exp=1791081046&sig=419714b3cabbe9a54ca473d7bd3634e492bffa3a918c587ad159c553acb20c65
TV3,http://tv123.cc.cd/live.php?ch=553&sid=084bdfccba613632c46b32927c05cad1&exp=1791081046&sig=84c3b3c8e3b19d5220dea4348daf6f32fd42ca8f01c79617340d603c6f50e8e7
TV3 SD,http://tv123.cc.cd/live.php?ch=554&sid=084bdfccba613632c46b32927c05cad1&exp=1791081046&sig=a8bde60039b66de4126ccb4b9edf28a402509ea7ebce505fe2addb320bcfbe09
TV3 backup,http://tv123.cc.cd/live.php?ch=555&sid=084bdfccba613632c46b32927c05cad1&exp=1791081046&sig=076aadad3ceaf90b95315ba2a662138dcf8b4196dc744707e27147b8857998ce
TV3 backup2,http://tv123.cc.cd/live.php?ch=556&sid=084bdfccba613632c46b32927c05cad1&exp=1791081046&sig=537de77e1de3e28aeb4a6260df8a53c19cfaf07dd93839713ccef69facfab301
TV5,http://tv123.cc.cd/live.php?ch=557&sid=084bdfccba613632c46b32927c05cad1&exp=1791081046&sig=35e92f4980a52bee63af0336bb82655b3190b59714dc4fdcffc4042019c14ef7
NTV7,http://tv123.cc.cd/live.php?ch=558&sid=084bdfccba613632c46b32927c05cad1&exp=1791081046&sig=2041124e5f270aeec1b634ad6a28eea4dc0a5bc908095f9d81251a3e5863106a
8TV,http://tv123.cc.cd/live.php?ch=559&sid=084bdfccba613632c46b32927c05cad1&exp=1791081046&sig=7f5e768a199f6347bd4648a8c196c652891fe5eb142ac90bc4d8ed64e09881bc
TV9,http://tv123.cc.cd/live.php?ch=560&sid=084bdfccba613632c46b32927c05cad1&exp=1791081046&sig=da114b204fa028e0f6d4296b8c2bd90ead39c7dbddf440c967385655eb33a0d3
Al-Hijrah,http://tv123.cc.cd/live.php?ch=561&sid=084bdfccba613632c46b32927c05cad1&exp=1791081046&sig=6db741a3c1a5805e21e1ba7e343196d9df858bef7dbfbf35a701669abc726b05
Al-Hijrah (Back up 1),http://tv123.cc.cd/live.php?ch=562&sid=084bdfccba613632c46b32927c05cad1&exp=1791081046&sig=5c39ef5bf22f5a38f038c67107e1b0bd1635cdc46fac08a5bec12cc11ba89495
Quran,http://tv123.cc.cd/live.php?ch=563&sid=084bdfccba613632c46b32927c05cad1&exp=1791081046&sig=91d7a84e75ddf80780d5b0df06399792a200624cd247b54fd0211018f25878b9
Sunnah,http://tv123.cc.cd/live.php?ch=564&sid=084bdfccba613632c46b32927c05cad1&exp=1791081046&sig=f965120ab08488617cd8aba8a64ce37206cf57a307a6aaeacae62cf92e079144
Bernama,http://tv123.cc.cd/live.php?ch=565&sid=084bdfccba613632c46b32927c05cad1&exp=1791081046&sig=5a4cfa11d08e6e2121e3dac72a37704345467ac0b74a51942755900495ec1b84
Awani,http://tv123.cc.cd/live.php?ch=566&sid=084bdfccba613632c46b32927c05cad1&exp=1791081046&sig=f17225031a0ba10bdd4964008d25c9db626d56784cce9ccc66722d6e0a2e05c6
Ceria,http://tv123.cc.cd/live.php?ch=567&sid=084bdfccba613632c46b32927c05cad1&exp=1791081046&sig=4b7f14ad1d0772652625d421ffb51d1eb4603e20555d7f3149fad7526de4bf82
Oasis,http://tv123.cc.cd/live.php?ch=568&sid=084bdfccba613632c46b32927c05cad1&exp=1791081046&sig=6cbd3c8660efdaf37360ebfdd7fcb7bc6792d466ccc8107865aedca33566dea9
Boo,http://tv123.cc.cd/live.php?ch=569&sid=084bdfccba613632c46b32927c05cad1&exp=1791081046&sig=14548d4dca605704da7cd4ffcef95e6d7822d4cfdd2f781e76c55cf67f2fd0b6
Citra,http://tv123.cc.cd/live.php?ch=570&sid=084bdfccba613632c46b32927c05cad1&exp=1791081046&sig=5f8b437fb92ac03a9108e6d65035b44b4a25105a760e7b7f76604e5a1146254b
Citra backup,http://tv123.cc.cd/live.php?ch=571&sid=084bdfccba613632c46b32927c05cad1&exp=1791081046&sig=93900b9d28487aee35f1cff0a7dcf703777fc7e56439e0aca6fd8ca720198ed8
Prima,http://tv123.cc.cd/live.php?ch=572&sid=084bdfccba613632c46b32927c05cad1&exp=1791081046&sig=4e7a8030962ff2a5f25d31504d743a614a6820939771e07c7102723978ec5f39
Prima backup,http://tv123.cc.cd/live.php?ch=573&sid=084bdfccba613632c46b32927c05cad1&exp=1791081046&sig=c29190751ad4fbb31dfba4511e489064cfe4396841311de93a51d33431b2c8c5
Prima backup_1,http://tv123.cc.cd/live.php?ch=574&sid=084bdfccba613632c46b32927c05cad1&exp=1791081046&sig=2ef651ae8124c6a3ee6646768ec77c15df042920331ef292bc60dba62ba0b17b
Ria,http://tv123.cc.cd/live.php?ch=575&sid=084bdfccba613632c46b32927c05cad1&exp=1791081046&sig=59a15a60c881ffea58a7e30db5340aa80f05ea872d9672e322be6e4e59d54ed5
Ria-3,http://tv123.cc.cd/live.php?ch=576&sid=084bdfccba613632c46b32927c05cad1&exp=1791081046&sig=2b13191feb8dcba1c666c68854a689b988e5a4fd0856ac3e331a4d8fc2bade05
Ria backup_1,http://tv123.cc.cd/live.php?ch=577&sid=084bdfccba613632c46b32927c05cad1&exp=1791081046&sig=a94beddcecaa1f5d68610e8ead982838db77fad5e5deef763e7f48553f2b318b
Awesome TV,http://tv123.cc.cd/live.php?ch=578&sid=084bdfccba613632c46b32927c05cad1&exp=1791081046&sig=ed3302fe9f492c544213410505fbab2392dd2d9a5ae492a46128b890d4987840
Aura,http://tv123.cc.cd/live.php?ch=579&sid=084bdfccba613632c46b32927c05cad1&exp=1791081046&sig=572dd9e5f4a698fbf5ec45cd401c7c8f3c926885b862c32cbe5d0344f970284b
Sensasi,http://tv123.cc.cd/live.php?ch=580&sid=084bdfccba613632c46b32927c05cad1&exp=1791081046&sig=d72ef0262067410f3467ff6d53ff8276096cbcd4e44c3c65a581a7191b2e4cdb
Siar,http://tv123.cc.cd/live.php?ch=581&sid=084bdfccba613632c46b32927c05cad1&exp=1791081046&sig=e4b736cb20c60a1451f86c9cb8d385515771688215a88b970bc7051209a3c4ac
Rania,http://tv123.cc.cd/live.php?ch=582&sid=084bdfccba613632c46b32927c05cad1&exp=1791081046&sig=1f3c055aa92cc4d87db4cae7c991954a41a289f0be43a34133150b46c8466928
Astro Rusi,http://tv123.cc.cd/live.php?ch=583&sid=084bdfccba613632c46b32927c05cad1&exp=1791081046&sig=4f452af20301a15de4729959942cbf3d53b9747c703d5e2548ba9530781cefe4
WION,http://tv123.cc.cd/live.php?ch=584&sid=084bdfccba613632c46b32927c05cad1&exp=1791081046&sig=f46516ff3c100c6e1f29564233ad1373db04bd96e4cc05c74cddf383aa50198e
Astro MTV,http://tv123.cc.cd/live.php?ch=585&sid=084bdfccba613632c46b32927c05cad1&exp=1791081046&sig=2d4dd97b1c87bb3d158f5575b5644ed211d4d74c6984dbcd8561063f39fb7ec0
NatGeo_Wild HD,http://tv123.cc.cd/live.php?ch=586&sid=084bdfccba613632c46b32927c05cad1&exp=1791081046&sig=45ca2ba5e59184a3d36261eb90dbddc03734fbd834b721b4c0f9193c6fa50ba6
Animal_Planet,http://tv123.cc.cd/live.php?ch=587&sid=084bdfccba613632c46b32927c05cad1&exp=1791081046&sig=0141719ff40ed813fe506b6e0cbca20c583dad75c8a6bed2d9bf6eb46bd76037
HBO Family,http://tv123.cc.cd/live.php?ch=588&sid=084bdfccba613632c46b32927c05cad1&exp=1791081046&sig=2899dd73e8e0b8a37d4494133c2b66fbfe6324f233432c73413d14c71e3417ed
Showcase,http://tv123.cc.cd/live.php?ch=589&sid=084bdfccba613632c46b32927c05cad1&exp=1791081046&sig=385286746d42492e993d5b710d9a8bf8d66682771576b8ee5c63d75c4272d321
RTM Asean,http://tv123.cc.cd/live.php?ch=590&sid=084bdfccba613632c46b32927c05cad1&exp=1791081046&sig=3f7d52503bbea544367ecf84bd7b6942bf1844efa13694f8759c0ff3f06af8a5
HGTV,http://tv123.cc.cd/live.php?ch=591&sid=084bdfccba613632c46b32927c05cad1&exp=1791081046&sig=770d82f90af54885632f16712a2019ce78b4a16b24fccc86af19f56dcffd466b
TLC,http://tv123.cc.cd/live.php?ch=592&sid=084bdfccba613632c46b32927c05cad1&exp=1791081046&sig=e48adf5bc72fdb5e2b05ebf38d8b3fa6996034e09ef894495c43358df707b4ba
Foodnetwork Hd,http://tv123.cc.cd/live.php?ch=593&sid=084bdfccba613632c46b32927c05cad1&exp=1791081046&sig=db2df7f777d65050d41a2e78e0be563008acce610495f1b262a9e864929fb4f2
HBO Signature,http://tv123.cc.cd/live.php?ch=596&sid=084bdfccba613632c46b32927c05cad1&exp=1791081046&sig=cf053cbebdbc8d9967671eabcbf58bdb1ad68a6a2336ae6f7a39dc7b627bfa32
Astro Badminton,http://tv123.cc.cd/live.php?ch=597&sid=084bdfccba613632c46b32927c05cad1&exp=1791081046&sig=220d242263fe5c1fe6bdbb253edb6229a2269e7fdbc9f6dc8fb289f75d842ded
HBO Hits,http://tv123.cc.cd/live.php?ch=598&sid=084bdfccba613632c46b32927c05cad1&exp=1791081046&sig=a5b8aec968f0709b23854a0e663cfd9acb19658db9781e4d7b94a4677a6be77c
Dreamworks,http://tv123.cc.cd/live.php?ch=599&sid=084bdfccba613632c46b32927c05cad1&exp=1791081046&sig=6a37d49ceb8c2d2c20f1247735493e9e3877fc276534d8853525bdf7a3b420a0
Astro Badminton 2,http://tv123.cc.cd/live.php?ch=600&sid=084bdfccba613632c46b32927c05cad1&exp=1791081046&sig=6c2a5ec44f006941ccd51d886e20346712a872a4f5b68041d4f60a25830f6a36
Nickelodeon,http://tv123.cc.cd/live.php?ch=601&sid=084bdfccba613632c46b32927c05cad1&exp=1791081046&sig=c485ca872a8081744a396c7a897aa08da1249f9659a62b2a824f8aeceeababd1
Nick Jr,http://tv123.cc.cd/live.php?ch=602&sid=084bdfccba613632c46b32927c05cad1&exp=1791081046&sig=5e56b4c0c48d61593211a8ad74e24b5a18bf92168044ab4f08d41975e8e26c42
Cartoon Network,http://tv123.cc.cd/live.php?ch=603&sid=084bdfccba613632c46b32927c05cad1&exp=1791081046&sig=27482ff60c024493028156da8aa659bb98c6d97d6fd73afeb58cd11163135048
Asia Food Network,http://tv123.cc.cd/live.php?ch=604&sid=084bdfccba613632c46b32927c05cad1&exp=1791081046&sig=43c3388f0b5cf43452ecfb409743b321950013de53294ff948fb0b51a64732c0
Animal Planet (Eng),http://tv123.cc.cd/live.php?ch=605&sid=084bdfccba613632c46b32927c05cad1&exp=1791081046&sig=06cc8b93e933a76d1f38bbe2009c694bc19412fd53560b95534e197370644a65
NatGeo Wild HD,http://tv123.cc.cd/live.php?ch=606&sid=084bdfccba613632c46b32927c05cad1&exp=1791081046&sig=d4b8e0de4020d4567afba3bff5f33b88f8aa62437f8d00a2b003e486388c4485
TvN,http://tv123.cc.cd/live.php?ch=607&sid=084bdfccba613632c46b32927c05cad1&exp=1791081046&sig=4501ae7bb260a9664adb8343229a3b947eb06f70b264dbcf80e8540d2bbae2a6
KBS World,http://tv123.cc.cd/live.php?ch=608&sid=084bdfccba613632c46b32927c05cad1&exp=1791081046&sig=50b01e98374143eca7155083a0d3d5aa6dd7875a622a86d643f69d82e2efd290
Sony HD,http://tv123.cc.cd/live.php?ch=609&sid=084bdfccba613632c46b32927c05cad1&exp=1791081046&sig=dfac81f4693d0ba700e6bbdd6238a2e76c63df0ca95ed9cc20589ac4bf9363a1
tvN Movie,http://tv123.cc.cd/live.php?ch=610&sid=084bdfccba613632c46b32927c05cad1&exp=1791081046&sig=89c2f7a320b4ca3ea262de0cf5f5ccce2d2a0fb37318b1beb2586db2d408c506
Astrol Kplus,http://tv123.cc.cd/live.php?ch=611&sid=084bdfccba613632c46b32927c05cad1&exp=1791081046&sig=2c972a5683af0356441baf8eeac5f9068b5af7204527cb7132ca3567aeaa1dae
One,http://tv123.cc.cd/live.php?ch=612&sid=084bdfccba613632c46b32927c05cad1&exp=1791081046&sig=ea09636577e51b50cf50b26246b353287276e154972629c7b44cd357d0e6d413
AEC,http://tv123.cc.cd/live.php?ch=613&sid=084bdfccba613632c46b32927c05cad1&exp=1791081046&sig=31a15913dafb887270dcad006c6a9c1b73370a654086f79a355ddf6baed564db
AOD,http://tv123.cc.cd/live.php?ch=614&sid=084bdfccba613632c46b32927c05cad1&exp=1791081046&sig=b52afe91e911eefaca4dbe3a65a6bbc7507ada29ce777ec8b92fe833f8b8bc75
华丽台 HD (Wah Lai Toi),http://tv123.cc.cd/live.php?ch=615&sid=084bdfccba613632c46b32927c05cad1&exp=1791081046&sig=45a36c9d89d5c0a37c966d6777734211968e39dcb5da8f373b70c1fb4b0fc4ba
欢喜台 HD(Hua Hee Tai),http://tv123.cc.cd/live.php?ch=616&sid=084bdfccba613632c46b32927c05cad1&exp=1791081046&sig=dabdd6920d35a520a4f81788e1c25c86fe5a41213daab8c5cfa81d01211a6229
Astro QJ,http://tv123.cc.cd/live.php?ch=617&sid=084bdfccba613632c46b32927c05cad1&exp=1791081046&sig=7983db81a96cbf0898d870e6f463c35a846c2ad0fc4e6dbf147a5c1be04b3e8c
TVB Jade,http://tv123.cc.cd/live.php?ch=618&sid=084bdfccba613632c46b32927c05cad1&exp=1791081046&sig=10c7d557866b58d99b17ed1cb1c8c53d0567389705cb9d92602bad95d5a6ee87
爱奇艺 iQiyi,http://tv123.cc.cd/live.php?ch=619&sid=084bdfccba613632c46b32927c05cad1&exp=1791081046&sig=b4c27f89a6632ff6a340603505ff6e0713bd9cf1e05060acf479844340433301
TVB 星河台  Xing He,http://tv123.cc.cd/live.php?ch=620&sid=084bdfccba613632c46b32927c05cad1&exp=1791081046&sig=90ca5164798f02df59bd4d1b4c6c86355f01bd4d16c63eecd0b08aa115775b25
Discovery Asia,http://tv123.cc.cd/live.php?ch=621&sid=084bdfccba613632c46b32927c05cad1&exp=1791081046&sig=5aa03d94a7adba651d7a14f01bc7194bb41f963f725ad05988b7474d83169820
Dmax,http://tv123.cc.cd/live.php?ch=622&sid=084bdfccba613632c46b32927c05cad1&exp=1791081046&sig=85b444500243f943fa5d2d9ce3fd10f1483c02b9dec8a810f64aa587ca0aa9cd
TVB Asia,http://tv123.cc.cd/live.php?ch=623&sid=084bdfccba613632c46b32927c05cad1&exp=1791081046&sig=1406d1d92d9e05dd643bc0ea3b01a6784e047f4afd4b962682e93a35d65a41ac
TVB Entertainment,http://tv123.cc.cd/live.php?ch=624&sid=084bdfccba613632c46b32927c05cad1&exp=1791081046&sig=672736b4d93d0972d0431cd71c189239560494ee6362009148d5472bdcc3ce71
TVB Classic,http://tv123.cc.cd/live.php?ch=625&sid=084bdfccba613632c46b32927c05cad1&exp=1791081046&sig=cdcc22869011e9cbde13d4f629390905fda8a942273e4c98b34c478e5e36d630
Celestial Classic,http://tv123.cc.cd/live.php?ch=626&sid=084bdfccba613632c46b32927c05cad1&exp=1791081046&sig=83e2c1c76539285f51889b99baa6a328dd5ab05eb51f1cafa0c9e5285c42a7d4
Celestial Movies HD,http://tv123.cc.cd/live.php?ch=627&sid=084bdfccba613632c46b32927c05cad1&exp=1791081046&sig=3097bf759dbe48232ebe9cc32d3db3bdbe02a3a8db335c60e789a912c7df6d29
Eurosport,http://tv123.cc.cd/live.php?ch=628&sid=084bdfccba613632c46b32927c05cad1&exp=1791081046&sig=8e68db7cd35b5f3d5af6cc564b91a8540f08dfe8873becaa5de46ca5b8325164
Rock Actions,http://tv123.cc.cd/live.php?ch=629&sid=084bdfccba613632c46b32927c05cad1&exp=1791081046&sig=d54988ff7e93149305a791d7884c1d42560526176018c4bd47c30929c9a7da02
Rock Entertainment,http://tv123.cc.cd/live.php?ch=630&sid=084bdfccba613632c46b32927c05cad1&exp=1791081046&sig=cad3db1dacb7dea170926305600685795c8b69d2656b9ba3aaa75818545c4ef2
Bollyone,http://tv123.cc.cd/live.php?ch=631&sid=084bdfccba613632c46b32927c05cad1&exp=1791081046&sig=665186724b442c816be1dfcb3e2c4c6965b7577994a8aaf3ce7863505362fa7d
Astro Sunmusic,http://tv123.cc.cd/live.php?ch=632&sid=084bdfccba613632c46b32927c05cad1&exp=1791081046&sig=c1b362572fee074c824234cb774733e10b60b79ea4c06259dec192e8473cd8b2
Thangathirai,http://tv123.cc.cd/live.php?ch=633&sid=084bdfccba613632c46b32927c05cad1&exp=1791081046&sig=b8f3640099b955e4b36587cb7eda7e12c6d26c40ace5025ed85732798b9e28f2
Vinmeen,http://tv123.cc.cd/live.php?ch=634&sid=084bdfccba613632c46b32927c05cad1&exp=1791081046&sig=cc8e55a31baf33e3d69f96829bc07e3d28ea538c410efad05ce72ace281315f9
Vellithirai,http://tv123.cc.cd/live.php?ch=635&sid=084bdfccba613632c46b32927c05cad1&exp=1791081046&sig=535f24ec5a2e6cfcc82bcab24eab3cc836a09031700a2e842bb6ae4da99bd418
Arena,http://tv123.cc.cd/live.php?ch=636&sid=084bdfccba613632c46b32927c05cad1&exp=1791081046&sig=7850f99b609218ac6a0a6d50d365ccdf5156c5cf94e7b439f00d17c404980cc3
Arena 2,http://tv123.cc.cd/live.php?ch=637&sid=084bdfccba613632c46b32927c05cad1&exp=1791081046&sig=f1d267b8dde1432d60b41b29a90bc17c7d62cf5c3db91fc5f388d5e2b0ba44be
Arena Bola 1,http://tv123.cc.cd/live.php?ch=638&sid=084bdfccba613632c46b32927c05cad1&exp=1791081046&sig=094be80e8bfafc54129d8e454ba9ea7ed2a054e48bce42a1334ca1d452bc851f
Arena Bola 2,http://tv123.cc.cd/live.php?ch=639&sid=084bdfccba613632c46b32927c05cad1&exp=1791081046&sig=874483e5a7e89178fc867227d0f53d3a2fdc8d965bd3c4002522298fae92a80d
RTM Sports HD,http://tv123.cc.cd/live.php?ch=640&sid=084bdfccba613632c46b32927c05cad1&exp=1791081046&sig=2b1d0e5b8f8434426d39db1874dae0c5197268f520573ab521499285d49c830e
Astro LOL,http://tv123.cc.cd/live.php?ch=641&sid=084bdfccba613632c46b32927c05cad1&exp=1791081046&sig=6dbe1d24ee0800c5a5da981ed828c7f06c3c560c10fa4dd5743a939f46150346
Al_Jazeera,http://tv123.cc.cd/live.php?ch=642&sid=084bdfccba613632c46b32927c05cad1&exp=1791081046&sig=9bcedbf65e551926f5784102bf78ee6db4221bc5fc886861e28a57ceceff5a6c
CNN,http://tv123.cc.cd/live.php?ch=643&sid=084bdfccba613632c46b32927c05cad1&exp=1791081046&sig=51ee6bb4d9ee0b5c4cb4ff22b49da2c3fad655e0e0e0e36769b604e2e825fd85
CNN backup,http://tv123.cc.cd/live.php?ch=644&sid=084bdfccba613632c46b32927c05cad1&exp=1791081046&sig=58794976893cb85a9b50dae0c64a043f2361c7e534bb7c98cbfa440a801e37ee
BBC World News,http://tv123.cc.cd/live.php?ch=645&sid=084bdfccba613632c46b32927c05cad1&exp=1791081046&sig=16665510aa784098c4b7e2de89ecb570c3416cc6b9d78de053a03b08cbc75ae3
CNBC,http://tv123.cc.cd/live.php?ch=646&sid=084bdfccba613632c46b32927c05cad1&exp=1791081046&sig=0b14936785edfb293efeec1479e55a47f71f5d3cc4ae7c5b46d42a6ef237d7b1
Bloomberg TV,http://tv123.cc.cd/live.php?ch=647&sid=084bdfccba613632c46b32927c05cad1&exp=1791081046&sig=6532bade3dc4996a00cee7372ec9ba5f1bb915f234c25864ce49eb31fb4299fc
CNA,http://tv123.cc.cd/live.php?ch=648&sid=084bdfccba613632c46b32927c05cad1&exp=1791081046&sig=68dd1cbf7f8481ba6d98589e2b4bb271fb999db53f0d1c34ef88d9fa0889e41d
DW,http://tv123.cc.cd/live.php?ch=649&sid=084bdfccba613632c46b32927c05cad1&exp=1791081046&sig=80559b3e1d0aa1e2eb8b9a2844468026e4be0621fc937ce8da33f6db90f9a6ab
France 24,http://tv123.cc.cd/live.php?ch=650&sid=084bdfccba613632c46b32927c05cad1&exp=1791081046&sig=dd266ae7b8dd55b2b3621bb7f79c999a4af530ffc47fc913c240a1fb81458960
Skynews,http://tv123.cc.cd/live.php?ch=651&sid=084bdfccba613632c46b32927c05cad1&exp=1791081046&sig=56a4bd220543248145560a41cb25e66d9101c156e4c842fc76ae966ed36e8685
NHK Premium,http://tv123.cc.cd/live.php?ch=652&sid=084bdfccba613632c46b32927c05cad1&exp=1791081046&sig=61df5c93a3d7ccabbc1b03b91375b21413be8f6c600a134dbfe7581247eb7a80
Siar backup,http://tv123.cc.cd/live.php?ch=653&sid=084bdfccba613632c46b32927c05cad1&exp=1791081046&sig=602687a62d418db8e85035bf0c524a0feaec1429efdf92a08d26958c2d2fc763
年代新闻,http://tv123.cc.cd/live.php?ch=666&sid=084bdfccba613632c46b32927c05cad1&exp=1791081046&sig=c2a32458d2a027d5a025cee5f548429755e9a677e4d50a48e0276f0be7b631a9
愛爾達體育4台,http://tv123.cc.cd/live.php?ch=669&sid=084bdfccba613632c46b32927c05cad1&exp=1791081046&sig=0240e59db99f3b36faea8ea700bba75a391b737b3c6b59dc54e06320e93fcd82
大愛電視,http://tv123.cc.cd/live.php?ch=677&sid=084bdfccba613632c46b32927c05cad1&exp=1791081046&sig=3dfb168cc142d7aedebe73a251d95729b6fe4e87290474e813fa8f30ac5e0b8e
客家電視台,http://tv123.cc.cd/live.php?ch=681&sid=084bdfccba613632c46b32927c05cad1&exp=1791081046&sig=f26cf37b11249b9a6287c14f351298c02c7a43ccfc26f57daba7b20733419fee
INULTRA,http://tv123.cc.cd/live.php?ch=684&sid=084bdfccba613632c46b32927c05cad1&exp=1791081046&sig=b62fc78fd94d9d9236698d838686058b665d2ec51e26311df3f2f4d2e9f0b736
新唐人亞太台,http://tv123.cc.cd/live.php?ch=687&sid=084bdfccba613632c46b32927c05cad1&exp=1791081046&sig=efb14a5fce87fe81e564620010aa7c0f36038ea0495ca2ecdc2451facb98efed
ARIRANG阿里郎頻道,http://tv123.cc.cd/live.php?ch=688&sid=084bdfccba613632c46b32927c05cad1&exp=1791081046&sig=01833cfced5332c4dcd6d3119c861f9f02cad9c5808c9a1108ba01ffd949be23
Global Trekker,http://tv123.cc.cd/live.php?ch=689&sid=084bdfccba613632c46b32927c05cad1&exp=1791081046&sig=afba5e4b9bee121b76134b128d9cbb44a4d049a1478b305fe4f69277b134a570
東森購物二台,http://tv123.cc.cd/live.php?ch=690&sid=084bdfccba613632c46b32927c05cad1&exp=1791081046&sig=a9786162756fddd6e8b8d1b121d2ba7a1ceac706a5da5706874987d69f14863d
LiveABC互動英語頻道,http://tv123.cc.cd/live.php?ch=691&sid=084bdfccba613632c46b32927c05cad1&exp=1791081046&sig=0198e35ee8cdddaa82855f917ce5641aa2bf44d29114dcd577af9a7f9acaae3e
達文西頻道,http://tv123.cc.cd/live.php?ch=692&sid=084bdfccba613632c46b32927c05cad1&exp=1791081046&sig=e089a002a0abcc3c05d2f66a00d69e064be49624a5a0b078ac627cfb0e43b9af
Nick Jr. 兒童頻道,http://tv123.cc.cd/live.php?ch=693&sid=084bdfccba613632c46b32927c05cad1&exp=1791081046&sig=06d19a9bde5ceef80b337a6ee23d5b290a4586ddabff943f3fbaf8c6512bd45c
尼克兒童頻道,http://tv123.cc.cd/live.php?ch=694&sid=084bdfccba613632c46b32927c05cad1&exp=1791081046&sig=7d679cd8b96f4d0d1a206542bdef00e3b0a6134b175f8e71c4b688fd6e4dd262
DreamWorks 夢工廠動畫,http://tv123.cc.cd/live.php?ch=695&sid=084bdfccba613632c46b32927c05cad1&exp=1791081046&sig=faaf2147ae9056b844dda994627c4fd38d5297dede875c769234582d31f0c9d6
東森購物一台,http://tv123.cc.cd/live.php?ch=699&sid=084bdfccba613632c46b32927c05cad1&exp=1791081046&sig=c8f05969bcf3327c2fce07760e564ebf2b6d5e65e8765615567cc4de3bd8ab4a
Bloomberg TV,http://tv123.cc.cd/live.php?ch=707&sid=084bdfccba613632c46b32927c05cad1&exp=1791081046&sig=e5fe0c06cb870f0d634bb5771229e2a59c700c4371f53087d6844516b8a3232b
SBN全球財經台,http://tv123.cc.cd/live.php?ch=710&sid=084bdfccba613632c46b32927c05cad1&exp=1791081046&sig=2db02fb3cc8a0d2a1124a7ae39a151754e69019a00c1df52b179b640b72fdb0b
東森購物四台,http://tv123.cc.cd/live.php?ch=711&sid=084bdfccba613632c46b32927c05cad1&exp=1791081046&sig=300a33f883ef0c0971256be725df48371903b7822b594eb36e79c6319d6301f9
豬哥亮歌廳秀,http://tv123.cc.cd/live.php?ch=712&sid=084bdfccba613632c46b32927c05cad1&exp=1791081046&sig=05a07281c6d046611acd711ea1466c286371eadeea00a74b20fc6c3a55b05a0d
KLT-靖天國際台,http://tv123.cc.cd/live.php?ch=714&sid=084bdfccba613632c46b32927c05cad1&exp=1791081046&sig=f21177a7913337312c2e1ba05ad9cce2c500525e621b05659aa9fe62d7a35a21
Nice TV 靖天歡樂台,http://tv123.cc.cd/live.php?ch=715&sid=084bdfccba613632c46b32927c05cad1&exp=1791081046&sig=efecbe7357d72229c7e0e900adc1fe82c98fff39a8fb5544e3e315a967f4640c
韓國娛樂台 KMTV,http://tv123.cc.cd/live.php?ch=717&sid=084bdfccba613632c46b32927c05cad1&exp=1791081046&sig=4c0058a5eeabcc101482c4e58eab41eaa95c6472ed8aadca2cf1c93ef463cbe8
ROCK Entertainment,http://tv123.cc.cd/live.php?ch=718&sid=084bdfccba613632c46b32927c05cad1&exp=1791081046&sig=9d644f0d85a3f8d9a85915f2e3fa56cb354f90366eab78b42990ea023eda5728
Lifetime 娛樂頻道,http://tv123.cc.cd/live.php?ch=719&sid=084bdfccba613632c46b32927c05cad1&exp=1791081046&sig=b2a24de7bb1ca12fb28c7f309ad11c1792508096e62ed50342f73ca119d10294
TRACE Urban,http://tv123.cc.cd/live.php?ch=721&sid=084bdfccba613632c46b32927c05cad1&exp=1791081046&sig=31182e9fd66f011cd19423392f66b0476bd0725cd99d78fd9ca228a11ecb8195
Mezzo Live HD,http://tv123.cc.cd/live.php?ch=722&sid=084bdfccba613632c46b32927c05cad1&exp=1791081046&sig=76ff946e7a2485b45305e5516ba67873a5888d73fac9dc545d8a4baaa00f12ac
CLASSICA 古典樂,http://tv123.cc.cd/live.php?ch=723&sid=084bdfccba613632c46b32927c05cad1&exp=1791081046&sig=2c814f67cb7291b087f308cbc6f236ebf7065248a8b92ae5ff5c53c42ffcc8df
東森購物三台,http://tv123.cc.cd/live.php?ch=724&sid=084bdfccba613632c46b32927c05cad1&exp=1791081046&sig=9c3254373d59773f6deac11fc565d8ac9826b6183f14aff16a81a0ba55c28fe7
TRACE Sport Stars,http://tv123.cc.cd/live.php?ch=725&sid=084bdfccba613632c46b32927c05cad1&exp=1791081046&sig=aea9205c4c25e909c712baed2ebbbbda8da00c224b33893a1e869b1bd02833cc
時尚運動X,http://tv123.cc.cd/live.php?ch=727&sid=084bdfccba613632c46b32927c05cad1&exp=1791081046&sig=53dafb315e2a6288b699884845474e3f46320861aa24c506863d2ec8cd55d6d6
車迷TV,http://tv123.cc.cd/live.php?ch=728&sid=084bdfccba613632c46b32927c05cad1&exp=1791081046&sig=380b5a863b6aad898c5bb58d6e90ea534cd5660a89391184f3868b21ea55c46d
GINX Esports TV,http://tv123.cc.cd/live.php?ch=729&sid=084bdfccba613632c46b32927c05cad1&exp=1791081046&sig=662eac996f0bdb550955f3926a47e65804fe4b2cf62d903c7c253d7f657dcdae
Pet Club TV,http://tv123.cc.cd/live.php?ch=730&sid=084bdfccba613632c46b32927c05cad1&exp=1791081046&sig=d21be7bad6af6d5d939e32e4e187dc744872fca59e99b278e73c8041f46a5baa
滾動力rollor,http://tv123.cc.cd/live.php?ch=732&sid=084bdfccba613632c46b32927c05cad1&exp=1791081046&sig=fdd0da5a2f247ab5a65879f26e33e897371b6e80cd109804ecd9c61021fee19a
亞洲旅遊台,http://tv123.cc.cd/live.php?ch=733&sid=084bdfccba613632c46b32927c05cad1&exp=1791081046&sig=0acaed8a7e2aee5b114299afeff4aabc89d9872172240d21157d7b51c5cb8859
fun探索娛樂台,http://tv123.cc.cd/live.php?ch=734&sid=084bdfccba613632c46b32927c05cad1&exp=1791081046&sig=265411caa40f5496ab12244afe83ff7185dfc7578397739ed9d223235bceaf58
History 歷史頻道,http://tv123.cc.cd/live.php?ch=736&sid=084bdfccba613632c46b32927c05cad1&exp=1791081046&sig=bc7885523e3fe6fa0c70133b411d75248b7fa18dedb996e4d2b577521926a4ba
愛爾達生活旅遊台,http://tv123.cc.cd/live.php?ch=737&sid=084bdfccba613632c46b32927c05cad1&exp=1791081046&sig=1acc4a0c3d89637c63ce1008c5c88d48fadc4869cb3f5ba20c43a2e3418159c5
LUXE TV Channel,http://tv123.cc.cd/live.php?ch=738&sid=084bdfccba613632c46b32927c05cad1&exp=1791081046&sig=bb916348fb9f6094eda16054543b83e810ed2d28e1931c20c05c8a7ea0bdd61f
TV5MONDE STYLE HD 生活時尚,http://tv123.cc.cd/live.php?ch=739&sid=084bdfccba613632c46b32927c05cad1&exp=1791081046&sig=b397304b45792d89d90ffcd5f53d2962c3268e5778302a20fb0a91fdd3e7f0b8
HITS頻道,http://tv123.cc.cd/live.php?ch=742&sid=084bdfccba613632c46b32927c05cad1&exp=1791081046&sig=fdc706c0928632e0a5b02a7a666d5914c76ac2c1dbca150b0797dc92172a26be
CI 罪案偵查頻道,http://tv123.cc.cd/live.php?ch=746&sid=084bdfccba613632c46b32927c05cad1&exp=1791081046&sig=34e43bf585f14f618cbde504985f76b7d04ba38e8714f8e3157c2c9af47708be
視納華仁紀實頻道,http://tv123.cc.cd/live.php?ch=747&sid=084bdfccba613632c46b32927c05cad1&exp=1791081046&sig=72602125472b296cbc22a6ac08b0e203134da790e7a6140d51fc1667f84821dd
采昌影劇台,http://tv123.cc.cd/live.php?ch=751&sid=084bdfccba613632c46b32927c05cad1&exp=1791081046&sig=f379529e03659b1dc3f4e967156574aec398ba1e0e6611c15f84513179854c4a
My Cinema Europe HD 我的歐洲電影,http://tv123.cc.cd/live.php?ch=757&sid=084bdfccba613632c46b32927c05cad1&exp=1791081046&sig=3a3a66eedef040e89d140ec9062eff751c14a3e0725fd7ab3a152cba3b53d918
好消息,http://tv123.cc.cd/live.php?ch=758&sid=084bdfccba613632c46b32927c05cad1&exp=1791081046&sig=18139d220c6f2e43bfc3a63174a508d3e02ee7c66467a0b817c710080c74ac05
好消息2台,http://tv123.cc.cd/live.php?ch=759&sid=084bdfccba613632c46b32927c05cad1&exp=1791081046&sig=c3a780168156863a59b72b3766e38f3e690ab7cadb0b746f59e92c9d02ca4fea
大愛二台,http://tv123.cc.cd/live.php?ch=760&sid=084bdfccba613632c46b32927c05cad1&exp=1791081046&sig=2b4802cf0f172dc0a8a42f39c95ea4cc748f7c54d41b2d12819b2eaed7491095
NHK WORLD-JAPAN,http://tv123.cc.cd/live.php?ch=762&sid=084bdfccba613632c46b32927c05cad1&exp=1791081046&sig=3290e098a215588a10da49ad99340e92aab0762a21f5b61d2cdcb6da2ba1a747
FRANCE24 英文台,http://tv123.cc.cd/live.php?ch=763&sid=084bdfccba613632c46b32927c05cad1&exp=1791081046&sig=fec04e55cacb655fafa6801376e7760d962de78c3eacd991aed69f4ebe438c15
半島國際新聞台,http://tv123.cc.cd/live.php?ch=764&sid=084bdfccba613632c46b32927c05cad1&exp=1791081046&sig=8557f19b135f258b2a7098a40b943b7acb02b15f8246abc6f86f41e28c2b9d1f
CNBC Asia 財經台,http://tv123.cc.cd/live.php?ch=765&sid=084bdfccba613632c46b32927c05cad1&exp=1791081046&sig=d433c58a9726035236522f5d19b59067996355962c223848502391d3f84bf5a5
DW德國之聲,http://tv123.cc.cd/live.php?ch=766&sid=084bdfccba613632c46b32927c05cad1&exp=1791081046&sig=cafa9534da6a8d82842322d471dfc496606bdb80886ea27be100282f88e38de8
國會頻道1,http://tv123.cc.cd/live.php?ch=767&sid=084bdfccba613632c46b32927c05cad1&exp=1791081046&sig=dc3b1e904736142e06ec07cdd6db24aee01f894499f672bf468b3bc658ecc865
國會頻道2,http://tv123.cc.cd/live.php?ch=768&sid=084bdfccba613632c46b32927c05cad1&exp=1791081046&sig=6b7ccf3ed78983a57bce5b5037cc8ca5a43ec7305e6abf8597c5b5ceb913edf5
ROCK Xstream搖滾極限頻道,http://tv123.cc.cd/live.php?ch=773&sid=084bdfccba613632c46b32927c05cad1&exp=1791081046&sig=bb6f6153482bfc1cf688c83e98fd1d6df5f7a12a7816cabf19472a3c6a966377
TVBS,http://tv123.cc.cd/live.php?ch=775&sid=084bdfccba613632c46b32927c05cad1&exp=1791081046&sig=7ed104620b33422f156f9bc018b76ec61427e33699e2f8d259d132c78e3c7330
ELTV生活英語台,http://tv123.cc.cd/live.php?ch=776&sid=084bdfccba613632c46b32927c05cad1&exp=1791081046&sig=c89c8283dc5c9cf5c47706ac5a2df6c30157750bc62ead08890f389b49dbdd51
原住民族電視台,http://tv123.cc.cd/live.php?ch=777&sid=084bdfccba613632c46b32927c05cad1&exp=1791081046&sig=cd701d6096b6c8d16ba3ef6d7897c5518374df2c6a97d84bd0201360e7318de5
博斯高球台,http://tv123.cc.cd/live.php?ch=778&sid=084bdfccba613632c46b32927c05cad1&exp=1791081046&sig=8be9824b22c4830af669c21de81fcef6abf1d08faf428438c4ac5f775e9b78fd
博斯高球二台,http://tv123.cc.cd/live.php?ch=779&sid=084bdfccba613632c46b32927c05cad1&exp=1791081046&sig=b5252d60d405bce6e98a43742404ff4db11d74926406a96bbfebc3848afddac5
博斯運動一台,http://tv123.cc.cd/live.php?ch=780&sid=084bdfccba613632c46b32927c05cad1&exp=1791081046&sig=e81d3326c8d8a2a2e101eb6c1bb238c84560008c8c913639601a8b5690b950a5
博斯無限台,http://tv123.cc.cd/live.php?ch=781&sid=084bdfccba613632c46b32927c05cad1&exp=1791081046&sig=9614092071826c3d3fbbff330a507e8194e9ac5075c5e5128641e92147ef6d4d
博斯網球台,http://tv123.cc.cd/live.php?ch=782&sid=084bdfccba613632c46b32927c05cad1&exp=1791081046&sig=d07208e6c5e46ddd3490f0ff8ff833f84efa78e50dbf97f6675a4114c04bc387
博斯運動二台,http://tv123.cc.cd/live.php?ch=783&sid=084bdfccba613632c46b32927c05cad1&exp=1791081046&sig=8038970920d5e0b07470abcb93fade674eb59b26ea5889583bb7a48af77896e6
博斯魅力台,http://tv123.cc.cd/live.php?ch=784&sid=084bdfccba613632c46b32927c05cad1&exp=1791081046&sig=1383e3a0fb9ebe716ca35520a0d6104dbe88f94b9faa81f08e5a5430bff10dcc
博斯無限二台,http://tv123.cc.cd/live.php?ch=785&sid=084bdfccba613632c46b32927c05cad1&exp=1791081046&sig=baec7dbcb8e56f4b1d0a541fbdf80a85f5011768210c811de2446f94656aedf3
幸福空間居家台,http://tv123.cc.cd/live.php?ch=786&sid=084bdfccba613632c46b32927c05cad1&exp=1791081046&sig=35f59dfe6c22fbe3e9244401487060515b58c742a022bc8effa683d1302bb28c
getwin sport運動台,http://tv123.cc.cd/live.php?ch=787&sid=084bdfccba613632c46b32927c05cad1&exp=1791081046&sig=2064275139b1030d73d26a84578ca3973c3800eae34e14a6b156fa1933a84c1c
ABC Australia 澳洲公廣頻道,http://tv123.cc.cd/live.php?ch=788&sid=084bdfccba613632c46b32927c05cad1&exp=1791081046&sig=c62d9c62ba2a40e85b827892698122ff9e838301ce55f2b3258f50c4cf17b881
OUTtv,http://tv123.cc.cd/live.php?ch=789&sid=084bdfccba613632c46b32927c05cad1&exp=1791081046&sig=02a850ef8c6be13686bccce9ed7fc4919909b41ce860c5ae9f5f1037a26b5099
wedotv Movies,http://tv123.cc.cd/live.php?ch=790&sid=084bdfccba613632c46b32927c05cad1&exp=1791081046&sig=24ce230d572b8ebf2e23072b3989ebb80f0fa47bfc7a1233b1e27012679ce92c
寰宇財經台,http://tv123.cc.cd/live.php?ch=791&sid=084bdfccba613632c46b32927c05cad1&exp=1791081046&sig=ab02d6be1b27eb07a2772742ce6a21faf4af6a1695029afb314312da5e538844
MagellanTV頻道 (麥哲倫頻道),http://tv123.cc.cd/live.php?ch=792&sid=084bdfccba613632c46b32927c05cad1&exp=1791081046&sig=7671c407e0098a1d64951c0d8e95582cfe3316752a5eb1a04ec89a1ebb5fbb1a
TR: NBA TV,http://tv123.cc.cd/live.php?ch=793&sid=084bdfccba613632c46b32927c05cad1&exp=1791081046&sig=c1174e882295057190fd76a855e1fff2f422cca5d095ab05939c4e0e27fe5fb7
USA: NBA TV,http://tv123.cc.cd/live.php?ch=794&sid=084bdfccba613632c46b32927c05cad1&exp=1791081046&sig=daa64cdc88d1f8aa07a94f5a9f8916855be232b225657dd2b01fa804c2406545
NBA TV,http://tv123.cc.cd/live.php?ch=795&sid=084bdfccba613632c46b32927c05cad1&exp=1791081046&sig=b8187921a7d755808ab008f96597ac437c5667608a3256b873e1e42cb84ae019
NBA,http://tv123.cc.cd/live.php?ch=796&sid=084bdfccba613632c46b32927c05cad1&exp=1791081046&sig=04ca334d688ce468c901524a96b14352a45af2d40f38bff16faf980c7812d883
NBA CA,http://tv123.cc.cd/live.php?ch=797&sid=084bdfccba613632c46b32927c05cad1&exp=1791081046&sig=a926cb08599e141f94a6a83a994f5baff799e6dd3e0c830e16870a3ab97c4796
NBA-備用,http://tv123.cc.cd/live.php?ch=798&sid=084bdfccba613632c46b32927c05cad1&exp=1791081046&sig=f6f96e25f8caa78f6423d0b52198c544c311262a72290742fbfdd1b65c6a50a2
SKY SPORT NBA,http://tv123.cc.cd/live.php?ch=799&sid=084bdfccba613632c46b32927c05cad1&exp=1791081046&sig=92b5a3cd61003a877505ac3d96b0b4e92c45221e37718ef895e26bc43c7f57ed
NBA TV,http://tv123.cc.cd/live.php?ch=800&sid=084bdfccba613632c46b32927c05cad1&exp=1791081046&sig=a09e0b44eb2aae546e3b073e7a74bfdcd1ea2d040e4a1f7aa4df687493c998b9
NBA | NBA TV FHD,http://tv123.cc.cd/live.php?ch=801&sid=084bdfccba613632c46b32927c05cad1&exp=1791081046&sig=c463798f2bffdc08847cd8ebbd886398f9ae4a9ed776d8e3080f33d272c72d1b
F1 TV,http://tv123.cc.cd/live.php?ch=802&sid=084bdfccba613632c46b32927c05cad1&exp=1791081046&sig=3f0538fe6fe01cbf236db1077711a005212cf3b5e83dea330f3179f212456195
DE - SKY SPORT F1 4K,http://tv123.cc.cd/live.php?ch=803&sid=084bdfccba613632c46b32927c05cad1&exp=1791081046&sig=58686fd97ee24f8ff9b3bb74b914aa3b045c9a256aaec7037d36c8263ed77882
SKY SPORTS F1 4K,http://tv123.cc.cd/live.php?ch=804&sid=084bdfccba613632c46b32927c05cad1&exp=1791081046&sig=50378bb224e1fb978b458ba64ec138bd94d76055a691d6fbc5883fb7afe6dd10
Now Sports 精選,http://tv123.cc.cd/live.php?ch=808&sid=084bdfccba613632c46b32927c05cad1&exp=1791081046&sig=e50ab902146ba4cbef03b98058b5ecdf23db14f725bfd525a261f5bfc5fad08e
HOYTV,http://tv123.cc.cd/live.php?ch=810&sid=084bdfccba613632c46b32927c05cad1&exp=1791081046&sig=73ffbda7419d341e250d4b0b0d51a8d908a493f3ac38851af8f2e7c36fe05d65
Thrill,http://tv123.cc.cd/live.php?ch=813&sid=084bdfccba613632c46b32927c05cad1&exp=1791081046&sig=f6dbf100fd0479a1d2b1cc7a6a293f5e5b0c7ecff9d6fb1c8575b9d173ba3267
Nick Jr.,http://tv123.cc.cd/live.php?ch=814&sid=084bdfccba613632c46b32927c05cad1&exp=1791081046&sig=0061e04b0d40bc7476fda6d999fa5356e443abd045baa3f008a3167dbcacecc7
Nickelodeon,http://tv123.cc.cd/live.php?ch=815&sid=084bdfccba613632c46b32927c05cad1&exp=1791081046&sig=288a264bed9bcf7b159658b6a4dff261d5264cc0fb257323597e8eed8b674d88
ZooMoo,http://tv123.cc.cd/live.php?ch=816&sid=084bdfccba613632c46b32927c05cad1&exp=1791081046&sig=0dc00e51b85496f5804870abef49f74a68d3c6e8ead7080d0460932269b9e076
PopC,http://tv123.cc.cd/live.php?ch=823&sid=084bdfccba613632c46b32927c05cad1&exp=1791081046&sig=6ca9940c181a20b4ed0c3a81d08bed4c852baf54099c4b30a22fa52a49955f49
beIN Sports 1,http://tv123.cc.cd/live.php?ch=832&sid=084bdfccba613632c46b32927c05cad1&exp=1791081046&sig=df9fb0e27919d9ffda8c616c033350136d14f806c7350f71055f83a9e9add48b
Now Sports 英超1台,http://tv123.cc.cd/live.php?ch=833&sid=084bdfccba613632c46b32927c05cad1&exp=1791081046&sig=b1efed7c1dc13f8408b39c6dce261e89422e5f7bc3be213353237000919119a1
Now Sports 英超2台,http://tv123.cc.cd/live.php?ch=834&sid=084bdfccba613632c46b32927c05cad1&exp=1791081046&sig=1743489400d6141a42fe7c8184a056970edde0abcb17b34d8526ac1efeb04261
Now Sports 英超3台,http://tv123.cc.cd/live.php?ch=835&sid=084bdfccba613632c46b32927c05cad1&exp=1791081046&sig=797cb58a1bfcc4415a902d6e8bbf9af31d19668f9c7b75ce4edf35dfd2edbb6b
Now Sports 英超4台,http://tv123.cc.cd/live.php?ch=836&sid=084bdfccba613632c46b32927c05cad1&exp=1791081046&sig=db73366f63a4131b00a5636541f5926c23b373c3e18214a8b4e783b95f0e23c0
Now Sports 英超5台,http://tv123.cc.cd/live.php?ch=837&sid=084bdfccba613632c46b32927c05cad1&exp=1791081046&sig=f374972ac604695f80a6132db3f88bf106c5ff3896277f19e147e0cae1b64bf1
31-RTHK TV31,http://tv123.cc.cd/live.php?ch=838&sid=084bdfccba613632c46b32927c05cad1&exp=1791081046&sig=48d82899395c0fc242e11efbdb905ba2fbe8ad7e99818e99a67739a0a62afad9
32-RTHK TV32,http://tv123.cc.cd/live.php?ch=839&sid=084bdfccba613632c46b32927c05cad1&exp=1791081046&sig=b4f0e171ad2a8befc5933aaf80e0ca36e77c2c2f9632e25c7f5db676c1dfc49d
76-HOY財經台,http://tv123.cc.cd/live.php?ch=840&sid=084bdfccba613632c46b32927c05cad1&exp=1791081046&sig=a722c08d3c6d02a5daacf28b9987ee9bd742642265b89f53b7464a486001e9af
77-HOYTV,http://tv123.cc.cd/live.php?ch=841&sid=084bdfccba613632c46b32927c05cad1&exp=1791081046&sig=dd5fdeab131e0d901b6f06bd2dd56ee122515f21800ad0cd665dc23a652bf2cb
78-HOY資訊台,http://tv123.cc.cd/live.php?ch=842&sid=084bdfccba613632c46b32927c05cad1&exp=1791081046&sig=a4940d03492b062379b353ccc234af81c8474550957717e2cdd357a5e60d6786
85-凤凰香港台,http://tv123.cc.cd/live.php?ch=843&sid=084bdfccba613632c46b32927c05cad1&exp=1791081046&sig=b7d3e50710d5b5a4c79675cf86da39c17d432743d5958e7437bcf388f0251534
96-ViuTVsix,http://tv123.cc.cd/live.php?ch=844&sid=084bdfccba613632c46b32927c05cad1&exp=1791081046&sig=aac45f8f27c3cab2b2892a517923df074d7dc59a1caad01b8ff5fa504845d2f6
99-ViuTV,http://tv123.cc.cd/live.php?ch=845&sid=084bdfccba613632c46b32927c05cad1&exp=1791081046&sig=cbb199f36429b3bf51a89b84fb184569d60ac8b621eecf3c28e26409440678ac
日テレNEWS,http://tv123.cc.cd/live.php?ch=846&sid=084bdfccba613632c46b32927c05cad1&exp=1791081046&sig=b3180948a1d7bd3f30f300bcc32e153944922746c439c5c436fc657d645a318f
FNNプライムオンライン,http://tv123.cc.cd/live.php?ch=847&sid=084bdfccba613632c46b32927c05cad1&exp=1791081046&sig=a7f95774044a5bf70c2130c9158b31b82c18df6e1bde0d3f2bfd9d92950ed68d
MBS ニュース,http://tv123.cc.cd/live.php?ch=848&sid=084bdfccba613632c46b32927c05cad1&exp=1791081046&sig=64368b73e602ea57e97a4a6f6eeaa767a5752fb1bce034b510e6df9bc5eca72c
ウェザーニュース LIVE,http://tv123.cc.cd/live.php?ch=849&sid=084bdfccba613632c46b32927c05cad1&exp=1791081046&sig=3926d0c170d5abea45c0e137994da6e152c6ddfe2eff57bc7c7dfbb2d6056ec8
TOKYOMX チャンネル,http://tv123.cc.cd/live.php?ch=850&sid=084bdfccba613632c46b32927c05cad1&exp=1791081046&sig=d7d09f3e38c9f7fe89d125c036033c6db1e3828876158d49f1acdf76633a5504
共同通信News,http://tv123.cc.cd/live.php?ch=851&sid=084bdfccba613632c46b32927c05cad1&exp=1791081046&sig=35e85e332886fe39f2630f8d0aad1d3dc82b3619cd642210eeb8b755b776fd04
日テレNEWSセレクト,http://tv123.cc.cd/live.php?ch=852&sid=084bdfccba613632c46b32927c05cad1&exp=1791081046&sig=c48b1a6a7f54adeb0e04d72bdee243b68cc52dfbece9ba105a02100617df4bd5
オリコンニュース,http://tv123.cc.cd/live.php?ch=853&sid=084bdfccba613632c46b32927c05cad1&exp=1791081046&sig=762c9a12b0d4bfeec74faac84e7dcfc289ded4f6c5af3cbd08874381384bbbba
Bloomberg TV+,http://tv123.cc.cd/live.php?ch=855&sid=084bdfccba613632c46b32927c05cad1&exp=1791081046&sig=68e33169991d9fa7768151d62f7be3e99239d2df355757ee56bd8395c2e021bd
ユーロニュース,http://tv123.cc.cd/live.php?ch=856&sid=084bdfccba613632c46b32927c05cad1&exp=1791081046&sig=b301327347dda80d15de33ac9b72168a4934382c8bfa6a84b82cfe70050da866
Reuters 60°,http://tv123.cc.cd/live.php?ch=857&sid=084bdfccba613632c46b32927c05cad1&exp=1791081046&sig=8adc1dd852ad43cc9584c7a9d0106b7a53f83a022a3ed4dc10cb6bdb08d5c9a9
QVC TV (Rチャンネル),http://tv123.cc.cd/live.php?ch=858&sid=084bdfccba613632c46b32927c05cad1&exp=1791081046&sig=51db3ff65e3af231d70b917dbca82e248b356e6d20fe89b9b032b149b53c51e7
GSTV (Rチャンネル),http://tv123.cc.cd/live.php?ch=859&sid=084bdfccba613632c46b32927c05cad1&exp=1791081046&sig=0e600f738e89480444026978242be2c8c6ef17fd7a26d75b77f5a1c2ec4d7758
TOP BARÇA,http://tv123.cc.cd/live.php?ch=860&sid=084bdfccba613632c46b32927c05cad1&exp=1791081046&sig=fd7c2faf5c66262157becc228d4d0df0354f9d069e671292d7236b81ffc545dc
ゴルフ,http://tv123.cc.cd/live.php?ch=861&sid=084bdfccba613632c46b32927c05cad1&exp=1791081046&sig=c841187119d0fdf985ca74ab2291c1e07514fc40e2709d42edf3327fd5f04610
日ﾃﾚﾌﾟﾛﾚｽ ｱｰｶｲ部,http://tv123.cc.cd/live.php?ch=862&sid=084bdfccba613632c46b32927c05cad1&exp=1791081046&sig=bf45f3016476413a2d5c77677fc28e51b3effc3b99bcdb9c90e47c4eb227e6d5
スカイ A - サプリ,http://tv123.cc.cd/live.php?ch=863&sid=084bdfccba613632c46b32927c05cad1&exp=1791081046&sig=63a79a83d0458852ade859cec04cd7f8cdbceacbbbd4813690ed1fe8c9c6dcce
GAORA ZERO,http://tv123.cc.cd/live.php?ch=864&sid=084bdfccba613632c46b32927c05cad1&exp=1791081046&sig=f0bd48fcf39bca5ee8af774e8554d146972fee09a20639983cfe4854d5830ba3
FUELTV,http://tv123.cc.cd/live.php?ch=865&sid=084bdfccba613632c46b32927c05cad1&exp=1791081046&sig=40c14f9894e82256deb323ccabe519dcb49e631b89f4c9a39bc58406ea1779ef
手塚プロダクションTV,http://tv123.cc.cd/live.php?ch=866&sid=084bdfccba613632c46b32927c05cad1&exp=1791081046&sig=44ed96e532fdfa0f4fa84c2f9b3a6d83a25eac64a4b93a2ad7b3669851d4100c
キッズ,http://tv123.cc.cd/live.php?ch=867&sid=084bdfccba613632c46b32927c05cad1&exp=1791081046&sig=affe8eb78b4ade799be426559afa3adeacd7288159459438a122a0de0f88566b
ムビドラTV,http://tv123.cc.cd/live.php?ch=868&sid=084bdfccba613632c46b32927c05cad1&exp=1791081046&sig=c7ebb8099a1028ac2aebe2409cb715231f126dc67d66a918259cdcbac04dfa11
HISTORY CHANNEL,http://tv123.cc.cd/live.php?ch=869&sid=084bdfccba613632c46b32927c05cad1&exp=1791081046&sig=45901306a666813473c36fe77ef7d9a1a44f04fb40f00e49a470c632c06c39c5
鉄道・旅,http://tv123.cc.cd/live.php?ch=870&sid=084bdfccba613632c46b32927c05cad1&exp=1791081046&sig=e64c01cc6fec370a064d40fe3bb60b047c3a032f82ac08c3874af75b30da0d6f
鉄道・旅 (B),http://tv123.cc.cd/live.php?ch=871&sid=084bdfccba613632c46b32927c05cad1&exp=1791081046&sig=bac7a8a279fae72a36353996e331e910edd52d85ed414a1c260cdaf022ec390b
ワンニャンチャンネル,http://tv123.cc.cd/live.php?ch=872&sid=084bdfccba613632c46b32927c05cad1&exp=1791081046&sig=0d27c9cf7d9ad109364b1b20c7cfa771d2a579f1deda8ef42c078619b3b508cf
- ぷれいば！～ゲーム専門チャンネル～,http://tv123.cc.cd/live.php?ch=873&sid=084bdfccba613632c46b32927c05cad1&exp=1791081046&sig=3bc6800a3ded699c46af9851510fa5ed8d202616ce21f5efd087ec7d332a7fe8
釣り,http://tv123.cc.cd/live.php?ch=874&sid=084bdfccba613632c46b32927c05cad1&exp=1791081046&sig=9e36286645914cfb26d529a574a81670bf3f02248cb96944fbfdc04f14069614
囲碁・将棋ライト,http://tv123.cc.cd/live.php?ch=875&sid=084bdfccba613632c46b32927c05cad1&exp=1791081046&sig=af64c816c5b8e84e5f15c14a97f4b6084c00191d5c413b5bb47b11598e081f6c
将棋,http://tv123.cc.cd/live.php?ch=876&sid=084bdfccba613632c46b32927c05cad1&exp=1791081046&sig=22a9a78c977ab50b5be558d2047fb043a914b9193f318778822be3b4e4db6e5a
麻雀,http://tv123.cc.cd/live.php?ch=877&sid=084bdfccba613632c46b32927c05cad1&exp=1791081046&sig=2cf1b22ff8288a77d5e72851d8caadb08c0e6103caf93af32d78b3220901684c
パチンコ・パチスロ,http://tv123.cc.cd/live.php?ch=878&sid=084bdfccba613632c46b32927c05cad1&exp=1791081046&sig=b3ef6cfc976ae148d98c395265ce280158330c3d1bfc646a0bb4458b8b9b07e1
エンタメ～テレ DEEP,http://tv123.cc.cd/live.php?ch=879&sid=084bdfccba613632c46b32927c05cad1&exp=1791081046&sig=c7ad550aa58212d01736b445c64c65f67169907add9e266275d2e4b909c730dd
That's 70s,http://tv123.cc.cd/live.php?ch=880&sid=084bdfccba613632c46b32927c05cad1&exp=1791081046&sig=5f9c395c73e9ae0bae19db0731fc694c1093c0e82cdef2f0ecb2f1b85df127de
That's 80s,http://tv123.cc.cd/live.php?ch=881&sid=084bdfccba613632c46b32927c05cad1&exp=1791081046&sig=8e4d2a3dff033662db7eeda95f4a03c4193f61355942d90535f0bbedf38becca
That's 90s & 00s,http://tv123.cc.cd/live.php?ch=882&sid=084bdfccba613632c46b32927c05cad1&exp=1791081046&sig=cf6a02031b4afd656251324c6381bf8c4fbbf2cc0c4247ea4de092d9b1f485e3
That's ROCK,http://tv123.cc.cd/live.php?ch=883&sid=084bdfccba613632c46b32927c05cad1&exp=1791081046&sig=b3fe9f233cb1d1e52a1b80856c5ecf2a5b29a6ecb6e001f121d0266da738080c
演歌・歌謡,http://tv123.cc.cd/live.php?ch=884&sid=084bdfccba613632c46b32927c05cad1&exp=1791081046&sig=32088523f384f5f535e9cbaa1a1b4a13e2acfc87cfec76f4fc04540f4c63006c
セクシーエンタメチャンネル,http://tv123.cc.cd/live.php?ch=885&sid=084bdfccba613632c46b32927c05cad1&exp=1791081046&sig=b52cf0078aca21413e6f398a475534c1dc5c0fd0e90bb2940b2840db47c837b0
おとなの歓楽街 by MEN'S NECO,http://tv123.cc.cd/live.php?ch=886&sid=084bdfccba613632c46b32927c05cad1&exp=1791081046&sig=d0bcf79d379b6738785c71093c312b1eaa0e842020da364859700444fe7bdd24
おとなの歓楽街 by MEN'S NECO (B),http://tv123.cc.cd/live.php?ch=887&sid=084bdfccba613632c46b32927c05cad1&exp=1791081046&sig=ae7d19b7c011cfb87a724c23df4a083acdeeeb757f144ad52642e5c8cb85beb7
アイドル・グラビア,http://tv123.cc.cd/live.php?ch=888&sid=084bdfccba613632c46b32927c05cad1&exp=1791081046&sig=b305d2a5eb27933e4ac1742072a6700c0f384794ce009c8380df234d87b03763
アイドル・グラビア (B),http://tv123.cc.cd/live.php?ch=889&sid=084bdfccba613632c46b32927c05cad1&exp=1791081046&sig=c7850047edbd08589e48406445b7175beda4d05cf01b531beb64b4d274d98a1c
刺激ストロング,http://tv123.cc.cd/live.php?ch=890&sid=084bdfccba613632c46b32927c05cad1&exp=1791081046&sig=cd648637223cb978a26f50a40ee7a7da733bf61ed807932deedba7af8ea5a210
刺激ストロング (B),http://tv123.cc.cd/live.php?ch=891&sid=084bdfccba613632c46b32927c05cad1&exp=1791081046&sig=a57d1592a82d9d62a1aacde1e1a3bff3b53f6f169780e5dd512103af28ce2369
映画 (R15+),http://tv123.cc.cd/live.php?ch=892&sid=084bdfccba613632c46b32927c05cad1&exp=1791081046&sig=9503a7a7c5af0500bc607535f7db94123f03f4a9244398abc91d8b32f2837325
AbemaTV CM (VPN JP),http://tv123.cc.cd/live.php?ch=893&sid=084bdfccba613632c46b32927c05cad1&exp=1791081046&sig=4f2f9d1373a153428603160dc98214eaad89489b48def0fb0cc79a9622aa9f14
AbemaTV NEWS (VPN JP),#KODIPROP:inputstream.adaptive.license_type=clearkey
AbemaTV NEWSPLUS (VPN JP),#KODIPROP:inputstream.adaptive.license_type=clearkey
Anime 24/7 (ROKU),http://tv123.cc.cd/live.php?ch=896&sid=084bdfccba613632c46b32927c05cad1&exp=1791081046&sig=36a11b42721fc6b6e385fdc5ffc1fd0e23336caa3c1f7d4536d63d63f2e60447
Anime Visión (Spain),http://tv123.cc.cd/live.php?ch=897&sid=084bdfccba613632c46b32927c05cad1&exp=1791081046&sig=7bfb26bcb70de4691318e18cf32555259a90d52cccd53685ac97e1c24d861d40
Anime Visión Classics (Spain),http://tv123.cc.cd/live.php?ch=898&sid=084bdfccba613632c46b32927c05cad1&exp=1791081046&sig=97d37ecccc68cb88759f39926950701b5aea1c636abf71770b94cf4149f15bdc
AnimeXHIDIVE (ROKU),http://tv123.cc.cd/live.php?ch=899&sid=084bdfccba613632c46b32927c05cad1&exp=1791081046&sig=6c3d074a5a72de49e032fb8b56a59d5237a3bb3c0f005434adbe40cc81efbe5e
BS Fuji 182 (ConvergeTV),http://tv123.cc.cd/live.php?ch=900&sid=084bdfccba613632c46b32927c05cad1&exp=1791081046&sig=89785e43bcd92f4e5f0dc5c3c70971bfc67db6f75229de2273da02a176b3c355
BS4 Nittele Premium (ConvergeTV),http://tv123.cc.cd/live.php?ch=901&sid=084bdfccba613632c46b32927c05cad1&exp=1791081046&sig=c5c0fd668a1d538a05a2a648651c546504657677d2ea21231c4867017033cc6a
BS10 Orange Channel (ConvergeTV),http://tv123.cc.cd/live.php?ch=902&sid=084bdfccba613632c46b32927c05cad1&exp=1791081046&sig=fc503d8a8bda09f85d0126fb9aaac9c5fa2aa7d8d5f8748988b5422fb817a348
CGNTV Japan (HD),http://tv123.cc.cd/live.php?ch=903&sid=084bdfccba613632c46b32927c05cad1&exp=1791081046&sig=2991348064e489384dce313f65baf6494a7713f02ab712d558d407b02a5d20f0
Crunchyroll TV (ROKU),http://tv123.cc.cd/live.php?ch=904&sid=084bdfccba613632c46b32927c05cad1&exp=1791081046&sig=fc7d251cf472148efcf89f239159ef99ce9b6bd5d524b94713bfbcf43b6c1c96
CS523 - Shop Channel,http://tv123.cc.cd/live.php?ch=905&sid=084bdfccba613632c46b32927c05cad1&exp=1791081046&sig=1cfbd0b547bb37b2f75faebce4a5ca775a6c4cf8b60fb48c072a6873ae74c763
CS525 - QVC TV JP,http://tv123.cc.cd/live.php?ch=906&sid=084bdfccba613632c46b32927c05cad1&exp=1791081046&sig=738688afca654f11652a87fdcba029327e1a54fe415c5cc83e55dc69d67e4ed7
CS527 - GSTV Jewelry Channel,http://tv123.cc.cd/live.php?ch=907&sid=084bdfccba613632c46b32927c05cad1&exp=1791081046&sig=856ebc54f1ec719dd17ead997addbf882ca09f38beca42fee1c96426274c6cbf
FILMRISE Anime (TCL),http://tv123.cc.cd/live.php?ch=908&sid=084bdfccba613632c46b32927c05cad1&exp=1791081046&sig=552c1cf2ea4f210154b35026109b2bb22c95661a750485ef0f38a4dc6810de9c
Fuji Terebi,http://tv123.cc.cd/live.php?ch=909&sid=084bdfccba613632c46b32927c05cad1&exp=1791081046&sig=e8a09651f2bf6adc74072b130b4f1c36c0f77b5668b3adc2459572eca0c04481
Fuji Terebi (MOV3),http://tv123.cc.cd/live.php?ch=910&sid=084bdfccba613632c46b32927c05cad1&exp=1791081046&sig=24781d410b155e6839c62f9ab71449195266164902ef0e74331688bc50f51d1c
MEN'S NECO CHANNEL,#KODIPROP:inputstream.adaptive.license_type=clearkey
NHK G Tokyo (AVG FHD),http://tv123.cc.cd/live.php?ch=912&sid=084bdfccba613632c46b32927c05cad1&exp=1791081046&sig=b443d7c2a1dde2cead122b4808915f0d4658813ddf15e6ae361b146bc322ee40
NHK G Tokyo (MOV3),http://tv123.cc.cd/live.php?ch=913&sid=084bdfccba613632c46b32927c05cad1&exp=1791081046&sig=57d9900394888d5070dd70eab02bee481541a4a7652b2fbd9bcb284c178947e4
NHK G Yamagata (Test Transmission),http://tv123.cc.cd/live.php?ch=914&sid=084bdfccba613632c46b32927c05cad1&exp=1791081046&sig=7eece906e8d63e39ef49f33a74f80d5c8d84f884fcac0d4e5f12dc804e5e28a9
NHK World Japan (Main Ch),http://tv123.cc.cd/live.php?ch=915&sid=084bdfccba613632c46b32927c05cad1&exp=1791081046&sig=e3c7531a8972f6faacbba2db379af2ef63d9e50354a52a69ce3f962814a481d0
NHK World Japan (Backup Ch),http://tv123.cc.cd/live.php?ch=916&sid=084bdfccba613632c46b32927c05cad1&exp=1791081046&sig=e415306f9c09f4f9cdd4758cafba7d742d4d2558e8663b040e8d2433c2b4bc3c
NHK World Japan (Comclark),http://tv123.cc.cd/live.php?ch=917&sid=084bdfccba613632c46b32927c05cad1&exp=1791081046&sig=603117c2e7797dc9db5e38886ff187f5840622a39426b2e7896072fc1e7293bf
NHK World Japan (Full HD),http://tv123.cc.cd/live.php?ch=918&sid=084bdfccba613632c46b32927c05cad1&exp=1791081046&sig=7d2b279067ad119124e0e00001879129330f1212a7a2db3437a74d4c8c871fb0
NipponTV - NTV (MOV3),http://tv123.cc.cd/live.php?ch=919&sid=084bdfccba613632c46b32927c05cad1&exp=1791081046&sig=e257fc6c4d169c3bf0d714725af049671c050aebe7fc3b2c189075ca9df4d225
NHK World (Tokyo Landscape),http://tv123.cc.cd/live.php?ch=920&sid=084bdfccba613632c46b32927c05cad1&exp=1791081046&sig=fea0511935ad7a2844a8c25b345e26bb76300c2113c022df2fe1c358786dc4c5
Shop Channel (JP),http://tv123.cc.cd/live.php?ch=921&sid=084bdfccba613632c46b32927c05cad1&exp=1791081046&sig=3ce10d73f187b0bb07b09e3e526e87716b6b65296ede27574764d0973d49d6dc
Stockvoice TV Japan,http://tv123.cc.cd/live.php?ch=922&sid=084bdfccba613632c46b32927c05cad1&exp=1791081046&sig=514a4c6feac489caa760936a8924fd188aae6c35f1f3ee32d7a369d9f078e559
Stockvoice TV Live,http://tv123.cc.cd/live.php?ch=923&sid=084bdfccba613632c46b32927c05cad1&exp=1791081046&sig=bc1963a4dce8ae89dbcd7f178ce159ca50e59202cab9a2dfc3b2998fc7347cd7
TBS Terebi (MOV3),http://tv123.cc.cd/live.php?ch=924&sid=084bdfccba613632c46b32927c05cad1&exp=1791081046&sig=693f84677ccb4c382f2e2c066056bf154e03230f8c72766a7a3a8501ff70622d
TCL Anime (TCL+),http://tv123.cc.cd/live.php?ch=925&sid=084bdfccba613632c46b32927c05cad1&exp=1791081046&sig=22685824c0f8d75ad2e812cf11040a3bf4bb190457f682ed509ab1fb6233880c
TVAsahi,http://tv123.cc.cd/live.php?ch=926&sid=084bdfccba613632c46b32927c05cad1&exp=1791081046&sig=95d30a74ae9651468330b5cc98aa9a7863484b2b9c04648547481764f645d56f
TVAsahi (MOV3),http://tv123.cc.cd/live.php?ch=927&sid=084bdfccba613632c46b32927c05cad1&exp=1791081046&sig=1053fd6fb68c69498ed33134e94aeab77b924ee477704315f4e1ff0a82a66c2a
フジテレビ系 (TVerチャンネル),http://tv123.cc.cd/live.php?ch=928&sid=084bdfccba613632c46b32927c05cad1&exp=1791081046&sig=fd87d4ff88a793df795f5432a1f49a21506ee021d93af1e0cc8b721af3dc8f46
日テレ系 (TVerチャンネル),http://tv123.cc.cd/live.php?ch=929&sid=084bdfccba613632c46b32927c05cad1&exp=1791081046&sig=4d52f3073ddc82105d19410eb9b9e17d5dd094e03b349fd82699a32a466642b5
TBS系 (TVerチャンネル),http://tv123.cc.cd/live.php?ch=930&sid=084bdfccba613632c46b32927c05cad1&exp=1791081046&sig=b3867f3889f7fd55bd3e9c4d56e4d64833b94fa0ca7254c303e93420cefaf782
テレ朝系 (TVerチャンネル),http://tv123.cc.cd/live.php?ch=931&sid=084bdfccba613632c46b32927c05cad1&exp=1791081046&sig=16300cb9d4cfb920d92038b31cccdf06554b532961a707d119f26f048381ea15
テレ東系 (TVerチャンネル),http://tv123.cc.cd/live.php?ch=932&sid=084bdfccba613632c46b32927c05cad1&exp=1791081046&sig=e8e652cf58f9ea815a5710393a1975016c2d43c7c52eaa9e9ec05bf92a14d5dc
《09.30終》時代劇TV（Powered by 時代劇専門チャンネル）,http://tv123.cc.cd/live.php?ch=933&sid=084bdfccba613632c46b32927c05cad1&exp=1791081046&sig=3e583d91f46d13ce0b1eb640fd154d53985955378e86f413b6e7fea9050c7177
《09.30終》ビジネス・プレミアムチャンネル,http://tv123.cc.cd/live.php?ch=934&sid=084bdfccba613632c46b32927c05cad1&exp=1791081046&sig=b9cc1cd515de6c3bb9c2a9639844fe9c8123dd837c62171807e3e6d7911396a3
《09.30終》丸ごと九州 チャンネル,http://tv123.cc.cd/live.php?ch=935&sid=084bdfccba613632c46b32927c05cad1&exp=1791081046&sig=dc04937a9af0025bef566b50aa8ff5ee90f9d4c2c4720045788fa58a8c128b65
《09.30終》ぴあ落語ざんまい,http://tv123.cc.cd/live.php?ch=936&sid=084bdfccba613632c46b32927c05cad1&exp=1791081046&sig=24ba3af04a5d4f1400715edce53b12876d9fe45dd4ab67e44b81b0ded3c4d511
《09.30終》LEMINO TV,http://tv123.cc.cd/live.php?ch=937&sid=084bdfccba613632c46b32927c05cad1&exp=1791081046&sig=a26fc13af02a7bca54ebc4caf395a4cd82d8359260430b7991dfb37faffec0c9
《09.30終》エンタメ・アジア (FREE),http://tv123.cc.cd/live.php?ch=938&sid=084bdfccba613632c46b32927c05cad1&exp=1791081046&sig=1c95f3b5de253961f4336ddfe6d1d20d46426e1f777a2b71dbd81380c4379982
《09.30終》FASHIONPLUS (F+),http://tv123.cc.cd/live.php?ch=939&sid=084bdfccba613632c46b32927c05cad1&exp=1791081046&sig=8820080c72b4b6edde96d50e747227430a03f9dc53dee1d2454a153028f46d88
《09.30終》ペットTV,http://tv123.cc.cd/live.php?ch=940&sid=084bdfccba613632c46b32927c05cad1&exp=1791081046&sig=6b2e1cab7e07a8a0700d19a9005ac680799ad378917f998490faf193ba602b76
《09.30終》囲碁・将棋ライト,http://tv123.cc.cd/live.php?ch=941&sid=084bdfccba613632c46b32927c05cad1&exp=1791081046&sig=28afc4a840f3ec9a509a414fd3cf9c362a7d8e3d92583af28cbff8fe2854d82b
《09.30終》キャンプ・アウトドアチャンネル (POWERED by ハピキャン),http://tv123.cc.cd/live.php?ch=942&sid=084bdfccba613632c46b32927c05cad1&exp=1791081046&sig=afe53b0ac56cb057e72bfd6ecc0fc58c4d86ddbea570d8c36db48e0172dfb3f3
《09.30終》今日のごはんなに?,http://tv123.cc.cd/live.php?ch=943&sid=084bdfccba613632c46b32927c05cad1&exp=1791081046&sig=df75d1872184c609d333c2aca89566e8066d6427fc2b916934d6a2dc25e61a76
《09.30終》GOLF LIFE HD,http://tv123.cc.cd/live.php?ch=944&sid=084bdfccba613632c46b32927c05cad1&exp=1791081046&sig=8b1ef2590642743a2167a927a75b6c978fe1178c86b3d131a1b116529adb343c
《09.30終》丸ごと北海道 チャンネル,http://tv123.cc.cd/live.php?ch=945&sid=084bdfccba613632c46b32927c05cad1&exp=1791081046&sig=b180eb3ed3fc107389fc0fbe0aae3a9770e197da2248bee6cfb73930ff2b8ba1
《09.30終》アニマックス FREE,http://tv123.cc.cd/live.php?ch=946&sid=084bdfccba613632c46b32927c05cad1&exp=1791081046&sig=f09a01f9c24b3caecd40796188db994692112658fa1e3222b74093f65aaca99a
《09.30終》韓流チャンネル,http://tv123.cc.cd/live.php?ch=947&sid=084bdfccba613632c46b32927c05cad1&exp=1791081046&sig=f07e1bfb96dac1a2f75a39539a95bc329fc7a85670c78b58534c66b883a7ba4a
《09.30終》観るたび (PRODUCED by るるぶ),http://tv123.cc.cd/live.php?ch=948&sid=084bdfccba613632c46b32927c05cad1&exp=1791081046&sig=06635f2f21bc6e595479b98461770ff13f5b48700d446101c39086ecf4eee1a6
《09.30終》エンタメニュース (POWERED by ORICON NEWS),http://tv123.cc.cd/live.php?ch=949&sid=084bdfccba613632c46b32927c05cad1&exp=1791081046&sig=8a9469643cf7c4f713f730d62f42c19a960e866f6eaeb6fc6f4a7ff695a2610a
《09.30終》東海ロキポチャンネル,http://tv123.cc.cd/live.php?ch=950&sid=084bdfccba613632c46b32927c05cad1&exp=1791081046&sig=59b6c3da45a86e31489badfa45243d358066dd476d0dc10af475e95c8803ddeb
《09.30終》FREETV ニュース • POWERED by 17LIVE,http://tv123.cc.cd/live.php?ch=951&sid=084bdfccba613632c46b32927c05cad1&exp=1791081046&sig=23ec9b7f9c926a789819854b18ca643d598ab929ff68e29064b2b7cd73240163
Hub Ruyi,http://tv123.cc.cd/live.php?ch=952&sid=084bdfccba613632c46b32927c05cad1&exp=1791081046&sig=ef5e98dbbc63f025ed45e2799ac6e6611ba98733624b169f5a5f76a7c8b238bf
Preview Channel,http://tv123.cc.cd/live.php?ch=953&sid=084bdfccba613632c46b32927c05cad1&exp=1791081046&sig=6d174b8cee4e048e7cc6ee33cb8c0985d1573d75f8da100ca826dcb06a033718
Channel 5 HD,http://tv123.cc.cd/live.php?ch=954&sid=084bdfccba613632c46b32927c05cad1&exp=1791081046&sig=97782e4c3317d2ea759dbe5759080c07885a7dd6a76eebe9138f6c109195f305
Channel 8 HD,http://tv123.cc.cd/live.php?ch=955&sid=084bdfccba613632c46b32927c05cad1&exp=1791081046&sig=cf44da5a3fa2289ab3ee37fe3dd04176b92d7c608f9937d0fa90dc0f227dddca
Suria HD,http://tv123.cc.cd/live.php?ch=956&sid=084bdfccba613632c46b32927c05cad1&exp=1791081046&sig=bb8d78527d05c8a0d0441f16495d24ce05c429167cceb3a6f3f4d9f0041da6a8
Vasantham HD,http://tv123.cc.cd/live.php?ch=957&sid=084bdfccba613632c46b32927c05cad1&exp=1791081046&sig=a2dbcc29f608139a341a27b6cb15fd1da78293363a91c3e58e3ecff7c5587928
Channel News Asia HD,http://tv123.cc.cd/live.php?ch=958&sid=084bdfccba613632c46b32927c05cad1&exp=1791081046&sig=328dcb9c8744269c7ccc23532136c0f464efc3a5a134e4ac5c37fea4f1ed4571
Channel U HD,http://tv123.cc.cd/live.php?ch=959&sid=084bdfccba613632c46b32927c05cad1&exp=1791081046&sig=1c790093efc7e66ece1040f5fa56f0bcc6b62eeb6201449681d7214b2f1c879f
Hub E City HD,http://tv123.cc.cd/live.php?ch=960&sid=084bdfccba613632c46b32927c05cad1&exp=1791081046&sig=8703ece6d0c0931f4e56a142395b9911d886469534b53399a8854c4d91dd05b7
Citra Entertainment,http://tv123.cc.cd/live.php?ch=961&sid=084bdfccba613632c46b32927c05cad1&exp=1791081046&sig=aa9f9b6ccd5346c0885060a0abe04a68d86ba1798e68d2d2a4af0dba68dc733d
Karisma,http://tv123.cc.cd/live.php?ch=962&sid=084bdfccba613632c46b32927c05cad1&exp=1791081046&sig=f2b2f90c5358c050c92616227ed4a8c4276a9085bcae37bcc922d048efb4d8f9
Astro Warna HD,http://tv123.cc.cd/live.php?ch=963&sid=084bdfccba613632c46b32927c05cad1&exp=1791081046&sig=655f80644fbcb864f6ec714a97090fd6922e9a9f74f71f38c7394d6294e1561f
Astro Sensasi HD,http://tv123.cc.cd/live.php?ch=964&sid=084bdfccba613632c46b32927c05cad1&exp=1791081046&sig=be8b71ee726c39403523cc5aa8078b4e0e9125a781f2acc750ff19f9dab2abbe
ONE (Malay),http://tv123.cc.cd/live.php?ch=965&sid=084bdfccba613632c46b32927c05cad1&exp=1791081046&sig=a702d0e991f4b4853820a9f25ef333f2d24ca0a0ba47d1cb0cec1308ecbd8304
Zee TV,http://tv123.cc.cd/live.php?ch=966&sid=084bdfccba613632c46b32927c05cad1&exp=1791081046&sig=9f8c25203fe957603a47ac539e246197df0d672df9f7d84f4769f3f4d939ee64
Sony Entertainment Television,http://tv123.cc.cd/live.php?ch=967&sid=084bdfccba613632c46b32927c05cad1&exp=1791081046&sig=d8abc4e4ac4340c4e07a34e992464110f324acac46a09a43020888d1f34ed1d0
COLORS,http://tv123.cc.cd/live.php?ch=968&sid=084bdfccba613632c46b32927c05cad1&exp=1791081046&sig=979f3ad661c56d1b19b1b940c818bb6e7060e78ee4ff518a2eb973936a30ca1a
Zee Cinema,http://tv123.cc.cd/live.php?ch=969&sid=084bdfccba613632c46b32927c05cad1&exp=1791081046&sig=9c86752d8f31fc5179c8143e0bf2e4290257e50bbd6009a54282e31c430903e7
SONY MAX,http://tv123.cc.cd/live.php?ch=970&sid=084bdfccba613632c46b32927c05cad1&exp=1791081046&sig=3244420559e587a42eaf3c9180f4e482e2fb05ef10b67d5cbcf922af32bde195
COLORS Tamil HD,http://tv123.cc.cd/live.php?ch=971&sid=084bdfccba613632c46b32927c05cad1&exp=1791081046&sig=e38af6afefe98ff42f4d1a4ef5e43ca01fc2aeacf57b7965355eaf5cfb16d54e
Sun TV HD,http://tv123.cc.cd/live.php?ch=972&sid=084bdfccba613632c46b32927c05cad1&exp=1791081046&sig=0b0329a81d27d73f3ae4376afc0ef40965b16e49bffb28b2e0c5ef01b2d0c25c
Sun Music,http://tv123.cc.cd/live.php?ch=973&sid=084bdfccba613632c46b32927c05cad1&exp=1791081046&sig=d8c65a23cd8d582ffdcd388fe1cdb9e7af4d2379eb30ac0450ed539c496da6f2
Vijay TV HD,http://tv123.cc.cd/live.php?ch=974&sid=084bdfccba613632c46b32927c05cad1&exp=1791081046&sig=ce6feb318c1ad17ab9408a99b5c36cb387e52a5bba601411abb77d68a06762e7
Vannathirai,http://tv123.cc.cd/live.php?ch=975&sid=084bdfccba613632c46b32927c05cad1&exp=1791081046&sig=4f25847eb498933beaa6b6041f22ca4bae122387170092178dcb2dbc45ee99f9
Zee Thirai,http://tv123.cc.cd/live.php?ch=976&sid=084bdfccba613632c46b32927c05cad1&exp=1791081046&sig=311e3f4d43c2f629d4fea035c11e2e96fe761113c86a84151c7bedb9c79b2a84
Zee Tamil,http://tv123.cc.cd/live.php?ch=977&sid=084bdfccba613632c46b32927c05cad1&exp=1791081046&sig=6360662b8bac3eabb13d8351659db302abf330e077901ce5cb93f7619a62dd3c
Asianet,http://tv123.cc.cd/live.php?ch=978&sid=084bdfccba613632c46b32927c05cad1&exp=1791081046&sig=9b782ae076247c1fb42dd0eeee24ddcbf402671dc876204524ca9c1d79ee21ae
Asianet Movies,http://tv123.cc.cd/live.php?ch=979&sid=084bdfccba613632c46b32927c05cad1&exp=1791081046&sig=11f205dab4962bf89a2e9e40cc6a89fcf8a6c43cd00cd086c9ee420341c08470
Kalaignar TV,http://tv123.cc.cd/live.php?ch=980&sid=084bdfccba613632c46b32927c05cad1&exp=1791081046&sig=5c1f61a241cc05a3d7426bcca6218748b1f2f7dd5ccbfe07ea5193c80db028a9
ANC,http://tv123.cc.cd/live.php?ch=981&sid=084bdfccba613632c46b32927c05cad1&exp=1791081046&sig=9c10eab7a410c56dc86787462f8602cbd2507f3a2889a7bc294a899ccc93066c
The Filipino Channel HD,http://tv123.cc.cd/live.php?ch=982&sid=084bdfccba613632c46b32927c05cad1&exp=1791081046&sig=4c8cc983da5f49eface5a970f3b48c3774cfcece66e2e2e9131b64ea8078ce0c
Cinema One Global,http://tv123.cc.cd/live.php?ch=983&sid=084bdfccba613632c46b32927c05cad1&exp=1791081046&sig=136e4d5fbc8e5ed16207385f33996d6b52ab85c84b0ae3bc4c090f070338f3af
TV5MONDE HD,http://tv123.cc.cd/live.php?ch=984&sid=084bdfccba613632c46b32927c05cad1&exp=1791081046&sig=d05ca16e3ccae01db589a0ef00d4ca170760a6bc50344235b4d19bbd6575a869
DW English HD,http://tv123.cc.cd/live.php?ch=985&sid=084bdfccba613632c46b32927c05cad1&exp=1791081046&sig=7b065533f6587315592214c2ee3cf512027495e984607e2b8f0dae128178ab4d
ADITHYA TV,http://tv123.cc.cd/live.php?ch=986&sid=084bdfccba613632c46b32927c05cad1&exp=1791081046&sig=3452d6d3940386b06d19c90b85094718748378d23a6311104195ac65a3226bba
KTV HD,http://tv123.cc.cd/live.php?ch=987&sid=084bdfccba613632c46b32927c05cad1&exp=1791081046&sig=29a6adebf15ff4624e783e6ba82e5f742ddb7d0fbaa38fc06e1a81449570c537
Hub Sports 1 HD,http://tv123.cc.cd/live.php?ch=988&sid=084bdfccba613632c46b32927c05cad1&exp=1791081046&sig=f150604eb71f81e347b9ec9fdb183fc1ea2b6bebb86d4e72deca19f83145fb99
Hub Sports 2 HD,http://tv123.cc.cd/live.php?ch=989&sid=084bdfccba613632c46b32927c05cad1&exp=1791081046&sig=7543c7e15d3b123f9338fed22771cfd7b97af9f58576a27cdf7fe9e05b1c75c7
Hub Sports 3 HD,http://tv123.cc.cd/live.php?ch=990&sid=084bdfccba613632c46b32927c05cad1&exp=1791081046&sig=94d2dbe390db6e70a91a3a09cf6d634c72d39271c33faabd0ede0e0a7ad43e07
Hub Sports 4 HD,http://tv123.cc.cd/live.php?ch=991&sid=084bdfccba613632c46b32927c05cad1&exp=1791081046&sig=a0470b843ab277d054986854dbe1029d1f4b76e118f9b54be9779ddce54fd859
Hub Sports 5 HD,http://tv123.cc.cd/live.php?ch=992&sid=084bdfccba613632c46b32927c05cad1&exp=1791081046&sig=bb6ede057e0f44578a7678b9071b843d5001295ad0e9d3f89e158c3f02f25d53
Hub Sports 6,http://tv123.cc.cd/live.php?ch=993&sid=084bdfccba613632c46b32927c05cad1&exp=1791081046&sig=a2d807f49688464b2eb597a93a3063cbb1b37413aa89742e5873481c4e0a50db
Hub Sports 7,http://tv123.cc.cd/live.php?ch=994&sid=084bdfccba613632c46b32927c05cad1&exp=1791081046&sig=ef25837369eae768416b2fed00b64727b8d567c28b7ce473b2815f2500af888f
Hub Sports 8,http://tv123.cc.cd/live.php?ch=995&sid=084bdfccba613632c46b32927c05cad1&exp=1791081046&sig=c12935245f4197aafbeb8a29fc339466698148f39a611c00499a69db4d2e2992
SPOTV,http://tv123.cc.cd/live.php?ch=996&sid=084bdfccba613632c46b32927c05cad1&exp=1791081046&sig=bbc159c8adf129edcb6a5af8fd334f4e4f12e6d6efc751929003719d941a110c
SPOTV2,http://tv123.cc.cd/live.php?ch=997&sid=084bdfccba613632c46b32927c05cad1&exp=1791081046&sig=418c0ba83b540be0103938a216fd981dabfa86db7a0db2d77d4defe912407a71
beIN Sports 2 HD,http://tv123.cc.cd/live.php?ch=998&sid=084bdfccba613632c46b32927c05cad1&exp=1791081046&sig=bfea8227e284653edac4d62dde2ed100870c1d3818afa863ccf5df9e108de429
beIN Sports HD,http://tv123.cc.cd/live.php?ch=999&sid=084bdfccba613632c46b32927c05cad1&exp=1791081046&sig=ade0870d49c5f8534cefbdd3ebb29f6e24f04aa320c0b38a5d6f6c487e807f1c
beIN Sports 3,http://tv123.cc.cd/live.php?ch=1000&sid=084bdfccba613632c46b32927c05cad1&exp=1791081046&sig=a2078506d4b9ff860c7fbb1442fc16969162826a4568d1900f42b9b06e736ae5
beIN Sports 4,http://tv123.cc.cd/live.php?ch=1001&sid=084bdfccba613632c46b32927c05cad1&exp=1791081046&sig=c140ee1c458423b89cdf5d7486f2df3f1e6a76251a83570943c0dd72a787bba7
beIN Sports 5,http://tv123.cc.cd/live.php?ch=1002&sid=084bdfccba613632c46b32927c05cad1&exp=1791081046&sig=8b9247024ae97fd0b7ef9146dba81ce130bfd390d2a29b8c3d225ce43bdf4e99
Hub Premier 1,http://tv123.cc.cd/live.php?ch=1003&sid=084bdfccba613632c46b32927c05cad1&exp=1791081046&sig=fb09d8c3514386d7c46cad292436a7284e26b55885447a02cf3537ea3f154b7e
Hub Premier 2 (HD),http://tv123.cc.cd/live.php?ch=1004&sid=084bdfccba613632c46b32927c05cad1&exp=1791081046&sig=0d8e4f0a0c675a680fd519d98ef87cc4c0d140e738b7f5d16224ff17b29a6d73
Hub Premier 3,http://tv123.cc.cd/live.php?ch=1005&sid=084bdfccba613632c46b32927c05cad1&exp=1791081046&sig=0612a256cadc12e47829cb758f4bc145cde466cc63f3790977443ebd60338513
Hub Premier 4,http://tv123.cc.cd/live.php?ch=1006&sid=084bdfccba613632c46b32927c05cad1&exp=1791081046&sig=3911c695cd298f9955c336760908b907d15885481ee891605afde57431e4cfcf
Hub Premier 5,http://tv123.cc.cd/live.php?ch=1007&sid=084bdfccba613632c46b32927c05cad1&exp=1791081046&sig=1cf6a12af654270c1593e28740fb9269dd4d93df2910b2c59c5f61c6390e6d80
Hub Premier 6,http://tv123.cc.cd/live.php?ch=1008&sid=084bdfccba613632c46b32927c05cad1&exp=1791081046&sig=9550f42a971a29d8d85c0f511119379aec90e3324299c74439f342509c865e95
FIGHT SPORTS HD,http://tv123.cc.cd/live.php?ch=1009&sid=084bdfccba613632c46b32927c05cad1&exp=1791081046&sig=d936293c6744571060a91e50deccd1bc3cc51cec2b1b627c7e0b00b8c61a2285
Cbeebies HD,http://tv123.cc.cd/live.php?ch=1010&sid=084bdfccba613632c46b32927c05cad1&exp=1791081046&sig=f9e50e70903a343c9d86c50487eacec642c53d5c38ad8c17de0c2cafae609e04
Nick Jr,http://tv123.cc.cd/live.php?ch=1011&sid=084bdfccba613632c46b32927c05cad1&exp=1791081046&sig=8883c0d0617242f9de5846dcd19aa55dd04fd445679e78c47fd9a1f30d2f05e7
DreamWorks Channel HD,http://tv123.cc.cd/live.php?ch=1012&sid=084bdfccba613632c46b32927c05cad1&exp=1791081046&sig=52e35eacc09f747af367d884098df8f2cb10b0d4e1c6d46a55665ce85ec34603
Nickelodeon Asia HD,http://tv123.cc.cd/live.php?ch=1013&sid=084bdfccba613632c46b32927c05cad1&exp=1791081046&sig=bad0d7aa52468d61b5df457c81346ae647dd62b4f30bbd10bea9ed675bfaaa0d
Cartoon Network,http://tv123.cc.cd/live.php?ch=1014&sid=084bdfccba613632c46b32927c05cad1&exp=1791081046&sig=646177cdab2e17341b6967e530d677811ba28f1de6656ddb0b1a5f71463cbb1e
HISTORY HD,http://tv123.cc.cd/live.php?ch=1015&sid=084bdfccba613632c46b32927c05cad1&exp=1791081046&sig=11f74c35f06c0898976b1f28ea27781e07ce91972a3845f5b33a97f06b0c15f3
Crime + Investigation HD,http://tv123.cc.cd/live.php?ch=1016&sid=084bdfccba613632c46b32927c05cad1&exp=1791081046&sig=0184885d93a92ebfe424bb4b6c7ebeccaa0003976c46b63c1a1ebde910f8d8af
BBC Earth HD,http://tv123.cc.cd/live.php?ch=1017&sid=084bdfccba613632c46b32927c05cad1&exp=1791081046&sig=11d4d65913c2a98a55173bd78452e44fbb23a46756159acb36ff0d9cec8a2a2c
Discovery HD,http://tv123.cc.cd/live.php?ch=1018&sid=084bdfccba613632c46b32927c05cad1&exp=1791081046&sig=e10d1964ed9f63595a61b4dfa546371584ba5c1abc878c1a90a11a0f17f3e938
Travelxp HD,http://tv123.cc.cd/live.php?ch=1019&sid=084bdfccba613632c46b32927c05cad1&exp=1791081046&sig=480119edef1d6dd3a0fdf61e9df88fb3d79cc25482e22dbab30f95d169fb44f4
BBC Lifestyle,http://tv123.cc.cd/live.php?ch=1020&sid=084bdfccba613632c46b32927c05cad1&exp=1791081046&sig=a4c7e0b739c5297d5e4e63fbd9aa67a6f7a47ee4e4108bf4cb2ccc70614449c6
HGTV,http://tv123.cc.cd/live.php?ch=1021&sid=084bdfccba613632c46b32927c05cad1&exp=1791081046&sig=50aa15fff1d0530a8feb9666aff1149641cb380bccd537f86e4bca7905747b42
FashionTV HD,http://tv123.cc.cd/live.php?ch=1022&sid=084bdfccba613632c46b32927c05cad1&exp=1791081046&sig=a0000b43c39e006f681144268a483df9febd8cfaa27d26aff375fd322af05867
ABC Australia HD,http://tv123.cc.cd/live.php?ch=1023&sid=084bdfccba613632c46b32927c05cad1&exp=1791081046&sig=06ab401802327f089cb73081d7c93e483d2ba446581db5a1c6a03b58f6435e81
Rock Entertainment,http://tv123.cc.cd/live.php?ch=1024&sid=084bdfccba613632c46b32927c05cad1&exp=1791081046&sig=8e8c8d46b7540fbfd98c1c85f8028bce16ea9413d7af35dfe2ecbdfa9a599976
HITS MOVIES HD,http://tv123.cc.cd/live.php?ch=1026&sid=084bdfccba613632c46b32927c05cad1&exp=1791081046&sig=0a0e8b86c38d1ef6819fa3994ff4b6ec65d89d4802f6853dd960407c3f986d5f
Hits HD,http://tv123.cc.cd/live.php?ch=1027&sid=084bdfccba613632c46b32927c05cad1&exp=1791081046&sig=b21245e6813f2a338a787949c10618a2435bf9c71110d2065c540b3d7b604e21
HBO Signature HD,http://tv123.cc.cd/live.php?ch=1030&sid=084bdfccba613632c46b32927c05cad1&exp=1791081046&sig=fbae0aae6758e266312c5e83dc5437c49aad7ff74ff5354f2ad18478de3768e5
HBO Family HD,http://tv123.cc.cd/live.php?ch=1031&sid=084bdfccba613632c46b32927c05cad1&exp=1791081046&sig=2ec4aad1f37d76a6535e061176124b688eff499ddbc5c4edebfd99ce39bffafb
HBO Hits HD,http://tv123.cc.cd/live.php?ch=1032&sid=084bdfccba613632c46b32927c05cad1&exp=1791081046&sig=ddff7e303514107cec8ee5f3e21b1485f3497fbc2cfa0e5faff50938cd2bac90
Cinemax HD,http://tv123.cc.cd/live.php?ch=1033&sid=084bdfccba613632c46b32927c05cad1&exp=1791081046&sig=b66a0999b773139fe8cf74d514e7a659044e24e34aa57778b385f6e3f87850e1
BBC World News HD,http://tv123.cc.cd/live.php?ch=1034&sid=084bdfccba613632c46b32927c05cad1&exp=1791081046&sig=57f8154bc3dba646d973dd59a454493f2bfb632fbfb486d632b7f9f68778c0e5
Fox News Channel,http://tv123.cc.cd/live.php?ch=1035&sid=084bdfccba613632c46b32927c05cad1&exp=1791081046&sig=8e4f980f5fccada53ffc27ba564193f0e92c6a0ab4243f44cb8dca7e3ac8a9fa
Sky News HD,http://tv123.cc.cd/live.php?ch=1036&sid=084bdfccba613632c46b32927c05cad1&exp=1791081046&sig=93784ca4c69805c0c98004d7c3af3f75be53fe846a8c3a9557913acdcd1eec31
Euronews HD,http://tv123.cc.cd/live.php?ch=1037&sid=084bdfccba613632c46b32927c05cad1&exp=1791081046&sig=c2cd01e04b45eb7e35259fc9d4fdd289cbcc5487644911361f429f961d464f9f
CNBC HD,http://tv123.cc.cd/live.php?ch=1038&sid=084bdfccba613632c46b32927c05cad1&exp=1791081046&sig=bfd45f05bfa0b2a6d68e0ad21d8e699080e4d9906b5f3166ce1cbefea4cfc812
Bloomberg Television HD,http://tv123.cc.cd/live.php?ch=1039&sid=084bdfccba613632c46b32927c05cad1&exp=1791081046&sig=f119cb9db5edf9c9b266c50f01c0e46376a9173b065d16e5621799aef2fd9935
Bloomberg Originals,http://tv123.cc.cd/live.php?ch=1040&sid=084bdfccba613632c46b32927c05cad1&exp=1791081046&sig=533e2da0e042d148f3017cda9508c8d9071519a35c897af85505941ce9a107b1
CNN HD,http://tv123.cc.cd/live.php?ch=1041&sid=084bdfccba613632c46b32927c05cad1&exp=1791081046&sig=e21616aee899e6c7a4f18130eede81cb4b3bab49f8dac1fb0221082dcef6e04a
CGTN,http://tv123.cc.cd/live.php?ch=1042&sid=084bdfccba613632c46b32927c05cad1&exp=1791081046&sig=ce0be29170543d9daf5e2f6c5a7871c4869fb5733f3965f40e5c65ba79705654
France24,http://tv123.cc.cd/live.php?ch=1043&sid=084bdfccba613632c46b32927c05cad1&exp=1791081046&sig=21dda353859b08418c85cfcb939a939d3f5e96096d26344ab6261816ff6c707e
Phoenix Chinese Channel HD,http://tv123.cc.cd/live.php?ch=1045&sid=084bdfccba613632c46b32927c05cad1&exp=1791081046&sig=b69e89126b7ec51491eaed523c0c1104f41660662634ee343d983ab3c098df94
Phoenix InfoNews Channel HD,http://tv123.cc.cd/live.php?ch=1046&sid=084bdfccba613632c46b32927c05cad1&exp=1791081046&sig=7ef2790e04edbbb1235560e4206990aba16bd9abcd2aea906ce4ace95db622b0
VBS-NEWS,http://tv123.cc.cd/live.php?ch=1047&sid=084bdfccba613632c46b32927c05cad1&exp=1791081046&sig=2111e835431dfd642e21448d0f3a7039bb8bad0c870c66b7f69fa6252a780d34
NHK World Premium HD,http://tv123.cc.cd/live.php?ch=1048&sid=084bdfccba613632c46b32927c05cad1&exp=1791081046&sig=1925cdc0c8d7587d16c0d6eb3fd3b17c72fecaee3ad58813735be789e56054bb
NHK WORLD - JAPAN HD,http://tv123.cc.cd/live.php?ch=1049&sid=084bdfccba613632c46b32927c05cad1&exp=1791081046&sig=ace8ad2eff6d862700baf3e32e25b3b910d6a5b01e36498e1b839ea89739ea40
KBS World HD,http://tv123.cc.cd/live.php?ch=1050&sid=084bdfccba613632c46b32927c05cad1&exp=1791081046&sig=b75f33f161d34d061dab5562866d01e72ec1bae0f88fa4b842109b3137a2c770
Arirang TV HD,http://tv123.cc.cd/live.php?ch=1051&sid=084bdfccba613632c46b32927c05cad1&exp=1791081046&sig=774ed0de9a683161b506983b285f5407805b36337d2f9f2ff4d46a4c226cb50b
ETTV ASIA HD,http://tv123.cc.cd/live.php?ch=1052&sid=084bdfccba613632c46b32927c05cad1&exp=1791081046&sig=83f3cfdfd47f40322edc58b2bbfdedcec6505f15d399de14a987addedb6048d3
ONE HD,http://tv123.cc.cd/live.php?ch=1053&sid=084bdfccba613632c46b32927c05cad1&exp=1791081046&sig=33216362209c2b37b8750a444994816d04ba08bfb4488aa71f3d5368aa176581
Hub E City HD,http://tv123.cc.cd/live.php?ch=1054&sid=084bdfccba613632c46b32927c05cad1&exp=1791081046&sig=02f1f65da9562604dee26e4b32f2aef909d6c7e00406a24e2313900dceb32659
CTI TV HD,http://tv123.cc.cd/live.php?ch=1055&sid=084bdfccba613632c46b32927c05cad1&exp=1791081046&sig=2e4684729a525aad2d97f5376a5d09a87695b3e75294270906f3bb4c60d9209d
TVBS Asia,http://tv123.cc.cd/live.php?ch=1056&sid=084bdfccba613632c46b32927c05cad1&exp=1791081046&sig=90a7c982d576fd01b9e40fb1523f685a1f46304b0bdf88258c1f1f2fba7ed7fe
Dragon TV,http://tv123.cc.cd/live.php?ch=1057&sid=084bdfccba613632c46b32927c05cad1&exp=1791081046&sig=88cf10fe2af96691505773a9bf63f20b190b26cea0d60445906708fd4a26975e
TVB Jade HD,http://tv123.cc.cd/live.php?ch=1058&sid=084bdfccba613632c46b32927c05cad1&exp=1791081046&sig=65b1398a8821f8054a3392df660ed8bd362f391b53132c862a604727a23079c1
Hub VVDrama,http://tv123.cc.cd/live.php?ch=1059&sid=084bdfccba613632c46b32927c05cad1&exp=1791081046&sig=dba4b4783330f84af2c2a40a02d31bebc8f0002c143b47af7595524e1d85d1a7
TVB Xing He,http://tv123.cc.cd/live.php?ch=1060&sid=084bdfccba613632c46b32927c05cad1&exp=1791081046&sig=4c02f235cee1ef44e7657f8f70bf95b1b86986574b867732767adec19ed31ccb
Celestial Movies HD,http://tv123.cc.cd/live.php?ch=1061&sid=084bdfccba613632c46b32927c05cad1&exp=1791081046&sig=de03160e6c9d8d456b8541f1f6fd31f8d592f5604beef95f03f42a1686e0aa8d
CCM,http://tv123.cc.cd/live.php?ch=1062&sid=084bdfccba613632c46b32927c05cad1&exp=1791081046&sig=01de7071a14289728dd2bc3f54f0c035f4e6c35f7819cb2bfcf4b10741e120a3
SEA Today,http://tv123.cc.cd/live.php?ch=1063&sid=084bdfccba613632c46b32927c05cad1&exp=1791081046&sig=b74096ebef607dfd30894b91e11d67e47982a226c87a93a81389ea2fcbc7620b
Lifetime HD,http://tv123.cc.cd/live.php?ch=1064&sid=084bdfccba613632c46b32927c05cad1&exp=1791081046&sig=17fc405558b183480367046b400f277c57a218e605dae7ef578d6ae7d7d3fcb4
World Fishing Network,http://tv123.cc.cd/live.php?ch=1065&sid=084bdfccba613632c46b32927c05cad1&exp=1791081046&sig=f40446be6c8639e51e0aa2084a008a8d6b72908363d837d445c1635121b084d7
Strongman Champions League,http://tv123.cc.cd/live.php?ch=1066&sid=084bdfccba613632c46b32927c05cad1&exp=1791081046&sig=9dd179333ee80baa03b5dc823c383816f146dae9eeb90d168da1e4ada4fb4cd4
PFL,http://tv123.cc.cd/live.php?ch=1067&sid=084bdfccba613632c46b32927c05cad1&exp=1791081046&sig=a15f0b5f835b05bfcd12202ddb02aca33cb371809c76c2433841758a245d7785
UFC,http://tv123.cc.cd/live.php?ch=1068&sid=084bdfccba613632c46b32927c05cad1&exp=1791081046&sig=efe3ed7229ebe0e6593263b93927a2ad2062639d92c1ef3c1c03a8c56c4d27cf
Red Bull TV,http://tv123.cc.cd/live.php?ch=1069&sid=084bdfccba613632c46b32927c05cad1&exp=1791081046&sig=2120fc1c52e1bd94258688549218d078afd6fbdd01a24da00fb48d7f36d00165
MotoGP Channel,http://tv123.cc.cd/live.php?ch=1070&sid=084bdfccba613632c46b32927c05cad1&exp=1791081046&sig=9578231cb61f3c149870ab0e9cd6fb3323742c8f58ce95e12369478d8d0cf8d1
NASCAR Channel,http://tv123.cc.cd/live.php?ch=1071&sid=084bdfccba613632c46b32927c05cad1&exp=1791081046&sig=62f89dae1d453ad6ff6a789d98e17d16bbb8c8ffa629c360e632a6d598d252f1
Fubo Sports Network,http://tv123.cc.cd/live.php?ch=1072&sid=084bdfccba613632c46b32927c05cad1&exp=1791081046&sig=5f7527e04856a23da54b4cde7afee68eaf39ba4db8039c275fa84ae85273fdd2
NBC Sports NOW,http://tv123.cc.cd/live.php?ch=1073&sid=084bdfccba613632c46b32927c05cad1&exp=1791081046&sig=2fa3f72e62a4682825f810e9a698c03afef7777393ec10c651e9f572d2a19ef5
ESPN8: The Ocho,http://tv123.cc.cd/live.php?ch=1074&sid=084bdfccba613632c46b32927c05cad1&exp=1791081046&sig=a01115b97e8c2802452939ffd1c7ee26e70b110f31065444430ee24b2dae67ec
CANAL+ BOX OFFICE FR,http://tv123.cc.cd/live.php?ch=1075&sid=084bdfccba613632c46b32927c05cad1&exp=1791081046&sig=86b3501fdc017a42408468e495dd418887a2ba753a51a793f35a3c48f71b91f0
CANAL+ FR,http://tv123.cc.cd/live.php?ch=1076&sid=084bdfccba613632c46b32927c05cad1&exp=1791081046&sig=03ced79bca5065ab1a465ec6597ec61a112d9f7200afefaa099de5264034a38b
RMC Sport 1 FR,http://tv123.cc.cd/live.php?ch=1077&sid=084bdfccba613632c46b32927c05cad1&exp=1791081046&sig=3a34c956a9d41b49b00de924253d09ad25b075d100edd636b8831c61f13b37c0
ITV QUiZ UK,http://tv123.cc.cd/live.php?ch=1078&sid=084bdfccba613632c46b32927c05cad1&exp=1791081046&sig=9cf1d24768f9a3eaab10147620d41aac3f4b61c68a495e9a0efac2fbba999720
Racing TV UK,http://tv123.cc.cd/live.php?ch=1079&sid=084bdfccba613632c46b32927c05cad1&exp=1791081046&sig=09e1c814d6b910ee28be36cd44c53507cf49476058adf098bd32ed54f6f5cdd6
MUTV UK,http://tv123.cc.cd/live.php?ch=1080&sid=084bdfccba613632c46b32927c05cad1&exp=1791081046&sig=6760556103adce509d2e3193f9237e87fe13d83279b1217f7cddde1d51aa4eed
QUEST UK,http://tv123.cc.cd/live.php?ch=1081&sid=084bdfccba613632c46b32927c05cad1&exp=1791081046&sig=db41827f5b4d5477dab8540d3aa92dbe11e5902f68e77517720a5f96465463db
Channel 5 UK,http://tv123.cc.cd/live.php?ch=1082&sid=084bdfccba613632c46b32927c05cad1&exp=1791081046&sig=2df49eb8e491e1e7e0d18b85d5eb12646246d69442a6a1d6e56e7859730184d9
Film4 UK,http://tv123.cc.cd/live.php?ch=1083&sid=084bdfccba613632c46b32927c05cad1&exp=1791081046&sig=4df1fa7e85150eb2ef9a70c63a8753fefcd3a5b417670d339eeff939eefd6655
More4 UK,http://tv123.cc.cd/live.php?ch=1084&sid=084bdfccba613632c46b32927c05cad1&exp=1791081046&sig=30f86177dcd8e18b8f42027c56eee11f109e94ab29594a37cc11559b4f7af8ee
E4 UK,http://tv123.cc.cd/live.php?ch=1085&sid=084bdfccba613632c46b32927c05cad1&exp=1791081046&sig=329cf29cd757c6e27315941e10fc0824a41927ddced369dab55739d577e001e2
Channel 4 UK,http://tv123.cc.cd/live.php?ch=1086&sid=084bdfccba613632c46b32927c05cad1&exp=1791081046&sig=2134106a6bc8afb397feda573193d8b5ac8da27021aae3e0a0ef5cd0eea18e60
Sky Cinema Sci-Fi & Horror UK,http://tv123.cc.cd/live.php?ch=1087&sid=084bdfccba613632c46b32927c05cad1&exp=1791081046&sig=4ea789553aa77f5260691c5009563d4e6d7ab7f07061297c84499f519f1f4d00
Sky Cinema Drama UK,http://tv123.cc.cd/live.php?ch=1088&sid=084bdfccba613632c46b32927c05cad1&exp=1791081046&sig=bd79a9a30985323208ff65884dbf31cf386aaaa5f07073e16c2aac16f17798e8
Sky Cinema Thriller UK,http://tv123.cc.cd/live.php?ch=1089&sid=084bdfccba613632c46b32927c05cad1&exp=1791081046&sig=18bf6a2ceb6ee087479af0b43669bb2f6c634b9f00853dfcc3343909dbac20a0
Sky Cinema Comedy UK,http://tv123.cc.cd/live.php?ch=1090&sid=084bdfccba613632c46b32927c05cad1&exp=1791081046&sig=1fa92cdb2bb1d07742d856bdcb7e46fca384a99671109422ffd17f37530ac495
Sky Cinema Action UK,http://tv123.cc.cd/live.php?ch=1091&sid=084bdfccba613632c46b32927c05cad1&exp=1791081046&sig=75b303278aa2047fa2aee49f83d1a6a287f37c343dcd5082d35118f9f5726afb
Sky Cinema Family UK,http://tv123.cc.cd/live.php?ch=1092&sid=084bdfccba613632c46b32927c05cad1&exp=1791081046&sig=ae98757f765007bec60adc571c61bc7609e9ea4ea0fb8d83095e7cb614b35aeb
Sky Cinema Greats UK,http://tv123.cc.cd/live.php?ch=1093&sid=084bdfccba613632c46b32927c05cad1&exp=1791081046&sig=ce0d0977489e0168014b8d5ac387c7903c26e389f269dc5ebf1002725e75af25
Sky Cinema Hits UK,http://tv123.cc.cd/live.php?ch=1094&sid=084bdfccba613632c46b32927c05cad1&exp=1791081046&sig=24c4b22451d1b5cf7244636a3338f824f008a6e505ae66cd836258813a21887a
Sky Cinema Select UK,http://tv123.cc.cd/live.php?ch=1095&sid=084bdfccba613632c46b32927c05cad1&exp=1791081046&sig=b41a1845ebab96062ecd8c74bac234aaba61f2b7fa0530239690c239af79f232
Sky Cinema Premiere UK,http://tv123.cc.cd/live.php?ch=1096&sid=084bdfccba613632c46b32927c05cad1&exp=1791081046&sig=b3a8af094de791b4958bd834c7aed85b8bd751f94e38dc542513c5497b1c00b9
Sky History UK,http://tv123.cc.cd/live.php?ch=1097&sid=084bdfccba613632c46b32927c05cad1&exp=1791081046&sig=2465263190210480717efb67930adf6738867f6d96d5ce3a7172be9537443620
Sky Nature UK,http://tv123.cc.cd/live.php?ch=1098&sid=084bdfccba613632c46b32927c05cad1&exp=1791081046&sig=e35e4a248c665c6a326ccf564bed1c98b922a76943cd627b14683d3779d9911b
Sky Documentaries UK,http://tv123.cc.cd/live.php?ch=1099&sid=084bdfccba613632c46b32927c05cad1&exp=1791081046&sig=0f5fd1c098fa335561a31ee2cd4dcf8d092861fe8b9c8711455c60e427226626
Sky Witness UK,http://tv123.cc.cd/live.php?ch=1100&sid=084bdfccba613632c46b32927c05cad1&exp=1791081046&sig=7427c6fb1d6cfa80946808c47a4890de9db2cac7bd2e61335a5449ddbcdfe944
Sky Crime UK,http://tv123.cc.cd/live.php?ch=1101&sid=084bdfccba613632c46b32927c05cad1&exp=1791081046&sig=e693fce1e94c60f51b40744574c9145eefe13f23ae9f3e5ab16c77d782ac0031
Sky Arts UK,http://tv123.cc.cd/live.php?ch=1102&sid=084bdfccba613632c46b32927c05cad1&exp=1791081046&sig=b6c1ee3091ba29efaf61fa00adf7494edd8c9592a3989c249f43006b68c7d9bc
Sky Sci-Fi UK,http://tv123.cc.cd/live.php?ch=1103&sid=084bdfccba613632c46b32927c05cad1&exp=1791081046&sig=92fb28ea71a98524a96e928b25e2c9a5205a5531e5c5342b9852d3b23e2b5a6f
Sky Comedy UK,http://tv123.cc.cd/live.php?ch=1104&sid=084bdfccba613632c46b32927c05cad1&exp=1791081046&sig=a74eb9179d933e9063e9a41dcd6e5af244038e4881c9b6ae3adb49cc7bfcd522
Sky Atlantic UK,http://tv123.cc.cd/live.php?ch=1105&sid=084bdfccba613632c46b32927c05cad1&exp=1791081046&sig=580a8adf610dfa275f62108459e33595e774a3386e93a5186f366273eea063e5
Sky One UK,http://tv123.cc.cd/live.php?ch=1106&sid=084bdfccba613632c46b32927c05cad1&exp=1791081046&sig=6b66fd193955e867ca6e7bbcb1b296f0a55db19f6ef047369078945da3022a01
ITV4 UK,http://tv123.cc.cd/live.php?ch=1107&sid=084bdfccba613632c46b32927c05cad1&exp=1791081046&sig=e47c11c293110835553857b4df28a43333883d2bbf25041ff10ccc05726249db
ITV3 UK,http://tv123.cc.cd/live.php?ch=1108&sid=084bdfccba613632c46b32927c05cad1&exp=1791081046&sig=9bbb72ebbf71b29787105e113891c44cebdf44e0147a29c196d1dd7531372c72
ITV2 UK,http://tv123.cc.cd/live.php?ch=1109&sid=084bdfccba613632c46b32927c05cad1&exp=1791081046&sig=76965d6f901e79b8837b77e17e4568f3dcf8af21522aaa8d155dd5c8f1deeca9
ITV1 UK,http://tv123.cc.cd/live.php?ch=1110&sid=084bdfccba613632c46b32927c05cad1&exp=1791081046&sig=7693ef3405d19b1947247533c4256a704e14f6d7c855c97c77edae18d3478135
S4C UK,http://tv123.cc.cd/live.php?ch=1111&sid=084bdfccba613632c46b32927c05cad1&exp=1791081046&sig=a66eeb36e1fa81b074d0c43c1914699a07c7d5343182dd546341a6420e35c27e
BBC SCOTLAND UK,http://tv123.cc.cd/live.php?ch=1112&sid=084bdfccba613632c46b32927c05cad1&exp=1791081046&sig=8693aaa867d69da3a1cb8a9d858473377b6119af397508a8213270ecd336b835
BBC FOUR UK,http://tv123.cc.cd/live.php?ch=1113&sid=084bdfccba613632c46b32927c05cad1&exp=1791081046&sig=0777e7e266a5e5f1ad84f7b53528aa77ed4c532fdc147d9a732323d1bee6ed9f
BBC THREE UK,http://tv123.cc.cd/live.php?ch=1114&sid=084bdfccba613632c46b32927c05cad1&exp=1791081046&sig=4f4b76b1202fd737176eebd8ce0f416988c7abc3c7ece522c62b10d230d52476
BBC TWO UK,http://tv123.cc.cd/live.php?ch=1115&sid=084bdfccba613632c46b32927c05cad1&exp=1791081046&sig=fcb0fbffd940108d5fbdf3079adafcd2540e68da50413fc7e4d0aa1de6219d1d
BBC ONE UK,http://tv123.cc.cd/live.php?ch=1116&sid=084bdfccba613632c46b32927c05cad1&exp=1791081046&sig=7a3d1c19b2ec74f8a808533f7f6112e327a4ad7188581a3badf52f0280793ab3
Sky Kids UK,http://tv123.cc.cd/live.php?ch=1117&sid=084bdfccba613632c46b32927c05cad1&exp=1791081046&sig=9dfabbed658576844f2744b1fbc77dd11a555892df09a9675cc66cecc98e18bb
U&alibi UK,http://tv123.cc.cd/live.php?ch=1118&sid=084bdfccba613632c46b32927c05cad1&exp=1791081046&sig=e71937bce1b17fac315c849b6fba55273e792ff6a8e72de361d35e85036d207c
U&Dave UK,http://tv123.cc.cd/live.php?ch=1119&sid=084bdfccba613632c46b32927c05cad1&exp=1791081046&sig=53da27dc711a784994b9d59aa45f3f48925f2fb45a6a27a47746572ce4432d6c
U&Gold UK,http://tv123.cc.cd/live.php?ch=1120&sid=084bdfccba613632c46b32927c05cad1&exp=1791081046&sig=21a2d687842c0f44a5066b37b0d74d867eb69b57025c4b64c828f5e93fde3c1a
LFCTV UK,http://tv123.cc.cd/live.php?ch=1121&sid=084bdfccba613632c46b32927c05cad1&exp=1791081046&sig=4916fbb4fcab797f208c62cb2833e94df90fd1fa5b4b419334e5b768ccb4e4cd
NASA TV,http://tv123.cc.cd/live.php?ch=1122&sid=084bdfccba613632c46b32927c05cad1&exp=1791081046&sig=f0b666981a5f4ffd6a1ebfb633366b59601017a885df706d1fcbb84e226dc7ec
MeTV Toons,http://tv123.cc.cd/live.php?ch=1123&sid=084bdfccba613632c46b32927c05cad1&exp=1791081046&sig=5c95935e66907ffcbd7ae0d429409865e431f591a1526e58f1d853e2070f8b74
MeTV+,http://tv123.cc.cd/live.php?ch=1124&sid=084bdfccba613632c46b32927c05cad1&exp=1791081046&sig=00dddf3d21aea154e34c23b5a5b234a8a834ab69afe615f85e8093f3dc3aa6dc
Discovery Turbo,http://tv123.cc.cd/live.php?ch=1125&sid=084bdfccba613632c46b32927c05cad1&exp=1791081046&sig=14cbe6d9699a6db727d14e88080de02513929702e5e513b0f5e19a805d148bee
Destination America,http://tv123.cc.cd/live.php?ch=1126&sid=084bdfccba613632c46b32927c05cad1&exp=1791081046&sig=db407b0faea2445040c3090722884b625d6215fe24f94f973c05104b98e8e187
American Heroes Channel,http://tv123.cc.cd/live.php?ch=1127&sid=084bdfccba613632c46b32927c05cad1&exp=1791081046&sig=1ce5272fcf730c4a8b3d65054390a5ea472e564710134b4ea36f2d19c6a5f596
Sportsman Channel,http://tv123.cc.cd/live.php?ch=1128&sid=084bdfccba613632c46b32927c05cad1&exp=1791081046&sig=efd946ff0b9d426742c7d07c131d151852de23c0e2309454f996a6a844c96f9e
CLEO TV,http://tv123.cc.cd/live.php?ch=1129&sid=084bdfccba613632c46b32927c05cad1&exp=1791081046&sig=7b470a8a31e9bade7761d29ae0edb92da398cb2a42b4a9bbe1fb6c0dcd0abc93
Discovery Life,http://tv123.cc.cd/live.php?ch=1130&sid=084bdfccba613632c46b32927c05cad1&exp=1791081046&sig=319296b2703a7c9afdfee2095286234623fb117ce3edeadbc0c4069bcef9f814
OWN,http://tv123.cc.cd/live.php?ch=1131&sid=084bdfccba613632c46b32927c05cad1&exp=1791081046&sig=9f37d8cacd58247f5eb888bab59d213bc8fc55fc3a753173fbd8f15540537a87
TLC,http://tv123.cc.cd/live.php?ch=1132&sid=084bdfccba613632c46b32927c05cad1&exp=1791081046&sig=b9825217bb1cdfd0a2144a5adedcf7d3a9bc4ee2ba84dad15f80e0e32c1d44b4
Cooking Channel,http://tv123.cc.cd/live.php?ch=1133&sid=084bdfccba613632c46b32927c05cad1&exp=1791081046&sig=6b87b8c59472bb27af7ca92969ebf083ec2f6ae3ec66f9eeb9071453c8c82225
Magnolia Network,http://tv123.cc.cd/live.php?ch=1134&sid=084bdfccba613632c46b32927c05cad1&exp=1791081046&sig=67dcc48bd5476390cdf030ee82973a85009e1deafb937a5846dc7d7a0becfa86
Food Network,http://tv123.cc.cd/live.php?ch=1135&sid=084bdfccba613632c46b32927c05cad1&exp=1791081046&sig=8dc866b29ddecd92f6d5c5529d98363106f11101fc55b2b71b561c5c37620cff
HGTV,http://tv123.cc.cd/live.php?ch=1136&sid=084bdfccba613632c46b32927c05cad1&exp=1791081046&sig=09e3d5b9e54ff0083e685c7d0f267ef6736b23501c1161b524a8676cf98f8b0c
The Weather Channel,http://tv123.cc.cd/live.php?ch=1137&sid=084bdfccba613632c46b32927c05cad1&exp=1791081046&sig=a3512bf011dfbb92b7d496dc9d4000e0993c037caa8d17f8ea8bd5638b5eac38
HLN,http://tv123.cc.cd/live.php?ch=1138&sid=084bdfccba613632c46b32927c05cad1&exp=1791081046&sig=cff3a06bf2c05a25014c907ea6608faa002e2f3e67b1e29e46cf371f0c76f9e9
Oxygen True Crime,http://tv123.cc.cd/live.php?ch=1139&sid=084bdfccba613632c46b32927c05cad1&exp=1791081046&sig=e79728760411b839800c005f879b2b1e303b60fdf9db278245eb7656bd356764
Investigation Discovery,http://tv123.cc.cd/live.php?ch=1140&sid=084bdfccba613632c46b32927c05cad1&exp=1791081046&sig=57e1e9654c4e1547cd2a446e98030ad6e9283256be252da428d56a006ca38e87
Smithsonian Channel,http://tv123.cc.cd/live.php?ch=1141&sid=084bdfccba613632c46b32927c05cad1&exp=1791081046&sig=0574ddc658be44fd73476c797cef399020b7439ba0694552fedb68a4cb8524db
Animal Planet,http://tv123.cc.cd/live.php?ch=1142&sid=084bdfccba613632c46b32927c05cad1&exp=1791081046&sig=777ab1f0034a636eb81fa2a2db6b23c3f729331f8fc7660632afb4f8ffa6487d
Nat Geo Wild,http://tv123.cc.cd/live.php?ch=1143&sid=084bdfccba613632c46b32927c05cad1&exp=1791081046&sig=4cc9de94f9f6cfc63645f941682c375929bcc4893012950c8c50635c99594085
National Geographic,http://tv123.cc.cd/live.php?ch=1144&sid=084bdfccba613632c46b32927c05cad1&exp=1791081046&sig=1c6c4dced7df5aabe2ec722cf195c4b28facc51097319009602fc245a7f678e0
BBC America,http://tv123.cc.cd/live.php?ch=1145&sid=084bdfccba613632c46b32927c05cad1&exp=1791081046&sig=85a6a11ccd742afb39104433c932e155e65263231c02c872c24226139b2bb8c1
HDNet Movies,http://tv123.cc.cd/live.php?ch=1146&sid=084bdfccba613632c46b32927c05cad1&exp=1791081046&sig=902b51a869ba95a6f45d75a5d1103baa54d32476959ebf341f3f0261bd43da79
GRIT,http://tv123.cc.cd/live.php?ch=1147&sid=084bdfccba613632c46b32927c05cad1&exp=1791081046&sig=9bc91711b832b71a798632b03928f3b11ddaab94c5c4aaaf442fa82d1e947eef
COZI TV,http://tv123.cc.cd/live.php?ch=1148&sid=084bdfccba613632c46b32927c05cad1&exp=1791081046&sig=db194f32bc5656acb6edd473a72ce1abf321efa29f5bf659cf23aef382b75064
MeTV,http://tv123.cc.cd/live.php?ch=1149&sid=084bdfccba613632c46b32927c05cad1&exp=1791081046&sig=24b14c7589d6e04e84da3970599951577fb50432c381d27a3bc36bef652a8d57
TV ONE,http://tv123.cc.cd/live.php?ch=1150&sid=084bdfccba613632c46b32927c05cad1&exp=1791081046&sig=4684d29ccf54ad7c543bf08431f154599ce064fd7336ca2c546b629387b62bec
INSP,http://tv123.cc.cd/live.php?ch=1151&sid=084bdfccba613632c46b32927c05cad1&exp=1791081046&sig=438dbf489ea12dadbee417c811508e58f3dda55c6768fd6bdccc70a595768659
Freeform,http://tv123.cc.cd/live.php?ch=1152&sid=084bdfccba613632c46b32927c05cad1&exp=1791081046&sig=c91fc28304464c6bb7c0bde2f25b0304e9853b92aed4062b6e8735a36d3ddd8a
IFC,http://tv123.cc.cd/live.php?ch=1153&sid=084bdfccba613632c46b32927c05cad1&exp=1791081046&sig=ec77d1b464b4824340fdeb6e66b86d2531f064e55b6102a0ce3732fa29f7bd58
Paramount Network,http://tv123.cc.cd/live.php?ch=1154&sid=084bdfccba613632c46b32927c05cad1&exp=1791081046&sig=3d43773ddb7bcda565e40031b7f682d3eb2d57ad18b737ac06766e18bb195b85
AMC,http://tv123.cc.cd/live.php?ch=1155&sid=084bdfccba613632c46b32927c05cad1&exp=1791081046&sig=a82cfc0f4698d9142228701a8e0fa124f5db4f042c06e4c92fb7a11b0f2af4ad
Sony Movie Channel,http://tv123.cc.cd/live.php?ch=1156&sid=084bdfccba613632c46b32927c05cad1&exp=1791081046&sig=ef7eef6ea4dbea2ab83eb82963598f62a94255bf1604891244dab98006d8605f
TV LAND,http://tv123.cc.cd/live.php?ch=1157&sid=084bdfccba613632c46b32927c05cad1&exp=1791081046&sig=e5bbea434d576171ac7a9c940507ce143bd64965518a37a7e70e65d566bfc47e
SYFY,http://tv123.cc.cd/live.php?ch=1158&sid=084bdfccba613632c46b32927c05cad1&exp=1791081046&sig=8065802493626d0a39e1bb73c23e9831298fba8a5734f1e95c8a95e6277624c4
Lifetime,http://tv123.cc.cd/live.php?ch=1159&sid=084bdfccba613632c46b32927c05cad1&exp=1791081046&sig=5f64f2f4341dcd11ecbdf013927b7a2c5b4695e2d4359169a338284f59366265
Hallmark Mystery,http://tv123.cc.cd/live.php?ch=1160&sid=084bdfccba613632c46b32927c05cad1&exp=1791081046&sig=922b4ca7cf538ce322879251f2cbfbd2e2389934ca2425cde88c109687dae273
Hallmark Family,http://tv123.cc.cd/live.php?ch=1161&sid=084bdfccba613632c46b32927c05cad1&exp=1791081046&sig=a37990ebee677713a537ecb89f163fe9419c6df5333bdfc93acc8aa02fc92307
Hallmark Channel,http://tv123.cc.cd/live.php?ch=1162&sid=084bdfccba613632c46b32927c05cad1&exp=1791081046&sig=58eeb734f53bfef315ff1edff692aa3c2253061d6b95b1058b2f117d9cc4be18
FXX,http://tv123.cc.cd/live.php?ch=1163&sid=084bdfccba613632c46b32927c05cad1&exp=1791081046&sig=dee22c82c68d2e701589d3bef11c77e83c9cf9d33ed74de2fdb77d2bd8d21fbd
FX,http://tv123.cc.cd/live.php?ch=1164&sid=084bdfccba613632c46b32927c05cad1&exp=1791081046&sig=1687092842b6bfd6361bf7cdac0b76aa36175c6851ccea261d6f6a7a4237b311
CMT,http://tv123.cc.cd/live.php?ch=1165&sid=084bdfccba613632c46b32927c05cad1&exp=1791081046&sig=71039cbd7bd529825f23f01bdd211ebe6972509f70ebd609099a7a1a84501068
VH1,http://tv123.cc.cd/live.php?ch=1166&sid=084bdfccba613632c46b32927c05cad1&exp=1791081046&sig=d422fd68091c2e107dc8b2f256e48ba68ae63093bc86d35652d4a3204b3b3a4f
Game Show Network,http://tv123.cc.cd/live.php?ch=1167&sid=084bdfccba613632c46b32927c05cad1&exp=1791081046&sig=5d7f4743420cc2410648bc4f301ffb2356e081f72737ae853320249864a1d20b
VICE,http://tv123.cc.cd/live.php?ch=1168&sid=084bdfccba613632c46b32927c05cad1&exp=1791081046&sig=bb93b67e2b8d4421fae10a7bafc6a79b1b1b2f6a5cc0655b477b51b251e836b6
AXS TV,http://tv123.cc.cd/live.php?ch=1169&sid=084bdfccba613632c46b32927c05cad1&exp=1791081046&sig=a865dd3a903b96d1a0193e0c4bd93557468d2a9f3d0cf70f70c3847eb6e0143f
Adult Swim,http://tv123.cc.cd/live.php?ch=1170&sid=084bdfccba613632c46b32927c05cad1&exp=1791081046&sig=8cb7322b38161e2e723074e912a60d6dfb3e573e74044b5dd2b725eb2bea01d9
truTV,http://tv123.cc.cd/live.php?ch=1171&sid=084bdfccba613632c46b32927c05cad1&exp=1791081046&sig=a321eafbd20db150ea462015e6ba1febe72bc37677ef2bc008cfe3e0f29380ef
E!,http://tv123.cc.cd/live.php?ch=1172&sid=084bdfccba613632c46b32927c05cad1&exp=1791081046&sig=f55c8e2f3527f0bf7db4bc54e082fd4c1a25e4c65ddc1a6037c51924da0d68b9
fuse,http://tv123.cc.cd/live.php?ch=1173&sid=084bdfccba613632c46b32927c05cad1&exp=1791081046&sig=ed627705323500ab38c155d32811a50b157abc0a45e5dab0a4bae139d0282513
Pop,http://tv123.cc.cd/live.php?ch=1174&sid=084bdfccba613632c46b32927c05cad1&exp=1791081046&sig=62b1a6cae2ccd0c86a5a9e19259f976f258f84c52bf449acd5344f786ec5ae26
BET,http://tv123.cc.cd/live.php?ch=1175&sid=084bdfccba613632c46b32927c05cad1&exp=1791081046&sig=93e78cf729db30d8ddf4a6915ecc2f44e4181b8dcfca99e8fb5e4a0773d27cf0
Bravo,http://tv123.cc.cd/live.php?ch=1176&sid=084bdfccba613632c46b32927c05cad1&exp=1791081046&sig=b39858016fd269485e02dd654f17891ca42900b70b02db0ca742073810acbf7e
Comedy Central,http://tv123.cc.cd/live.php?ch=1177&sid=084bdfccba613632c46b32927c05cad1&exp=1791081046&sig=97f27406f37d189b6dcd67e84ac17391dacd70a2650b2b791425d0219450f592
MTV2,http://tv123.cc.cd/live.php?ch=1178&sid=084bdfccba613632c46b32927c05cad1&exp=1791081046&sig=634df5d6efd6086ba422f92b51fac57f6650ac296eb27125db6c12e75e77ee46
MTV,http://tv123.cc.cd/live.php?ch=1179&sid=084bdfccba613632c46b32927c05cad1&exp=1791081046&sig=f0f35321c5073b04bb2202b64823572a626f5f48a5f8bfa41028a97c9bd15e74
A&E,http://tv123.cc.cd/live.php?ch=1180&sid=084bdfccba613632c46b32927c05cad1&exp=1791081046&sig=f3b1dd41536431d53884871759476df4d366550b09911a5e934a01a2f3a69644
TBS,http://tv123.cc.cd/live.php?ch=1181&sid=084bdfccba613632c46b32927c05cad1&exp=1791081046&sig=0ae5075a504d18eaad26459f02e19445c2ce0f82834fb0ee47a98b580a7d36f1
TNT,http://tv123.cc.cd/live.php?ch=1182&sid=084bdfccba613632c46b32927c05cad1&exp=1791081046&sig=52cf5acba4faaa48c79eac938d8c047a7c2ef2bb5ec8b872ec24126e4dfbe86c
USA Network,http://tv123.cc.cd/live.php?ch=1183&sid=084bdfccba613632c46b32927c05cad1&exp=1791081046&sig=269e29eef959a7f5d6d2dd6ad24fbb2224072f3ebfa322cb34190691ebbc0cbd
Crime & Investigation,http://tv123.cc.cd/live.php?ch=1184&sid=084bdfccba613632c46b32927c05cad1&exp=1791081046&sig=d1f61030b46537669ec65cf99d8509edef9cf4e1ba5d2422725c2c4cf734907e
WNBC NBC New York,http://tv123.cc.cd/live.php?ch=1185&sid=084bdfccba613632c46b32927c05cad1&exp=1791081046&sig=db946b6b69efe25f1a4c5fdecd25cf838efb385b25da5d12e5a1de0fae7f8f89
KNBC NBC Los Angeles,http://tv123.cc.cd/live.php?ch=1186&sid=084bdfccba613632c46b32927c05cad1&exp=1791081046&sig=3807ade9ea5dc3039c9f5b04361f5161c2090841c8bcbb6a47f20225c840a555
WCBS CBS New York,http://tv123.cc.cd/live.php?ch=1187&sid=084bdfccba613632c46b32927c05cad1&exp=1791081046&sig=2759f6f6c2004640417f6376bb3f71a8c48025ce84c878da6cf2d2a72f14ff38
KCBS CBS Los Angeles,http://tv123.cc.cd/live.php?ch=1188&sid=084bdfccba613632c46b32927c05cad1&exp=1791081046&sig=5f11a421bf49dccff9feaedf5dd03f5f2a8eb908d2133e2b2195338ffde9ef4c
WABC ABC New York,http://tv123.cc.cd/live.php?ch=1189&sid=084bdfccba613632c46b32927c05cad1&exp=1791081046&sig=454697cdeff274d8a3c1860224161e8704b6c226cfcb524a36962b469f000244
KABC ABC Los Angeles,http://tv123.cc.cd/live.php?ch=1190&sid=084bdfccba613632c46b32927c05cad1&exp=1791081046&sig=139e3ea806e3f81b113b3e73c199491d2bdf3c3bbcba86b770a330d7660b8899
WNYW FOX New York,http://tv123.cc.cd/live.php?ch=1191&sid=084bdfccba613632c46b32927c05cad1&exp=1791081046&sig=a61d08347c6f48fb8fa293b70bdfb752c1326f5437f7e960c27fa8de71b3ebba
KTTV FOX Los Angeles,http://tv123.cc.cd/live.php?ch=1192&sid=084bdfccba613632c46b32927c05cad1&exp=1791081046&sig=8bb55968b3ac86f8a281d49d98be3655d35f0fbd2744553161daf7cd1cff9786
WPIX CW New York,http://tv123.cc.cd/live.php?ch=1193&sid=084bdfccba613632c46b32927c05cad1&exp=1791081046&sig=1d80233c1f854f397bd6f9857d741ff9744a03bf9864ccf120c09a43ad3ffba9
KTLA CW Los Angeles,http://tv123.cc.cd/live.php?ch=1194&sid=084bdfccba613632c46b32927c05cad1&exp=1791081046&sig=2b0c762c9e7b482d4abf93f0da0ed14f705043cdd9686f7e96e42d1c0f8bfb29
WNET THIRTEEN PBS,http://tv123.cc.cd/live.php?ch=1195&sid=084bdfccba613632c46b32927c05cad1&exp=1791081046&sig=6ea2b89c9b5ab9be5521d161acaefcada073fa2c5bc47bcd12ff290bb2bc71ed
KOCE PBS SoCal,http://tv123.cc.cd/live.php?ch=1196&sid=084bdfccba613632c46b32927c05cad1&exp=1791081046&sig=7b17aed1f551b5cabaabc2e01314e2242a7113a4353763187fd0b701c3c5da17
WXTV Univision New York,http://tv123.cc.cd/live.php?ch=1197&sid=084bdfccba613632c46b32927c05cad1&exp=1791081046&sig=66eb112612d5a174cfa44d1680bd58b4b7deba20ea7127ae2b95cb7cda77e614
KMEX Univision Los Angeles,http://tv123.cc.cd/live.php?ch=1198&sid=084bdfccba613632c46b32927c05cad1&exp=1791081046&sig=ebb9cdb61137b231b7664324454bc387d7ce29a0499c9307b5e9926704954882
WNJU Telemundo New York,http://tv123.cc.cd/live.php?ch=1199&sid=084bdfccba613632c46b32927c05cad1&exp=1791081046&sig=3a2405141226f74b822e62e7d554e937eede2c51647475a24311955a573b3f49
KVEA Telemundo Los Angeles,http://tv123.cc.cd/live.php?ch=1200&sid=084bdfccba613632c46b32927c05cad1&exp=1791081046&sig=b1992369ccad31b0c2f657017cdec74379ff390da8b35183aa6f5c0424fb6e5a
Court TV,http://tv123.cc.cd/live.php?ch=1201&sid=084bdfccba613632c46b32927c05cad1&exp=1791081046&sig=4581aa084a648a2d92066bf54a1671e38a5b180b4a01223c75f07af41e2f3027
mtvU,http://tv123.cc.cd/live.php?ch=1202&sid=084bdfccba613632c46b32927c05cad1&exp=1791081046&sig=d897c9033ca7636405bc7b14c8bd04ab599b62c6fde15c5c5194c2c777ad8c67
Outdoor Channel,http://tv123.cc.cd/live.php?ch=1203&sid=084bdfccba613632c46b32927c05cad1&exp=1791081046&sig=c786c572879b5da34bf15135267ab6c1742fa16e53c442831a6dd935338654e4
WE TV,http://tv123.cc.cd/live.php?ch=1204&sid=084bdfccba613632c46b32927c05cad1&exp=1791081046&sig=26b38732d7cf848d049ba89bd65bce0c12bf2adc83d5637d948f0e3ac4071484
WFUT UniMás Nueva York,http://tv123.cc.cd/live.php?ch=1205&sid=084bdfccba613632c46b32927c05cad1&exp=1791081046&sig=709c87693153443aa4ba00c767ce8d36372463efcbb873609bb1a9e48e684e2e
KFTR UniMás Los Ángeles,http://tv123.cc.cd/live.php?ch=1206&sid=084bdfccba613632c46b32927c05cad1&exp=1791081046&sig=0d76bc8fc33ce52aad4913c1bf5bd0e585ccfeff9a78a0f31c2e494586f802d2
AccuWeather,http://tv123.cc.cd/live.php?ch=1207&sid=084bdfccba613632c46b32927c05cad1&exp=1791081046&sig=5025e3c98c3e4c4f60830d00bfa5995261818aa9a415483eb3a2c53d086dbe03
ASPiRE,http://tv123.cc.cd/live.php?ch=1208&sid=084bdfccba613632c46b32927c05cad1&exp=1791081046&sig=af4e8e2d1f570a4e63e398174b0cf290de02700499fe6020bcf757f4fe3b1c9a
BounceTV,http://tv123.cc.cd/live.php?ch=1209&sid=084bdfccba613632c46b32927c05cad1&exp=1791081046&sig=9834a396a0492cbb3de4553727d2f5f4ba615d3a1dccde8b0f93f827f0db7839
Circle Country,http://tv123.cc.cd/live.php?ch=1210&sid=084bdfccba613632c46b32927c05cad1&exp=1791081046&sig=eb16cf8c6a54cc40ea947c910ab406ef507a948a9361f31c6af39fe372505e8d
Comedy.TV,http://tv123.cc.cd/live.php?ch=1211&sid=084bdfccba613632c46b32927c05cad1&exp=1791081046&sig=c13fff34a0f5de1f5f20ebcc52e59d095ea95a7a1b7da72e03f83981f80f1f5a
FOX Soul,http://tv123.cc.cd/live.php?ch=1212&sid=084bdfccba613632c46b32927c05cad1&exp=1791081046&sig=2d25baa852ecc6d3e4700630a7f973884583d7d8a913b1bbf17ee4fb675d7441
FOX Weather,http://tv123.cc.cd/live.php?ch=1213&sid=084bdfccba613632c46b32927c05cad1&exp=1791081046&sig=330124b91ac71e0c85973caa01b5d919c9a7e1abfab88bab50b378a41c58425b
Free Speech TV,http://tv123.cc.cd/live.php?ch=1214&sid=084bdfccba613632c46b32927c05cad1&exp=1791081046&sig=20e461813546904d8dc126bde05e4193b78e3f71ed9834abe56fc08bbf005d6c
GREAT,http://tv123.cc.cd/live.php?ch=1215&sid=084bdfccba613632c46b32927c05cad1&exp=1791081046&sig=56ef9792de121f2249c0ece58c1bd1a23e19c2f4c82c96899f5cfb044d9a6ef7
HSN,http://tv123.cc.cd/live.php?ch=1216&sid=084bdfccba613632c46b32927c05cad1&exp=1791081046&sig=90114d9fef0b14199acbb52a7178b4da886f03bf0330e1c148a6a092163f2bcc
Laff,http://tv123.cc.cd/live.php?ch=1217&sid=084bdfccba613632c46b32927c05cad1&exp=1791081046&sig=e1a206e833590bad92e7b203136f3b6195fc838bc9836f3ba3406efb684e1b1b
Nosey,http://tv123.cc.cd/live.php?ch=1218&sid=084bdfccba613632c46b32927c05cad1&exp=1791081046&sig=a920c94a0b1d00a9da83ebc33124a7be1bc0f0ed5b579920d4d6efceb1343534
QVC,http://tv123.cc.cd/live.php?ch=1219&sid=084bdfccba613632c46b32927c05cad1&exp=1791081046&sig=c6b62810949a3836c304ed0087b6c12313a99e475e558a7dd9c578cc8ccb3e8d
Revolt,http://tv123.cc.cd/live.php?ch=1220&sid=084bdfccba613632c46b32927c05cad1&exp=1791081046&sig=d8929a8a3bcb413d9f1991ffc9e02a5d9123b98ffa708ef0512fbbd5da106e0e
RFD TV,http://tv123.cc.cd/live.php?ch=1221&sid=084bdfccba613632c46b32927c05cad1&exp=1791081046&sig=3c36cb3c90e3c1890df0b9ac5bd60b3cb0b7128e8f78543644f107bb513b5955
The Africa Channel,http://tv123.cc.cd/live.php?ch=1222&sid=084bdfccba613632c46b32927c05cad1&exp=1791081046&sig=f4ef4bdd027b83c0c1ef84041c06e36183d635e7076c12acf0e6fd5b4bee08f7
The Grio,http://tv123.cc.cd/live.php?ch=1223&sid=084bdfccba613632c46b32927c05cad1&exp=1791081046&sig=84d13debfd849c4b392b0ffe70cbd978cbcfb453315cd06eb4b749dbf2a56b5f
Universo,http://tv123.cc.cd/live.php?ch=1224&sid=084bdfccba613632c46b32927c05cad1&exp=1791081046&sig=a5dd627cf55906a3db8efc0f3b387ff58f65fd10633a4f5922fad18593ababdb
UPtv,http://tv123.cc.cd/live.php?ch=1225&sid=084bdfccba613632c46b32927c05cad1&exp=1791081046&sig=3139d5d135e41861ce1b83e6f4598c3c082f010dc0933139539e72776bfb3503
WEST TV,http://tv123.cc.cd/live.php?ch=1226&sid=084bdfccba613632c46b32927c05cad1&exp=1791081046&sig=a3a1793cb4a17ee209747e9be7daa9ff471e7dda20c2f1aada3d933f489bbe9f
Hollywood Suite 2010s+ CA,http://tv123.cc.cd/live.php?ch=1227&sid=084bdfccba613632c46b32927c05cad1&exp=1791081046&sig=3d2739ed3961b827238a998f874cb929f690cb3ed679e03a47c9129d13157e6c
Hollywood Suite 2000s CA,http://tv123.cc.cd/live.php?ch=1228&sid=084bdfccba613632c46b32927c05cad1&exp=1791081046&sig=f4ece1766040b8dedb132355f77ffad5b68f2b6c44ca169fcb454c98600078a5
Hollywood Suite 80s and 90s CA,http://tv123.cc.cd/live.php?ch=1229&sid=084bdfccba613632c46b32927c05cad1&exp=1791081046&sig=26dde33fd6e8a89225043a605e735752e5c8e181cc80235f8da29ff9a7b96e6f
Hollywood Suite 70s+ CA,http://tv123.cc.cd/live.php?ch=1230&sid=084bdfccba613632c46b32927c05cad1&exp=1791081046&sig=adb82e6d9b13565504ced57d9e44c0c2dc0dc26e4a0f5c2a051e9fa44d03dc1b
Starz Encore Español,http://tv123.cc.cd/live.php?ch=1231&sid=084bdfccba613632c46b32927c05cad1&exp=1791081046&sig=b8431cf4dd8188adfa753722012d8c8d553ca34bbf9c9fdd5b336b0ec4fcfe49
Ciné+ Classic FR,http://tv123.cc.cd/live.php?ch=1232&sid=084bdfccba613632c46b32927c05cad1&exp=1791081046&sig=b4c16acda1109e9f492d808002fb48986e8fd1d2c0dd1bb21253546e138ed5f1
Ciné+ Festival FR,http://tv123.cc.cd/live.php?ch=1233&sid=084bdfccba613632c46b32927c05cad1&exp=1791081046&sig=297fa5676748f16d6b124b829d18fcccf97be3aa0c20fbf4f30524f6a3475773
Ciné+ Family FR,http://tv123.cc.cd/live.php?ch=1234&sid=084bdfccba613632c46b32927c05cad1&exp=1791081046&sig=d7017959d2e68fd570d9f490a31d638b05a5c945311f226c49868ec319c09909
Ciné+ Emotion FR,http://tv123.cc.cd/live.php?ch=1235&sid=084bdfccba613632c46b32927c05cad1&exp=1791081046&sig=e5e80e3ce6968c6737d8f560bc02c52e72e941bba80423afcb7e36e9c7c6b011
Ciné+ Frisson FR,http://tv123.cc.cd/live.php?ch=1236&sid=084bdfccba613632c46b32927c05cad1&exp=1791081046&sig=7151733a184fa66731bc2a017778fb9fae1c99fc1f9fb9aced3ab0f9a8509c38
Ciné+ OCS FR,http://tv123.cc.cd/live.php?ch=1237&sid=084bdfccba613632c46b32927c05cad1&exp=1791081046&sig=56e8cd421f89a34e3d5873895083c83070e625cb8ccd0bf9658b242601e56ed2
Crave 4 CA,http://tv123.cc.cd/live.php?ch=1238&sid=084bdfccba613632c46b32927c05cad1&exp=1791081046&sig=e7d8125a6bee47cbda20bba5f563b13b8ac3194dcf72c03bd62433a955e009a3
Crave 3 CA,http://tv123.cc.cd/live.php?ch=1239&sid=084bdfccba613632c46b32927c05cad1&exp=1791081046&sig=f1f15ad42df51dc66b13f32cc8c179d557c6ed54d096282a580f132f01b7e9b4
Crave 2 CA,http://tv123.cc.cd/live.php?ch=1240&sid=084bdfccba613632c46b32927c05cad1&exp=1791081046&sig=72e263f0b2b49b6e4d3b1bc6dba561587dac44e2dfee3afad33ed0fc6e0a31ff
Crave 1 CA,http://tv123.cc.cd/live.php?ch=1241&sid=084bdfccba613632c46b32927c05cad1&exp=1791081046&sig=7bc7d68ac6effd3d8ca33a2a1e649df012fbef07104239e66d12436824fe259c
Flix,http://tv123.cc.cd/live.php?ch=1242&sid=084bdfccba613632c46b32927c05cad1&exp=1791081046&sig=9d2c43625d858ce4a755dc34166c71979075208018a70b76bb3fb76f14c90f8a
The Movie Channel,http://tv123.cc.cd/live.php?ch=1243&sid=084bdfccba613632c46b32927c05cad1&exp=1791081046&sig=864fc3b37d04899446184501c5b972ed3c593b13a2ab21c5ee3b16ac80615e45
TCM,http://tv123.cc.cd/live.php?ch=1244&sid=084bdfccba613632c46b32927c05cad1&exp=1791081046&sig=1f5367d9c42207d6354856832d70cbdd04b5f8548afd289deb6afd8438fb97e4
RetroPlex,http://tv123.cc.cd/live.php?ch=1245&sid=084bdfccba613632c46b32927c05cad1&exp=1791081046&sig=43de11a3b65411a02604a9b0bf8f83cf7b5f3197be8ca6b059b1e045908ca8bb
IndiePlex,http://tv123.cc.cd/live.php?ch=1246&sid=084bdfccba613632c46b32927c05cad1&exp=1791081046&sig=1ea5e3a07f662b0e50f05ce075f63dd87129ac175b80d07104fc9ff34917a5e0
MoviePlex,http://tv123.cc.cd/live.php?ch=1247&sid=084bdfccba613632c46b32927c05cad1&exp=1791081046&sig=b5f59e43e662e81503339b2d0ac1515d8a641eba1d9d41d634adb630fd0f5bce
ScreenPix Westerns,http://tv123.cc.cd/live.php?ch=1248&sid=084bdfccba613632c46b32927c05cad1&exp=1791081046&sig=c52ac7719c64d42f71db917bf4222ffa7cae8f55d70d39adb7dd8c322494d06b
ScreenPix Voices,http://tv123.cc.cd/live.php?ch=1249&sid=084bdfccba613632c46b32927c05cad1&exp=1791081046&sig=3df5b5a58d4a0c7a9be716305a9a6103550b40ed7bdc7887862867735e0a2861
ScreenPix Action,http://tv123.cc.cd/live.php?ch=1250&sid=084bdfccba613632c46b32927c05cad1&exp=1791081046&sig=081303cc970e564b471f7fe54c5787543281ce792a8846ee4ef741683ab47bd0
ScreenPix,http://tv123.cc.cd/live.php?ch=1251&sid=084bdfccba613632c46b32927c05cad1&exp=1791081046&sig=fe732987d7ab8d8980dac1a943a2be26ba920272aad13575ae7f64a3973b63ed
MGM+ Drive-In,http://tv123.cc.cd/live.php?ch=1252&sid=084bdfccba613632c46b32927c05cad1&exp=1791081046&sig=cfea1a6ee83fbcab20c9667ac433872382341c9dd496edba05ff458fa10f0984
MGM+ Marquee,http://tv123.cc.cd/live.php?ch=1253&sid=084bdfccba613632c46b32927c05cad1&exp=1791081046&sig=f32462e65a5179d5b73c58f8aa435cb1b1a9c49ecca02f3ae2175bc5377d56c4
MGM+ Hits,http://tv123.cc.cd/live.php?ch=1254&sid=084bdfccba613632c46b32927c05cad1&exp=1791081046&sig=07aad5b9d3b174a5ce84df80b6591d4f1cceccfa95473abbff6ce414c733d35b
MGM+,http://tv123.cc.cd/live.php?ch=1255&sid=084bdfccba613632c46b32927c05cad1&exp=1791081046&sig=9a7c762e6ad72ff917c089f835c37a4e885de10d32a70bba7195dce31309ac6b
Cinemáx,http://tv123.cc.cd/live.php?ch=1256&sid=084bdfccba613632c46b32927c05cad1&exp=1791081046&sig=a0abf4881b71ce8e21505ce4bd2c154c611b8bb7dbe65d6c61c90c0c87b32bbd
Cinemax Classics,http://tv123.cc.cd/live.php?ch=1257&sid=084bdfccba613632c46b32927c05cad1&exp=1791081046&sig=1ed95c20d401d4af6f1d0dc3da8cd3191cb9b8ab8d31c99a9a90da15fd62b496
Cinemax Action,http://tv123.cc.cd/live.php?ch=1258&sid=084bdfccba613632c46b32927c05cad1&exp=1791081046&sig=dbbe7e1711ae887f7ba7ffaade1ff039dfb195d81e0d4d2052df1feab786ff24
Cinemax Hits,http://tv123.cc.cd/live.php?ch=1259&sid=084bdfccba613632c46b32927c05cad1&exp=1791081046&sig=8594f74fa33a37b10bc43efd09d5c746c604b26d58324d944609cd10285b4d9b
Cinemax,http://tv123.cc.cd/live.php?ch=1260&sid=084bdfccba613632c46b32927c05cad1&exp=1791081046&sig=c97d360cbbf62022aba1c4bd6ee49aca6614f3341fa4889f793019e2b6d53082
Starz Encore Westerns,http://tv123.cc.cd/live.php?ch=1261&sid=084bdfccba613632c46b32927c05cad1&exp=1791081046&sig=0bfc255490982d52d7484b9e3c8a8a923d34fc014d2679e38780f0d9553d39d3
Starz Encore Suspense,http://tv123.cc.cd/live.php?ch=1262&sid=084bdfccba613632c46b32927c05cad1&exp=1791081046&sig=b9e24391a553519cb625ad96e4729a7ac9d75a7b0fff8fc37dc5f0358faf659d
Starz Encore Family,http://tv123.cc.cd/live.php?ch=1263&sid=084bdfccba613632c46b32927c05cad1&exp=1791081046&sig=c9adb3c2579e4de1af5e181096ecec97e45d7b3db8c18c7c40072b10a7dc211f
Starz Encore Black,http://tv123.cc.cd/live.php?ch=1264&sid=084bdfccba613632c46b32927c05cad1&exp=1791081046&sig=9ec792607f9fefcaf3d694bd590c21ff7b94552b429a3af66a46b27e35052228
Starz Encore Classic,http://tv123.cc.cd/live.php?ch=1265&sid=084bdfccba613632c46b32927c05cad1&exp=1791081046&sig=8436fb5967311314b3ea8f754ef26390e9ba4ce0b143046bc08150baab70e70e
Starz Encore Action,http://tv123.cc.cd/live.php?ch=1266&sid=084bdfccba613632c46b32927c05cad1&exp=1791081046&sig=95f1d5bfdf866cf6509344fce4a75e0dff97ed551fc4439605b28402270fe317
Starz Encore,http://tv123.cc.cd/live.php?ch=1267&sid=084bdfccba613632c46b32927c05cad1&exp=1791081046&sig=98a7c78dda0b31a8b425e47d8aac4668644f23c6e631139199501713e7ffc81e
Starz Kids & Family,http://tv123.cc.cd/live.php?ch=1268&sid=084bdfccba613632c46b32927c05cad1&exp=1791081046&sig=40d2c684372322eb3f1109780af0c0384061636a268e87c911177ff8cb9a74fe
Starz Cinema,http://tv123.cc.cd/live.php?ch=1269&sid=084bdfccba613632c46b32927c05cad1&exp=1791081046&sig=36a7e88a266c9a8621096124d680cc4f02a888f4abc387f614dbf617107fafe3
Starz Comedy,http://tv123.cc.cd/live.php?ch=1270&sid=084bdfccba613632c46b32927c05cad1&exp=1791081046&sig=319fb61f70185d3d9156fb7a5e50ffba7c8b6c089c081a6430b1c5290641767e
Starz in Black,http://tv123.cc.cd/live.php?ch=1271&sid=084bdfccba613632c46b32927c05cad1&exp=1791081046&sig=c23b184d09bff454e552ba922b5ee6e3fc2a3701e64daf2ba5eea3ed70c8462a
Starz Edge,http://tv123.cc.cd/live.php?ch=1272&sid=084bdfccba613632c46b32927c05cad1&exp=1791081046&sig=f63dd3c4b03c3534c6d1038f9430983669e66e1219b6ea5e7a199594af6dddff
Starz,http://tv123.cc.cd/live.php?ch=1273&sid=084bdfccba613632c46b32927c05cad1&exp=1791081046&sig=3be87ca7a8a3f5993a1bc17abc327ea1cd4c9b34aea86eac1392bf2e82c28e99
Showtime Showcase,http://tv123.cc.cd/live.php?ch=1274&sid=084bdfccba613632c46b32927c05cad1&exp=1791081046&sig=4bc163680a2887481736dc1c097ba0c6205264b542cf7374b931f04e898c416b
Showtime Family Zone,http://tv123.cc.cd/live.php?ch=1275&sid=084bdfccba613632c46b32927c05cad1&exp=1791081046&sig=f4bdb654202ecbdcdcf0deaf075d96f0bb88aef4494133982d04a2733e318bd6
Showtime Women,http://tv123.cc.cd/live.php?ch=1276&sid=084bdfccba613632c46b32927c05cad1&exp=1791081046&sig=6457d0a819d5f56eb6e017aa233eeaa24be1cf43f416520d9b0ee196552bc6cd
SHOxBET,http://tv123.cc.cd/live.php?ch=1277&sid=084bdfccba613632c46b32927c05cad1&exp=1791081046&sig=7a919cc5ac9603073db0164142905fe551ef41d94784e3f126ac4a95fefb95e7
Showtime Next,http://tv123.cc.cd/live.php?ch=1278&sid=084bdfccba613632c46b32927c05cad1&exp=1791081046&sig=ce5c32018a459f1a2ce63e8d9f7023a7b30e7b7458f7121c604f03d4f3e3010e
Showtime Extreme,http://tv123.cc.cd/live.php?ch=1279&sid=084bdfccba613632c46b32927c05cad1&exp=1791081046&sig=a1de88613fc9cde422d21c76659e35cab9fe7e15471bf03052beeefb611a2852
Showtime 2,http://tv123.cc.cd/live.php?ch=1280&sid=084bdfccba613632c46b32927c05cad1&exp=1791081046&sig=93ee9cf5d039491218af2ef1f2cafa6166f0be4e84333f80c8ff1e83d2386528
Paramount+ with Showtime,http://tv123.cc.cd/live.php?ch=1281&sid=084bdfccba613632c46b32927c05cad1&exp=1791081046&sig=4c9280244d29fb7aa7723aeb5436f4dc20964c7bb2982788c031d5c382b7b8fc
HBO Movies,http://tv123.cc.cd/live.php?ch=1282&sid=084bdfccba613632c46b32927c05cad1&exp=1791081046&sig=b4800b1c8f87def78e99fb55cf42d2c39af1d849bb114979b478cd5bdac264ac
HBO Comedy,http://tv123.cc.cd/live.php?ch=1283&sid=084bdfccba613632c46b32927c05cad1&exp=1791081046&sig=465ad78817f0b1c217056b05f366314b95b8bfd14b5b0c903ee274a5c1ddd789
HBO Drama,http://tv123.cc.cd/live.php?ch=1284&sid=084bdfccba613632c46b32927c05cad1&exp=1791081046&sig=afa2c2d88bc3f662fbff1769f29b16332c5bb99745968da086e424a6f82d282c
HBO Hits,http://tv123.cc.cd/live.php?ch=1285&sid=084bdfccba613632c46b32927c05cad1&exp=1791081046&sig=b038e293af17e0887ecf17bf5141b6db6a52f2a7ea7d4da171d8df4c4c1e9562
HBO Latino,http://tv123.cc.cd/live.php?ch=1286&sid=084bdfccba613632c46b32927c05cad1&exp=1791081046&sig=e9481b93f771a95c618e4328161fa6e7b25f8374a84848b6e8aef39b1385050f
The Movie Channel Xtra,http://tv123.cc.cd/live.php?ch=1288&sid=084bdfccba613632c46b32927c05cad1&exp=1791081046&sig=c71d799c1f4da52dc1c3d9fc8bb8e05b6da3ef8fbc023dbe5348f0c8ae10286e
Canal+ Cinéma(s) FR,http://tv123.cc.cd/live.php?ch=1289&sid=084bdfccba613632c46b32927c05cad1&exp=1791081046&sig=d236ae3ad598f6167979242b3c55ea3231e8f07fdc4dba3ed894b89d90f9f341
Canal+ Grand Écran FR,http://tv123.cc.cd/live.php?ch=1290&sid=084bdfccba613632c46b32927c05cad1&exp=1791081046&sig=d86fb80276eae6afabdf5fa973ee7023641969050b51423cc5259a782a299d52
Sky Cinema Premiere DE,http://tv123.cc.cd/live.php?ch=1291&sid=084bdfccba613632c46b32927c05cad1&exp=1791081046&sig=5346e99d6396bcfbca98a4d3c2829b7503e37f988cc0dafdabdb560d1800a0fc
Sky Cinema Blockbuster DE,http://tv123.cc.cd/live.php?ch=1292&sid=084bdfccba613632c46b32927c05cad1&exp=1791081046&sig=bfd847bb0e63e1c313bfb04970c9f127d6d06fa5ec1f9e8b0e4710b62f89d04f
Sky Cinema Feelgood DE,http://tv123.cc.cd/live.php?ch=1293&sid=084bdfccba613632c46b32927c05cad1&exp=1791081046&sig=97472bc395b9304f2c58baf42616a9baad67ff94cf03e00a6e46c6837c6a78fb
Sky Cinema Action DE,http://tv123.cc.cd/live.php?ch=1294&sid=084bdfccba613632c46b32927c05cad1&exp=1791081046&sig=03e3f58e0e129af22584f8568427af7a987537b07cd785f673917a872b52ca5a
Sky Cinema Classics DE,http://tv123.cc.cd/live.php?ch=1295&sid=084bdfccba613632c46b32927c05cad1&exp=1791081046&sig=7a21d90bb42a14eb0b785a0e1b76fd9463fee5bd9bffd630aa83eb87fbc69936
Sky Cinema Uno IT,http://tv123.cc.cd/live.php?ch=1296&sid=084bdfccba613632c46b32927c05cad1&exp=1791081046&sig=3d36177afae4b3090f95d270b5b42bc53ec897e3e587f46fa4642c1a166592bf
Sky Cinema Stories IT,http://tv123.cc.cd/live.php?ch=1297&sid=084bdfccba613632c46b32927c05cad1&exp=1791081046&sig=d3fdd882b467a8321dd244a6fc6fc20d917a38772215ad1ecb9e67d7c973d91d
Sky Cinema Collection IT,http://tv123.cc.cd/live.php?ch=1298&sid=084bdfccba613632c46b32927c05cad1&exp=1791081046&sig=0634611193d50d2cc89e8621244a75bb7bfca3ee34dda9a003767f5eb1293693
Sky Cinema Family IT,http://tv123.cc.cd/live.php?ch=1299&sid=084bdfccba613632c46b32927c05cad1&exp=1791081046&sig=1c5ad8c509196018f4d9ae4348ad0f3b807412c69bc54b3c300f5a9fb3b030bf
Sky Cinema Action IT,http://tv123.cc.cd/live.php?ch=1300&sid=084bdfccba613632c46b32927c05cad1&exp=1791081046&sig=fa6fab8275bea676ae97186c3f6ef467b6094c6cc9c0b143f1a81cf22bfd1d06
Sky Cinema Suspense IT,http://tv123.cc.cd/live.php?ch=1301&sid=084bdfccba613632c46b32927c05cad1&exp=1791081046&sig=137d475d2456f83f8c9391a8244cd5013cc7422741bf30fd8b8f9af5752d0f6b
Sky Cinema Comedy IT,http://tv123.cc.cd/live.php?ch=1302&sid=084bdfccba613632c46b32927c05cad1&exp=1791081046&sig=29948298df2de7e6e6ba9d77991e374bc846b8b3850930f846a335a2072b2646
Sky Cinema Romance IT,http://tv123.cc.cd/live.php?ch=1303&sid=084bdfccba613632c46b32927c05cad1&exp=1791081046&sig=deb02d32cfe19f7f52282dfe3b23fd39aefc333e8d9403a257ba6a5cd8cc6db1
Sky Cinema Drama IT,http://tv123.cc.cd/live.php?ch=1304&sid=084bdfccba613632c46b32927c05cad1&exp=1791081046&sig=5dcc1839c56d9cc8fb556e7c8247018be7c4aa20d9a2e18beab0b795ee983a3c
Catchy Comedy,http://tv123.cc.cd/live.php?ch=1305&sid=084bdfccba613632c46b32927c05cad1&exp=1791081046&sig=1c9aeb95f0641fba4064fa1c947e932999ee43aff37a898dfa7f278839111c21
Charge!,http://tv123.cc.cd/live.php?ch=1306&sid=084bdfccba613632c46b32927c05cad1&exp=1791081046&sig=fe99ccef46ddd3a8e329c55a12d462d1a10c3931e8de2ecb1492ced55a7b4914
Comet,http://tv123.cc.cd/live.php?ch=1307&sid=084bdfccba613632c46b32927c05cad1&exp=1791081046&sig=130189ca8c20e700b41139c8c13a70e412d30b1a2636b128f46c80632464234d
Family Movie Classics,http://tv123.cc.cd/live.php?ch=1308&sid=084bdfccba613632c46b32927c05cad1&exp=1791081046&sig=b2b7a5800b1f03962967eac1d13e15e365d623d005fe93d5479be2f34399b7c1
Fetv,http://tv123.cc.cd/live.php?ch=1309&sid=084bdfccba613632c46b32927c05cad1&exp=1791081046&sig=80a60458a5ae4ea54af5e5316de7daed0bed11eacc37b52be22afaa29ce99d72
FX Movie Channel,http://tv123.cc.cd/live.php?ch=1310&sid=084bdfccba613632c46b32927c05cad1&exp=1791081046&sig=8e511dfcaf6d52883bf25b49cc63a1fd1f9759b3ecaa0d7d3804fa5083c0a2c0
Great American Faith & Living,http://tv123.cc.cd/live.php?ch=1311&sid=084bdfccba613632c46b32927c05cad1&exp=1791081046&sig=2a51ed78989c602ae4b6c5917cfc4e35ee9b5f68d56db68bb94cacbd402263b4
Great American Family,http://tv123.cc.cd/live.php?ch=1312&sid=084bdfccba613632c46b32927c05cad1&exp=1791081046&sig=d83587aa61850a6c82bc6fe4174804d1c3117ae594c09fd9d019a3d16ad584be
Heroes & Icons,http://tv123.cc.cd/live.php?ch=1313&sid=084bdfccba613632c46b32927c05cad1&exp=1791081046&sig=c20ec7a87856595a35d827b50e337116ddca93d75ea82ffb9a7f2dfb79095d1b
ION Television,http://tv123.cc.cd/live.php?ch=1314&sid=084bdfccba613632c46b32927c05cad1&exp=1791081046&sig=102ebb1250fc52588989c28161604d19b7a378af1014999fc5b99a2cec7bd7cd
LMN,http://tv123.cc.cd/live.php?ch=1315&sid=084bdfccba613632c46b32927c05cad1&exp=1791081046&sig=fe148211de6978e3a21d171015a115910a98f345f01702f7a66effe721b29230
Movies!,http://tv123.cc.cd/live.php?ch=1316&sid=084bdfccba613632c46b32927c05cad1&exp=1791081046&sig=6998ca9f8895fad0d98d9be79c3b807339aae8012145cd6744433ed0bec36ccd
MovieSphere Gold,http://tv123.cc.cd/live.php?ch=1317&sid=084bdfccba613632c46b32927c05cad1&exp=1791081046&sig=32a62026da94ea0d76b15fdbdcdd32797e4df21c760778dc136969231c492e19
PixL,http://tv123.cc.cd/live.php?ch=1318&sid=084bdfccba613632c46b32927c05cad1&exp=1791081046&sig=6bb8dccc7fd7ec12612d276238ab67d73f2ff3ed6ed0d8d67d7265eb8a23e739
Start TV,http://tv123.cc.cd/live.php?ch=1319&sid=084bdfccba613632c46b32927c05cad1&exp=1791081046&sig=f51ae2ab5df76e5f13075cd61ffe37873653e374b3bf2746fca4c201ccc70507
Silver Screen Classics CA,http://tv123.cc.cd/live.php?ch=1320&sid=084bdfccba613632c46b32927c05cad1&exp=1791081046&sig=d726120f099f65fa66945fb188ef3c72898cc0619b9c8e927812211195f43836
Classic Cinema,http://tv123.cc.cd/live.php?ch=1321&sid=084bdfccba613632c46b32927c05cad1&exp=1791081046&sig=3c03368a889f0ed737cd24c4d7a6d8e217fe7f8e605c073318c263e9e4943861
Great American RomComs,http://tv123.cc.cd/live.php?ch=1322&sid=084bdfccba613632c46b32927c05cad1&exp=1791081046&sig=619849be3b0f090c22b04b0c248237b572805965e45b6103d43ccb4c721346e0
Lone Star,http://tv123.cc.cd/live.php?ch=1323&sid=084bdfccba613632c46b32927c05cad1&exp=1791081046&sig=dac430458930963a4283c6180bc14923f55304281f93e8526320fa483dd7f922
Shout! TV,http://tv123.cc.cd/live.php?ch=1324&sid=084bdfccba613632c46b32927c05cad1&exp=1791081046&sig=8f0adb7e0415351a8cd6b4606b36c36d57140354528c9d48af98110b1a056ad2
Shout! Movies,http://tv123.cc.cd/live.php?ch=1325&sid=084bdfccba613632c46b32927c05cad1&exp=1791081046&sig=ec18d485e6861a3e010230829576d54dbdfb4ff02637d72488a63cb2dd16332c
TV Land Drama,http://tv123.cc.cd/live.php?ch=1326&sid=084bdfccba613632c46b32927c05cad1&exp=1791081046&sig=ffd10065904f9c0e8d922fe3a252d2995f550fb3991d0777303b5dd2c8506314
TV Land Sitcoms,http://tv123.cc.cd/live.php?ch=1327&sid=084bdfccba613632c46b32927c05cad1&exp=1791081046&sig=11bc3a73846e4fd139ee0be757e6acacf15447645bcf85433c30a284b55c7462
CTV Movies,http://tv123.cc.cd/live.php?ch=1328&sid=084bdfccba613632c46b32927c05cad1&exp=1791081046&sig=96ef8d739734b1e3de1829495640b9d416be6d13ee5b65a0d1d8f80990610162
CGTN CN,http://tv123.cc.cd/live.php?ch=1329&sid=084bdfccba613632c46b32927c05cad1&exp=1791081046&sig=08c5f532eb612af28e85e114cdb21f2629f6f1479e73ae1c7a7bb6b1254e21bd
CNA SG,http://tv123.cc.cd/live.php?ch=1330&sid=084bdfccba613632c46b32927c05cad1&exp=1791081046&sig=3990b2fb6561374838fe9fb02acea429e2dd534d5588fff8dd348628bf22e5fc
RT RU,http://tv123.cc.cd/live.php?ch=1331&sid=084bdfccba613632c46b32927c05cad1&exp=1791081046&sig=fd5aa78dcf9355205af0f746fbdcea9f9de508b90285ef3b8faea591b97a93b0
TRT World TR,http://tv123.cc.cd/live.php?ch=1332&sid=084bdfccba613632c46b32927c05cad1&exp=1791081046&sig=6a8c24dbba702a6eded3c3d07c08e8075a11f3794d88b4964dbac8ccb6f8d458
CTV News Channel CA,http://tv123.cc.cd/live.php?ch=1333&sid=084bdfccba613632c46b32927c05cad1&exp=1791081046&sig=95fcfcb09918100a2453b5b02044fc33184dd1b1d330748d2140c2fdca7aaed6
CBC News Network CA,http://tv123.cc.cd/live.php?ch=1334&sid=084bdfccba613632c46b32927c05cad1&exp=1791081046&sig=197382bb2f634b77b236bdc86c8b54d904fb69316fc112c1bb10bf992279cb6e
Sky News International,http://tv123.cc.cd/live.php?ch=1335&sid=084bdfccba613632c46b32927c05cad1&exp=1791081046&sig=1ef508f34db6390c588c105f59a5fdda00b1388898029b46fbbe4c0d9feb34d0
Euronews FR,http://tv123.cc.cd/live.php?ch=1336&sid=084bdfccba613632c46b32927c05cad1&exp=1791081046&sig=a5cafb0563d26bbbd5d968a5d585e5856735dd2298f5f9ddf088045c50559ace
BBC News International,http://tv123.cc.cd/live.php?ch=1337&sid=084bdfccba613632c46b32927c05cad1&exp=1791081046&sig=f18c4b95843fd9ab6087acbe676975d3e3e6a0e7f067a46aea12dac4bcb57cd0
BBC News UK,http://tv123.cc.cd/live.php?ch=1338&sid=084bdfccba613632c46b32927c05cad1&exp=1791081046&sig=f8227c31d27e4eaf3623936103a6c251714dd5732906df43abc9711b2fa2a7f6
Yahoo Finance,http://tv123.cc.cd/live.php?ch=1339&sid=084bdfccba613632c46b32927c05cad1&exp=1791081046&sig=95c22a8e6149ff014b5159b9c48423b76be2c7e5183454fe12f49f32c93a7369
Fox Business,http://tv123.cc.cd/live.php?ch=1340&sid=084bdfccba613632c46b32927c05cad1&exp=1791081046&sig=d3f8c811603b18c43f8a9cc700ab47eb940b4be7cf3ca4f4e67c7fe831e972d6
CNBC,http://tv123.cc.cd/live.php?ch=1341&sid=084bdfccba613632c46b32927c05cad1&exp=1791081046&sig=7e3a939d63bf497c8ff0ba605fc150a1d2fd926a3d8f489e5a2865cfbe154c4b
NewsNation,http://tv123.cc.cd/live.php?ch=1342&sid=084bdfccba613632c46b32927c05cad1&exp=1791081046&sig=484bc1dc9648edc76313e070b2f7e89a07b6c4d5c15b08c947d57781f9500be9
Reuters,http://tv123.cc.cd/live.php?ch=1343&sid=084bdfccba613632c46b32927c05cad1&exp=1791081046&sig=c3733602d611d4ed2cac2916509787d8175864603731e93d07f3a608f26f67a1
NEWSMAX,http://tv123.cc.cd/live.php?ch=1344&sid=084bdfccba613632c46b32927c05cad1&exp=1791081046&sig=0356444cc57ed357e4321af6e243b44c6116cbf8846c90f92e44668f275dee3c
LiveNOW from FOX,http://tv123.cc.cd/live.php?ch=1345&sid=084bdfccba613632c46b32927c05cad1&exp=1791081046&sig=c4f827c0eb9cf186690dc6bdcec50247151b128357aa83442ee46f85bc5811f9
ABC News Live,http://tv123.cc.cd/live.php?ch=1346&sid=084bdfccba613632c46b32927c05cad1&exp=1791081046&sig=f18071180049f4fd8d796750504414a304c9e2ca64bcac5bdfbb4f7fa6e5c0d0
CBS News 24/7,http://tv123.cc.cd/live.php?ch=1347&sid=084bdfccba613632c46b32927c05cad1&exp=1791081046&sig=e8b024f2fe2afcfbd319bac39e31116c5358fad6b15fa7e1e112bf83d3583bc8
NBC News NOW,http://tv123.cc.cd/live.php?ch=1348&sid=084bdfccba613632c46b32927c05cad1&exp=1791081046&sig=151efaf82d24e1731873ae4fdfacae3a489716a30df8f65a1e5db2fbe4fb6e2e
MS NOW,http://tv123.cc.cd/live.php?ch=1349&sid=084bdfccba613632c46b32927c05cad1&exp=1791081046&sig=bd5966292773b2189c523499e6a74cd9449bbf162dd3d700c26578ac8aec5fbb
CNN International,http://tv123.cc.cd/live.php?ch=1350&sid=084bdfccba613632c46b32927c05cad1&exp=1791081046&sig=78a1d64b34d9a4f1bc0d1346b6b8620141950d08a1fb3ba37fb48f16af7a02f6
CNN,http://tv123.cc.cd/live.php?ch=1351&sid=084bdfccba613632c46b32927c05cad1&exp=1791081046&sig=f9b6131fbc82de8bd618ff9340ff626b8eadb6c5040bbd2373ebc22ebc7ed6b5
Fox News Channel,http://tv123.cc.cd/live.php?ch=1352&sid=084bdfccba613632c46b32927c05cad1&exp=1791081046&sig=06fcde3d81f57b737b8114069369bd5600dba8153675e4eb020f986e15d4751f
GB News UK,http://tv123.cc.cd/live.php?ch=1353&sid=084bdfccba613632c46b32927c05cad1&exp=1791081046&sig=3fafa14333795adff0d2517a77db19b174c8ee2ea0eebd797d030dd679025051
France 24 FR,http://tv123.cc.cd/live.php?ch=1354&sid=084bdfccba613632c46b32927c05cad1&exp=1791081046&sig=f52032b841986bad239f8c892cc8619958b546106b3e09d19045f27293f0c186
DW DE,http://tv123.cc.cd/live.php?ch=1355&sid=084bdfccba613632c46b32927c05cad1&exp=1791081046&sig=ae6cc026e5a8003a2d9b6ae814425be79c1d991d77d17a25378d2e2cca26af0c
Bloomberg TV 4K,http://tv123.cc.cd/live.php?ch=1356&sid=084bdfccba613632c46b32927c05cad1&exp=1791081046&sig=048278af149f4293a89540db66922741a2f3896864debb955f6083feb4996553
USA Today,http://tv123.cc.cd/live.php?ch=1357&sid=084bdfccba613632c46b32927c05cad1&exp=1791081046&sig=e64459ebdf14ce43ec8a6ed832ef05d2aff16117e558c78c7c437268c0284a90
ABC News AU,http://tv123.cc.cd/live.php?ch=1358&sid=084bdfccba613632c46b32927c05cad1&exp=1791081046&sig=b930dfb4d455f3e89f97be2d1c622798721bed8b7d079e26e027decbfc443023
Al Jazeera QA,http://tv123.cc.cd/live.php?ch=1359&sid=084bdfccba613632c46b32927c05cad1&exp=1791081046&sig=fceb006bbbabeea92d7f27f25548886b30be421dd1d019ec1ce96d73c7bc7adf
NDTV 24x7 IN,http://tv123.cc.cd/live.php?ch=1360&sid=084bdfccba613632c46b32927c05cad1&exp=1791081046&sig=aa9a029823984e97fcbb818860fa2055848d4c1213dbfb9f397637d1c7a8d2e2
CCTV13 CN,http://tv123.cc.cd/live.php?ch=1361&sid=084bdfccba613632c46b32927c05cad1&exp=1791081046&sig=61213f12b039319d8833454287e3fc0fbf866bb7856216497c655625bb238494
Slice CA,http://tv123.cc.cd/live.php?ch=1362&sid=084bdfccba613632c46b32927c05cad1&exp=1791081046&sig=db4cf1180e30d28f1281a4d9279981e2204bc8143a64085cfad950fc09cfe054
OUTtv CA,http://tv123.cc.cd/live.php?ch=1363&sid=084bdfccba613632c46b32927c05cad1&exp=1791081046&sig=e8ba1948ecfcf14d0f5d2759c5773dfd8008fe9fc514f680dfe1273d9aa7081a
MUCH CA,http://tv123.cc.cd/live.php?ch=1364&sid=084bdfccba613632c46b32927c05cad1&exp=1791081046&sig=1ba275a349b52fbfee1394ae66288f681b87321226e24349735c81645faecbdd
CityNews Vancouver CA,http://tv123.cc.cd/live.php?ch=1365&sid=084bdfccba613632c46b32927c05cad1&exp=1791081046&sig=8ae20bfc2f27839b79472a5c28e9648740edc04f8f69629b7ae8a5556509dc60
CityNews Toronto CA,http://tv123.cc.cd/live.php?ch=1366&sid=084bdfccba613632c46b32927c05cad1&exp=1791081046&sig=18b0882b306f52c2c226d8c29ecb98c323cc00c3ad2011e3d55d4afb5aa147f6
CHCH CA,http://tv123.cc.cd/live.php?ch=1367&sid=084bdfccba613632c46b32927c05cad1&exp=1791081046&sig=57c21a484ee5c8237197ef12d97210ee800e5bcc091e283cea46fead3371c36e
BNN Bloomberg CA,http://tv123.cc.cd/live.php?ch=1368&sid=084bdfccba613632c46b32927c05cad1&exp=1791081046&sig=53d1b5444e8160d06a24fa71fb3cdd3755e912d4a1ab889272c37b0e9a70d679
APTN CA,http://tv123.cc.cd/live.php?ch=1369&sid=084bdfccba613632c46b32927c05cad1&exp=1791081046&sig=889e4a93a0b54141d15e2d5baa8405a41349032a3ac50bfd90060d634455c21d
AMI CA,http://tv123.cc.cd/live.php?ch=1370&sid=084bdfccba613632c46b32927c05cad1&exp=1791081046&sig=27a15107b8e65866ddf70f522b11cfbb98348d4758d13a3f0e1ce12ac7c28e0b
OMNI2 CA,http://tv123.cc.cd/live.php?ch=1371&sid=084bdfccba613632c46b32927c05cad1&exp=1791081046&sig=7d7dc474e0eb32fc56f3ab8bc8a8c5be71afb2f26357c2c7b4886a1ccc7690b1
OMNI1 CA,http://tv123.cc.cd/live.php?ch=1372&sid=084bdfccba613632c46b32927c05cad1&exp=1791081046&sig=0d4906d9a5f9cd045db266ce6ca41589baa0a83d5de93e310fe3dc7d95afeab0
CP24 CA,http://tv123.cc.cd/live.php?ch=1373&sid=084bdfccba613632c46b32927c05cad1&exp=1791081046&sig=df0aa1a2fd613da50b2591ef96e440efb725dfd68b8572d1eca0e11686422678
W Network CA,http://tv123.cc.cd/live.php?ch=1374&sid=084bdfccba613632c46b32927c05cad1&exp=1791081046&sig=b15e2947524b1dd73730ba3eab20c4c6ece8c824bc238cb5810bea20b175bab1
TVO CA,http://tv123.cc.cd/live.php?ch=1375&sid=084bdfccba613632c46b32927c05cad1&exp=1791081046&sig=90aec3737c47ea5e0b7b3b383fe3683854720931fced541d04112daca4c0c23b
Makeful TV CA,http://tv123.cc.cd/live.php?ch=1376&sid=084bdfccba613632c46b32927c05cad1&exp=1791081046&sig=e10a0ea5fb02875d27c59d4ee590f191f59c0225664ce39deb45abe9f8772758
Showcase CA,http://tv123.cc.cd/live.php?ch=1377&sid=084bdfccba613632c46b32927c05cad1&exp=1791081046&sig=11240ea65e4964c0fe6e94cd2101a0d903a788965a96e0baa66d6591cc9470b0
MovieTime CA,http://tv123.cc.cd/live.php?ch=1378&sid=084bdfccba613632c46b32927c05cad1&exp=1791081046&sig=e00ebd50542eaa8327d98dd4b34d895da9bc91bbed2c1ccd1481e4bbd843319e
Citytv Toronto CA,http://tv123.cc.cd/live.php?ch=1379&sid=084bdfccba613632c46b32927c05cad1&exp=1791081046&sig=656e2131cce5e39558308549fe7c173c4f801b0d90f274599532559789cdc754
CBC Vancouver CA,http://tv123.cc.cd/live.php?ch=1380&sid=084bdfccba613632c46b32927c05cad1&exp=1791081046&sig=e61adb59ff7cc7ecd096154509ba0065b18502e904ddd18c92929014dea8dcbd
CBC Toronto CA,http://tv123.cc.cd/live.php?ch=1381&sid=084bdfccba613632c46b32927c05cad1&exp=1791081046&sig=101516ead5c38bd16b743d9be247fdb88a5008f3650c5a2b59fcec1973578016
CTV Life Channel CA,http://tv123.cc.cd/live.php?ch=1382&sid=084bdfccba613632c46b32927c05cad1&exp=1791081046&sig=881acff0f40d9467a060ac9ae45ffaba78231256478f6920784d45f545898fac
CTV Sci-Fi Channel CA,http://tv123.cc.cd/live.php?ch=1383&sid=084bdfccba613632c46b32927c05cad1&exp=1791081046&sig=5cb6f2613e18c1d199ae2023df752284f6f59b74768cdd0e60ed3acceb4544ad
CTV Comedy Channel CA,http://tv123.cc.cd/live.php?ch=1384&sid=084bdfccba613632c46b32927c05cad1&exp=1791081046&sig=ef8940a1f4b0d671ecb11db02594197d221415d7f16d038b29fefbc5996761c6
CTV Drama Channel CA,http://tv123.cc.cd/live.php?ch=1385&sid=084bdfccba613632c46b32927c05cad1&exp=1791081046&sig=f8d06c5e75b3d42d63871b8b8b387c4da568f417a5658b8632d4dbd5b7bf8033
CTV Toronto CA,http://tv123.cc.cd/live.php?ch=1386&sid=084bdfccba613632c46b32927c05cad1&exp=1791081046&sig=91eaed6703870c1afbbb0aabb715e9b36ce799b8e0fe500a344680ea88adb31d
The Weather Network CA,http://tv123.cc.cd/live.php?ch=1387&sid=084bdfccba613632c46b32927c05cad1&exp=1791081046&sig=153e895be339f009d4ced192d71d8fd1971479eb02c5141422fe495c9a1ccc39
CPAC CA,http://tv123.cc.cd/live.php?ch=1388&sid=084bdfccba613632c46b32927c05cad1&exp=1791081046&sig=9f886706cc1955bab41f7bf34f670ba63baf930c84ceeb8d473a941c355c417d
CTV2 Barrie CA,http://tv123.cc.cd/live.php?ch=1389&sid=084bdfccba613632c46b32927c05cad1&exp=1791081046&sig=6262a31ebadc2ccc80a88f2bb31e437be2d294341cae61599a1dc216dc797a88
Deluxe Summertime DE,http://tv123.cc.cd/live.php?ch=1390&sid=084bdfccba613632c46b32927c05cad1&exp=1791081046&sig=a75aed4dfefab74c672e70097872af2e76f87ebe77e3cf0de3ea3173111c9ecc
Deluxe Lounge DE,http://tv123.cc.cd/live.php?ch=1391&sid=084bdfccba613632c46b32927c05cad1&exp=1791081046&sig=36009144f3d70851e0105b8c8b07f8f3501fbece7cce9031f0a4788ab40882a5
Deluxe Deutschpop DE,http://tv123.cc.cd/live.php?ch=1392&sid=084bdfccba613632c46b32927c05cad1&exp=1791081046&sig=a5254ad3fd33d71d53913f78cc5af000f788e57603f46ed753cd571ee258ea4d
Deluxe RAP DE,http://tv123.cc.cd/live.php?ch=1393&sid=084bdfccba613632c46b32927c05cad1&exp=1791081046&sig=6cad01419fccab73d7d40a0982b9c76889890237c421b315349f2e688f86d9f5
Deluxe Dance By Kontor DE,http://tv123.cc.cd/live.php?ch=1394&sid=084bdfccba613632c46b32927c05cad1&exp=1791081046&sig=b910f6518280abfd9697c678f728604a5b6d9e9bd83b27034afdd155e7a460e1
Qello Concerts by Stingray,http://tv123.cc.cd/live.php?ch=1395&sid=084bdfccba613632c46b32927c05cad1&exp=1791081046&sig=e25188efc969233f9404f87e8ff83e7386a321b63cbd5d68030b614cd26cfff9
Stingray DJAZZ,http://tv123.cc.cd/live.php?ch=1396&sid=084bdfccba613632c46b32927c05cad1&exp=1791081046&sig=3b57258e5110622b4608b52a97c29478bb987dc9873302664231c8b19398edcb
Stingray Classica,http://tv123.cc.cd/live.php?ch=1397&sid=084bdfccba613632c46b32927c05cad1&exp=1791081046&sig=d61da9661d5d8c9d329c2d9f75d7a2cc889b397ff97166fa2783bc9b599415ae
XITE Siempre Latino,http://tv123.cc.cd/live.php?ch=1398&sid=084bdfccba613632c46b32927c05cad1&exp=1791081046&sig=19746df3cabf55f3e884afaca110a7401a7c13854eaed73fb61d2f7ec3923d26
XITE Hits,http://tv123.cc.cd/live.php?ch=1399&sid=084bdfccba613632c46b32927c05cad1&exp=1791081046&sig=173176453600dae87993206d2e39f51b376d00a41fdd291db206b9fbf9749517
XITE Just Chill,http://tv123.cc.cd/live.php?ch=1400&sid=084bdfccba613632c46b32927c05cad1&exp=1791081046&sig=0fc88ac193baf84f69da73fb5431871356a1996ef3b29db72ec5d8ecb124e1e8
XITE Nuevo Latino,http://tv123.cc.cd/live.php?ch=1401&sid=084bdfccba613632c46b32927c05cad1&exp=1791081046&sig=c6586ce646c5d9f086040ac68f79beba28200a178c9748d6be9d9be2571abf51
XITE R&B Classic Jams,http://tv123.cc.cd/live.php?ch=1402&sid=084bdfccba613632c46b32927c05cad1&exp=1791081046&sig=05760a177fdc5fdeb1c4a3f3146fdb609ee7a5c7c28634b5131636b9e70dd3a1
XITE Reggae Vibes,http://tv123.cc.cd/live.php?ch=1403&sid=084bdfccba613632c46b32927c05cad1&exp=1791081046&sig=319e909e03d6a9b60388cd10f53552c75ce70230f92b43bb3680db38b741ef8c
XITE Rock x Metal,http://tv123.cc.cd/live.php?ch=1404&sid=084bdfccba613632c46b32927c05cad1&exp=1791081046&sig=ced6abe6d95394785cd690dd1b2f419431e5e20b72b362822eaf1cf511c4552e
XITE Country Today,http://tv123.cc.cd/live.php?ch=1405&sid=084bdfccba613632c46b32927c05cad1&exp=1791081046&sig=5a4435b81dbc1151b9b85f0e83cf7b14559a50f8a798b8991af4b3ea5c112f3d
XITE Classic Country,http://tv123.cc.cd/live.php?ch=1406&sid=084bdfccba613632c46b32927c05cad1&exp=1791081046&sig=d0432c12e35f1a07045c0f10f14732ffe3f5264d9349487e28a80ba3de242a77
XITE Christian Hits,http://tv123.cc.cd/live.php?ch=1407&sid=084bdfccba613632c46b32927c05cad1&exp=1791081046&sig=444e314c86caddbed76f48f389f1f7c98b3b0cce2a461ead8e8d091a1c871bfd
XITE 90s Throwback,http://tv123.cc.cd/live.php?ch=1408&sid=084bdfccba613632c46b32927c05cad1&exp=1791081046&sig=2a7ac6a6000665cbcdf8a1c9a61059ac4abbfa9b83cbd33c314f75c960935c25
XITE 80s Flashback,http://tv123.cc.cd/live.php?ch=1409&sid=084bdfccba613632c46b32927c05cad1&exp=1791081046&sig=942320884340f61a6bbddc3cf5505d9261c14531b52bb905cf5a0256c23d0e8e
Vevo 2010s,http://tv123.cc.cd/live.php?ch=1410&sid=084bdfccba613632c46b32927c05cad1&exp=1791081046&sig=273e378d65de81902df4445d1f26f4b2defc9ce0f809b0a8a31994a53de5a2b4
Vevo Rock,http://tv123.cc.cd/live.php?ch=1411&sid=084bdfccba613632c46b32927c05cad1&exp=1791081046&sig=f52bba538e729947c2344963ab2873824403f2372fb7334d5d2739f9cd1882ca
Vevo R&B,http://tv123.cc.cd/live.php?ch=1412&sid=084bdfccba613632c46b32927c05cad1&exp=1791081046&sig=250ef32efdfdb04d983544bc9fd7388a8f9153b56b9b16c20b88c72d2da13799
Vevo Hip-Hop,http://tv123.cc.cd/live.php?ch=1413&sid=084bdfccba613632c46b32927c05cad1&exp=1791081046&sig=7d7769ebb68f6c592e4ca0abaffce97a997566f751da69456918036bbf92a1a8
Vevo Pop,http://tv123.cc.cd/live.php?ch=1414&sid=084bdfccba613632c46b32927c05cad1&exp=1791081046&sig=941ecbd35a6017f6d8de18477cb8f61c61aa08219c9e88c8e65bdf03311479b8
Vevo Latino,http://tv123.cc.cd/live.php?ch=1415&sid=084bdfccba613632c46b32927c05cad1&exp=1791081046&sig=fff4cb70432b99453602d2eb1abc2e3950bb10eadc092112086c91474b9c0a14
Vevo Country,http://tv123.cc.cd/live.php?ch=1416&sid=084bdfccba613632c46b32927c05cad1&exp=1791081046&sig=e516cdebe18f37f7fbd1f3670dafc955b549b564795858aeb75be0ab380bfb09
Vevo '70s,http://tv123.cc.cd/live.php?ch=1417&sid=084bdfccba613632c46b32927c05cad1&exp=1791081046&sig=12fa8f9c04dcc289846a72da4de2c32ee4a4f69158fdfdf6555bed8f33df4f39
Vevo '80s,http://tv123.cc.cd/live.php?ch=1418&sid=084bdfccba613632c46b32927c05cad1&exp=1791081046&sig=c1129e31979397c497fa2fbed69da39c61f8445190f87dbc73938a426152d437
Vevo '90s,http://tv123.cc.cd/live.php?ch=1419&sid=084bdfccba613632c46b32927c05cad1&exp=1791081046&sig=eb1ff50fa041e5c87c265d39e4d0cbad67b66c471b8d782f912fb5606cd79ec6
Vevo 2K,http://tv123.cc.cd/live.php?ch=1420&sid=084bdfccba613632c46b32927c05cad1&exp=1791081046&sig=9a14a2482eba66c78fe73b910558ccc7de9667571d5b991c14ca3ddea06b3269
MTV Classic,http://tv123.cc.cd/live.php?ch=1421&sid=084bdfccba613632c46b32927c05cad1&exp=1791081046&sig=73d7609814314d63f56cf3c8f168b73e0290b6448aa221e497305c6f9cbd285f
MTV Live,http://tv123.cc.cd/live.php?ch=1422&sid=084bdfccba613632c46b32927c05cad1&exp=1791081046&sig=caf609bc39d0d4bf7589bb360a50b8f8839949545ba33b3aaaeca1ae1c748ae3
Trace Urban UK,http://tv123.cc.cd/live.php?ch=1423&sid=084bdfccba613632c46b32927c05cad1&exp=1791081046&sig=39964fa3b58f6debcbf49591ffd32d361c9a3e4709cadc49332072076546aa7e
Trace Latina FR,http://tv123.cc.cd/live.php?ch=1424&sid=084bdfccba613632c46b32927c05cad1&exp=1791081046&sig=61ce238cafdd6a01fd468cf795e80ffe9823570752386e04d9c5fab4f0803d01
Vevo Country Rewind,http://tv123.cc.cd/live.php?ch=1425&sid=084bdfccba613632c46b32927c05cad1&exp=1791081046&sig=dd316747ce9964a74126218082b4dcc0ff40f02eb63f9c8944d8153a067f7b26
XITE Spring Vibes,http://tv123.cc.cd/live.php?ch=1426&sid=084bdfccba613632c46b32927c05cad1&exp=1791081046&sig=20f07f5593748a222cc8464125800e73fab8078e3dc7d07d7f9573fa0826be66
NOW 70s UK,http://tv123.cc.cd/live.php?ch=1427&sid=084bdfccba613632c46b32927c05cad1&exp=1791081046&sig=5be269ffc4f04dc19ff29a1bc4d6a414a55cdc498e148d5680e8864b788b437a
NOW 80s UK,http://tv123.cc.cd/live.php?ch=1428&sid=084bdfccba613632c46b32927c05cad1&exp=1791081046&sig=2d409f910a3b9725185aeda8b5bab185f7fee38f1f986ca24b3b785377f95831
NOW 90s00s UK,http://tv123.cc.cd/live.php?ch=1429&sid=084bdfccba613632c46b32927c05cad1&exp=1791081046&sig=38b61b36b51b2826c7e5638fc89bfd074a872ac2a8674ab11d3afb5f2d1948f3
That's 70s UK,http://tv123.cc.cd/live.php?ch=1430&sid=084bdfccba613632c46b32927c05cad1&exp=1791081046&sig=1ec4d94159aee24b52e9c2c9b3c2669f757dacf12f0ed48a9ace3a8cf3b22dab
That's 80s UK,http://tv123.cc.cd/live.php?ch=1431&sid=084bdfccba613632c46b32927c05cad1&exp=1791081046&sig=5155c5971538572051da10f4e44eddb4cefeddbdba15dcddc932cdafe173ba7e
That's 90s00s UK,http://tv123.cc.cd/live.php?ch=1432&sid=084bdfccba613632c46b32927c05cad1&exp=1791081046&sig=1a49b6851d3f61557a36ef66700dfe248cbc6f6ec4f199ab34fa5058c6f40d5d
That's ROCK UK,http://tv123.cc.cd/live.php?ch=1433&sid=084bdfccba613632c46b32927c05cad1&exp=1791081046&sig=a53e4fd396fe999c750a9cacb0b093045d8117309990db9312af4da449d12401
Trace UK UK,http://tv123.cc.cd/live.php?ch=1434&sid=084bdfccba613632c46b32927c05cad1&exp=1791081046&sig=de645996a11129585a5bbc9151eac2684289b43ff98d063bfe6ec8d1aa994123
The LEGO Channel,http://tv123.cc.cd/live.php?ch=1435&sid=084bdfccba613632c46b32927c05cad1&exp=1791081046&sig=5b84a598dc1a110b7b3205e2ca3cf4f564529f5ecb422e6e06be7f19c643a562
Naruto,http://tv123.cc.cd/live.php?ch=1436&sid=084bdfccba613632c46b32927c05cad1&exp=1791081046&sig=df734ed27e559846a705829d1ef45035ff6c32301aeb840a3d64fe474b6f5bf0
Tom and Jerry,http://tv123.cc.cd/live.php?ch=1437&sid=084bdfccba613632c46b32927c05cad1&exp=1791081046&sig=7a3c3ade107a305403a4419a62c9c7cda26089b8c63c8dfc7d66011673d0a9d4
Discovery Family Channel,http://tv123.cc.cd/live.php?ch=1438&sid=084bdfccba613632c46b32927c05cad1&exp=1791081046&sig=379cb1554082adebe8672be9a203ad354b8e1de6629e26dafdec49cf951a70c6
Boomerang,http://tv123.cc.cd/live.php?ch=1439&sid=084bdfccba613632c46b32927c05cad1&exp=1791081046&sig=e3bfa7b463b34167acbcffa47c407e13c57a9da0c84008a1d8b8b3cfb44d45ba
Cartoon Network,http://tv123.cc.cd/live.php?ch=1440&sid=084bdfccba613632c46b32927c05cad1&exp=1791081046&sig=11bb874f179ccf0ea6bfe968fd6e0de6e955a0471774b8a59bd9fd314cfb3517
Disney XD,http://tv123.cc.cd/live.php?ch=1441&sid=084bdfccba613632c46b32927c05cad1&exp=1791081046&sig=b59550fd393069137430292c138f2759ef938ffa2fb9755af90af88d59c71d13
Disney Channel,http://tv123.cc.cd/live.php?ch=1442&sid=084bdfccba613632c46b32927c05cad1&exp=1791081046&sig=c3e53927721f532e90f6cd51697f231fc38618f10a82aa279db91da9f1e0b3e2
Nick Jr.,http://tv123.cc.cd/live.php?ch=1443&sid=084bdfccba613632c46b32927c05cad1&exp=1791081046&sig=82c3a8624d8d7fb4af806a7cbe9da514feb2a1b6d83f8701151f755cca29db31
Nicktoons,http://tv123.cc.cd/live.php?ch=1444&sid=084bdfccba613632c46b32927c05cad1&exp=1791081046&sig=36f35734d9dfd4b7845abe7b4e3bbbe408825fd38d131f4952deca86a8cca391
Nickelodeon,http://tv123.cc.cd/live.php?ch=1445&sid=084bdfccba613632c46b32927c05cad1&exp=1791081046&sig=a8a8b3a27a058df7e1c3edc59d1b400d87c270381b2ea213f5f7f42e101d08b9
PBS Retro,http://tv123.cc.cd/live.php?ch=1446&sid=084bdfccba613632c46b32927c05cad1&exp=1791081046&sig=7cc73e22ae1f980b34d55f492d0b98266a081be170bb5d6d143bfc4c4d2790bb
BabyFirst TV,http://tv123.cc.cd/live.php?ch=1447&sid=084bdfccba613632c46b32927c05cad1&exp=1791081046&sig=a464f6d38751c9d21305e6597a53a4ec7569c2d33660405fd5a727462f3a3a2c
Baby Shark TV,http://tv123.cc.cd/live.php?ch=1448&sid=084bdfccba613632c46b32927c05cad1&exp=1791081046&sig=be67efb03273537c1b374e5963e774505f137d3ce0e39aa73b45541aeaaab474
Disney Junior,http://tv123.cc.cd/live.php?ch=1449&sid=084bdfccba613632c46b32927c05cad1&exp=1791081046&sig=c3457a5a5150a917454785f3ba3e91581e49d2e34153f53987e5b8e0f398a11c
PBS Kids,http://tv123.cc.cd/live.php?ch=1450&sid=084bdfccba613632c46b32927c05cad1&exp=1791081046&sig=1f39ef9f65d697eff33c3a45f31b9fd51eea613842c0718dce0c64524af1bd17
Sensical Gaming,http://tv123.cc.cd/live.php?ch=1451&sid=084bdfccba613632c46b32927c05cad1&exp=1791081046&sig=b4e7c3d929a919e66ec6d8b00f97acdfbfbb066793ede2c26417a8be17c5aab3
Sensical Jr.,http://tv123.cc.cd/live.php?ch=1452&sid=084bdfccba613632c46b32927c05cad1&exp=1791081046&sig=b13c58aecfec11b3578e237e54afb630a833959b7215e110d162ca2a05995d77
Sensical Makers,http://tv123.cc.cd/live.php?ch=1453&sid=084bdfccba613632c46b32927c05cad1&exp=1791081046&sig=19ffc8c058e0f7dab32276d02706fbe226100e7fa93c84228a55a1d33f0e1984
TeenNick,http://tv123.cc.cd/live.php?ch=1454&sid=084bdfccba613632c46b32927c05cad1&exp=1791081046&sig=e37adb46c841805e760dc4b684cc8ade60a89ce92bb4ec4db7f5c5a43efeb7f5
Télétoon CA,http://tv123.cc.cd/live.php?ch=1455&sid=084bdfccba613632c46b32927c05cad1&exp=1791081046&sig=18bcdaabbedc73a531e48b8a01999760c16e7d3497140581c61e242ef6484a64
Treehouse CA,http://tv123.cc.cd/live.php?ch=1456&sid=084bdfccba613632c46b32927c05cad1&exp=1791081046&sig=c218ed9fd8adbf4c79c58dc1d77a8e2e5823c55ffe0cb6277180a4787b7aa74a
YTV CA,http://tv123.cc.cd/live.php?ch=1457&sid=084bdfccba613632c46b32927c05cad1&exp=1791081046&sig=19e1791e6a5303723a81ef44b15d1ff67b0cdc156cf6717a0c055b1c8d8fc5e7
BritBox Mysteries UK,http://tv123.cc.cd/live.php?ch=1458&sid=084bdfccba613632c46b32927c05cad1&exp=1791081046&sig=335c242a10ac61e92b1b0881edf3f9243fb2ac6868705cc5a0f0f80fd8d3b9ef
Sony One FAVES UK,http://tv123.cc.cd/live.php?ch=1459&sid=084bdfccba613632c46b32927c05cad1&exp=1791081046&sig=dffbdd0047591a5d164846dd260c80058374d75bd0ae1e582bfb90f68c3e48fb
Sony One Thriller TV UK,http://tv123.cc.cd/live.php?ch=1460&sid=084bdfccba613632c46b32927c05cad1&exp=1791081046&sig=b70ca000a5178efffb27cd0ddbfc92087413d5309d1c35036a089f3c4ca0b0a1
Sony One Comedy TV UK,http://tv123.cc.cd/live.php?ch=1461&sid=084bdfccba613632c46b32927c05cad1&exp=1791081046&sig=9876dfe1a5a5cbcb4958c816ff342f865ae700c836b49c026a0825a4e12f79b6
Sony One Comedy HITS UK,http://tv123.cc.cd/live.php?ch=1462&sid=084bdfccba613632c46b32927c05cad1&exp=1791081046&sig=a496ad198e7b188ca3ee5b87aee27bb401c5bfaadbed0d51118d51cc10c85515
Sony One Action HITS UK,http://tv123.cc.cd/live.php?ch=1463&sid=084bdfccba613632c46b32927c05cad1&exp=1791081046&sig=1cadc62da5e00047486d71446d5dfeaba38533fca0af7b879b7a2a855eadffe3
BBC Comedy,http://tv123.cc.cd/live.php?ch=1464&sid=084bdfccba613632c46b32927c05cad1&exp=1791081046&sig=1279f094fa1f905979df9384be68217e38ee51824bfc881922359bd447a4384e
BBC Drama,http://tv123.cc.cd/live.php?ch=1465&sid=084bdfccba613632c46b32927c05cad1&exp=1791081046&sig=9e4f35b48aa63d7ed63fd31c4157c09cd270cefd8afd4099e2a390cbd4027920
MGM Present Horror,http://tv123.cc.cd/live.php?ch=1466&sid=084bdfccba613632c46b32927c05cad1&exp=1791081046&sig=0fc5d9966057dea3deba5471418b521dad43cd470f20df3315ba2378d6ed5670
MGM Present Westerns,http://tv123.cc.cd/live.php?ch=1467&sid=084bdfccba613632c46b32927c05cad1&exp=1791081046&sig=b23708ee05116fc15db3e6424369354c3884e2fed80aa3019c86612be0facb6d
MGM Present Action,http://tv123.cc.cd/live.php?ch=1468&sid=084bdfccba613632c46b32927c05cad1&exp=1791081046&sig=daeb7a8f1bcc6c5750ea6b92baa5a13820b367a4c83bbc4911d507c8feb6566d
MGM Present,http://tv123.cc.cd/live.php?ch=1469&sid=084bdfccba613632c46b32927c05cad1&exp=1791081046&sig=79445ef8ffaf5594fa070413cfc1a05f27d0be8396dd8ece1847d35ee14d781b
El Rey Rebel,http://tv123.cc.cd/live.php?ch=1470&sid=084bdfccba613632c46b32927c05cad1&exp=1791081046&sig=3cc184f28de6679911df105c49909e9411aa759a1db648ef3bdd8a665493435f
CINEVAULT: Westerns,http://tv123.cc.cd/live.php?ch=1471&sid=084bdfccba613632c46b32927c05cad1&exp=1791081046&sig=e1322db67a8a16e253cff223d270ef9447448dd91e53dbed6800c81521ab00e0
CINEVAULT: Classics,http://tv123.cc.cd/live.php?ch=1472&sid=084bdfccba613632c46b32927c05cad1&exp=1791081046&sig=c5bc2cd94e1b91a5d6f9bcd53d53ab8b72b34ebe13d1bae414a54925d1c97428
CINEVAULT,http://tv123.cc.cd/live.php?ch=1473&sid=084bdfccba613632c46b32927c05cad1&exp=1791081046&sig=dcc138a4859ded80324aa2c66c488c05e0a9fd9d8520b41fa8999d7e8a2ddade
FilmRise Drama,http://tv123.cc.cd/live.php?ch=1474&sid=084bdfccba613632c46b32927c05cad1&exp=1791081046&sig=b9e2ed4b165d58ece27be74ab63716d569400b77fd5da1e42592c802e8448a66
FilmRise Comedy,http://tv123.cc.cd/live.php?ch=1475&sid=084bdfccba613632c46b32927c05cad1&exp=1791081046&sig=e68fa9989604cc7e2d90972069025c921cfda71ca2e55dd6b4bc8d010d54a591
FilmRise Horror,http://tv123.cc.cd/live.php?ch=1476&sid=084bdfccba613632c46b32927c05cad1&exp=1791081046&sig=13a423d15c320591f1e87b86399be4b2163981e68057e6a21b0d2913296e189f
FilmRise Sci-Fi,http://tv123.cc.cd/live.php?ch=1477&sid=084bdfccba613632c46b32927c05cad1&exp=1791081046&sig=4de92f3343c47c2cfe019419ad8110757c3ef7b915cc5f393928c796ee18736d
FilmRise Black TV,http://tv123.cc.cd/live.php?ch=1478&sid=084bdfccba613632c46b32927c05cad1&exp=1791081046&sig=39c123b07a5020df47d4edcd156f630e5711e26276ade53366b5d191886c5207
FilmRise British TV,http://tv123.cc.cd/live.php?ch=1479&sid=084bdfccba613632c46b32927c05cad1&exp=1791081046&sig=c1d3b3738d9bba7f34f6bb9f18e31edb3b148d1a3d083e25366ba68816ec29e6
FilmRise Classic TV,http://tv123.cc.cd/live.php?ch=1480&sid=084bdfccba613632c46b32927c05cad1&exp=1791081046&sig=a882836db4f50605cea2d55a17871812aa8d56d130bb130fe2d6a686531c5e8c
FilmRise Western,http://tv123.cc.cd/live.php?ch=1481&sid=084bdfccba613632c46b32927c05cad1&exp=1791081046&sig=585c60260d7810fdac722bb58651861a6fae70113e021b683e1f98364bdddc8b
FilmRise Free Movies,http://tv123.cc.cd/live.php?ch=1482&sid=084bdfccba613632c46b32927c05cad1&exp=1791081046&sig=8e0d03f58414c4f5557678cd6ab121672c7fe5f223b615e97ac596c5871f7f97
FilmRise Action,http://tv123.cc.cd/live.php?ch=1483&sid=084bdfccba613632c46b32927c05cad1&exp=1791081046&sig=a1cd41c561f96981939f18b5324c9b816fa660105403fd5a683d92cc3375a844
Universal Crime,http://tv123.cc.cd/live.php?ch=1484&sid=084bdfccba613632c46b32927c05cad1&exp=1791081046&sig=daedd1566a974fd49fd0959698c7d651e46eaca8176ab2c3761794a2a396dc9f
Universal Monsters,http://tv123.cc.cd/live.php?ch=1485&sid=084bdfccba613632c46b32927c05cad1&exp=1791081046&sig=c108db872da20d77701bc02173536ffc1744c1125ec9822523b6754cd90e7476
Universal Western,http://tv123.cc.cd/live.php?ch=1486&sid=084bdfccba613632c46b32927c05cad1&exp=1791081046&sig=25ec3bb2cbcd4a657377f38fbdb2990aca6798e570a1bbc47892226d0804f2f4
Universal Action,http://tv123.cc.cd/live.php?ch=1487&sid=084bdfccba613632c46b32927c05cad1&exp=1791081046&sig=facd53f5eca866e37f5de37f1e50ff5fb1d847455b779f1cd303b1849cc2dd16
Universal Movies,http://tv123.cc.cd/live.php?ch=1488&sid=084bdfccba613632c46b32927c05cad1&exp=1791081046&sig=27b8d0cfc81cd85712d97d4bc96c8e433878be987299543bf415d7b863b079de
OuterSphere by Lionsgate,http://tv123.cc.cd/live.php?ch=1489&sid=084bdfccba613632c46b32927c05cad1&exp=1791081046&sig=833546a249e42fb657f54949c98148e69466708dba1681eeae6d561db8bae60f
Ebony TV by Lionsgate,http://tv123.cc.cd/live.php?ch=1490&sid=084bdfccba613632c46b32927c05cad1&exp=1791081046&sig=b19137ac047cd089f4c274ce2d205205f89abdbccaaed03f461ae91d2d9d1dba
MovieSphere by Lionsgate,http://tv123.cc.cd/live.php?ch=1491&sid=084bdfccba613632c46b32927c05cad1&exp=1791081046&sig=fc56a2face2780a16ca1207cb3db6c76e8a28ced515a822ac67d0ec542c9c5a0
At the Movies,http://tv123.cc.cd/live.php?ch=1492&sid=084bdfccba613632c46b32927c05cad1&exp=1791081046&sig=4feb7ed2118e0386357f357363cfeb08c65630600044b8c20ce2b0b3932fb4d3
DOVE Channel,http://tv123.cc.cd/live.php?ch=1493&sid=084bdfccba613632c46b32927c05cad1&exp=1791081046&sig=0965552e3dbf49075ec44f9332933dd202218a691205e4c5d6a14538eddf73c6
NBC Comedy Vault,http://tv123.cc.cd/live.php?ch=1494&sid=084bdfccba613632c46b32927c05cad1&exp=1791081046&sig=f2746222242cf8e4b2b6ee11e8518ddba39d9284d69d482316b6418bea2100e3
BET x Tyler Perry Drama,http://tv123.cc.cd/live.php?ch=1495&sid=084bdfccba613632c46b32927c05cad1&exp=1791081046&sig=5eb5cfbfd2ac9ab61d9046cefd31ac8268b9a2aa8abff25fa6be9f0d2385b0cb
BET x Tyler Perry Comedy,http://tv123.cc.cd/live.php?ch=1496&sid=084bdfccba613632c46b32927c05cad1&exp=1791081046&sig=aa8b8eae07e22fbfbe754d67611942cb3518b1319274089f0ca5ca3ce464072b
GRIT Xtra,http://tv123.cc.cd/live.php?ch=1497&sid=084bdfccba613632c46b32927c05cad1&exp=1791081046&sig=b23d4eaea1520e17c2c8363a6d33354467bbbf1dfefb354307ac3ad9584efa0d
ion Plus,http://tv123.cc.cd/live.php?ch=1498&sid=084bdfccba613632c46b32927c05cad1&exp=1791081046&sig=e7c1bb90a9fff15be59fced99dfcafdf49e421ceb887cb1d9f8eb5a1869e69a3
ion Mystery,http://tv123.cc.cd/live.php?ch=1499&sid=084bdfccba613632c46b32927c05cad1&exp=1791081046&sig=1f88d28c6cdd2200e32f43184b9e0230ca1babbbf91e681c7457c302863d4dcb
Lifetime Movies Love & Drama,http://tv123.cc.cd/live.php?ch=1500&sid=084bdfccba613632c46b32927c05cad1&exp=1791081046&sig=bea1917b4bc6b3440b30d67f986f52505b8a51bc7ccedec207e0e42d80a7b735
Hallmark Movies & More,http://tv123.cc.cd/live.php?ch=1501&sid=084bdfccba613632c46b32927c05cad1&exp=1791081046&sig=0bcd571e8e1c12efc6566c4854f1d60beb8a729290f30d4dfbe5d86e50052ca0
BOUNCE XL,http://tv123.cc.cd/live.php?ch=1502&sid=084bdfccba613632c46b32927c05cad1&exp=1791081046&sig=3bf0e16058364ba553a41dc43c7097e9e9fd4a3b5f364a155679c9a0a592e23e
CINELIFE,http://tv123.cc.cd/live.php?ch=1503&sid=084bdfccba613632c46b32927c05cad1&exp=1791081046&sig=5154a3107a677b6fbf447559aadad95c65fffbc060c3b0ca2276be76af998353
CW Gold,http://tv123.cc.cd/live.php?ch=1504&sid=084bdfccba613632c46b32927c05cad1&exp=1791081046&sig=efaa2a640a782e0426bbbea9f8a6376951593150000421b8965215b33c1c18d4
CW Forever,http://tv123.cc.cd/live.php?ch=1505&sid=084bdfccba613632c46b32927c05cad1&exp=1791081046&sig=903302d5ed7e4e7b012dc62a53e244e0c5e56f34c13f114742bf38b84b36015d
Stories by AMC,http://tv123.cc.cd/live.php?ch=1506&sid=084bdfccba613632c46b32927c05cad1&exp=1791081046&sig=938319e31826921a5b7a78c418a8de3d5cbf3364528d34697f27e9a44a8aaa7e
AMC Thrillers,http://tv123.cc.cd/live.php?ch=1507&sid=084bdfccba613632c46b32927c05cad1&exp=1791081046&sig=5f0dc302e3023814542defd7584352aace77b9810f6bc258359e65026ac0ad19
HerSphere by Lionsgate,http://tv123.cc.cd/live.php?ch=1508&sid=084bdfccba613632c46b32927c05cad1&exp=1791081046&sig=ed76fe960f02aa0f8e88cf47919d2e290a82b9c4985bb24d2ee5b27c0e1fc611
Lifetime Movie Favorites,http://tv123.cc.cd/live.php?ch=1509&sid=084bdfccba613632c46b32927c05cad1&exp=1791081046&sig=352a9b1354e4279fee20a0d0ee615c2b0f1a564d4218242f21bbccb9ab5ad4dd
Great! Movies UK,http://tv123.cc.cd/live.php?ch=1510&sid=084bdfccba613632c46b32927c05cad1&exp=1791081046&sig=e21880e14f2b741dd1a70f4b001f85615d3a39e0d8b5118fc6068e42ee6bc7a8
Great! Romance UK,http://tv123.cc.cd/live.php?ch=1511&sid=084bdfccba613632c46b32927c05cad1&exp=1791081046&sig=bc80b9145845a0b29ab4324aa1dc47164fbabf7cc811484e08ba272017394408
Lifetime Movies UK,http://tv123.cc.cd/live.php?ch=1512&sid=084bdfccba613632c46b32927c05cad1&exp=1791081046&sig=5f0bdbe70dce62e9207aecdba406dfe5c6d2eee72fc5a1ce716313e724b99958
BBC Series FR,http://tv123.cc.cd/live.php?ch=1513&sid=084bdfccba613632c46b32927c05cad1&exp=1791081046&sig=c8fd4ce66e10c6dc4f411603f1a9e994f63af7de4b5bf2751660024ce9874057
FashionTV FR,http://tv123.cc.cd/live.php?ch=1514&sid=084bdfccba613632c46b32927c05cad1&exp=1791081046&sig=f9b44fe51200eb9a0d50f7f93095cc23e8a52830e18ff2283bc35b977885d8ea
CTV @ Home CA,http://tv123.cc.cd/live.php?ch=1515&sid=084bdfccba613632c46b32927c05cad1&exp=1791081046&sig=46d79ed00db0719f1dcd68e83b0503ca68b0eb32fb7605640bf1dd4961454284
NBC LX Home,http://tv123.cc.cd/live.php?ch=1516&sid=084bdfccba613632c46b32927c05cad1&exp=1791081046&sig=3040a90c71777c68a7aef45ae0992fe10bd668a3e47a76c6cd3461e64e3f764b
BBC Home & Garden,http://tv123.cc.cd/live.php?ch=1517&sid=084bdfccba613632c46b32927c05cad1&exp=1791081046&sig=277f24bd15360fc57b2420bdef08b9387692db767b2826cdaa03494f04b3c406
BBC Food,http://tv123.cc.cd/live.php?ch=1518&sid=084bdfccba613632c46b32927c05cad1&exp=1791081046&sig=2d9eecff60804521bfdf5c6c91f58afa6f540512bc6626bba044e47caacba028
PBS Antiques Roadshow,http://tv123.cc.cd/live.php?ch=1519&sid=084bdfccba613632c46b32927c05cad1&exp=1791081046&sig=57d107fa65ad5bd5153edbaca8c9659df018aac9748db15fdec1b58e96846ccb
PBS Travel,http://tv123.cc.cd/live.php?ch=1520&sid=084bdfccba613632c46b32927c05cad1&exp=1791081046&sig=7c265851d9d5770e99273c09f74ba995ebba2124cee647d202d79d3510563e60
PBS Food,http://tv123.cc.cd/live.php?ch=1521&sid=084bdfccba613632c46b32927c05cad1&exp=1791081046&sig=3d2b61d2071cf4184b2933c7617dda4337702a0e56db3bc912d3a61a322f33c8
Tastemade Travel,http://tv123.cc.cd/live.php?ch=1522&sid=084bdfccba613632c46b32927c05cad1&exp=1791081046&sig=08e5a74fc9fd3c2c85d7b4c2c2aa92d3b135034a20a9d7b8f03313b6f0fa9b50
Tastemade Home,http://tv123.cc.cd/live.php?ch=1523&sid=084bdfccba613632c46b32927c05cad1&exp=1791081046&sig=fa05bcaa225cd70de3525e94ea3c4ec6aa6185cf11801afd2f7efcb3fb50bdd1
Tastemade,http://tv123.cc.cd/live.php?ch=1524&sid=084bdfccba613632c46b32927c05cad1&exp=1791081046&sig=ef51a63ee0da34432bac63ea364ac46c39c4afcea55ffe68a77e92c6adaf4ab5
Discovery Turbo TV,http://tv123.cc.cd/live.php?ch=1525&sid=084bdfccba613632c46b32927c05cad1&exp=1791081046&sig=47c688365c729368c19f9d9815cbe77a435c5f2ca7910ae28cca38be011b44b6
Sweet Escapes,http://tv123.cc.cd/live.php?ch=1526&sid=084bdfccba613632c46b32927c05cad1&exp=1791081046&sig=9d0ca9d8ed76ec800525e59a2da54a1484747a9609bf47f8fab9a75474f2f366
Dabl,http://tv123.cc.cd/live.php?ch=1527&sid=084bdfccba613632c46b32927c05cad1&exp=1791081046&sig=dfba68c2e30494d10390e8964555351622696ab52484cd96e6ccb631de2ee22e
FYI,http://tv123.cc.cd/live.php?ch=1528&sid=084bdfccba613632c46b32927c05cad1&exp=1791081046&sig=908ab116a30beb65530bee20c9dabce37e9023ae35bfb11318dc24aed328f8b6
CTV Speed Channel CA,http://tv123.cc.cd/live.php?ch=1529&sid=084bdfccba613632c46b32927c05cad1&exp=1791081046&sig=dc0f2b8f83df7b0c542e499e1000f7583b336241632cea38e961dfc4aeb26615
Home Network CA,http://tv123.cc.cd/live.php?ch=1530&sid=084bdfccba613632c46b32927c05cad1&exp=1791081046&sig=d50746cae56b6764a15ef0930dbbc36aaaf0c28d3fb52a906c9ff7dd68bf1924
BBC Travel DE,http://tv123.cc.cd/live.php?ch=1531&sid=084bdfccba613632c46b32927c05cad1&exp=1791081046&sig=1f41e91255bf6faf573e6fc8a48b866de48240284028cae5474e703fe9ed05bf
Power Nation,http://tv123.cc.cd/live.php?ch=1532&sid=084bdfccba613632c46b32927c05cad1&exp=1791081046&sig=9090a7a4ed62761b5e89f0080714c41dacbcfe41f0b0d7ed076f7e5d3f7a9277
CTV Gridlock CA,http://tv123.cc.cd/live.php?ch=1533&sid=084bdfccba613632c46b32927c05cad1&exp=1791081046&sig=bee64fc4e2ead975926b833af6ea55a29ee99ea05e3317c1a88ce58cd2050562
A&E Crime 360 CA,http://tv123.cc.cd/live.php?ch=1534&sid=084bdfccba613632c46b32927c05cad1&exp=1791081046&sig=d69827dba9f2ee1f5d25f1b148663342ead379cc9a34f2513f51698f863a6da8
BBC Earth,http://tv123.cc.cd/live.php?ch=1535&sid=084bdfccba613632c46b32927c05cad1&exp=1791081046&sig=7f058393478d26a4c198c1da738eb77689d2b383aaa74b75eeb2be1ba71b1162
Documentary+,http://tv123.cc.cd/live.php?ch=1536&sid=084bdfccba613632c46b32927c05cad1&exp=1791081046&sig=65b76fb83b1bdfda46d9bacfb0511e8839bbefd47e7dc27b7efed946c3d5cbb6
Haunt TV,http://tv123.cc.cd/live.php?ch=1537&sid=084bdfccba613632c46b32927c05cad1&exp=1791081046&sig=ceb402dfc96d99efac0bde642c4c9cf62c49e533877aea70e80cfe3b80fe1c81
FilmRise Forensic Files,http://tv123.cc.cd/live.php?ch=1538&sid=084bdfccba613632c46b32927c05cad1&exp=1791081046&sig=be3c6df4e3f098f05d549b7005858893ad2a4ede2707a625a1baca71eb9c6b74
FilmRise Mysteries,http://tv123.cc.cd/live.php?ch=1539&sid=084bdfccba613632c46b32927c05cad1&exp=1791081046&sig=9b4d69b1f1de4489283ee08411aefeb83add417727ef65a88fa516bf440a6e9d
FilmRise True Crime,http://tv123.cc.cd/live.php?ch=1540&sid=084bdfccba613632c46b32927c05cad1&exp=1791081046&sig=dee629acffd99094a148d02187699affbd49e2990775ca6d5deebfa87d5ab192
MagellanTV Wildest,http://tv123.cc.cd/live.php?ch=1541&sid=084bdfccba613632c46b32927c05cad1&exp=1791081046&sig=7c07361d088f9a302b93c15c74b4fbbb8f1e2027ef84de0be4ea2e324e69076f
How To,http://tv123.cc.cd/live.php?ch=1542&sid=084bdfccba613632c46b32927c05cad1&exp=1791081046&sig=48989d6f84693f5e062e46211050b1741630b380d8e06bf747d39ad1a89bfe24
Bloomberg Originals,http://tv123.cc.cd/live.php?ch=1543&sid=084bdfccba613632c46b32927c05cad1&exp=1791081046&sig=8095f1a62246fc04373d1066c23f7e8cfb9d0a41417b6937307cc7602d8f2fb5
CNN Originals,http://tv123.cc.cd/live.php?ch=1544&sid=084bdfccba613632c46b32927c05cad1&exp=1791081046&sig=1592384dfb34d10441a8c6e5a01d5b338f2548bcfb939fa631e65de02f3c8e4a
Nature Moments,http://tv123.cc.cd/live.php?ch=1545&sid=084bdfccba613632c46b32927c05cad1&exp=1791081046&sig=0dda4f598b5af0e2b59b327e15696911889cec2c588ae0fb0005da0f7edab49b
PBS Genealogy,http://tv123.cc.cd/live.php?ch=1546&sid=084bdfccba613632c46b32927c05cad1&exp=1791081046&sig=483349823f0c9897f285f8830ef79bac15637f893a2b9a2ad007c19d332e3229
PBS Nature,http://tv123.cc.cd/live.php?ch=1547&sid=084bdfccba613632c46b32927c05cad1&exp=1791081046&sig=9292a4efba5acb90650951a4009769b58086d5ed0b3581c926b23205de8da370
REELZ Famous & Infamous,http://tv123.cc.cd/live.php?ch=1548&sid=084bdfccba613632c46b32927c05cad1&exp=1791081046&sig=0413550979b794d0b1678ee25ead85d82a3d18d03348a224d53731e11fd81285
Smithsonian Channel Selects,http://tv123.cc.cd/live.php?ch=1549&sid=084bdfccba613632c46b32927c05cad1&exp=1791081046&sig=7f85073ae54808929c2be1d5f033cfeeefcda0ee4ce0d918eb0e87e2a57408e8
Military Heroes,http://tv123.cc.cd/live.php?ch=1550&sid=084bdfccba613632c46b32927c05cad1&exp=1791081046&sig=eb7525ed3d269fb57030c83bf317797d2c4329af189c7cb60fe10267e50cadae
Mountain Men,http://tv123.cc.cd/live.php?ch=1551&sid=084bdfccba613632c46b32927c05cad1&exp=1791081046&sig=c56999a78b8f794aa87fe688e5a705b95b44551e0f4f776f6ddbf099b777b68d
Swamp People,http://tv123.cc.cd/live.php?ch=1552&sid=084bdfccba613632c46b32927c05cad1&exp=1791081046&sig=38113f76c11b3f6627fde3c14bbf24ffc9e8ddc4641344361a8dfc27dca84520
Mysterious Worlds,http://tv123.cc.cd/live.php?ch=1553&sid=084bdfccba613632c46b32927c05cad1&exp=1791081046&sig=6dd23623cfc665707f5a5b35b937cca8d1da1c721e99bc125e82978d0874f5c2
PBS History,http://tv123.cc.cd/live.php?ch=1554&sid=084bdfccba613632c46b32927c05cad1&exp=1791081046&sig=199f54ec7e79c2988ae6c961c73e9f5d7511bce2237d60896330af83357452a6
PBS Science,http://tv123.cc.cd/live.php?ch=1555&sid=084bdfccba613632c46b32927c05cad1&exp=1791081046&sig=e13456e2e6f41eff7b585ca0e2f40c8689210f1c473ce39ef1609fb3fdf6218a
Space & Beyond,http://tv123.cc.cd/live.php?ch=1556&sid=084bdfccba613632c46b32927c05cad1&exp=1791081046&sig=da92142fe8d7e8311f601ce2b20a5ac8160d7c97a948f2ec2b28117eb270a90e
Welcome Home,http://tv123.cc.cd/live.php?ch=1557&sid=084bdfccba613632c46b32927c05cad1&exp=1791081046&sig=bfb192b21741be02cb11cdb3ab648d38e5ec84df7612df981b65c6329ca5b7f2
BBC History DE,http://tv123.cc.cd/live.php?ch=1558&sid=084bdfccba613632c46b32927c05cad1&exp=1791081046&sig=1aa327c5f912a57f7acc59eb58de3d7b6a414284390cb160e6a671790a6e645f
Discovery,http://tv123.cc.cd/live.php?ch=1559&sid=084bdfccba613632c46b32927c05cad1&exp=1791081046&sig=b758097c1bddc1918a398083fdd0ee16079e2bae0e21fddbaabe6648d44ba12c
EarthX,http://tv123.cc.cd/live.php?ch=1560&sid=084bdfccba613632c46b32927c05cad1&exp=1791081046&sig=0b212d8daeaf16ed6e08a05a8292de957433e192ff892e256fac48efc734a96f
History,http://tv123.cc.cd/live.php?ch=1561&sid=084bdfccba613632c46b32927c05cad1&exp=1791081046&sig=ad462b87ec369d6b3dd2bd4ddef915fb07fc1ebba705bbe5461c7383503713ee
Science,http://tv123.cc.cd/live.php?ch=1562&sid=084bdfccba613632c46b32927c05cad1&exp=1791081046&sig=877c2ed9b12cbe5f382c4036a7e0d6e814c771c3ef210387cac42f5ddc6cf6eb
CTV Nature Channel CA,http://tv123.cc.cd/live.php?ch=1563&sid=084bdfccba613632c46b32927c05cad1&exp=1791081046&sig=c006162178d5d2d93b27af3d6aeaf1fc6f69a4830f2b270d2b75d3ce329e4d79
CTV Wild Channel CA,http://tv123.cc.cd/live.php?ch=1564&sid=084bdfccba613632c46b32927c05cad1&exp=1791081046&sig=aaa5aa6a53d3973d2cb4d9988bfe93ffa44a5589b271443e6e4c560bf3bde663
CCTV9 CN,http://tv123.cc.cd/live.php?ch=1565&sid=084bdfccba613632c46b32927c05cad1&exp=1791081046&sig=f28683e6948cd4b448a0ccf22e0e2477cae2372013ffc05996df0704a1d36835
CCTV10 CN,http://tv123.cc.cd/live.php?ch=1566&sid=084bdfccba613632c46b32927c05cad1&exp=1791081046&sig=23e748f525798f42a31fd88f8905b80cd58f347ded1b9561c42083a6f4d7386b
CGTN Documentary CN,http://tv123.cc.cd/live.php?ch=1567&sid=084bdfccba613632c46b32927c05cad1&exp=1791081046&sig=b883890e16f649b400b2ade744381b10f6b291548fcba7a110c7ab3943083596
Curiosity Now,http://tv123.cc.cd/live.php?ch=1568&sid=084bdfccba613632c46b32927c05cad1&exp=1791081046&sig=71d14623465a7bd26732b426976abaf90fb2152b44eb45907dd2bf0558e62ddc
Modern Marvels,http://tv123.cc.cd/live.php?ch=1569&sid=084bdfccba613632c46b32927c05cad1&exp=1791081046&sig=6372cc50b9c1ff30bc210b61fd4d970c0d043777868e43e126bf0b419f148308
The Judge Judy Channel,http://tv123.cc.cd/live.php?ch=1570&sid=084bdfccba613632c46b32927c05cad1&exp=1791081046&sig=c900efde602f445e8688c6b6de9fa1457041165f795c14c1f1b4cfa826e38d00
The Wicked Tuna Channel,http://tv123.cc.cd/live.php?ch=1571&sid=084bdfccba613632c46b32927c05cad1&exp=1791081046&sig=f164135e27fde682687c6fbdd01df43c9bdcef1f19b62edbf97c4f37e7ad443c
CTV Crime CA,http://tv123.cc.cd/live.php?ch=1572&sid=084bdfccba613632c46b32927c05cad1&exp=1791081046&sig=a07a4871084e38772596de5430da2e32df27e24dae2af9d668570dabdb2655a2
BBC Antiques Roadshow UK,http://tv123.cc.cd/live.php?ch=1573&sid=084bdfccba613632c46b32927c05cad1&exp=1791081046&sig=a945f2ec7ae24a2d1ced169e7734c99ab9469f7ad17eb042ab4a3a79b159879a
Nature Time UK,http://tv123.cc.cd/live.php?ch=1574&sid=084bdfccba613632c46b32927c05cad1&exp=1791081046&sig=9e76036d1d2de9ed77b5e15aa047b832e9fd492dcbd8c59e8f6e0ee6f9d03282
CGTN China Travel CN,http://tv123.cc.cd/live.php?ch=1575&sid=084bdfccba613632c46b32927c05cad1&exp=1791081046&sig=540ba0d352122266dac0458d82a10c230e07a85f85a427b5eec6ba87b7c54094
CGTN Discovering China CN,http://tv123.cc.cd/live.php?ch=1576&sid=084bdfccba613632c46b32927c05cad1&exp=1791081046&sig=6151794ac311be794e890b96eeeb540389d1498114d1cd6e84a3786aa5032eaa
CCTV 1 綜合,http://tv123.cc.cd/live.php?ch=1577&sid=084bdfccba613632c46b32927c05cad1&exp=1791081046&sig=dc380cdbd02540a089457bf61ceec88fcc7e57c3d7059ae013197aec120e1d87
CCTV 2 財經,http://tv123.cc.cd/live.php?ch=1578&sid=084bdfccba613632c46b32927c05cad1&exp=1791081046&sig=f9120635dadfc8a4c24b6f4e34076227de5358f3c1f2bf8b0e9c069b87aa3187
CCTV 3 綜藝,http://tv123.cc.cd/live.php?ch=1579&sid=084bdfccba613632c46b32927c05cad1&exp=1791081046&sig=bcc01b4fde1030de2942a80af753e47c7a42284e8484d88ac77b1369dd4583f4
CCTV 4 中文國際,http://tv123.cc.cd/live.php?ch=1580&sid=084bdfccba613632c46b32927c05cad1&exp=1791081046&sig=613e5bef370e5ab404e6cddb40669da11d36b93ae393704613a3008a5138241f
CCTV 5 體育,http://tv123.cc.cd/live.php?ch=1581&sid=084bdfccba613632c46b32927c05cad1&exp=1791081046&sig=92d9a98d8cd49c94c49d3c98712c411929a6dbe6cfc544dbd66c562c9c1a72f6
CCTV 5+ 體育賽事,http://tv123.cc.cd/live.php?ch=1582&sid=084bdfccba613632c46b32927c05cad1&exp=1791081046&sig=2fb75ddb928b07387e9483fcbf6599e21d6550b4fb2b290ac938a2269efbb5ef
CCTV 6 電影,http://tv123.cc.cd/live.php?ch=1583&sid=084bdfccba613632c46b32927c05cad1&exp=1791081046&sig=bf9518f10f222b52d31932bc37f368b13b019cabb3ae85f61efd0d06042d5b79
CCTV 7 國防軍事,http://tv123.cc.cd/live.php?ch=1584&sid=084bdfccba613632c46b32927c05cad1&exp=1791081046&sig=05a17612f6ead31f96804102abc8581dc081394c38622a88198b6ab49a90f782
CCTV 8 電視劇,http://tv123.cc.cd/live.php?ch=1585&sid=084bdfccba613632c46b32927c05cad1&exp=1791081046&sig=70bc7a813d13714c083f54b8302481a9189bdd481ddc77cba3532cd158a06a83
CCTV 9 記錄,http://tv123.cc.cd/live.php?ch=1586&sid=084bdfccba613632c46b32927c05cad1&exp=1791081046&sig=d8242ab2af036f16ee7520029f5ac77c6f26d7019906074a0f1a11e87939fbf7
CCTV 10 科教,http://tv123.cc.cd/live.php?ch=1587&sid=084bdfccba613632c46b32927c05cad1&exp=1791081046&sig=2498996ffa22eed3c0e61ddc15ba1feed9d53cedad98ad230eb4c45cbd1c4a97
CCTV 11 戲曲,http://tv123.cc.cd/live.php?ch=1588&sid=084bdfccba613632c46b32927c05cad1&exp=1791081046&sig=06e6cf7d0b6fb81e9ca0fcf609799b799550d8a31ed7366de1ab4eaeac3d35a6
CCTV 12 社會與法,http://tv123.cc.cd/live.php?ch=1589&sid=084bdfccba613632c46b32927c05cad1&exp=1791081046&sig=84f1022da8d5f89c5e693b1ba946e46d22fb1ff7525a6d265872038bb168ad12
CCTV 13 新聞,http://tv123.cc.cd/live.php?ch=1590&sid=084bdfccba613632c46b32927c05cad1&exp=1791081046&sig=16f666124d817d6a1308ae7dec19e2a4d24716451d8aa78ebd7b01e1aba43263
CCTV 14 少兒,http://tv123.cc.cd/live.php?ch=1591&sid=084bdfccba613632c46b32927c05cad1&exp=1791081046&sig=6abcbba77e054d7ad238d382c7f5d074345c8b79ce5ac1401833d278475245c8
CCTV 15 音樂,http://tv123.cc.cd/live.php?ch=1592&sid=084bdfccba613632c46b32927c05cad1&exp=1791081046&sig=6c080be8180eebd06245d7cd14502f6c1e6cbad23337fc889bf8df2a533ac074
CCTV 16 奧林匹克,http://tv123.cc.cd/live.php?ch=1593&sid=084bdfccba613632c46b32927c05cad1&exp=1791081046&sig=5df83a243ba7ac08fc4d53f551c70cd6c38c08826b66c0c649cabcf236cc3348
CCTV 17 農村農業,http://tv123.cc.cd/live.php?ch=1594&sid=084bdfccba613632c46b32927c05cad1&exp=1791081046&sig=70e8647d3d08b04d7c4d8bd29d6139eba36a407db16455cc712cd95638ffe175
鳳凰衛視·中文「72小时回看」,http://tv123.cc.cd/live.php?ch=1602&sid=084bdfccba613632c46b32927c05cad1&exp=1791081046&sig=453dab52457cd723e8c0cd5480c07db99e9c375a59b687a78b3d3379fb154b29
鳳凰衛視·資訊「72小时回看」,http://tv123.cc.cd/live.php?ch=1603&sid=084bdfccba613632c46b32927c05cad1&exp=1791081046&sig=30def960e2dc2de19239d0be9ad838df723fdb505c55609a9089adf1a05587e5
鳳凰衛視·香港「72小时回看」,http://tv123.cc.cd/live.php?ch=1604&sid=084bdfccba613632c46b32927c05cad1&exp=1791081046&sig=095cf3ccc81dc78a36bc07d311fa955c39c3f3c4689e3f95ac0874176e8cc433
PopC,http://tv123.cc.cd/live.php?ch=1610&sid=084bdfccba613632c46b32927c05cad1&exp=1791081046&sig=c846d3a35a3de71d7f11fb3b56ef51bd665f0a4d78cd31d153831e65bea66d69
Now直播台,http://tv123.cc.cd/live.php?ch=1613&sid=084bdfccba613632c46b32927c05cad1&exp=1791081046&sig=d39305b97bcda632626420e84ab159bba12a101034d8899b31e256942446d435
Now Sports 精選,http://tv123.cc.cd/live.php?ch=1616&sid=084bdfccba613632c46b32927c05cad1&exp=1791081046&sig=303679326cb205f856426bf814a16cfd276867049c525a5bd94bcdfed24907af
雷霆881「電台」,http://tv123.cc.cd/live.php?ch=1617&sid=084bdfccba613632c46b32927c05cad1&exp=1791081046&sig=f9831f5f6e706b50bcc20a5d05e50b57b6e4e7d7589ddd16e91762361dd58ebc
叱咤903「電台」,http://tv123.cc.cd/live.php?ch=1618&sid=084bdfccba613632c46b32927c05cad1&exp=1791081046&sig=5d8864b059b60a655a0e6d274345ef73cbf97b431ea6b0ac627cefb7fe6765d8
AM864「電台」,http://tv123.cc.cd/live.php?ch=1619&sid=084bdfccba613632c46b32927c05cad1&exp=1791081046&sig=b572ed5b58e3a94a53f74bf13a10bbf3f0bfabbf5b14ae1975362faee66a3417
HOY TV,http://tv123.cc.cd/live.php?ch=1621&sid=084bdfccba613632c46b32927c05cad1&exp=1791081046&sig=fe7956486af2b7e92b5666056be8537c76e7ba4e2d70993338cba9e23399ccf0
澳門葡文,http://tv123.cc.cd/live.php?ch=1627&sid=084bdfccba613632c46b32927c05cad1&exp=1791081046&sig=108cdb7f1a2c3ee6e44f10f2e2511a493781a3179aad257d6b5d9439f1ca2576
緯來育樂,http://tv123.cc.cd/live.php?ch=1637&sid=084bdfccba613632c46b32927c05cad1&exp=1791081046&sig=9a566777889534504632c15f40f7ecfd24d6976a558539fa7ce234f8794dcba3
愛爾達體育 一,http://tv123.cc.cd/live.php?ch=1638&sid=084bdfccba613632c46b32927c05cad1&exp=1791081046&sig=48757e7a2d45cbb86ad37088505a1128b2cc345be8ef16571540d0d1cb18b60a
愛爾達體育 二,http://tv123.cc.cd/live.php?ch=1639&sid=084bdfccba613632c46b32927c05cad1&exp=1791081046&sig=07634749d9d34ff88f436edc863d3651e73b28da5a3dd97d5df841256e785b90
愛爾達體育 三,http://tv123.cc.cd/live.php?ch=1640&sid=084bdfccba613632c46b32927c05cad1&exp=1791081046&sig=c0071676a698a81edd5daf5c0b3b23c595c02c7cdeaff9c8740e0567f6961099
愛爾達體育 四,http://tv123.cc.cd/live.php?ch=1641&sid=084bdfccba613632c46b32927c05cad1&exp=1791081046&sig=80191fb71b9ed9f943c6f8a3c2fab5d81619f632dd010d6e5cae48e7d22d37f0
DAZN 1,http://tv123.cc.cd/live.php?ch=1642&sid=084bdfccba613632c46b32927c05cad1&exp=1791081046&sig=515d6322766170e68e4b15d994e6a0c4857353e24a9cd93f139bca4cfad920d8
DAZN 2,http://tv123.cc.cd/live.php?ch=1643&sid=084bdfccba613632c46b32927c05cad1&exp=1791081046&sig=6cbb691ee53442b788b3736dea9548a15777e4041c4622c390a2527844d3e006
年代新聞,http://tv123.cc.cd/live.php?ch=1644&sid=084bdfccba613632c46b32927c05cad1&exp=1791081046&sig=30108796f8d8b395bd043283c724d3b8c5a4659d7e4bb34fda2d2f374c59fab4
MTV綜合台,http://tv123.cc.cd/live.php?ch=1654&sid=084bdfccba613632c46b32927c05cad1&exp=1791081046&sig=8db56999b17214b816a84032d6c121cf8331e362b36570fee31160ecf35d8010
動物星球,http://tv123.cc.cd/live.php?ch=1655&sid=084bdfccba613632c46b32927c05cad1&exp=1791081046&sig=022465a134af68c9e27964c5c23bbd6678fdb629a8bfad426b8300aa9527bbdd
CATCHPLAY 電影,http://tv123.cc.cd/live.php?ch=1656&sid=084bdfccba613632c46b32927c05cad1&exp=1791081046&sig=96aab831a40f0e4171c5445ec69f3c0cc73332d2452739389ab814235bdf2794
好萊塢電影,http://tv123.cc.cd/live.php?ch=1658&sid=084bdfccba613632c46b32927c05cad1&exp=1791081046&sig=ca8e0bc5825c303470a3c00ce21b812f5ed4ff65be726111c02a90eb50aec798
CINEMAX,http://tv123.cc.cd/live.php?ch=1659&sid=084bdfccba613632c46b32927c05cad1&exp=1791081046&sig=071c97346ad2ad053684872a8ff55e855a956bbe31ac9de3f245f89243b5e2a3
台灣戲劇,http://tv123.cc.cd/live.php?ch=1668&sid=084bdfccba613632c46b32927c05cad1&exp=1791081046&sig=53d751e5c205eede3e47d9f6d969b545a944949e1f91cac436c9a8ef0f71f33d
DayStar,http://tv123.cc.cd/live.php?ch=1669&sid=084bdfccba613632c46b32927c05cad1&exp=1791081046&sig=2a0d67844d468f68ac2891826be3a7dd7e73d4aeaf774c9daebe0b64d8285c13
第1商業,http://tv123.cc.cd/live.php?ch=1670&sid=084bdfccba613632c46b32927c05cad1&exp=1791081046&sig=a3d009294f042512c1807e1222b683e6384dc20754a022b26cb969a85494e66f
Smart知識,http://tv123.cc.cd/live.php?ch=1671&sid=084bdfccba613632c46b32927c05cad1&exp=1791081046&sig=74daec836fee75e9de68a430be21a6e2bda98ca59867bbf236d391003210294a
BBC Earth,http://tv123.cc.cd/live.php?ch=1672&sid=084bdfccba613632c46b32927c05cad1&exp=1791081046&sig=fff593d410d3146d5d4b338da2db9a9e52bc6421ce3c0cca9b3563f4efb2cc88
BBC Lifestyle,http://tv123.cc.cd/live.php?ch=1673&sid=084bdfccba613632c46b32927c05cad1&exp=1791081046&sig=a6b520f94289cacee8c584945353fc7fc20b58985da20c53cd0a453cece0715f
Discovery,http://tv123.cc.cd/live.php?ch=1674&sid=084bdfccba613632c46b32927c05cad1&exp=1791081046&sig=b64bb5cb71b2b78488d3f88bb289fee230666c3c2de8b3b78bb16956c07e6d00
HBO Hits,http://tv123.cc.cd/live.php?ch=1676&sid=084bdfccba613632c46b32927c05cad1&exp=1791081046&sig=be215eba85df9ceac2fe478d55370cd13e61593a1f540e6d7a8470cd453ecef0
HBO Family,http://tv123.cc.cd/live.php?ch=1677&sid=084bdfccba613632c46b32927c05cad1&exp=1791081046&sig=a8620ff0407ffc12f1f48369c50b57cef6312b6b55f7f6cdea2bbeb891c38037
HBO Signature,http://tv123.cc.cd/live.php?ch=1678&sid=084bdfccba613632c46b32927c05cad1&exp=1791081046&sig=5ffb3bd94b8eaf334e4d6c2fb91422cb0413e0f07d7e4afe696b0243e4292be8
Channel 5,http://tv123.cc.cd/live.php?ch=1679&sid=084bdfccba613632c46b32927c05cad1&exp=1791081046&sig=88b2c6c047769f1d8f913323988609f6b2e30828db7487101c9e2022a0542caf
Channel 8,http://tv123.cc.cd/live.php?ch=1680&sid=084bdfccba613632c46b32927c05cad1&exp=1791081046&sig=3fd2de7700175a956cbbe8fa07ca863feee843fc40e917019c88f4a494239bc9
Channel U,http://tv123.cc.cd/live.php?ch=1681&sid=084bdfccba613632c46b32927c05cad1&exp=1791081046&sig=bd97845037d517956615c07ac97b372f427859ed14014727471f9e74f8b3b75b
FIGHT SPORTS,http://tv123.cc.cd/live.php?ch=1683&sid=084bdfccba613632c46b32927c05cad1&exp=1791081046&sig=01171d089112a2b6b346cc451d1b5ea421f2f38ca1022137b2c9c29588fbd47b
SPOTV,http://tv123.cc.cd/live.php?ch=1684&sid=084bdfccba613632c46b32927c05cad1&exp=1791081046&sig=043917c2dbd8b5ae99e3bf5495049743c75572c6a94532de7030413f4c794114
SPOTV 2,http://tv123.cc.cd/live.php?ch=1685&sid=084bdfccba613632c46b32927c05cad1&exp=1791081046&sig=065601083daa76bd9e28043709c721486a9e3acdc9ca7a27bb5370e64ba07929
Eurosport 1,http://tv123.cc.cd/live.php?ch=1686&sid=084bdfccba613632c46b32927c05cad1&exp=1791081046&sig=d8c48d5597a0d0617dd85024a7479b816345822a46dfe6fd65bc6280ebff207a
Eurosport 2,http://tv123.cc.cd/live.php?ch=1687&sid=084bdfccba613632c46b32927c05cad1&exp=1791081046&sig=3a1d2e07644b0f47014b2382d7fd0999b84afaf38c7c00a3845c1b4e09ff51e8
TNT Sport 1,http://tv123.cc.cd/live.php?ch=1688&sid=084bdfccba613632c46b32927c05cad1&exp=1791081046&sig=ab839e105a5922a50cec769e5c515a855297bfcb2a81278d3d797887f632169c
TNT Sport 2,http://tv123.cc.cd/live.php?ch=1689&sid=084bdfccba613632c46b32927c05cad1&exp=1791081046&sig=49fb627feb06a22c172afd18a744dfb13303915a05ffafb5515f50fe52dd424e
TNT Sport 3,http://tv123.cc.cd/live.php?ch=1690&sid=084bdfccba613632c46b32927c05cad1&exp=1791081046&sig=d1b6015ea38b317c5bb2c5e06ea26eeed6a433b7f81948c04dfda5d0ccb0e6ae
TNT Sport 4,http://tv123.cc.cd/live.php?ch=1691&sid=084bdfccba613632c46b32927c05cad1&exp=1791081046&sig=5e524281c60e24a1acb92d35d19dec7fb9fe359d90fef7750a792835df7d0b28
beIN Sports 1,http://tv123.cc.cd/live.php?ch=1692&sid=084bdfccba613632c46b32927c05cad1&exp=1791081046&sig=536f700e518dee4baa57ccdc009861d6f3e90dfd847b1d1228e6bd86265e1e5e
beIN Sports 2,http://tv123.cc.cd/live.php?ch=1693&sid=084bdfccba613632c46b32927c05cad1&exp=1791081046&sig=f55094eae20facff1ab1fd82712710f1b65a9e98b97cdce14d65b617036f07d8
beIN Sports 3,http://tv123.cc.cd/live.php?ch=1694&sid=084bdfccba613632c46b32927c05cad1&exp=1791081046&sig=4fa55ca3a068a30e9457672ef7bcae1d502e27decab8cd5f50ebb04854a73e95
beIN Sports 4,http://tv123.cc.cd/live.php?ch=1695&sid=084bdfccba613632c46b32927c05cad1&exp=1791081046&sig=c8a1ea4f65f988b5f78faf6970e66a0962e2ecd6855f6655f7f09e601ef2f37c
beIN Sports 5,http://tv123.cc.cd/live.php?ch=1696&sid=084bdfccba613632c46b32927c05cad1&exp=1791081046&sig=17476b45f2ad1229e2546653cf51d3774a7f21728da076f641f6589283135bd0
Hub Premier 1,http://tv123.cc.cd/live.php?ch=1697&sid=084bdfccba613632c46b32927c05cad1&exp=1791081046&sig=67136d78af00ecc5028f913d204d3353f15113d6b400b853ebb0a248b2e31eb2
Hub Premier 2 UHD,http://tv123.cc.cd/live.php?ch=1698&sid=084bdfccba613632c46b32927c05cad1&exp=1791081046&sig=411b16d660bc4e6203c2f75abbc1759d2cf4ead8bd277b386122705186b1cb61
Hub Premier 3,http://tv123.cc.cd/live.php?ch=1699&sid=084bdfccba613632c46b32927c05cad1&exp=1791081046&sig=6a6381ed55ec9eac175ac0c1471ed1f9cfd8e47379024ab5ead5292c668da71d
Hub Premier 4,http://tv123.cc.cd/live.php?ch=1700&sid=084bdfccba613632c46b32927c05cad1&exp=1791081046&sig=f5ff4c8fcb405799b94c3fc4f0c0bdee96fab460b6fae3e72d09c676b37b9090
Hub Premier 5,http://tv123.cc.cd/live.php?ch=1701&sid=084bdfccba613632c46b32927c05cad1&exp=1791081046&sig=8262d656977bae5e93a5cff77272c6cb70239cd2305fda6103ecbbb4cc291b7a
Hub Premier 6,http://tv123.cc.cd/live.php?ch=1702&sid=084bdfccba613632c46b32927c05cad1&exp=1791081046&sig=25563ed788a40a8b5ef9071dde0fb589a1e4d3b1e48877e1a47d27ac1771930e
Hub Sports 1,http://tv123.cc.cd/live.php?ch=1703&sid=084bdfccba613632c46b32927c05cad1&exp=1791081046&sig=72ef9eb0ca40f89ca7b40ad1c150c13e246aded96401c342013aebc4677a61a3
Hub Sports 2,http://tv123.cc.cd/live.php?ch=1704&sid=084bdfccba613632c46b32927c05cad1&exp=1791081046&sig=71743c3068af721857dfbc1c9593c4e5437f90ccce80d7ca91481be878c02f74
Hub Sports 3,http://tv123.cc.cd/live.php?ch=1705&sid=084bdfccba613632c46b32927c05cad1&exp=1791081046&sig=af6192fff1069e008af2ff233e37c80213217d6fd008e4752497d65c55078910
Hub Sports 4,http://tv123.cc.cd/live.php?ch=1706&sid=084bdfccba613632c46b32927c05cad1&exp=1791081046&sig=350606a6884cc29ddfbfe8bd97a057a8b76b4a26202664a32cf61b1338e33a66
Hub Sports 5,http://tv123.cc.cd/live.php?ch=1707&sid=084bdfccba613632c46b32927c05cad1&exp=1791081046&sig=89fb5c47d968cc2bf2f696b3796912937d83c121706e580eeadd0d119dcefca5
Hub Sports 6,http://tv123.cc.cd/live.php?ch=1708&sid=084bdfccba613632c46b32927c05cad1&exp=1791081046&sig=02fa11ca603110809de044a794488acff44fa897ed608e50cb6a68961fd7c92a
Hub Sports 7,http://tv123.cc.cd/live.php?ch=1709&sid=084bdfccba613632c46b32927c05cad1&exp=1791081046&sig=4a90102f91c08fa5ccb5c0f03a760b1f0a476b341087a0c928817425c7b6507a
Hub Sports 8,http://tv123.cc.cd/live.php?ch=1710&sid=084bdfccba613632c46b32927c05cad1&exp=1791081046&sig=d953addb214f260a834b077c864edd8de911bdaabdc9bca035d29a8f78cad810
TSN 1,http://tv123.cc.cd/live.php?ch=1711&sid=084bdfccba613632c46b32927c05cad1&exp=1791081046&sig=fa8887e71428a3f9599ef6e8a2f6ab3923568532deaca76023011103909f14bb
TSN 2,http://tv123.cc.cd/live.php?ch=1712&sid=084bdfccba613632c46b32927c05cad1&exp=1791081046&sig=a2ca26bda1b75f19853ca2a8c672c02d14b65fb6e96cc6c6ab000b7bd9aec211
TSN 3,http://tv123.cc.cd/live.php?ch=1713&sid=084bdfccba613632c46b32927c05cad1&exp=1791081046&sig=0d4907d88c6563536911734405ff0e37368609c3542a21d4529c28da16d332a9
TSN 4,http://tv123.cc.cd/live.php?ch=1714&sid=084bdfccba613632c46b32927c05cad1&exp=1791081046&sig=dd3c8a2494afe7ed02153b2c3fc341b6e0cd2af587221b6adea6af01dfd92f80
TSN 5,http://tv123.cc.cd/live.php?ch=1715&sid=084bdfccba613632c46b32927c05cad1&exp=1791081046&sig=0e658b133a90ece98fd76fa69bef2b082ad710b676b7867ce30e3b88c7c917d3
Sky Sports Main Event,http://tv123.cc.cd/live.php?ch=1716&sid=084bdfccba613632c46b32927c05cad1&exp=1791081046&sig=c8cd213cb6270dab616014cb5c6b4962ae29b11281c5f347c6a8e2154cfafcd0
Sky Sports Premier League,http://tv123.cc.cd/live.php?ch=1717&sid=084bdfccba613632c46b32927c05cad1&exp=1791081046&sig=83bc6180496b779a499d8aa22b74ee3227ad111a8e41483be2a89d3d268bcc25
Sky Sports F1,http://tv123.cc.cd/live.php?ch=1718&sid=084bdfccba613632c46b32927c05cad1&exp=1791081046&sig=64e7871a307d65291514e785c1629fc2c8d502850293b3c5a7f20cc4a13b4e1f
Sky Sports Football,http://tv123.cc.cd/live.php?ch=1719&sid=084bdfccba613632c46b32927c05cad1&exp=1791081046&sig=6e86413c176d82346910c4e1856e79c9cbe003306783645f425750a5bfcf1ab1
Sky Sports Cricket,http://tv123.cc.cd/live.php?ch=1720&sid=084bdfccba613632c46b32927c05cad1&exp=1791081046&sig=e1bd54aca41ceaab2059f297b6259727f131ff3aaf16bb4cf62294d39554d2cb
Sky Sports Golf,http://tv123.cc.cd/live.php?ch=1721&sid=084bdfccba613632c46b32927c05cad1&exp=1791081046&sig=2dd0322f7ac95270c9ace636cd73717e413766df286b3c5a46d7414221be01f2
Sky Sports Mix,http://tv123.cc.cd/live.php?ch=1722&sid=084bdfccba613632c46b32927c05cad1&exp=1791081046&sig=30bab12b2abbe49120388d753fbe51f816606c8a6e4bdb9dbcee0d37e75fb61c
Sky Sports Racing,http://tv123.cc.cd/live.php?ch=1723&sid=084bdfccba613632c46b32927c05cad1&exp=1791081046&sig=01a224bec9ff9dfe038fd2d899197a82db7fa20640dd0e1a103606cd3d5ed997
YTN,http://tv123.cc.cd/live.php?ch=1724&sid=084bdfccba613632c46b32927c05cad1&exp=1791081046&sig=d05d76ea804dd90054c2a5f9e0085952d9ed4f681d1d62a117acf061f0fc9ea5
YTN2,http://tv123.cc.cd/live.php?ch=1725&sid=084bdfccba613632c46b32927c05cad1&exp=1791081046&sig=abb7a81e034a8838ac87cc1d96e716f8c25d893759f76e7d7e339f7f3ec115e6
YTN사이언스,http://tv123.cc.cd/live.php?ch=1726&sid=084bdfccba613632c46b32927c05cad1&exp=1791081046&sig=3d04648f1371413586a7c1bff5a48e04770bbb32e52a7163f56927f1c5ea4baf
연합뉴스TV,http://tv123.cc.cd/live.php?ch=1727&sid=084bdfccba613632c46b32927c05cad1&exp=1791081046&sig=8a6a3088209065eec164ecc262ce53c9214c49cc301deddb030a01f649d660fb
JTBC,http://tv123.cc.cd/live.php?ch=1728&sid=084bdfccba613632c46b32927c05cad1&exp=1791081046&sig=63ab13c6dce42d19b745966647eb79d55cc065b3b824de994f536c88d19829ac
JTBC2,http://tv123.cc.cd/live.php?ch=1729&sid=084bdfccba613632c46b32927c05cad1&exp=1791081046&sig=7ec1626bba8b944790304fc20fde59faada1243ece971c7bee5909e2cd4b47c6
JTBC4,http://tv123.cc.cd/live.php?ch=1730&sid=084bdfccba613632c46b32927c05cad1&exp=1791081046&sig=4c2778e8f5b7be47003f8c42acba63974387b17274c9050658f9300d4e960c8d
tvN,http://tv123.cc.cd/live.php?ch=1731&sid=084bdfccba613632c46b32927c05cad1&exp=1791081046&sig=df3f462faa8f049e8d0bf80531301b660caa5f03f2960809a84dee96376089bb
tvN SHOW,http://tv123.cc.cd/live.php?ch=1732&sid=084bdfccba613632c46b32927c05cad1&exp=1791081046&sig=e24bb6a89e82722ef741709bb83279682b88f0139786ff35b7686f81fcf589c5
tvN DRAMA,http://tv123.cc.cd/live.php?ch=1733&sid=084bdfccba613632c46b32927c05cad1&exp=1791081046&sig=9d26e781a66e431c214993719d30bef9ab24abee84a2a6ef4dd3a07751dfd40d
tvN STORY,http://tv123.cc.cd/live.php?ch=1734&sid=084bdfccba613632c46b32927c05cad1&exp=1791081046&sig=1a0970b143d552f59f29633673f94f9d62bebe06e6542457957d04d29f110738
채널A,http://tv123.cc.cd/live.php?ch=1735&sid=084bdfccba613632c46b32927c05cad1&exp=1791081046&sig=930d3d5de8002fb9e7d4f021724a73041bb91a01925f9940f6325116e7322f35
채널A플러스,http://tv123.cc.cd/live.php?ch=1736&sid=084bdfccba613632c46b32927c05cad1&exp=1791081046&sig=0a35e84bb8b4c65a1530fc8cbed461f4852d807cfd17f5e899d026c97d9ca22c
TV CHOSUN,http://tv123.cc.cd/live.php?ch=1737&sid=084bdfccba613632c46b32927c05cad1&exp=1791081046&sig=412cfb04e9589670448bde4e12197b62b70a11b3b1ef8ab03ce62142b1bbe98a
TV CHOSUN 2,http://tv123.cc.cd/live.php?ch=1738&sid=084bdfccba613632c46b32927c05cad1&exp=1791081046&sig=06c85b5e08142afeef520b1e6a8fb3a636f82c89735049ee9a6ab9d678c35cb0
Mnet,http://tv123.cc.cd/live.php?ch=1739&sid=084bdfccba613632c46b32927c05cad1&exp=1791081046&sig=7efb15ee5e17a350e3c630cfa6795331b371deeaf357d6bf0c02c3e8cd9d5a4f
MBN,http://tv123.cc.cd/live.php?ch=1740&sid=084bdfccba613632c46b32927c05cad1&exp=1791081046&sig=bb858e87d6210f7a1a8e970b6a7cf3127604bf38cfa3ccb2ef18e183b91b454d
MBN 플러스,http://tv123.cc.cd/live.php?ch=1741&sid=084bdfccba613632c46b32927c05cad1&exp=1791081046&sig=0d08ae97af1b5e15ef43eb98c80990e852342d502e3076816d55000243800bdd
LIFETIME,http://tv123.cc.cd/live.php?ch=1742&sid=084bdfccba613632c46b32927c05cad1&exp=1791081046&sig=0e235723cbb5243483c341f157d6943077433f8a15a5be5c428ea140f2ab68c2
중화TV,http://tv123.cc.cd/live.php?ch=1743&sid=084bdfccba613632c46b32927c05cad1&exp=1791081046&sig=72a722536a40c2b42b62c77cdd9abd099a98877bd947206d95f20f2e338ab331
히스토리,http://tv123.cc.cd/live.php?ch=1744&sid=084bdfccba613632c46b32927c05cad1&exp=1791081046&sig=4d4ed876a2cb6422703fb08be58789fa24cb5e66bd6dbe9b15fec171d5e643a8
EBS1,http://tv123.cc.cd/live.php?ch=1745&sid=084bdfccba613632c46b32927c05cad1&exp=1791081046&sig=f463644ab78a4b2de667f7e03974c326aad6285942554992865da46b64c41299
국회방송(NATV),http://tv123.cc.cd/live.php?ch=1746&sid=084bdfccba613632c46b32927c05cad1&exp=1791081046&sig=aae367445a4c5fe601966ce79fe9b71b785bd9a1b634a7d808d0e11b054cc93d
ANIBOX,http://tv123.cc.cd/live.php?ch=1747&sid=084bdfccba613632c46b32927c05cad1&exp=1791081046&sig=4ed557852d042324eff85017de175ffdee07fa657ec05c589badb61993e9ca62
애니맥스,http://tv123.cc.cd/live.php?ch=1748&sid=084bdfccba613632c46b32927c05cad1&exp=1791081046&sig=f31a5b6f522c705802c3f3effe64089bb4a599a9f6f7e40bcd0c1f56055ba945
투니버스,http://tv123.cc.cd/live.php?ch=1749&sid=084bdfccba613632c46b32927c05cad1&exp=1791081046&sig=fd6abb4756bb5da0a6af182065d8fc2a0b30bfa0913c85db3e38d4eb86ca9cd1
KBS1,http://tv123.cc.cd/live.php?ch=1750&sid=084bdfccba613632c46b32927c05cad1&exp=1791081046&sig=f3c0f9a8105de7881cd342dffec54090ceafd32609a8fd1015755ce1ef5b0e87
KBS2,http://tv123.cc.cd/live.php?ch=1751&sid=084bdfccba613632c46b32927c05cad1&exp=1791081046&sig=0975de1af7d9af9c1fae5625704f64be0ebb1787c8ea64a6d5ed5222322b1e13
KBS드라마,http://tv123.cc.cd/live.php?ch=1752&sid=084bdfccba613632c46b32927c05cad1&exp=1791081046&sig=f2c8e4c1a4f39a31970b6f604e59e33ddee5131a35b8390f5b1ba4122140bb63
KBS조이,http://tv123.cc.cd/live.php?ch=1753&sid=084bdfccba613632c46b32927c05cad1&exp=1791081046&sig=70a11fde9acbed37a69e4aef138a528a2789162aea559ce1e0f9c8f616343415
KBS키즈,http://tv123.cc.cd/live.php?ch=1754&sid=084bdfccba613632c46b32927c05cad1&exp=1791081046&sig=7c22db084bb43f8b5cc0a0df785a927cac39e210b20ae13c87dc1150cc4e5535
KBS LIFE,http://tv123.cc.cd/live.php?ch=1755&sid=084bdfccba613632c46b32927c05cad1&exp=1791081046&sig=5a6f9e9d81f4b2edc0ec733d45dc0c2f2871f7a7c85805bb6a21712f9ce7fc64
KBS Story,http://tv123.cc.cd/live.php?ch=1756&sid=084bdfccba613632c46b32927c05cad1&exp=1791081046&sig=91fbe1e91b7708bc38b6baa3465a0e36b2e83dc25144c68f4d8e74e86d5a4418
KBS WORLD,http://tv123.cc.cd/live.php?ch=1757&sid=084bdfccba613632c46b32927c05cad1&exp=1791081046&sig=52a5f22a2903fe016930ab6629950422f6e7d99f27c2c3475a7566e97505fc1f
KBS뉴스,http://tv123.cc.cd/live.php?ch=1758&sid=084bdfccba613632c46b32927c05cad1&exp=1791081046&sig=b03f414cebf4cf2bb2185fdd196b9cc70324b07a714df3ab8c3d52fb29fd1cf1
SBS,http://tv123.cc.cd/live.php?ch=1759&sid=084bdfccba613632c46b32927c05cad1&exp=1791081046&sig=86314db79b9ec68de752c77a71de86b3c1c3d438235d2df77ffc68f10bb089d4
SBS플러스,http://tv123.cc.cd/live.php?ch=1760&sid=084bdfccba613632c46b32927c05cad1&exp=1791081046&sig=efc31cdf01f0e8e3495cb7600e02809b6284e54601d64f545434dddf17261941
SBS퍼니,http://tv123.cc.cd/live.php?ch=1761&sid=084bdfccba613632c46b32927c05cad1&exp=1791081046&sig=2042aa7e94438bbbfdbfefdcab796b52ee34ff26a6046183ead47a20f671b826
SBS LIFE,http://tv123.cc.cd/live.php?ch=1762&sid=084bdfccba613632c46b32927c05cad1&exp=1791081046&sig=1c93cb005025fd6fa21c4fb45f95a9d81a1fe501fe28a6f98a3b745917040bb9
SBS KPOP,http://tv123.cc.cd/live.php?ch=1763&sid=084bdfccba613632c46b32927c05cad1&exp=1791081046&sig=d484c1bccab170f0d6a48e6195f2d26485a2a64e3e86a15a1ebf7a37d200fc5a
SBS골프,http://tv123.cc.cd/live.php?ch=1764&sid=084bdfccba613632c46b32927c05cad1&exp=1791081046&sig=3298cd72fe606bbf8046b569e3e43f10ea177b05c47c548604a40531cbe421eb
SBS Golf2,http://tv123.cc.cd/live.php?ch=1765&sid=084bdfccba613632c46b32927c05cad1&exp=1791081046&sig=4a379555f86106eafcb2b8d4968747f2dd6d3e61f93fd837d94ca0d755cc439c
SBS스포츠,http://tv123.cc.cd/live.php?ch=1766&sid=084bdfccba613632c46b32927c05cad1&exp=1791081046&sig=c693dd8fd90f524b477fb42125f53c488f92044245f58438378a0c6b01a2919b
SBS Biz,http://tv123.cc.cd/live.php?ch=1767&sid=084bdfccba613632c46b32927c05cad1&exp=1791081046&sig=0c664b6f30f030b2603248541ad04592196b3d641ff5a28d69ff97c6e8c64301
MBC,http://tv123.cc.cd/live.php?ch=1768&sid=084bdfccba613632c46b32927c05cad1&exp=1791081046&sig=746454c044677bdd76f95a10a3af3e70b3e277abbcc672a3c102f65363ea9928
MBC드라마넷,http://tv123.cc.cd/live.php?ch=1769&sid=084bdfccba613632c46b32927c05cad1&exp=1791081046&sig=17fd749fec2b11df305a12466a8ba5179810006fd4d4e9b6fcf23c6198735aad
MBC에브리원,http://tv123.cc.cd/live.php?ch=1770&sid=084bdfccba613632c46b32927c05cad1&exp=1791081046&sig=43d66081ad96413bde79a4e075c1810c15457732f4326d8fc7191ab9a5f0c10d
MBC M,http://tv123.cc.cd/live.php?ch=1771&sid=084bdfccba613632c46b32927c05cad1&exp=1791081046&sig=1d23db3b187b993143514bb4155904bf66f3cf858aa02511de5632d2ff53daf7
MBC ON,http://tv123.cc.cd/live.php?ch=1772&sid=084bdfccba613632c46b32927c05cad1&exp=1791081046&sig=985bd5bf6e267b4ed6cc53ed323e91fb027fb1ecb76eb86c8c50b19b6c7fd858
MBCNET,http://tv123.cc.cd/live.php?ch=1773&sid=084bdfccba613632c46b32927c05cad1&exp=1791081046&sig=c3e40e8f72e5510c3f315dae23eabf60ff107827d5fbed3928331b24d40d574e
아리랑TV,http://tv123.cc.cd/live.php?ch=1774&sid=084bdfccba613632c46b32927c05cad1&exp=1791081046&sig=37554775b74ccbbec921d3391e85cc822179e0db1b51867a14304bc9f037f63b
TBSTV,http://tv123.cc.cd/live.php?ch=1775&sid=084bdfccba613632c46b32927c05cad1&exp=1791081046&sig=95d8f96e95924079806c104a1d68468078226295f5fe8991a5ccf2b709e3dcd2
ABN,http://tv123.cc.cd/live.php?ch=1776&sid=084bdfccba613632c46b32927c05cad1&exp=1791081046&sig=09c73fbaf4c20215d4fb0893ad414eb08da9f9647fc37c19d69799618551ebc0
농협TV,http://tv123.cc.cd/live.php?ch=1777&sid=084bdfccba613632c46b32927c05cad1&exp=1791081046&sig=baa567862ac93ad4a02e77aef1e89ec3255f1d4803fa365dadc79e269491fbb8
복지TV,http://tv123.cc.cd/live.php?ch=1778&sid=084bdfccba613632c46b32927c05cad1&exp=1791081046&sig=787e5c7fb4352fc426043063c3a8d9bb01f2a77e96d7a32137844c0cd5cd9513
국민방송,http://tv123.cc.cd/live.php?ch=1779&sid=084bdfccba613632c46b32927c05cad1&exp=1791081046&sig=eb84e992da655c7ff2f4ff8697e35294819a1688daf539a0723348f7f6a52f24
문화유산채널,http://tv123.cc.cd/live.php?ch=1780&sid=084bdfccba613632c46b32927c05cad1&exp=1791081046&sig=95b5f4d45d909b88747189d8b72e1af1b4313659f8e070014d77f11d9b6c87ca
방송대학TV,http://tv123.cc.cd/live.php?ch=1781&sid=084bdfccba613632c46b32927c05cad1&exp=1791081046&sig=af0df5b08261051925477d83495c18cbc95dade650b65af88540c3d0b9036907
EBS1,http://tv123.cc.cd/live.php?ch=1782&sid=084bdfccba613632c46b32927c05cad1&exp=1791081046&sig=7d8aa281183acbaae07a40f69e1885e0397469c73e3e39f089efd86c445e152d
EBS2,http://tv123.cc.cd/live.php?ch=1783&sid=084bdfccba613632c46b32927c05cad1&exp=1791081046&sig=e5a255566d2f2f4445b077332a7a50a8c6b54821feafd2c3fcd1bc64ac7dadd9
EBS+1,http://tv123.cc.cd/live.php?ch=1784&sid=084bdfccba613632c46b32927c05cad1&exp=1791081046&sig=81619d5aa9920cf61f0c2b195c3a70ea6cdb501a972cf4a96ae38cc278718efe
EBS+2,http://tv123.cc.cd/live.php?ch=1785&sid=084bdfccba613632c46b32927c05cad1&exp=1791081046&sig=27b32a3ce2a28b3ae6c163d09039f235d0898022dbbca9c3ddb24b0c2504e7aa
EBS English,http://tv123.cc.cd/live.php?ch=1786&sid=084bdfccba613632c46b32927c05cad1&exp=1791081046&sig=9f8c8084b58e9c146dcefbd358635e3192a82e1e3fa500b57e7aebe296def2b8
한국영화1,http://tv123.cc.cd/live.php?ch=1787&sid=084bdfccba613632c46b32927c05cad1&exp=1791081046&sig=9839129bbba1b619503f888efb32d8d5f5241e83272288256bb6dbb5817ba77a
한국영화2,http://tv123.cc.cd/live.php?ch=1788&sid=084bdfccba613632c46b32927c05cad1&exp=1791081046&sig=82f0b40ab03723f2d6ae218e0fcae945ec9ecae747ce78e2ab77b4dacf7bc2a9
한국영화3,http://tv123.cc.cd/live.php?ch=1789&sid=084bdfccba613632c46b32927c05cad1&exp=1791081046&sig=0c4f2cea0bde4e086d68be8f16b5ed5c47ab9e58c7990041c26d9be3d6a7d9bf
TVB翡翠,http://tv123.cc.cd/live.php?ch=1792&sid=084bdfccba613632c46b32927c05cad1&exp=1791081046&sig=2f83dd61e11d73aa9c7b3bf5cb8e934fc3c387b07373fcc711b00f0fef69cfc3
TVB明珠,http://tv123.cc.cd/live.php?ch=1793&sid=084bdfccba613632c46b32927c05cad1&exp=1791081046&sig=007f73d3a9f346836896e68b3dd0a5b67af120d1f565a2059bc8e78ce67c3491
TVBS亚洲,http://tv123.cc.cd/live.php?ch=1794&sid=084bdfccba613632c46b32927c05cad1&exp=1791081046&sig=cf1c8f0abcc3cb275f2ac10ac17cb6ecfd9957d8d89924d4ad14bca1b5d613b8
东森美洲,http://tv123.cc.cd/live.php?ch=1802&sid=084bdfccba613632c46b32927c05cad1&exp=1791081046&sig=8b101d392ba73f8180b0871561365ccb4c291b3b03cbd8a75ae2c2f247b8db81
东森美洲新闻,http://tv123.cc.cd/live.php?ch=1803&sid=084bdfccba613632c46b32927c05cad1&exp=1791081046&sig=79448cb6d0f3a0764c264bbf47f9e7d8b91e76326e837f20c1b5fd237bd4672d
东森美洲中国,http://tv123.cc.cd/live.php?ch=1805&sid=084bdfccba613632c46b32927c05cad1&exp=1791081046&sig=f9ec6fe25cadb8e87701ad035dadc37acc5db4552898fd6108498d22118eaca5
CNN,http://tv123.cc.cd/live.php?ch=1807&sid=084bdfccba613632c46b32927c05cad1&exp=1791081046&sig=a9e47d61b9ea215ffd597df5551db4643e7132e7eb2bd4574dd45c29736def4e
CBS News,http://tv123.cc.cd/live.php?ch=1808&sid=084bdfccba613632c46b32927c05cad1&exp=1791081046&sig=ad391688500834a7b8ab208dae265c5775266c3da504adb88b628259754ad0f2
BBC,http://tv123.cc.cd/live.php?ch=1809&sid=084bdfccba613632c46b32927c05cad1&exp=1791081046&sig=6e3bc15ec3dcd230fc0c0091168638d371f01efbde03436a78dd050b7e90894b
Bloomberg,http://tv123.cc.cd/live.php?ch=1810&sid=084bdfccba613632c46b32927c05cad1&exp=1791081046&sig=28eb48a6850a165e57432ded053645a8eb7e211f19d34e90cea678cd7e837541
Fox,http://tv123.cc.cd/live.php?ch=1811&sid=084bdfccba613632c46b32927c05cad1&exp=1791081046&sig=e42c226e5b8c1865345391a1d8420f6acb0699eb420ef59864270aeb19c77d6e
NHKWorld,http://tv123.cc.cd/live.php?ch=1812&sid=084bdfccba613632c46b32927c05cad1&exp=1791081046&sig=9ac151fef1bd0464bac0050f2ee43b616b268c89ed35132eaa3516c8628505c3
ANTV,http://tv123.cc.cd/live.php?ch=1813&sid=084bdfccba613632c46b32927c05cad1&exp=1791081046&sig=b96ea1acd27711e98f4089b5360912b4a22b3cebc63ec204f8cdaed74e85c1e9
NDTV,http://tv123.cc.cd/live.php?ch=1814&sid=084bdfccba613632c46b32927c05cad1&exp=1791081046&sig=0bf50a747cb144f19325588656db2a7921833cccc317b50e472d9f3e7c447313
FashionTV,http://tv123.cc.cd/live.php?ch=1815&sid=084bdfccba613632c46b32927c05cad1&exp=1791081046&sig=378e09a511702b801f7a74690d03fb43e5e0f8a643df14249da5da7dcb46d037
MOVIE1,http://tv123.cc.cd/live.php?ch=1816&sid=084bdfccba613632c46b32927c05cad1&exp=1791081046&sig=e1ac67e49ab1c60fdf5cdde839941e812a16d786874927a9f3399222aa742e93
MOVIE2,http://tv123.cc.cd/live.php?ch=1817&sid=084bdfccba613632c46b32927c05cad1&exp=1791081046&sig=f4bb8650c729c3ecd3399e2e79cc18f1022fe978e68915dfe0edafa6b2f66cc5
F1,http://tv123.cc.cd/live.php?ch=1818&sid=084bdfccba613632c46b32927c05cad1&exp=1791081046&sig=88d74ea3547813fbe3d574a1ef6abf86b5e0c822644467e7d389b8349632f675
FAILARMY,http://tv123.cc.cd/live.php?ch=1819&sid=084bdfccba613632c46b32927c05cad1&exp=1791081046&sig=f416f688d80402fbce3c51e89d80a925e318e5fec09af484ea39793381b87f6e
Drybarcomedy,http://tv123.cc.cd/live.php?ch=1820&sid=084bdfccba613632c46b32927c05cad1&exp=1791081046&sig=e395e1de287cd251ef3567b0f88c0aca037e38b72026a6ac0f1c668c56006342
HOY TV,http://tv123.cc.cd/live.php?ch=1826&sid=084bdfccba613632c46b32927c05cad1&exp=1791081046&sig=3eb87aa2e2ee2a5a99df574563b3485ee3d5831a58035d6a8146237092a9007e
HOY TV,http://tv123.cc.cd/live.php?ch=1827&sid=084bdfccba613632c46b32927c05cad1&exp=1791081046&sig=09b1b22100f8a79d96a7981173d5a88bd1a6440dbbaa69c20c72246d0fd13d3d
Astro QJ,http://tv123.cc.cd/live.php?ch=1879&sid=084bdfccba613632c46b32927c05cad1&exp=1791081046&sig=95fa06ab941079f2bce4e3da259d421bc726f1c358242df975a3c4633d20628d
黄金华剧台(WebVTT字幕),http://tv123.cc.cd/live.php?ch=1889&sid=084bdfccba613632c46b32927c05cad1&exp=1791081046&sig=209e5950aaabe693e3a23246411a4c52d8e50694b0adbbbaaff6a06b52baddd4
广州南国都市,http://tv123.cc.cd/live.php?ch=1914&sid=084bdfccba613632c46b32927c05cad1&exp=1791081046&sig=7d3a4ac30bd29cd23fb1b4d15370db11c013df7ce2e33553182d340b2f93502f
采昌影剧台,http://tv123.cc.cd/live.php?ch=1918&sid=084bdfccba613632c46b32927c05cad1&exp=1791081046&sig=e68f06956c41deb521743b6b9ee3f6e50509a4b3437c06b94e8fbbb9c81fd97a
My Cinema Europe,http://tv123.cc.cd/live.php?ch=1926&sid=084bdfccba613632c46b32927c05cad1&exp=1791081046&sig=9b7a3b5d84a3ed3b01d59c5264a459303cf870467465c050f663f46906975781
DreamWorks梦工厂动画,http://tv123.cc.cd/live.php?ch=1929&sid=084bdfccba613632c46b32927c05cad1&exp=1791081046&sig=91ef53b607fcc3561cf5a58c30df1332a88f9593c321651fa05dfb98fc7563e6
客家好劇-FastTV飛速看,http://tv123.cc.cd/live.php?ch=1932&sid=084bdfccba613632c46b32927c05cad1&exp=1791081046&sig=bfa6d44f2a7efa733ed98c2dcd545d7cc30b3be812b3daeff679e815e721a6dc
懷舊經典電影-FastTV飛速看,http://tv123.cc.cd/live.php?ch=1933&sid=084bdfccba613632c46b32927c05cad1&exp=1791081046&sig=cac544f904187c6e5158bdef4817e0e91b53b2e7426e841598b7c242e1b8e811
精選華語電影-FastTV飛速看,http://tv123.cc.cd/live.php?ch=1934&sid=084bdfccba613632c46b32927c05cad1&exp=1791081046&sig=a7a7667da0c05860965021cd474b6034580009921f210f4bb97bbd9914d40088
國外電影精選-FastTV飛速看,http://tv123.cc.cd/live.php?ch=1935&sid=084bdfccba613632c46b32927c05cad1&exp=1791081046&sig=07abdaafb24c421b97f76609bce13016ea32be1b66c841a176fc1f6dba4cef0c
日韓電影大賞-FastTV飛速看,http://tv123.cc.cd/live.php?ch=1936&sid=084bdfccba613632c46b32927c05cad1&exp=1791081046&sig=76ec5ccbfc0ac8b7966a2d16648507cd998bd458cadb3fe900c161f014ba77fc
台灣傳奇-FastTV飛速看,http://tv123.cc.cd/live.php?ch=1937&sid=084bdfccba613632c46b32927c05cad1&exp=1791081046&sig=e6cd95c1c435ef85db0bc88937fe8783dc59a33fea9365e768fab86c0674ef0d
精彩陸劇1台-FastTV飛速看,http://tv123.cc.cd/live.php?ch=1938&sid=084bdfccba613632c46b32927c05cad1&exp=1791081046&sig=8d12650082925dd184f2370a0276b845704feef94a6667c6fbb1b3b2f7bbb474
精彩陸劇2台-FastTV飛速看,http://tv123.cc.cd/live.php?ch=1939&sid=084bdfccba613632c46b32927c05cad1&exp=1791081046&sig=83b19ed378b2a5b4668b347b63a55121bda5e6829a17147d89b97c71a0774dcd
金光布袋戲-FastTV飛速看,http://tv123.cc.cd/live.php?ch=1940&sid=084bdfccba613632c46b32927c05cad1&exp=1791081046&sig=d329eed1392c0a3e35545a9205efd0af3813060220cfd1b296c411bc1aa5a797
哆啦A夢-FastTV飛速看,http://tv123.cc.cd/live.php?ch=1941&sid=084bdfccba613632c46b32927c05cad1&exp=1791081046&sig=274c2928c2656354c6279ea1da84a738cf08b205b8f5915151602135bf9f87d0
經典卡通-FastTV飛速看,http://tv123.cc.cd/live.php?ch=1942&sid=084bdfccba613632c46b32927c05cad1&exp=1791081046&sig=3c2bb10edb038b3b1d449f5a0940e2a5821976242b644e37d46303dbcccd53c3
經典迪士尼-FastTV飛速看,http://tv123.cc.cd/live.php?ch=1943&sid=084bdfccba613632c46b32927c05cad1&exp=1791081046&sig=b7c508a16d99093e712a012abfd47a0d7ec31d0a47f50557c079987f17e656f3
東離劍遊紀-FastTV飛速看,http://tv123.cc.cd/live.php?ch=1944&sid=084bdfccba613632c46b32927c05cad1&exp=1791081046&sig=bcbc14c994c2288a0fd8a5265cf4a0e61c3448680e49b0e672ae05fca83c5963
咪咕4K(限移动网络),http://tv123.cc.cd/live.php?ch=1953&sid=084bdfccba613632c46b32927c05cad1&exp=1791081046&sig=5070f4e8462b6f65a27714d798eb73300eaf9b9d704385e95f57a7c011e3c9ea
咪咕4K-2(限移动网络),http://tv123.cc.cd/live.php?ch=1954&sid=084bdfccba613632c46b32927c05cad1&exp=1791081046&sig=e90f83c4de25ffe91749094b782d7fd658e8a0f3ecf0535a9c5f50c9e1f60199
澳达超 明迪尔爱瑟斯 vs 达尔文奥林匹克,http://tv123.cc.cd/live.php?ch=1955&sid=084bdfccba613632c46b32927c05cad1&exp=1791081046&sig=1f3f5b38ca0dc0f3a4923901c91926b299a4f4e975dc6b1a8f3b92d164f0346e
英女超 曼联女足 vs 利物浦女足,http://tv123.cc.cd/live.php?ch=1956&sid=084bdfccba613632c46b32927c05cad1&exp=1791081046&sig=a2e38c746db3a72dd0826d80f298463675033dd458c8c8d5b57fe024f06386bc
意丙 奇塔代拉 vs 阿尔比诺勒菲,http://tv123.cc.cd/live.php?ch=1957&sid=084bdfccba613632c46b32927c05cad1&exp=1791081046&sig=d9e3b79ae0619a042ccd4268bfa39faf82cd07957fc5195de919c6dce846f896
意丙 古比奥 vs 佩鲁贾,http://tv123.cc.cd/live.php?ch=1958&sid=084bdfccba613632c46b32927c05cad1&exp=1791081046&sig=54f1a3af0bf10ec5e6f51739defba4141c0924e0bd88a02d01b08902de9325c3
意丙 瓦多 vs 福尔利,http://tv123.cc.cd/live.php?ch=1959&sid=084bdfccba613632c46b32927c05cad1&exp=1791081046&sig=505d2c68cb18f0c321efce2f147d1cd8fd343645f9f57df89fc0bbea3411c832
意丙 卡维塞 vs 卡塞塔纳,http://tv123.cc.cd/live.php?ch=1960&sid=084bdfccba613632c46b32927c05cad1&exp=1791081046&sig=46662470aa92a87462796087de88a17204966eb0cbff0a017d97d0ef267c8277
意丙 索伦托卡西奥 vs 卡萨拉诺,http://tv123.cc.cd/live.php?ch=1961&sid=084bdfccba613632c46b32927c05cad1&exp=1791081046&sig=e3002932e7229cfb4d6a6e5b757ded44e8259e59c89ea61b300f83dff6ac8402
挪甲 斯托曼 vs 桑德尼斯,http://tv123.cc.cd/live.php?ch=1962&sid=084bdfccba613632c46b32927c05cad1&exp=1791081046&sig=a6581f6c13de1f2337a585740627141c923d7a3874ae99f580c0469f05fe28f0
白俄甲 莫洛迪兹诺 vs 斯卢茨克,http://tv123.cc.cd/live.php?ch=1963&sid=084bdfccba613632c46b32927c05cad1&exp=1791081046&sig=87463c5ff6d5747a2781b9204f41710dee4c54a4327b39a3cd7122e503fda785
塞尔甲 塔络提克 vs 博尔1919,http://tv123.cc.cd/live.php?ch=1964&sid=084bdfccba613632c46b32927c05cad1&exp=1791081046&sig=aa7a4f5704c5bf5c2db560e6122d8fb8f16d1c19ede5c6980b8387e815cd5e48
瑞典女超 韦克舍女足 vs 克里斯提斯塔女足,http://tv123.cc.cd/live.php?ch=1965&sid=084bdfccba613632c46b32927c05cad1&exp=1791081046&sig=47871fde91daace96aa2f9b9f06172e230e1fa16d54fab6d7eb7f16ee6ffa6f4
欧国联 芬兰 vs 阿尔巴尼亚,http://tv123.cc.cd/live.php?ch=1966&sid=084bdfccba613632c46b32927c05cad1&exp=1791081046&sig=cfe1a80e74809145115fc6092c7cbdab035da785953432259b308d0760c56702
意女甲 佛罗伦萨女足 vs 萨索洛女足,http://tv123.cc.cd/live.php?ch=1967&sid=084bdfccba613632c46b32927c05cad1&exp=1791081046&sig=9bc89b7db55a361fc0339a5a003e8a63ea5b36c02f3a751e7d8b7741356a2fbe
俄乙B 切尔克斯克纳尔特 vs 马哈奇卡拉迪纳摩B队,http://tv123.cc.cd/live.php?ch=1968&sid=084bdfccba613632c46b32927c05cad1&exp=1791081046&sig=d218cfe365e4acee56026f1e02770f79a9ccad304bef317d5f6ee5e02a019b8a
俄乙B 纳尔奇克斯巴达克 vs FC阿斯特拉罕,http://tv123.cc.cd/live.php?ch=1969&sid=084bdfccba613632c46b32927c05cad1&exp=1791081046&sig=e6f9ec60773ed5425e5b3d4c818995302d0f14471564da87506fe8146fc7bec6
捷丙 荷路比纳 vs 霍多宁,http://tv123.cc.cd/live.php?ch=1970&sid=084bdfccba613632c46b32927c05cad1&exp=1791081046&sig=83325f9af8fe057bdb5fd8218519da85ccbfdb8224510d1ff205b07b5d2cc9e7
捷丙 弗里德克 vs 摩拉瓦新城,http://tv123.cc.cd/live.php?ch=1971&sid=084bdfccba613632c46b32927c05cad1&exp=1791081046&sig=6cd3ba301e419ec9156fd1311afd56e0365131f39304ce358264fa8f554b8c08
捷丙 乌赫尔斯基 vs 哈维瓦,http://tv123.cc.cd/live.php?ch=1972&sid=084bdfccba613632c46b32927c05cad1&exp=1791081046&sig=1ba9496cc1db0d80f790e54522073cf1070d79984e50f58b8833fad1214898a4
捷丙 普里布拉姆B队 vs 艾利特马布拉格,http://tv123.cc.cd/live.php?ch=1973&sid=084bdfccba613632c46b32927c05cad1&exp=1791081046&sig=5138a1067e21a70a154a7234788decd52ff239fd34f982ce9f1a7f571a83b9db
捷丙 巴尼克莫斯特 vs 亚布洛内茨B队,http://tv123.cc.cd/live.php?ch=1974&sid=084bdfccba613632c46b32927c05cad1&exp=1791081046&sig=1601cbdf1f2309a53da0ffe966fffe31b7ac45e46dec16c78a30815cce822cf6
瑞典甲 FBK卡尔斯塔德 vs 艾斯基斯杜拿,http://tv123.cc.cd/live.php?ch=1975&sid=084bdfccba613632c46b32927c05cad1&exp=1791081046&sig=1f838b6935b8b74154fb008b3f47559a8b278d77355ea5a24336cdaf16e68122
球会友谊 奥地利卢斯特瑙 vs 沙尔克04,http://tv123.cc.cd/live.php?ch=1976&sid=084bdfccba613632c46b32927c05cad1&exp=1791081046&sig=0eb6bb32869f8d1663d3bb2b9c852f10104c96cc32ee7b8365ee801f35726ef8
斯伐甲 克曼尼 vs 波罗尼,http://tv123.cc.cd/live.php?ch=1977&sid=084bdfccba613632c46b32927c05cad1&exp=1791081046&sig=818e3f3a926185330de45c2e1fc04a4694ffc5da1c418dd03ee0bb969cc39aa1
斯伐甲 加兰塔 vs 波瓦兹斯卡,http://tv123.cc.cd/live.php?ch=1978&sid=084bdfccba613632c46b32927c05cad1&exp=1791081046&sig=8df4db77b6b075fbb315d6f0bbd4567f04fedcfff75d4f36991b1b0f39261a00
白俄甲 斯莫根 vs 奥斯波维奇,http://tv123.cc.cd/live.php?ch=1979&sid=084bdfccba613632c46b32927c05cad1&exp=1791081046&sig=80d36468e9f162b994b3270b695444df4b5659fd023bf3f1e116450489a35616
俄乙A FK秋明 vs 圣彼得堡泽尼特B队,http://tv123.cc.cd/live.php?ch=1980&sid=084bdfccba613632c46b32927c05cad1&exp=1791081046&sig=68e9f0ca08b64198eaf94d3765087588da5c7824ab5c1e5a35fa8834188fd00f
波兰丙 胡尼克拉科夫 vs 台基,http://tv123.cc.cd/live.php?ch=1981&sid=084bdfccba613632c46b32927c05cad1&exp=1791081046&sig=4eeddcc9c3a1fdd53407aeeef9c982629f1617ee4067be0663c516decbed38f0
球会友谊 圣保利 vs 门兴,http://tv123.cc.cd/live.php?ch=1982&sid=084bdfccba613632c46b32927c05cad1&exp=1791081046&sig=be67a29649592da4b707db9ef11ba0b46f968d3f7ad9d586f519eea20f6a35f2
乌拉甲 蒙得维的亚 vs 普罗格雷索俱乐部,http://tv123.cc.cd/live.php?ch=1983&sid=084bdfccba613632c46b32927c05cad1&exp=1791081046&sig=2f6d6a35e9af3f5857bed2324fce1ff54cff2e5d821b510591f75fb61b9f055e
巴西乙 阿瓦伊 vs 塞阿拉,http://tv123.cc.cd/live.php?ch=1984&sid=084bdfccba613632c46b32927c05cad1&exp=1791081046&sig=33b84320bd99a206ea06b804edde7c19537fbbaf3a0a1af5f32fea8bf43f0f94
苏冠 摩顿 vs 拉茨流浪者,http://tv123.cc.cd/live.php?ch=1985&sid=084bdfccba613632c46b32927c05cad1&exp=1791081046&sig=791bd50de7bc1f2fe5bcc4a4381f9e9ee52d6fbb6182291c57632c1bb98eb66b
苏冠 利文斯顿 vs 艾尔联,http://tv123.cc.cd/live.php?ch=1986&sid=084bdfccba613632c46b32927c05cad1&exp=1791081046&sig=2aa920cc8726fc8135c9f79e799ed928dbe0194342af70a6ca890cf8aae0588d
苏冠 帕尔蒂克 vs 阿布罗斯,http://tv123.cc.cd/live.php?ch=1987&sid=084bdfccba613632c46b32927c05cad1&exp=1791081046&sig=64b45c8d7ecf388256bda991ed7c4f6930e344bb9be43c4ac2cb8b2559c49cfe
挪甲 斯托姆加斯特 vs 阿萨纳,http://tv123.cc.cd/live.php?ch=1988&sid=084bdfccba613632c46b32927c05cad1&exp=1791081046&sig=9a27ac37852584e88dab686c628a6709299be16200791133fae6153bffc497b4
挪甲 贺特 vs 奥德,http://tv123.cc.cd/live.php?ch=1989&sid=084bdfccba613632c46b32927c05cad1&exp=1791081046&sig=aee444ccf361e8b5d4e9bd136e2effcadb9c493890c748225563113323e111f5
挪甲 海于格松 vs 斯塔贝克,http://tv123.cc.cd/live.php?ch=1990&sid=084bdfccba613632c46b32927c05cad1&exp=1791081046&sig=c8107add1d52b40133d2a3010e9e22538b882bbf1caef1e18c155b3af24511f3
英锦赛 科尔切斯特联 vs 卢顿,http://tv123.cc.cd/live.php?ch=1991&sid=084bdfccba613632c46b32927c05cad1&exp=1791081046&sig=fd1991a0fb0aac6e798bcd3e6cb603b1ef56462d8db0cdea12ce4b4dbb590d0a
瑞典甲 阿特维达堡 vs 特罗尔海坦,http://tv123.cc.cd/live.php?ch=1992&sid=084bdfccba613632c46b32927c05cad1&exp=1791081046&sig=4c5dc0d5497b168068a80d26d196f47c17acd9274a87f258fc89456fe74fa3bb
瑞典甲 延雪平南区 vs 艾斯基斯迈,http://tv123.cc.cd/live.php?ch=1993&sid=084bdfccba613632c46b32927c05cad1&exp=1791081046&sig=7ad551abcdc01e1fdb5b35eba4c6783ba3d2c07c9f928a788fd6077450a847b7
CCTV17农业农村,http://tv123.cc.cd/live.php?ch=2010&sid=084bdfccba613632c46b32927c05cad1&exp=1791081046&sig=c9f55e2f6668aedb3901b742cf8d338ee67719aa623ebb04f7c9415b3d22e842
CGTN,http://tv123.cc.cd/live.php?ch=2021&sid=084bdfccba613632c46b32927c05cad1&exp=1791081046&sig=53d6bb946706a48cf6ed25abc362c985894f4c3fe11cfea98318f95c2961f516
上视东方影视,http://tv123.cc.cd/live.php?ch=2044&sid=084bdfccba613632c46b32927c05cad1&exp=1791081046&sig=6e1dfd470e66229f154beafb187115e8c1ea2764e630876aa9b5af511c8a914d
公共新闻频道,http://tv123.cc.cd/live.php?ch=2055&sid=084bdfccba613632c46b32927c05cad1&exp=1791081046&sig=0eed2b232f2e5d5e2d2000a7cb7298a1358cde6ebde54257a06bfcd1ca1a6a6e
财富天下,http://tv123.cc.cd/live.php?ch=2071&sid=084bdfccba613632c46b32927c05cad1&exp=1791081046&sig=818a3414dd74afd64807fd6b6b7685db9811eecde88c4a859714bb15e7e49c4b
赛事最经典,http://tv123.cc.cd/live.php?ch=2078&sid=084bdfccba613632c46b32927c05cad1&exp=1791081046&sig=335786a02e6de5b2d3c44427c0183ed35fdc098584f3be2f0434c672333e5559
体坛名栏汇,http://tv123.cc.cd/live.php?ch=2079&sid=084bdfccba613632c46b32927c05cad1&exp=1791081046&sig=a918700c69ce4ad2ee0fe229b0a21a76ec42c25f237fcf5c0ce946ce8cbf4f0b
24小时城市联赛轮播台,http://tv123.cc.cd/live.php?ch=2082&sid=084bdfccba613632c46b32927c05cad1&exp=1791081046&sig=00750bc5a5e4680b905a87f4b1e9c1ca221800ae30408f42551b139dc3a0cc06
武术世界,http://tv123.cc.cd/live.php?ch=2083&sid=084bdfccba613632c46b32927c05cad1&exp=1791081046&sig=80b8854c9ca2ce5336ad387d38da78522da4fe7a3b229e6571d34e59ba5f2139
和美乡途轮播台,http://tv123.cc.cd/live.php?ch=2091&sid=084bdfccba613632c46b32927c05cad1&exp=1791081046&sig=a84052616be5b467d43b300f6a75c78d75dfbd8dc6d51f30cfbcfacb143c724f
南方影视,http://tv123.cc.cd/live.php?ch=2092&sid=084bdfccba613632c46b32927c05cad1&exp=1791081046&sig=55e5355957fba639ec465c6d098b7cc92da98b461ce9eec0d66a45d22d9ba5a7
中国航天“逆袭”之路,http://tv123.cc.cd/live.php?ch=2093&sid=084bdfccba613632c46b32927c05cad1&exp=1791081046&sig=524fb3fd118d4db0548d96d1053cb7ab775072652abc1ebacf8a2a0a24ea8b74
熊猫频道01高清,http://tv123.cc.cd/live.php?ch=2099&sid=084bdfccba613632c46b32927c05cad1&exp=1791081046&sig=94fd00a50dd829ac32292d8a53742fc3d42d25478f504407568f7894874e2cac
熊猫频道1,http://tv123.cc.cd/live.php?ch=2100&sid=084bdfccba613632c46b32927c05cad1&exp=1791081046&sig=cec6d5f7ecd22e0db644fb07d7c76556a616db736cbedb0bf652211ad21fc317
熊猫频道2,http://tv123.cc.cd/live.php?ch=2101&sid=084bdfccba613632c46b32927c05cad1&exp=1791081046&sig=d074bc8127b7db9ee3c7e3ae773b44679140d2a4d3fa5f44aa09c535239fbc3d
熊猫频道3,http://tv123.cc.cd/live.php?ch=2102&sid=084bdfccba613632c46b32927c05cad1&exp=1791081046&sig=e54365360ce652c5d216193863510c8ea9ffd4239633d440d38fc05a3dd6d8ad
熊猫频道4,http://tv123.cc.cd/live.php?ch=2103&sid=084bdfccba613632c46b32927c05cad1&exp=1791081046&sig=9dcec30eb80bb593fd7b244078290ce74e2785ee5e63ef9fc86dceeb608e8ff9
熊猫频道5,http://tv123.cc.cd/live.php?ch=2104&sid=084bdfccba613632c46b32927c05cad1&exp=1791081046&sig=6d763186e0e08909fac99387c9d5ce04d2fd1e69749972b8e9a4742049e0a426
熊猫频道6,http://tv123.cc.cd/live.php?ch=2105&sid=084bdfccba613632c46b32927c05cad1&exp=1791081046&sig=37d8ad59c6c144f3c58c3128f758afc13992e2cea1f812de712d45052358796a
熊猫频道7,http://tv123.cc.cd/live.php?ch=2106&sid=084bdfccba613632c46b32927c05cad1&exp=1791081046&sig=dad848eb7f6088b4dc054cca17bf0869d9070740b833a05bb6461a7cd41f6b22
熊猫频道8,http://tv123.cc.cd/live.php?ch=2107&sid=084bdfccba613632c46b32927c05cad1&exp=1791081046&sig=c032de275e2597286b15465279c12a7387eb5ea5997b8e99dc5c8467820f778e
熊猫频道9,http://tv123.cc.cd/live.php?ch=2108&sid=084bdfccba613632c46b32927c05cad1&exp=1791081046&sig=bf9e6a04590244b845116089f32de6082b7150fb563b6e79111e9830ccd714fc
熊猫频道10,http://tv123.cc.cd/live.php?ch=2109&sid=084bdfccba613632c46b32927c05cad1&exp=1791081046&sig=c10e117c32c10177c931ed2b6dc62698504c8720668efdb75272decc708eab04
中华特产,http://tv123.cc.cd/live.php?ch=2115&sid=084bdfccba613632c46b32927c05cad1&exp=1791081046&sig=6b95f190d159663af020e69bf75b1c94ebc83a2a9cad41babe6c99b57761465d
大愛電視,http://tv123.cc.cd/live.php?ch=2121&sid=084bdfccba613632c46b32927c05cad1&exp=1791081046&sig=e178d478b1213e2500e929a7d2507d9d2096a7c427de9d49def466dbf2ca242a
客家電視台,http://tv123.cc.cd/live.php?ch=2125&sid=084bdfccba613632c46b32927c05cad1&exp=1791081046&sig=48307ce6ad9ceef6ad4d2fcd9f7406a89fe667ce6098771c99d2386715e7d2a3
原住民族電視台,http://tv123.cc.cd/live.php?ch=2130&sid=084bdfccba613632c46b32927c05cad1&exp=1791081046&sig=78957ac8ea496b9b3b38c31810aef005cd740604ae9de8e26d319bf8a71675fd
LiveABC互動英語頻道,http://tv123.cc.cd/live.php?ch=2131&sid=084bdfccba613632c46b32927c05cad1&exp=1791081046&sig=979ef19119f3b18d365a6ec0be85ebf5f5f15cabbd811817550ae653cab75e7a
達文西頻道,http://tv123.cc.cd/live.php?ch=2132&sid=084bdfccba613632c46b32927c05cad1&exp=1791081046&sig=55f54ecbdc568f3aaf9e001a4d53feaf50bcf700a242a50c15e9415d28f09324
Nick Jr. 兒童頻道,http://tv123.cc.cd/live.php?ch=2133&sid=084bdfccba613632c46b32927c05cad1&exp=1791081046&sig=4adfd9b337e10609af5e492e766c37b489948a637e90408c51a54b01cdd7ae7d
尼克兒童頻道,http://tv123.cc.cd/live.php?ch=2134&sid=084bdfccba613632c46b32927c05cad1&exp=1791081046&sig=5da8aae9f4203fae330977a5ebd07e4611547c6433fffe86c9e3447e88f8ee6f
DreamWorks 夢工廠動畫,http://tv123.cc.cd/live.php?ch=2135&sid=084bdfccba613632c46b32927c05cad1&exp=1791081046&sig=64790d9031f607f6de5f24423df1bbb7814f9db7a41985ac50e59e5099de6f01
TVBS,http://tv123.cc.cd/live.php?ch=2150&sid=084bdfccba613632c46b32927c05cad1&exp=1791081046&sig=9201e75bcabc7a1e3032a22552225f01afdb3291521f30271f2f825d8de3f8b4
豬哥亮歌廳秀,http://tv123.cc.cd/live.php?ch=2152&sid=084bdfccba613632c46b32927c05cad1&exp=1791081046&sig=a3ed578e0121f32e4c19bfff635467d05e8133ae5c5bddab6e184fa2fa19f8e1
KLT-靖天國際台,http://tv123.cc.cd/live.php?ch=2154&sid=084bdfccba613632c46b32927c05cad1&exp=1791081046&sig=bfd7b910db915c03dfab7cb7df9a61b0ae12eec4c4d962dc29f7dd18dd4b0cc9
Nice TV 靖天歡樂台,http://tv123.cc.cd/live.php?ch=2155&sid=084bdfccba613632c46b32927c05cad1&exp=1791081046&sig=d0accd51009bb3563fc7e0ce36b6e6f04d467e63921bede058a16a00db28fce0
采昌影劇台,http://tv123.cc.cd/live.php?ch=2164&sid=084bdfccba613632c46b32927c05cad1&exp=1791081046&sig=2a9ff67a672651e2d15a4182711d57e5c4d214c2e3d1b82574e03ab99747a380
大愛二台,http://tv123.cc.cd/live.php?ch=2170&sid=084bdfccba613632c46b32927c05cad1&exp=1791081046&sig=6ad8fb69a9ce7e4a392f8600b75e1d2a7f9bd9902f984b9ea04fa43601443485
TVBS綜藝台,http://tv123.cc.cd/live.php?ch=2172&sid=084bdfccba613632c46b32927c05cad1&exp=1791081046&sig=8712699e80868756b66353de6eaef96752bef23a38086e561c347864f570c5cb
TVBS台劇台,http://tv123.cc.cd/live.php?ch=2173&sid=084bdfccba613632c46b32927c05cad1&exp=1791081046&sig=a8c5adffc8657ff4c8581948b897d9c2a16cd8c3506ca242bbea0e441a0fa98c
客家好劇-FastTV飛速看,http://tv123.cc.cd/live.php?ch=2177&sid=084bdfccba613632c46b32927c05cad1&exp=1791081046&sig=a2876d3338e42e84f3e0e21a8d320db470f55b5a4c3f7f48e2fd080d16209f9f
懷舊經典電影-FastTV飛速看,http://tv123.cc.cd/live.php?ch=2178&sid=084bdfccba613632c46b32927c05cad1&exp=1791081046&sig=c07f3a79c9e389c4769bbde924d55c2434ac61ba853c292927ba7507895978d6
精選華語電影-FastTV飛速看,http://tv123.cc.cd/live.php?ch=2179&sid=084bdfccba613632c46b32927c05cad1&exp=1791081046&sig=e9dd7ba84320cd24e2b9f42541fb9a8425656ede6ebf2dbe74651da9c2f65d34
國外電影精選-FastTV飛速看,http://tv123.cc.cd/live.php?ch=2180&sid=084bdfccba613632c46b32927c05cad1&exp=1791081046&sig=16c188a9154430a44bcdb6f6ab9c55cfd7a94fe0363640258ff7013ced11f143
日韓電影大賞-FastTV飛速看,http://tv123.cc.cd/live.php?ch=2181&sid=084bdfccba613632c46b32927c05cad1&exp=1791081046&sig=e20ff9a81aa1482af94720dd451f32b17fe962472469f326749fbef29af931ac
台灣傳奇-FastTV飛速看,http://tv123.cc.cd/live.php?ch=2182&sid=084bdfccba613632c46b32927c05cad1&exp=1791081046&sig=b6e45c4ed56662828b5c27787e48072c5b4522949c168198d4bded14bbc05570
精彩陸劇1台-FastTV飛速看,http://tv123.cc.cd/live.php?ch=2183&sid=084bdfccba613632c46b32927c05cad1&exp=1791081046&sig=6e27fa03275168304ec6415dedc7c03b550840a23b063f14ce37c4c8c7ad571b
精彩陸劇2台-FastTV飛速看,http://tv123.cc.cd/live.php?ch=2184&sid=084bdfccba613632c46b32927c05cad1&exp=1791081046&sig=51773d2513a7ed526b16e1ea842660c62278e7c15590590461cc2cc9beae8c67
金光布袋戲-FastTV飛速看,http://tv123.cc.cd/live.php?ch=2185&sid=084bdfccba613632c46b32927c05cad1&exp=1791081046&sig=b004b42908480b2ba2fbeda0167637d7af7dd32c678829a4199b9dd9ba01b035
哆啦A夢-FastTV飛速看,http://tv123.cc.cd/live.php?ch=2186&sid=084bdfccba613632c46b32927c05cad1&exp=1791081046&sig=c3846d214e211d4b3cccbc2728b905bf180a6a909870b13fbe79386dc446b585
經典卡通-FastTV飛速看,http://tv123.cc.cd/live.php?ch=2187&sid=084bdfccba613632c46b32927c05cad1&exp=1791081046&sig=db85781eb2e20f2379da48ccafe8d8e68c85d82b075e74dbfdc49df0c09562b8
經典迪士尼-FastTV飛速看,http://tv123.cc.cd/live.php?ch=2188&sid=084bdfccba613632c46b32927c05cad1&exp=1791081046&sig=7f769066cb718d5a0354ca956478838beb505c794f7bf780db40b2fd0a134af1
東離劍遊紀-FastTV飛速看,http://tv123.cc.cd/live.php?ch=2189&sid=084bdfccba613632c46b32927c05cad1&exp=1791081046&sig=396e608b3630042c57f3c7d3f1f5f2aa3d7f48f3a669abd3f9872dafa306c78e
软件作者,http://bobohome.ignorelist.com:20247/fengshows?id=2.m3u8
资源宝藏库,http://bobohome.ignorelist.com:20247/fengshows?id=1.m3u8
制作维护,http://bobohome.ignorelist.com:20247/fengshows?id=3.m3u8
捐赠5元获取,https://cdn.qd.je/163189.php?id=wxxw
频道密码,https://cdn.qd.je/163189.php?id=fct
捐赠10元可获取,https://cdn.qd.je/163189/now
4K高清影视软件2个,https://cdn.qd.je/163189/mzt
捐赠10元可获取,https://cdn.qd.je/163189/hlfct
最新本版电视家,https://cdn.qd.je/163189/asam
捐赠30元可获取,https://cdn.qd.je/163189/as
最新港澳台直播,https://cdn.qd.je/163189/yzwx
65元U盘版港澳台软件,https://cdn.qd.je/163189/hjhjt
包稳定流畅长期能用,https://cdn.qd.je/163189/tvbxh2
含10个电视应用,https://cdn.qd.je/163189/ccm2
需要加微信号,https://cdn.qd.je/163189/tvbc
zybzk2698,https://cdn.qd.je/163189/ylxw
捐赠后加微领取,https://cdn.qd.je/163189/gdzj
感谢支持！,https://cdn.qd.je/163189/lhdy
HOY TV,https://cdn.qd.je/163189/hoy
HOY TV,https://cdn.qd.je/163189/hoy2
Astro QJ,https://cdn.qd.je/163189/qj
黄金华剧台(WebVTT字幕),https://cdn.qd.je/163189/hjhjt
凤凰美洲台,http://15611-huge.cdn-o2.me/live/4b1cb29e33/9ea2b8c5e827/500958.ts
Hope,http://tvhope.cdnvideo.ru/tvhope-pull/tvhope_1/playlist.m3u8
TVBS亚洲,http://38.64.72.148:80/hls/modn/list/4005/chunklist1.m3u8
ZOO MOO,https://zoomoo-samsungau.amagi.tv:443/playlist1080p.m3u8
新加坡,https://d2e1asnsl7br7b.cloudfront.net/7782e205e72f43aeb4a48ec97f66ebbe/index_4.m3u8
新唐人,https://ntd02.akamaized.net/HD-NY/tracks-v3a1/mono.m3u8
Wild TV,https://dfhsahpa45kk2.cloudfront.net/scheduler/scheduleMaster/476.m3u8
BBC Earth,https://amg00793-amg00793c6-xumo-us-2669.playouts.now.amagi.tv/BBCStudios-BBCEarthA-hls/playlist540p.m3u8
唯心电视,http://mobile.ccdntech.com/transcoder/_definst_/vod164_Live/live/playlist.m3u8
NBA1,http://23.237.104.106:8080/USA_NBA/tracks-v1a1/mono.m3u8
HOY TV,http://push.cdn1.hls123.de:8080/streams/dguce4v9b69/index.m3u8
极限电影台,http://bak.dou.ddns-ip.net/api.php?n=HKTV&id=GJSQxh&tk=aUcnTVRl3MU0
镜新闻台,https://d36dgdk71xuzzg.cloudfront.net/v1/manifest/3a2ac8e6b6c76471996ebf627393d9c9417a60b6/linetv-6-627778910172-MediaTailor-production/81c30c93-82df-49c9-975c-61a17204cbba/1.m3u8
J2台,http://bziyunshao.synology.me:8890/bysid/82
無綫財經,http://bziyunshao.synology.me:8890/bysid/85
镜新闻台,https://d36dgdk71xuzzg.cloudfront.net/v1/manifest/3a2ac8e6b6c76471996ebf627393d9c9417a60b6/linetv-6-627778910172-MediaTailor-production/81c30c93-82df-49c9-975c-61a17204cbba/1.m3u8
原視,https://hc9lby9bzw8zcar.wcetv.com/hls/titv.m3u8
tvbs,http://61.221.215.25:8800/hls/9/index.m3u8
三立戏剧,http://61.221.215.25:8800/hls/41/index.m3u8
HISTORY,http://37.27.111.214:8080/live/27/hls.m3u8
CNA,http://d2e1asnsl7br7b.cloudfront.net/7782e205e72f43aeb4a48ec97f66ebbe/index_5.m3u8?zshijd%24LR%E2%80%A2IPV4%E3%80%8E%E7%BA%BF%E8%B7%AF8%E3%80%8F=
TVBS亚洲,http://d2e1asnsl7br7b.cloudfront.net/7782e205e72f43aeb4a48ec97f66ebbe/index_5.m3u8?zshijd=
臺灣戲劇,http://iptv.4666888.xyz/iptv2A.php?id=42
小公视,http://74.91.26.218:82/live/ptsse.m3u8
华视教育体育文化,http://74.91.26.218:82/live/ctsjy.m3u8
台视财经,http://74.91.26.218:82/live/ttvcj.m3u8
博斯網球[BoSi Tennis],http://67.220.71.199:2347/livehttpplay?channel_id=42026
红牛运动,http://rbmn-live.akamaized.net/hls/live/590964/BoRB-AT/master_6660.m3u8
红牛运动,http://rbmn-live.akamaized.net/hls/live/590964/BoRB-AT/master_1660.m3u8
靖远电视台,https://play.kankanlive.com/live/1658390970673988.m3u8
静宁新闻综合,https://play.kankanlive.com/live/1658194434596952.m3u8
Concerto,https://php.946985.filegear-sg.me/mytv265.php?id=CONC
TRACEURBAN,https://php.946985.filegear-sg.me/mytv265.php?id=TRUR
星空卫视,http://122.224.58.42:85/tsfile/live/1024_1.m3u8?key=%2A%2A%2A&playlive=1&authid=%2A%2A%2A
镜新闻,https://d36dgdk71xuzzg.cloudfront.net/v1/manifest/3a2ac8e6b6c76471996ebf627393d9c9417a60b6/linetv-6-627778910172-MediaTailor-production/f4d56046-82ba-474e-8499-ab2353dc7a9b/1.m3u8
纬来精彩频道,http://61.221.215.25:8800/hls/48/index.m3u8
华文八套,https://francais-livews.cgtn.com/hls/LSvev95OuFZtKLc6CeKEFYXj220802LSTeV6PO0Ut9r71Uq3k5goCA220802cd/playlist.m3u8
台湾|唯心WXTV2,http://61.216.67.119:1935/wxtv/wxtv.stream/playlist.m3u8
华藏卫视,https://5ddce30eb4b55.streamlock.net/HZTV/HZTV/playlist.m3u8
悟道法师,https://tw2.amtb.de/liveedge/_definst_/smil:wdmaster.smil/playlist.m3u8
生命电视,https://5ddce30eb4b55.streamlock.net/lifetv/lifetv.stream/playlist.m3u8
唯心,https://5ddce30eb4b55.streamlock.net/wxtv/wxtvnow.stream/playlist.m3u8
GOOD2,https://dqhxk7sbp7xog.cloudfront.net/hls-live/goodtv/_definst_/liveevent/live-ch2-2.m3u8
GOOD2,http://live-350k.streamingfast.net/hls-live/goodtv/_definst_/liveevent/live-ch2-1.m3u8
GOODTV,http://live-350k.streamingfast.net/hls-live/goodtv/_definst_/liveevent/live-ch1-1.m3u8
GOODTV,https://dqhxk7sbp7xog.cloudfront.net/hls-live/goodtv/_definst_/liveevent/live-ch1-2.m3u8
GoodTV (1080p),http://mobliestream.c3tv.com:1935/live/goodtv.sdp/playlist.m3u8
EYE戏剧,http://iptv.4666888.xyz/iptv2A.php?id=56
镜新闻,http://rihou.cc:555/tv/镜新闻
香港面包台,https://video.bread-tv.com:8091/hls-live24/online/index.m3u8
韩国新闻,http://amdlive.ctnd.com.edgesuite.net:80/arirang_1ch/smil:arirang_1ch.smil/chunklist_b2256000_sleng.m3u8
红牛运动,http://rbmn-live.akamaized.net/hls/live/590964/BoRB-AT/master_928.m3u8
唯心电视,http://mobile.ccdntech.com/transcoder/_definst_/vod164_Live/live/chunklist_w1177047531.m3u8
唯心电视,http://mobile.ccdntech.com/transcoder/_definst_/vod164_Live/live/playlist.m3u8
生命电视,http://61.216.67.119:1935/lifetv/lifetv.stream/manifest.m3u8
广州南国都市,https://tencentplay.gztv.com/live/nanguodushi.m3u8?txSecret=%2A%2A%2A&txTime=1903e7b17de
星空卫视,http://111.221.137.234:44330/tsfile/live/0112_2.m3u8?key=%2A%2A%2A&playlive=0&authid=%2A%2A%2A
星空卫视,http://122.224.58.42:85/tsfile/live/1024_1.m3u8?key=%2A%2A%2A&playlive=1&authid=%2A%2A%2A
星空卫视,http://xhyx.gz.cn:1698/hls/35/index.m3u8
耀才财经,https://v3.mediacast.hk/webcast/bshdlive-pc/chunklist_w99771165.m3u8
耀才财经,https://v3.mediacast.hk/webcast/bshdlive-pc/playlist.m3u8
半岛新闻「阿拉伯」,http://live-hls-web-aja.getaj.net/AJA/02.m3u8?zshijd=
KCTV_광주,http://119.77.96.184:1935/chn05/chn05/chunklist_w1306745753.m3u8
半·新闻,http://live-hls-web-aja.getaj.net/AJA/02.m3u8
俄·IGITV蓝光,http://hls-igi.cdnvideo.ru/igi/igi_hq/playlist.m3u8
法·24台,http://tv.balkanweb.com/news24/livestream/playlist.m3u8
泰·THAIPBS,http://thaipbs-live.cdn.byteark.com/live-en/playlist_720p/index.m3u8
泰·公共三台,http://thaipbs-live.cdn.byteark.com/live/playlist_1080p/index.m3u8
BBS佛教广播,http://bbstv.clouducs.com:1935/bbstv-live/livestream/chunklist_w1403706733.m3u8
泰国 ASTV News 1,http://news1.live14.com/stream/news1_hi.m3u8
朝鲜中央台,http://119.77.96.184:1935/chn05/chn05/chunklist_w644291506.m3u8
新加坡国际,https://d2e1asnsl7br7b.cloudfront.net/7782e205e72f43aeb4a48ec97f66ebbe/index_4.m3u8
新加坡中文台,https://d2e1asnsl7br7b.cloudfront.net/7782e205e72f43aeb4a48ec97f66ebbe/index_4.m3u8?zshijd=
新加坡CNA,https://d2e1asnsl7br7b.cloudfront.net/7782e205e72f43aeb4a48ec97f66ebbe/index.m3u8
CNA新闻,https://d2e1asnsl7br7b.cloudfront.net/7782e205e72f43aeb4a48ec97f66ebbe/index_5.m3u8
tvN,https://d2zyqoz1zsj2mq.cloudfront.net/v1/master/3722c60a815c199d9c0ef36c5b73da68a62b09d1/cc-i9yul1lyegl6e-ssai-prd/6d07fe2a_003a_4879_acfc_44e3c3c10f03/hls/playlist.m3u8?tvN=
tvN,http://154.219.125.7:8088/iptv2026.php?key=%2A%2A%2A&id=tvN
NOW ROCK,https://php.946985.filegear-sg.me/mytv265.php?id=NOWR
NOW 90s00s,https://php.946985.filegear-sg.me/mytv265.php?id=NOW9
Concerto,https://php.946985.filegear-sg.me/mytv265.php?id=CONC
TRACE Urban,https://php.946985.filegear-sg.me/mytv265.php?id=TRUR
中旺电视,http://38.64.72.148/hls/modn/list/4010/chunklist1.m3u8
美国城市,http://38.64.72.148/hls/modn/list/4028/chunklist1.m3u8
美国城市,http://38.64.72.148:80/hls/modn/list/4028/chunklist1.m3u8
东森中国台,http://38.64.72.148/hls/modn/list/2003/chunklist1.m3u8
东森美洲,http://38.64.72.148/hls/modn/list/2016/chunklist0.m3u8
汉天卫视,http://38.64.72.148/hls/modn/list/4025/chunklist1.m3u8
东森AMERICA,http://38.64.72.148:80/hls/modn/list/2015/playlist.m3u8
洛杉磯三藩市,http://38.64.72.148:80/hls/modn/list/4026/chunklist1.m3u8
韩国Arirang (Opt-1),http://amdlive.ctnd.com.edgesuite.net/arirang_1ch/smil:arirang_1ch.smil/playlist.m3u8
越南ANTVHD,http://antvlive.ab5c6921.cdnviet.com/antv/playlist.m3u8
美国Free IPTV,http://stream.srg-ssr.ch/m/rsj/mp3_128
美国July.12.2018,http://stream.srg-ssr.ch/m/rsc_de/mp3_128
美国Red Bull TV SD,http://rbmn-live.akamaized.net/hls/live/590964/BoRB-AT/master_1660.m3u8
德国Baden TV,http://badentv-stream2.siebnich.info/rtplive/btv.stream/live.m3u8
德国Noa 4 Norderstedt,http://hls1.wtnet.de/noa4/apple/wifi6500.m3u8
德国Noa 4 Hamburg,http://hls1.wtnet.de/noa4hh/apple/wifi6500.m3u8
意大利Canale 7,http://wms.shared.streamshow.it:1935/canale7/canale7/live.m3u8
意大利Radio Iglesias,http://wms.shared.streamshow.it/visualradio/mp4:visualradio/chunklist.m3u8
意大利SuperTV,http://wms.shared.streamshow.it:1935/supertv/supertv/live.m3u8
西班牙TeleSafor,http://video.telesafor.com/hls/video_low.m3u8
俄罗斯Astrakhan 24 (Opt-2),http://streaming.astrakhan.ru/astrakhan24/index.m3u8
俄罗斯First Music (Opt-3),http://rtmp.one.by:1200
俄罗斯RBC (Opt-1),http://92.50.128.180/utv/1358/index.m3u8
俄罗斯RBC (Opt-2),http://online.video.rbc.ru/online/rbctv_480p/index.m3u8
俄罗斯RBC (Opt-3),http://online.video.rbc.ru/online/rbctv_576p/index.m3u8
俄罗斯Shanson TV (Opt-1),http://hls.shansontv.cdnvideo.ru/shansontv/smil:shansontv.smil/playlist.m3u8
俄罗斯Shanson TV (Opt-2),http://chanson-video.hostingradio.ru:8080/hls/chansonabr/live.m3u8
俄罗斯TRO Soyuz,http://live2.mediacdn.ru/sr1/tro/playlist.m3u8
波兰TV Kujawy (Opt-1),http://stream.tvkujawy.pl:8080/live/broadcast.m3u8
波兰TV Torun,http://217.173.176.107:1935/live/ngrp:tvk.stream_all/master.m3u8
新西兰Three,http://mediaworks-i.akamaihd.net/hls/live/220435/3812193411001/3news_live/master.m3u8
哥斯达黎加 Extrema TV,http://livestreamcdn.net:1935/ExtremaTV/ExtremaTV/playlist.m3u8
马其顿 Sky Folk TV,http://skyfolk.mk/live.m3u8
乌克兰100% News,http://85.238.112.40:8810/hls_sec/239.33.16.32-.m3u8
捷克Retro (Opt-1),http://stream.mediawork.cz/retrotv/retrotvHQ1/playlist.m3u8
斯洛伐克TV 8,http://109.74.145.11:1935/tv8/mp4:tv8.stream_360p/chunklist_w974670813.m3u8
拉脱维亚RETV,http://edge-telia1.tiesraides.lv/live/retv.lv.1_1/playlist_b1825196.m3u8
拉脱维亚TV Net,http://player.tvnet.lv/stream/amlst:61659/chunklist_w1822312625_b528000_pd892000.m3u8
希腊Ionian Channel,http://stream.ioniantv.gr:8081/ionian/live/playlist.m3u8
伊朗PBC Tapesh TV,http://iptv.tapesh.tv/tapesh/playlist.m3u8
伊拉克 Al Sharqiya,http://ns8.indexforce.com:1935/home/mystream/playlist.m3u8
伊拉克 Sharqiya News,http://ns8.indexforce.com:1935/alsharqiyalive/mystream/playlist.m3u8
英国BBC新闻 美国版,https://d3pxo1qcgzxtxs.cloudfront.net/10005/99951298/hls/playlist.m3u8?ads.xumo_channelId=99951298
天空新闻,https://xumo-drct-skynews-nc91a.fast.nbcuni.com/live/master.m3u8
美国CNN,https://ds2c506obo7m8.cloudfront.net/v1/master/3722c60a815c199d9c0ef36c5b73da68a62b09d1/cc-7zjq3tdqasbg8/index.m3u8
美国CNN 英国版,https://d3fzntptkfpmvg.cloudfront.net/v1/master/3722c60a815c199d9c0ef36c5b73da68a62b09d1/cc-6rc4k0y56fezj/CNNFAST_GB.m3u8
美国Bloomberg,https://d3h4bmiab2fzqu.cloudfront.net/v1/master/3722c60a815c199d9c0ef36c5b73da68a62b09d1/Bloomberg-kr-prod/index.m3u8
俄罗斯RT,https://rt-glb.rttv.com/dvr/rtnews/playlist.m3u8
俄罗斯金砖TV,https://chibrics.mediacdn.ru/cdn/brics/chinese/tracks-v1a1/mono.m3u8
法国France 24,https://amg00106-france24-france24-samsunguk-qvpp8.amagi.tv/playlist/amg00106-france24-france24-samsunguk/playlist.m3u8
日本NHK国际,https://media-osa.hls.nhkworld.jp/hls/w/live/master.m3u8
卡塔尔Al Jazeera 英文,https://live-hls-apps-aje-v3-fa.getaj.net/AJE/index.m3u8
卡特尔Al Jazeera 阿语,http://live-hls-web-aja.getaj.net/AJA/index.m3u8
俄罗斯BRIDGE DELUXE,http://194.143.150.123:8080/udp/239.195.5.213:1234
俄罗斯ЖAPA,http://194.143.150.123:8080/udp/239.195.5.11:1234
美国MTV LIVE,http://23.237.104.106:8080/USA_MTV_LIVE/tracks-v1a1/mono.m3u8
韩国K-POP by CJ ENM,https://dah0tmei2n9kh.cloudfront.net/f4acc9ba_daae_4ed0_b836_32126cead919/hls/chunklist.m3u8
韩国NEW KPOP,https://jmp2.uk/stvp-GB17000088V
荷兰Sol Música,https://d2glyu450vvghm.cloudfront.net/v1/master/3722c60a815c199d9c0ef36c5b73da68a62b09d1/cc-21u4g5cjglv02/sm.m3u8
英国Trace Urban,https://amg01131-tracetv-traceurbanuk-samsunguk-6r213.amagi.tv/ts-eu-w1-n2/playlist/amg01131-tracetv-traceurbanuk-samsunguk/playlist.m3u8
HBO精选,http://23.237.104.106:8080/USA_HBO2/tracks-v1a1/mono.m3u8
Cinemax,http://23.237.104.106:8080/USA_CINEMAX/tracks-v1a1/mono.m3u8
Cinemax精选,http://23.237.104.106:8080/USA_MOREMAX/mono.m3u8
Cinemax经典,http://23.237.104.106:8080/USA_5STARMAX/tracks-v1a1/mono.m3u8
猫和老鼠轮播,https://live20.bozztv.com/giatvplayout7/giatv-208314/tracks-v1a1/mono.ts.m3u8
尼克少儿,http://23.237.104.106:8080/USA_NICKELODEON/tracks-v1a1/mono.m3u8
BOOMERANG,http://23.237.104.106:8080/USA_BOOMERANG/tracks-v1a1/mono.m3u8
COMEDY CENTRAL,http://23.237.104.106:8080/USA_COMEDY_CENTRAL/tracks-v1a1/mono.m3u8
Discovery,http://23.237.104.106:8080/USA_DISCOVERY/tracks-v1a1/mono.m3u8
Animal lPlanet,http://23.237.104.106:8080/USA_ANIMAL_PLANET/tracks-v1a1/mono.m3u8
BBC Earth,https://amg00793-amg00793c6-xumo-us-2669.playouts.now.amagi.tv/BBCStudios-BBCEarthA-hls/playlist.m3u8
流言终结者,https://d1cgf0ptrv4t22.cloudfront.net/v1/master/3722c60a815c199d9c0ef36c5b73da68a62b09d1/cc-xvoparaodgcw9/Mythbusters_GB.m3u8
美国NBA,http://23.237.104.106:8080/USA_NBA/tracks-v1a1/mono.m3u8
美国NBC体育,https://xumo-xumoent-vc-122-sjv70.fast.nbcuni.com/live/master.m3u8
美国UFC,https://linear-893.frequency.stream/dist/xumo/893/hls/master/playlist.m3u8
NOW体育3,http://main.light-ott.net:80/play/live.php?mac=00%3A1A%3A79%3A3A%3A93%3AFD&stream=382841&extension=ts&play_token=%2A%2A%2A
NOW体育5,http://main.light-ott.net:80/play/live.php?mac=00%3A1A%3A79%3A3A%3A93%3AFD&stream=382839&extension=ts&play_token=%2A%2A%2A
NOW体育6,http://main.light-ott.net:80/play/live.php?mac=00%3A1A%3A79%3A3A%3A93%3AFD&stream=382838&extension=ts&play_token=%2A%2A%2A
🇦🇹奥地利Moviesphere,https://moviesphereuk-samsunguk.amagi.tv/playlist.m3u8
🇬🇧英国Sky Sports Premier League,https://starshare.cx/live/P4B9TB9xR8/humongous2tonight/186604.ts
🇳🇬尼日利亚Pulse,https://cdn-apse1-prod.tsv2.amagi.tv/linear/amg01076-lightningintern-pulse-samsungau/playlist.m3u8
🇱🇰斯里兰卡Mon Tamil TV,http://198.144.149.206:8080/MONTAMIL_CINEMA/index.m3u8?token=%2A%2A%2A
🇷🇴罗马尼亚Kanal Jadid,http://iptv.zkbhj.com/tv/url/go?id=fb81bb9b43e59961094aa63269613455f2325e82e1723382000c25c9009b1449703a53d8cb741b92224765715d1a7388d43b8da7f422852ecf86f83de913c00f
🇿🇦南非Wild Earth,https://wildearth-plex.amagi.tv/masterR1080p.m3u8
🇱🇦老挝Hmong Star TV,http://iptv.zkbhj.com/tv/url/go?id=4feaf426ab2c3414a12910e0c7b7377ef2325e82e1723382000c25c9009b1449703a53d8cb741b92224765715d1a7388d43b8da7f422852ecf86f83de913c00f
🇮🇪爱尔兰PTE,http://iptv.zkbhj.com/tv/url/go?id=d4dd1ef144307e03186671c87f7bd80cf2325e82e1723382000c25c9009b1449703a53d8cb741b92224765715d1a7388d43b8da7f422852ecf86f83de913c00f
🇮🇷伊朗SL 2,http://iptv.zkbhj.com/tv/url/go?id=40d00fa8b0851918ea131a8d3516326ef2325e82e1723382000c25c9009b1449703a53d8cb741b92224765715d1a7388d43b8da7f422852ecf86f83de913c00f
🇦🇺澳大利亚2GB SYDNEY,http://iptv.zkbhj.com/tv/url/go?id=09f8e2b6f395bdde601a600466f56558f2325e82e1723382000c25c9009b1449703a53d8cb741b92224765715d1a7388d43b8da7f422852ecf86f83de913c00f
🇪🇸西班牙DW Español Ⓢ,https://dwamdstream104.akamaized.net/hls/live/2015530/dwstream104/stream04/streamPlaylist.m3u8
🇲🇽墨西哥Alcarria TV,http://cls.alcarria.tv/live/alcarriatv-livestream.m3u8
🇮🇹意大利Food Network,https://dk3okdd5036kz.cloudfront.net/v1/master/3722c60a815c199d9c0ef36c5b73da68a62b09d1/cc-o4pw0nc02sthz/Foodnetwork_IT.m3u8
🇮🇶伊拉克Dijlah TV,https://ghaasiflu.online/Dijlah/tracks-v1a1/playlist.m3u8
🇨🇷哥斯达黎加Canal 8,http://mdstrm.com/live-stream-playlist/5a7b1e63a8da282c34d65445.m3u8
🇹🇷土耳其TRT World,https://tv-trtworld.medya.trt.com.tr/master.m3u8
🇳🇱荷兰Omrop Fryslân,https://d3pvma9xb2775h.cloudfront.net/live/omropfryslan/f8f68bd5/playlist.m3u8
🇹🇭泰国Thai PBS,http://thaipbs-live.cdn.byteark.com/live-en/playlist_720p/index.m3u8
🇬🇧英国Desi Plus,http://cdn2.live247stream.com/desiplus/tv/playlist.m3u8
🇸🇬新加坡Channel News Asia,https://d2e1asnsl7br7b.cloudfront.net/7782e205e72f43aeb4a48ec97f66ebbe/index.m3u8
🇨🇦加拿大Global News,http://iptv.zkbhj.com/tv/url/go?id=188da1cd42026cce4e3c6fd900520b5bf2325e82e1723382000c25c9009b1449703a53d8cb741b92224765715d1a7388d43b8da7f422852ecf86f83de913c00f
🇧🇷巴西KMKYV,https://live20.bozztv.com/giatv/giatv-KMKTV/KMKTV/chunks.m3u8
🇶🇦卡塔尔Al Jazeera Arabic,http://live-hls-web-aja.getaj.net/AJA/02.m3u8
🇦🇫阿富汗5AAB TV,http://158.69.124.9:1935/5aabtv/5aabtv/chunklist_w2029417072.m3u8?checkedby%3Aiptvcat.com=
🇧🇩孟加拉国DESHI TV,https://deshitv.deshitv24.net/live/myStream/playlist.m3u8
🇰🇷韩国KBS Drama,http://8.138.7.223/tv/korea.php?id=32
🇰🇷韩国AriangTV,http://amdlive-ch01.ctnd.com.edgesuite.net:80/arirang_1ch/smil:arirang_1ch.smil/chunklist_b2256000_sleng.m3u8
🇺🇸美国Fox weather,https://247wlive.foxweather.com/stream/index_1280x720.m3u8
🇺🇸美国Cable News Network,https://turnerlive.warnermediacdn.com/hls/live/586495/cnngo/cnn_slate/VIDEO_0_3564000.m3u8
🇺🇸美国Pac-12 Network,https://pac12-samsungus.amagi.tv/playlist480_p.m3u8
🇮🇳印度9Bharatvarsh,https://dyjmyiv3bp2ez.cloudfront.net/pub-iotv9hinjzgtpe/liveabr/pub-iotv9hinjzgtpe/live_720p/chunks.m3u8
🇮🇳印度INDIA TODAY,https://feeds.intoday.in/hltapps/api/master.m3u8
🇮🇳印度NDTV India,https://ndtvindiaelemarchana.akamaized.net/hls/live/2003679/ndtvindia/ndtvindiamaster.m3u8
🇮🇳印度NDTV 24x7,https://ndtv24x7elemarchana.akamaized.net/hls/live/2003678/ndtv24x7/ndtv24x7master.m3u8
有线18台,http://r.jdshipin.com/Nr5jq
唯心电视,http://mobile.ccdntech.com/transcoder/_definst_/vod164_Live/live/chunklist_w1177047531.m3u8
世纪综合,http://61.58.60.230:9319/live/49.m3u8
国会频道,http://61.58.60.230:9319/live/123.m3u8
邵氏动作,http://38.75.136.137:98/gslb/dsdqpub/lbssdz.m3u8?auth=%2A%2A%2A
邵氏喜剧,http://38.75.136.137:98/gslb/dsdqpub/lbssxj.m3u8?auth=%2A%2A%2A
邵氏电影,http://38.75.136.137:98/gslb/dsdqpub/lbssdy.m3u8?auth=%2A%2A%2A
邵氏武侠,http://38.75.136.137:98/gslb/dsdqpub/lbsswx.m3u8?auth=%2A%2A%2A
TVBS亚洲,http://38.64.72.148/hls/modn/list/4005/playlist.m3u8
华文八套,https://francais-livews.cgtn.com/hls/LSvev95OuFZtKLc6CeKEFYXj220802LSTeV6PO0Ut9r71Uq3k5goCA220802cd/playlist.m3u8
华文七套,https://arabic-livews.cgtn.com/hls/LSveq57bErWLinBnxosqjisZ220802LSTefTAS9zc9mpU08y3np9TH220802cd/playlist.m3u8
华文三套,https://espanol-livews.cgtn.com/hls/LSveOGBaBw41Ea7ukkVAUdKQ220802LSTexu6xAuFH8VZNBLE1ZNEa220802cd/playlist.m3u8
华文四套,https://english-livetx.cgtn.com/hls/yypdyyctzb_hd.m3u8
华文五套,https://russian-livews.cgtn.com/hls/LSvexABhNipibK5KRuUkvHZ7220802LSTeze9o8tdFXMHsb1VosgoT220802cd/playlist.m3u8
Dali_TV(大立),http://www.dalitv.com.tw:4568/live/dali/index.m3u8
Now星影粤bx,http://rihou.cc:555/tv/[Bx]Now星影
Now爆谷粤bx,http://rihou.cc:555/tv/[Bx]Now爆谷
唯心,http://mobile.ccdntech.com/transcoder/_definst_/vod164_Live/live/playlist.m3u8
唯心,https://mobile.ccdntech.com/transcoder/_definst_/vod164_Live/live/chunklist_w1177047531.m3u8
生命电视,http://61.216.67.119:1935/lifetv/lifetv.stream/manifest.m3u8
华藏卫视,http://61.216.67.119:1935/HZTV/HZTV/playlist.m3u8
台湾|唯心WXTV2,http://61.216.67.119:1935/wxtv/wxtv.stream/playlist.m3u8
华藏卫视,http://61.216.67.119:1935/HZTV/HZTV/chunklist.m3u8
华藏卫视,https://5ddce30eb4b55.streamlock.net/HZTV/HZTV/playlist.m3u8
悟道法师,https://tw2.amtb.de/liveedge/_definst_/smil:wdmaster.smil/playlist.m3u8
生命电视,https://5ddce30eb4b55.streamlock.net/lifetv/lifetv.stream/playlist.m3u8
唯心,https://5ddce30eb4b55.streamlock.net/wxtv/wxtvnow.stream/playlist.m3u8
有线18台,https://o11.163189.xyz/stream/tvb/tvbp/
星空国际,http://202.80.222.20/cdn/iptv/Tvod/001/channel2000023/1024.m3u8
镜新闻,https://d36dgdk71xuzzg.cloudfront.net/v1/manifest/3a2ac8e6b6c76471996ebf627393d9c9417a60b6/linetv-6-627778910172-MediaTailor-production/c9b2313d-efdd-4777-9fae-573be8a86755/0.m3u8
镜新闻,https://d36dgdk71xuzzg.cloudfront.net/v1/manifest/3a2ac8e6b6c76471996ebf627393d9c9417a60b6/linetv-6-627778910172-MediaTailor-production/f4d56046-82ba-474e-8499-ab2353dc7a9b/1.m3u8
华藏卫视,http://61.216.67.119:1935/HZTV/HZTV/chunklist.m3u8
华藏卫视,http://61.216.67.119:1935/HZTV/HZTV/playlist.m3u8
香港C+_-频道,http://ottproxy2.ist.ooo/livehls/MOB-U1-NO/03.m3u8
纬来精彩频道,http://61.221.215.25:8800/hls/48/index.m3u8
tvbs闽南频道,http://61.221.215.25:8800/hls/9/index.m3u8
Astro 爱奇艺,http://o11.163189.xyz/stream/live/iqiyi/
红牛REDBULL TV,https://rbmn-live.akamaized.net/hls/live/590964/BoRB-AT/master_3360.m3u8
PLUS,https://o11.163189.xyz/stream/tvb/tvbp/
华丽1,https://o11.163189.xyz/stream/live/jade/
华丽2,https://o11.163189.xyz/stream/live/hlt/
千禧,https://o11.163189.xyz/stream/live/tvbc/
TVB翡翠HD,http://120.238.5.44:1698/hls/83/index.m3u8
东森美洲,http://185.243.7.13:80/play/live.php?mac=00%3A1A%3A79%3A45%3A5E%3A9A&stream=156397&extension=ts&play_token=%2A%2A%2A
TVBS,http://61.221.215.25:8800/hls/9/index.m3u8
TVBS亚洲,http://185.243.7.13:80/play/live.php?mac=00%3A1A%3A79%3A45%3A5E%3A9A&stream=941621&extension=ts&play_token=%2A%2A%2A
TVBS亚洲,http://185.243.7.13:80/play/live.php?mac=00%3A1A%3A79%3A45%3A5E%3A9A&stream=571185&extension=ts&play_token=%2A%2A%2A
TVBS亚洲,http://d2e1asnsl7br7b.cloudfront.net/7782e205e72f43aeb4a48ec97f66ebbe/index_5.m3u8?zshijd=
三立戏剧,http://61.221.215.25:8800/hls/41/index.m3u8
爱尔达娱乐,http://bak.dou.ddns-ip.net/api.php?n=xxxtw&id=L72E6f&tk=SLK5QjnsRiya
八大第一,http://61.221.215.25:8800/hls/55/index.m3u8
八大戏剧,http://61.221.215.25:8800/hls/39/index.m3u8
纬来精采,http://61.221.215.25:8800/hls/48/index.m3u8
镜新闻,http://rihou.cc:555/tv/镜新闻
镜新闻,https://d36dgdk71xuzzg.cloudfront.net/v1/manifest/3a2ac8e6b6c76471996ebf627393d9c9417a60b6/linetv-6-627778910172-MediaTailor-production/81c30c93-82df-49c9-975c-61a17204cbba/1.m3u8
CINEMAX,http://154.219.125.7:8088/iptv2026.php?key=%2A%2A%2A&id=CINEMAX
CNA,https://live1.mediadesk.al/cnatvlive.m3u8
大立电视台,http://www.dalitv.com.tw:4568/live/dali/index.m3u8
CGTN,http://gslbserv.itv.cmvideo.cn:80/1.m3u8?channel-id=ystenlive&Contentid=1000000002000009569&livemode=1&stbId=yu&mode=1&%244M=
CGTN,https://0472.org/hls/cgtn.m3u8
CGTN记录,http://gslbserv.itv.cmvideo.cn:80/1.m3u8?channel-id=ystenlive&Contentid=8428799834696888424&livemode=1&stbId=yu&mode=1&%242M=
CGTN记录,https://0472.org/hls/cgtnd.m3u8?3.24.120%3A5140=
CGTN记录,https://0472.org/hls/cgtnd.m3u8
CEC汉语文化,http://play.cec-tv.com.cn/channel/cec-tv1.m3u8
CEC国际旅游,http://play.cec-tv.com.cn/channel/cec-tv2.m3u8
CEC国际教育,http://play.cec-tv.com.cn/channel/cec-tv3.m3u8
CEC国际健康,http://play.cec-tv.com.cn/channel/cec-tv4.m3u8
世界杯 英格兰VS刚果（金） 纯享版回放（詹俊、张路、孙葆洁、郭小仙儿） 23:00,http://113.120.243.155:7788/965876095
世界杯 英格兰VS刚果（金） 全场回放（詹俊、张路、孙葆洁、郭小仙儿） 23:00,http://113.120.243.155:7788/965876391
世界杯 英格兰VS刚果（金） 全场回放（陈凯冬、叶紫辰） 23:00,http://113.120.243.155:7788/965876165
世界杯 英格兰VS刚果（金） 全场回放（胡小凡、林梦鸽） 23:00,http://113.120.243.155:7788/965876184
世界杯 英格兰VS刚果（金） 全场回放（刘一臻、盛斌） 23:00,http://113.120.243.155:7788/965876253
世界杯 英格兰VS刚果（金） 全场回放（AI智慧观赛） 23:00,http://113.120.243.155:7788/965876324
世界杯 英格兰VS刚果（金） 全场回放（智能解说） 23:00,http://113.120.243.155:7788/965876364
U17男篮世界杯 土耳其VS委内瑞拉 全场回放（赛场原声） 01:05,http://113.120.243.155:7788/965876997
U17男篮世界杯 波多黎各VS科特迪瓦 全场回放（赛场原声） 01:35,http://113.120.243.155:7788/965877727
WTT 莎头组合让二追三 双曼晋级四强 全场回放（朱子恒） 03:00,http://113.120.243.155:7788/965881230
WTT 莎头组合让二追三 双曼晋级四强 全场回放（一号桌） 03:00,http://113.120.243.155:7788/965882973
WTT 莎头组合让二追三 双曼晋级四强 全场回放（二号桌） 03:00,http://113.120.243.155:7788/965883024
WTT 莎头组合让二追三 双曼晋级四强 全场回放（三号桌） 03:00,http://113.120.243.155:7788/965878592
WTT 莎头组合让二追三 双曼晋级四强 全场回放（四号桌） 03:00,http://113.120.243.155:7788/965878885
WTT 莎头组合让二追三 双曼晋级四强 全场回放（英文解说） 03:00,http://113.120.243.155:7788/965882576
世界杯 比利时VS塞内加尔 纯享版回放（娄一晨、李彦、赵鹏、孙蕊） 03:00,http://113.120.243.155:7788/965880697
世界杯 比利时VS塞内加尔 全场回放（江忠德） 03:00,http://113.120.243.155:7788/965880735
世界杯 比利时VS塞内加尔 全场回放（鹿中原、乔迁） 03:00,http://113.120.243.155:7788/965880816
世界杯 比利时VS塞内加尔 全场回放（兰子非、胡小凡） 03:00,http://113.120.243.155:7788/965880895
世界杯 比利时VS塞内加尔 全场回放（智能解说） 03:00,http://113.120.243.155:7788/965880966
世界杯 比利时VS塞内加尔 全场回放（AI智慧观赛） 03:00,http://113.120.243.155:7788/965880918
世界杯 比利时VS塞内加尔 全场回放（娄一晨、李彦、赵鹏、孙蕊） 03:00,http://113.120.243.155:7788/965881151
世界杯 美国VS波黑 纯享版回放（颜强、贺宇、王伟、李子琪） 07:00,http://113.120.243.155:7788/965885824
世界杯 美国VS波黑 全场回放（颜强、贺宇、王伟、李子琪） 07:00,http://113.120.243.155:7788/965887036
世界杯 美国VS波黑 全场回放（陈曦、陆毅隽） 07:00,http://113.120.243.155:7788/965886102
世界杯 美国VS波黑 全场回放（沈云怡、兰子非） 07:00,http://113.120.243.155:7788/965886303
世界杯 美国VS波黑 全场回放（张天翼、洪宇青） 07:00,http://113.120.243.155:7788/965886565
世界杯 美国VS波黑 全场回放（智能解说） 07:00,http://113.120.243.155:7788/965886876
世界杯 美国VS波黑 全场回放（AI智慧观赛） 07:00,http://113.120.243.155:7788/965886934
全国男子冰球锦标赛 全国男子冰球锦标赛day5 2026全国男子冰球锦标赛Day5全场回放（官方解说）（一） 08:45,http://113.120.243.155:7788/965895946
WTA 精彩回顾：维基奇 vs 拉杜卡努 精彩回顾：2026WTA伦敦站女单半决赛回放：维基奇vs拉杜卡努 12:00,http://113.120.243.155:7788/965894263
BWF 汤杯经典重映-中国 3-0 马来西亚 【回放】石宇奇2-1梁峻豪（余博洋） 12:00,http://113.120.243.155:7788/964519385
BWF 汤杯经典重映-中国 3-0 马来西亚 【回放】梁伟铿/王昶2-0 谢定峰/苏伟译（余博洋） 12:00,http://113.120.243.155:7788/964519943
BWF 汤杯经典重映-中国 3-0 马来西亚 【回放】李诗沣2-0贺首维（余博洋） 12:00,http://113.120.243.155:7788/964520448
BWF 汤杯经典重映-中国 3-0 马来西亚 【全场回放】中国3-0马来西亚（余博洋） 12:00,http://113.120.243.155:7788/964520774
WTA 精彩回顾：克雷吉茨科娃 vs 里内特 全场回放 15:00,http://113.120.243.155:7788/965344106
WTA 精彩回顾：克雷吉茨科娃 vs 里内特 精彩回顾：2026斯海尔托亨博斯站女单半决赛回放：克雷吉茨科娃vs里内特 15:00,http://113.120.243.155:7788/965900645
男篮世预赛 几内亚VS卢旺达 全场回放（赛场原声） 16:50,http://113.120.243.155:7788/965901468
NBA经典赛事 NBA精彩重播：1992总决赛 开拓者vs公牛 G1 全场回放 18:00,http://113.120.243.155:7788/965797332
浙BA 钱塘71-82萧山 2026浙江省城市篮球联赛全场回放：钱塘vs萧山（官方解说） 19:00,http://113.120.243.155:7788/965904656
浙BA 慈溪87-77海曙 2026浙江省城市篮球联赛全场回放：慈溪vs海曙（官方解说） 9:30,http://113.120.243.155:7788/965904290
浙BA 南浔45-77安吉 2026浙江省城市篮球联赛全场回放：南浔vs安吉（官方解说） 19:30,http://113.120.243.155:7788/965904653
浙BA 江山81-69龙游 2026浙江省城市篮球联赛全场回放：江山vs龙游（官方解说） 9:30,http://113.120.243.155:7788/965904314
浙BA 庆元56-61景宁 2026浙江省城市篮球联赛全场回放：庆元vs景宁（官方解说） 9:30,http://113.120.243.155:7788/965904452
男篮世预赛 印度VS卡塔尔 三杨开泰助力中国男篮！杨鸣+杨毅+杨健约你来看球 看男篮世预赛就在咪咕 20:20,http://113.120.243.155:7788/965690902
男篮世预赛 叙利亚VS伊拉克 三杨开泰助力中国男篮！杨鸣+杨毅+杨健约你来看球 看男篮世预赛就在咪咕 21:20,http://113.120.243.155:7788/965690902
男篮世预赛 利比亚VS南苏丹 赛场原声 21:50,http://113.120.243.155:7788/965833543
BWF 赖浩俊迎战科尔约宁 李梓嘉冲8强 1号场地 22:00,http://113.120.243.155:7788/965810069
BWF 赖浩俊迎战科尔约宁 李梓嘉冲8强 2号场地 22:00,http://113.120.243.155:7788/965801175
BWF 赖浩俊迎战科尔约宁 李梓嘉冲8强 3号场地 22:10,http://113.120.243.155:7788/965801188
BWF 赖浩俊迎战科尔约宁 李梓嘉冲8强 4号场地 22:10,http://113.120.243.155:7788/965801212
男篮世预赛 马达加斯加VS刚果共和国 赛场原声 22:50,http://113.120.243.155:7788/965833554
男篮世预赛 埃及VS马里 赛场原声 22:50,http://113.120.243.155:7788/965833577
男篮世预赛 乌克兰VS格鲁吉亚 赛场原声 23:20,http://113.120.243.155:7788/965831352
男篮世预赛 立陶宛VS英国 赛场原声 23:20,http://113.120.243.155:7788/965831376
男篮世预赛 罗马尼亚VS希腊 赛场原声 23:50,http://113.120.243.155:7788/965831394
男篮世预赛 约旦VS伊朗 赛场原声 00:20,http://113.120.243.155:7788/965793265
浪琴环球马术冠军赛 摩纳哥站GCL团体赛 赛场原声 00:45,http://113.120.243.155:7788/965594959
浪琴环球马术冠军赛 摩纳哥站GCL团体赛 英文解说 00:45,http://113.120.243.155:7788/965594988
浪琴环球马术冠军赛 摩纳哥站GCL团体赛 中文解说 00:45,http://113.120.243.155:7788/965595019
男篮世预赛 沙特阿拉伯VS黎巴嫩 赛场原声 00:50,http://113.120.243.155:7788/965793314
男篮世预赛 佛得角VS喀麦隆 赛场原声 00:50,http://113.120.243.155:7788/965833598
男篮世预赛 西班牙VS丹麦 赛场原声 00:50,http://113.120.243.155:7788/965831499
男篮世预赛 科特迪瓦VS塞内加尔 赛场原声 01:50,http://113.120.243.155:7788/965833621
男篮世预赛 乌干达VS安哥拉 赛场原声 01:50,http://113.120.243.155:7788/965833647
男篮世预赛 葡萄牙VS黑山 赛场原声 01:50,http://113.120.243.155:7788/965831511
男篮世预赛 波黑VS土耳其 周鹏 01:50,http://113.120.243.155:7788/965831612
男篮世预赛 波黑VS土耳其 赛场原声 01:50,http://113.120.243.155:7788/965831650
男篮世预赛 瑞士VS塞尔维亚 季孟年 01:50,http://113.120.243.155:7788/965831527
男篮世预赛 瑞士VS塞尔维亚 赛场原声 01:50,http://113.120.243.155:7788/965831569
世界杯 西班牙VS奥地利 詹俊 张路 徐云龙 林梦鸽 02:00,http://113.120.243.155:7788/965830410
世界杯 西班牙VS奥地利 粤语：任锴 梁柏翘 02:30,http://113.120.243.155:7788/965830573
世界杯 西班牙VS奥地利 女声：胡小凡 兰子非 02:45,http://113.120.243.155:7788/965830494
世界杯 西班牙VS奥地利 AI智慧观赛 02:55,http://113.120.243.155:7788/965831663
世界杯 西班牙VS奥地利 新声代：张昊泽 涂远 02:45,http://113.120.243.155:7788/965830639
世界杯 西班牙VS奥地利 赛场原声 02:45,http://113.120.243.155:7788/965830645
世界杯 西班牙VS奥地利 智能字幕 02:00,http://113.120.243.155:7788/965831621
WTT 莎头组合冲决赛席！蒯曼vs申裕斌 凌维康 03:00,http://113.120.243.155:7788/965624330
WTT 莎头组合冲决赛席！蒯曼vs申裕斌 赛场原声 03:00,http://113.120.243.155:7788/965627898
WTT 莎头组合冲决赛席！蒯曼vs申裕斌 智能字幕 03:00,http://113.120.243.155:7788/965797219
男篮世预赛 冰岛VS意大利 赛场原声 03:35,http://113.120.243.155:7788/965831818
世界杯 葡萄牙VS克罗地亚 苏东 刘越 张辛昕 魏欣怡 06:00,http://113.120.243.155:7788/965831808
世界杯 葡萄牙VS克罗地亚 AI智慧观赛 06:55,http://113.120.243.155:7788/965827828
世界杯 葡萄牙VS克罗地亚 粤语：陈曦 叶紫辰 06:30,http://113.120.243.155:7788/965831848
世界杯 葡萄牙VS克罗地亚 女声：沈云怡 兰子非 06:45,http://113.120.243.155:7788/965831830
世界杯 葡萄牙VS克罗地亚 新声代：刘一臻 盛斌 06:45,http://113.120.243.155:7788/965831873
世界杯 葡萄牙VS克罗地亚 赛场原声 06:45,http://113.120.243.155:7788/965831903
世界杯 葡萄牙VS克罗地亚 智能字幕 06:00,http://113.120.243.155:7788/965873355
全国男子冰球锦标赛 全国男子冰球锦标赛day6 解说 08:45,http://113.120.243.155:7788/965667413
WTT 王楚钦冲8强！双曼PK陈熠/王艺迪 周冠达 程靖淇 08:30,http://113.120.243.155:7788/965624397
WTT 王楚钦冲8强！双曼PK陈熠/王艺迪 赛场原声 09:00,http://113.120.243.155:7788/965627921
WTT 王楚钦冲8强！双曼PK陈熠/王艺迪 智能字幕 09:00,http://113.120.243.155:7788/965797250
男篮世预赛 乌拉圭VS阿根廷 赛场原声 09:00,http://113.120.243.155:7788/965791103
男篮世预赛 巴拿马VS古巴 赛场原声 09:30,http://113.120.243.155:7788/965791121
世界杯 瑞士VS阿尔及利亚 石庆圣 郎朗 赵鹏 邵凌霄 10:00,http://113.120.243.155:7788/965827741
世界杯 瑞士VS阿尔及利亚 孟繁达 李霄 10:45,http://113.120.243.155:7788/965827732
世界杯 瑞士VS阿尔及利亚 AI智慧观赛 10:55,http://113.120.243.155:7788/965829946
世界杯 瑞士VS阿尔及利亚 粤语：夏景俊 陆毅隽 10:30,http://113.120.243.155:7788/965827630
世界杯 瑞士VS阿尔及利亚 女声：林梦鸽 10:45,http://113.120.243.155:7788/965827651
世界杯 瑞士VS阿尔及利亚 新声代：张天翼 洪宇青 10:45,http://113.120.243.155:7788/965827606
世界杯 瑞士VS阿尔及利亚 赛场原声 10:45,http://113.120.243.155:7788/965827587
世界杯 瑞士VS阿尔及利亚 智能字幕 10:00,http://113.120.243.155:7788/965829914
WTA 精彩回顾：郑钦文 vs 萨卡里 单文强 12:00,http://113.120.243.155:7788/965696979
BWF 尤杯经典重映-中国3-0日本 经典重映 12:00,http://113.120.243.155:7788/965828624
超三联赛 超三联赛 上海崇明大区赛 B档小组赛下午场 清流播出 13:55,http://113.120.243.155:7788/965856103
男篮世预赛 新西兰VS菲律宾 赛场原声 14:50,http://113.120.243.155:7788/965793322
WTA 精彩回顾：吉布森 vs 郑钦文 刘钟鸣 15:00,http://113.120.243.155:7788/965696981
贵州村超 扒王村足球队VS寿洞村足球队 2026赛季贵州村超联赛第十轮: 扒王村VS寿洞村 16:30,http://113.120.243.155:7788/965890445
斯诺克 2025斯诺克国际锦标赛半决赛第二阶段 吴宜泽vs赵心童 第二阶段 17:00,http://113.120.243.155:7788/965799389
U17男篮世界杯 日本VS新西兰 赛场原声 16:50,http://113.120.243.155:7788/965903061
U17男篮世界杯 加拿大VS澳大利亚 英文解说 17:20,http://113.120.243.155:7788/965902917
U17男篮世界杯 加拿大VS澳大利亚 赛场原声 17:20,http://113.120.243.155:7788/965902922
晋超联赛 晋城赛区暨2026年晋城市第八届市直单位3-4名、冠亚军决赛 2026赛季山西省男子篮球超级联赛第四轮: 晋城赛区暨2026年晋城市第八届市直单位篮球赛 17:40,http://113.120.243.155:7788/965484277
NBA经典赛事 NBA精彩重播：1991总决赛 公牛vs湖人 G5 徐秦威 18:00,http://113.120.243.155:7788/965797111
男篮世预赛 澳大利亚VS关岛 赛场原声 18:20,http://113.120.243.155:7788/965793345
男篮世预赛 韩国VS中国台北 孔德昕 18:20,http://113.120.243.155:7788/965824241
男篮世预赛 韩国VS中国台北 赛场原声 18:20,http://113.120.243.155:7788/965793353
贵州村超 水尾村足球队VS车江二村足球队 2026赛季贵州村超联赛第十轮: 水尾村VS车江二村 18:30,http://113.120.243.155:7788/965890470
超三联赛 超三联赛 上海崇明大区赛 B档小组赛晚间场 清流播出 18:55,http://113.120.243.155:7788/965856122
世界杯 《绿茵狂想》第22期 绿茵狂想第22期 19:00,http://113.120.243.155:7788/965274222
男篮世预赛 中国VS日本 杨健 杨鸣 杨毅 18:30,http://113.120.243.155:7788/965824704
男篮世预赛 中国VS日本 赛场原声 19:20,http://113.120.243.155:7788/965793380
浙BA 文成VS苍南 2026赛季浙江省城市篮球联赛温州赛区: 文成VS苍南 19:30,http://113.120.243.155:7788/965789142
浙BA 柯城VS常山 2026赛季浙江省城市篮球联赛衢州赛区: 柯城VS常山 19:30,http://113.120.243.155:7788/965789154
U17男篮世界杯 中国VS委内瑞拉 石楷文 19:35,http://113.120.243.155:7788/965903126
U17男篮世界杯 中国VS委内瑞拉 赛场原声 19:35,http://113.120.243.155:7788/965903076
中超 云南玉昆VS河南俱乐部彩陶坊 袁甲 王伟 19:45,http://113.120.243.155:7788/965856787
中超 云南玉昆VS河南俱乐部彩陶坊 赛场原声 19:45,http://113.120.243.155:7788/965856784
U17男篮世界杯 美国VS波多黎各 英文解说 20:05,http://113.120.243.155:7788/965902928
U17男篮世界杯 美国VS波多黎各 赛场原声 20:05,http://113.120.243.155:7788/965902947
贵州村超 富民村足球队VS阳光村足球队 2026赛季贵州村超联赛第十轮: 富民村VS阳光村 20:30,http://113.120.243.155:7788/965890485
世界杯 人机大战：谁是世界杯预言家 第9期 人机大战第9期 21:00,http://113.120.243.155:7788/965549802
贵州村超 大利村VS腊酉村足球队 2026赛季贵州村超联赛第九轮: 大利村侗寨队VS腊酉村 22:30,http://113.120.243.155:7788/965890487
U17男篮世界杯 喀麦隆VS科特迪瓦 赛场原声 22:20,http://113.120.243.155:7788/965903100
男篮世预赛 尼日利亚VS几内亚 赛场原声 22:50,http://113.120.243.155:7788/965833661
BWF 1/4决赛 1号场地 23:00,http://113.120.243.155:7788/965801227
BWF 1/4决赛 2号场地 23:00,http://113.120.243.155:7788/965801288
U17男篮世界杯 立陶宛VS塞尔维亚 英文解说 22:50,http://113.120.243.155:7788/965902973
U17男篮世界杯 立陶宛VS塞尔维亚 赛场原声 22:50,http://113.120.243.155:7788/965903004
男篮世预赛 芬兰VS匈牙利 赛场原声 23:20,http://113.120.243.155:7788/965831838
男篮世预赛 奥地利VS波兰 赛场原声 23:50,http://113.120.243.155:7788/965831850
男篮世预赛 爱沙尼亚VS斯洛文尼亚 赛场原声 23:50,http://113.120.243.155:7788/965831889
男篮世预赛 以色列VS德国 徐秦威 00:50,http://113.120.243.155:7788/965831921
男篮世预赛 以色列VS德国 赛场原声 00:50,http://113.120.243.155:7788/965831971
男篮世预赛 塞浦路斯VS克罗地亚 赛场原声 00:50,http://113.120.243.155:7788/965831906
男篮世预赛 瑞典VS捷克 赛场原声 00:50,http://113.120.243.155:7788/965831999
U17男篮世界杯 意大利VS斯洛文尼亚 赛场原声 01:05,http://113.120.243.155:7788/965903116
男篮世预赛 荷兰VS拉脱维亚 赛场原声 01:20,http://113.120.243.155:7788/965832016
U17男篮世界杯 法国VS土耳其 英文解说 01:35,http://113.120.243.155:7788/965903019
U17男篮世界杯 法国VS土耳其 赛场原声 01:35,http://113.120.243.155:7788/965903039
男篮世预赛 卢旺达VS突尼斯 赛场原声 01:50,http://113.120.243.155:7788/965833674
世界杯 澳大利亚VS埃及 娄一晨 李彦 王多多 孙蕊 01:00,http://113.120.243.155:7788/965830094
世界杯 澳大利亚VS埃及 AI智慧观赛 01:55,http://113.120.243.155:7788/965829130
世界杯 澳大利亚VS埃及 粤语：陈凯冬 陆毅隽 01:30,http://113.120.243.155:7788/965830152
世界杯 澳大利亚VS埃及 女声：胡小凡 01:45,http://113.120.243.155:7788/965830123
世界杯 澳大利亚VS埃及 新声代：鹿中原 乔迁 01:45,http://113.120.243.155:7788/965830168
世界杯 澳大利亚VS埃及 赛场原声 01:45,http://113.120.243.155:7788/965830194
世界杯 澳大利亚VS埃及 智能字幕 01:00,http://113.120.243.155:7788/965829088
男篮世预赛 比利时VS法国 王冠证 02:20,http://113.120.243.155:7788/965832025
男篮世预赛 比利时VS法国 赛场原声 02:20,http://113.120.243.155:7788/965832072
WTT 孙颖莎PK梅谢芙 石油组合冲决赛席 肖扬 03:00,http://113.120.243.155:7788/965624223
WTT 孙颖莎PK梅谢芙 石油组合冲决赛席 赛场原声 03:00,http://113.120.243.155:7788/965628429
WTT 孙颖莎PK梅谢芙 石油组合冲决赛席 英文解说 03:00,http://113.120.243.155:7788/965628401
WTT 孙颖莎PK梅谢芙 石油组合冲决赛席 智能字幕 03:00,http://113.120.243.155:7788/965797264
世界杯 阿根廷VS佛得角 詹俊 张路 冯潇霆 程思钦 05:00,http://113.120.243.155:7788/965829229
世界杯 阿根廷VS佛得角 AI智慧观赛 05:55,http://113.120.243.155:7788/965829732
世界杯 阿根廷VS佛得角 粤语：陈曦 叶紫辰 05:30,http://113.120.243.155:7788/965829270
世界杯 阿根廷VS佛得角 女声：林梦鸽 05:45,http://113.120.243.155:7788/965829250
世界杯 阿根廷VS佛得角 新声代：张昊泽 涂远 05:45,http://113.120.243.155:7788/965829294
世界杯 阿根廷VS佛得角 赛场原声 05:45,http://113.120.243.155:7788/965829332
世界杯 阿根廷VS佛得角 智能字幕 05:00,http://113.120.243.155:7788/965829699
男篮世预赛 加拿大VS波多黎各 邢晨 07:00,http://113.120.243.155:7788/965823869
男篮世预赛 加拿大VS波多黎各 赛场原声 07:00,http://113.120.243.155:7788/965791131
男篮世预赛 哥伦比亚VS智利 赛场原声 07:20,http://113.120.243.155:7788/965791174
男篮世预赛 多米尼加VS美国 蔡凯臣 07:50,http://113.120.243.155:7788/965824063
男篮世预赛 多米尼加VS美国 赛场原声 07:50,http://113.120.243.155:7788/965791161
男篮世预赛 巴哈马VS牙买加 殷文玉 07:50,http://113.120.243.155:7788/965824078
男篮世预赛 巴哈马VS牙买加 赛场原声 07:50,http://113.120.243.155:7788/965791165
WTT 王艺迪冲八强 朱雨玲对阵朱芊曦 周冠达 刘国正 08:30,http://113.120.243.155:7788/965624025
WTT 王艺迪冲八强 朱雨玲对阵朱芊曦 赛场原声 09:00,http://113.120.243.155:7788/965628441
WTT 王艺迪冲八强 朱雨玲对阵朱芊曦 智能字幕 09:00,http://113.120.243.155:7788/965797289
世界杯 哥伦比亚VS加纳 孙雷 李欣 贺宇 郭小仙儿 08:30,http://113.120.243.155:7788/965830725
世界杯 哥伦比亚VS加纳 AI智慧观赛 09:25,http://113.120.243.155:7788/965831496
世界杯 哥伦比亚VS加纳 梁祥宇 曲波 李子琪 08:30,http://113.120.243.155:7788/965830770
世界杯 哥伦比亚VS加纳 孟繁达 张力 09:15,http://113.120.243.155:7788/965830833
世界杯 哥伦比亚VS加纳 粤语：叶紫辰 陈熙荣 09:00,http://113.120.243.155:7788/965830937
世界杯 哥伦比亚VS加纳 女声：沈云怡 兰子非 09:15,http://113.120.243.155:7788/965830925
世界杯 哥伦比亚VS加纳 新声代：张天翼 洪宇青 09:15,http://113.120.243.155:7788/965830966
世界杯 哥伦比亚VS加纳 赛场原声 09:15,http://113.120.243.155:7788/965831002
世界杯 哥伦比亚VS加纳 智能字幕 08:30,http://113.120.243.155:7788/965831465
男篮世预赛 墨西哥VS尼加拉瓜 赛场原声 10:20,http://113.120.243.155:7788/965791189
WTA 精彩回顾：凯斯 vs 王欣瑜 房朕 12:00,http://113.120.243.155:7788/965696984
BWF 汤杯经典重映-中国 vs 丹麦 经典重映 12:00,http://113.120.243.155:7788/965828680
乒乓球嘉年华 杨浦回力VS金山物流汇喆宇 杨浦回力vs金山物流汇喆宇 14:00,http://113.120.243.155:7788/965626205
乒乓球嘉年华 杨浦回力VS金山物流汇喆宇 杨浦回力vs金山物流汇喆宇 12:30,http://113.120.243.155:7788/964866802
超三联赛 超三联赛 上海崇明大区赛 A档小组赛 薛思佳 字诚 12:55,http://113.120.243.155:7788/965856178
贵州村超 忠诚村足球队VS小堡村足球队 2026赛季贵州村超联赛第十轮: 忠诚村VS小堡村 13:00,http://113.120.243.155:7788/965890721
乒乓球嘉年华 茸城乒将VS浦东引领 茸城乒将vs浦东引领 14:00,http://113.120.243.155:7788/965626079
乒乓球嘉年华 茸城乒将VS浦东引领 茸城乒将vs浦东引领 14:00,http://113.120.243.155:7788/964866742
乒乓球嘉年华 崇明乘风破浪队VS长宁乐动虹桥 崇明乘风破浪队vs长宁乐动虹桥 14:00,http://113.120.243.155:7788/965626149
乒乓球嘉年华 崇明乘风破浪队VS长宁乐动虹桥 崇明乘风破浪队vs长宁乐动虹桥 14:00,http://113.120.243.155:7788/964866762
乒乓球嘉年华 闵行沿浦VS奉贤经发 闵行沿浦vs奉贤经发 14:00,http://113.120.243.155:7788/965626218
乒乓球嘉年华 闵行沿浦VS奉贤经发 闵行沿浦vs奉贤经发 14:00,http://113.120.243.155:7788/964866819
WTA 精彩回顾：张帅 vs 穆霍娃 单文强 15:00,http://113.120.243.155:7788/965696987
贵州村超 平永村足球队VS高硐村足球队 2026赛季贵州村超联赛第十轮: 平永村VS高硐村 15:00,http://113.120.243.155:7788/965890699
蒙超联赛 兴安盟队VS鄂尔多斯队 2026赛季内蒙古足球超级联赛第八轮: 兴安盟队vs鄂尔多斯队 16:00,http://113.120.243.155:7788/965798062
蒙超联赛 呼伦贝尔队VS锡林郭勒队 2026赛季内蒙古足球超级联赛第八轮: 呼伦贝尔队vs锡林郭勒队 16:00,http://113.120.243.155:7788/965798154
蒙超联赛 乌兰察布队VS阿拉善队 2026赛季内蒙古足球超级联赛第八轮: 乌兰察布队vs阿拉善队 16:00,http://113.120.243.155:7788/965807935
陇超 庆阳队VS陇南队 2026赛季甘肃省足球超级联赛第四轮: 庆阳VS陇南 16:00,http://113.120.243.155:7788/965835303
齐鲁超赛 聊城传奇农商行VS枣庄丰源轮胎队 2026赛季山东省齐鲁足球超级联赛第八轮: 聊城传奇农商行VS枣庄丰源轮胎队 16:30,http://113.120.243.155:7788/965833209
蒙超联赛 巴彦淖尔队VS赤峰队 2026赛季内蒙古足球超级联赛第八轮: 巴彦淖尔队vs赤峰队 17:00,http://113.120.243.155:7788/965798145
蒙超联赛 包头队VS呼和浩特队 2026赛季内蒙古足球超级联赛第八轮: 包头队vs呼和浩特队 17:00,http://113.120.243.155:7788/965798169
蒙超联赛 乌海队VS通辽队 2026赛季内蒙古足球超级联赛第八轮: 乌海队vs通辽队 17:00,http://113.120.243.155:7788/965798205
斯诺克 2025斯诺克国际锦标赛决赛第一阶段 吴宜泽vs希金斯 第一阶段 17:00,http://113.120.243.155:7788/965799406
楚超 神农架队VS孝感孝傲江湖队 2026湖北省城市足球联赛第九轮: 神农架vs孝感孝傲江湖 17:30,http://113.120.243.155:7788/964887552
中甲 延边龙鼎VS定南赣联 解说 17:50,http://113.120.243.155:7788/965821412
中甲 延边龙鼎VS定南赣联 赛场原声 17:50,http://113.120.243.155:7788/965821652
闽超 福州队VS龙岩队 2026赛季福建省城市足球超级联赛第五轮: 福州vs龙岩 18:00,http://113.120.243.155:7788/965853658
贵州村超 车江一村足球队VS大利村 2026赛季贵州村超联赛第十轮: 车江一村VS大利村侗寨队 18:00,http://113.120.243.155:7788/965890731
中超 青岛西海岸VS上海海港 石庆圣 李彦 邵凌霄 18:30,http://113.120.243.155:7788/965856667
中超 青岛西海岸VS上海海港 赛场原声 18:45,http://113.120.243.155:7788/965856632
中超 辽宁铁人楠波湾VS重庆铜梁龙 孙雨轩 贺宇 18:45,http://113.120.243.155:7788/965856728
中超 辽宁铁人楠波湾VS重庆铜梁龙 赛场原声 18:45,http://113.120.243.155:7788/965856717
中甲 陕西联合VS无锡吴钩 解说 18:50,http://113.120.243.155:7788/965821784
中甲 陕西联合VS无锡吴钩 赛场原声 18:50,http://113.120.243.155:7788/965821735
中甲 苏州东吴VS广东广州豹足球俱乐部 解说 18:50,http://113.120.243.155:7788/965821916
中甲 苏州东吴VS广东广州豹足球俱乐部 赛场原声 18:50,http://113.120.243.155:7788/965821951
中甲 深圳青年人VS南通支云 解说 18:50,http://113.120.243.155:7788/965822042
中甲 深圳青年人VS南通支云 赛场原声 18:50,http://113.120.243.155:7788/965822078
中甲 宁波职业足球俱乐部VS石家庄功夫 解说 18:50,http://113.120.243.155:7788/965822121
中甲 宁波职业足球俱乐部VS石家庄功夫 赛场原声 18:50,http://113.120.243.155:7788/965822141
闽超 厦门队VS莆田队 2026赛季福建省城市足球超级联赛第九轮: 厦门vs莆田 19:00,http://113.120.243.155:7788/965623738
乒乓球嘉年华 宝山国投私募基金VS虹口邮储银行 宝山国投私募基金vs虹口邮储银行 19:00,http://113.120.243.155:7788/965626316
乒乓球嘉年华 宝山国投私募基金VS虹口邮储银行 宝山国投私募基金vs虹口邮储银行 19:00,http://113.120.243.155:7788/964866830
乒乓球嘉年华 嘉定统嘉集团VS黄浦南房 嘉定统嘉集团vs黄浦南房 19:00,http://113.120.243.155:7788/965626352
乒乓球嘉年华 嘉定统嘉集团VS黄浦南房 嘉定统嘉集团vs黄浦南房 19:00,http://113.120.243.155:7788/964866857
乒乓球嘉年华 上善青浦队VS普陀淘宝闪购 上善青浦队vs普陀淘宝闪购 19:00,http://113.120.243.155:7788/965626380
乒乓球嘉年华 上善青浦队VS普陀淘宝闪购 上善青浦队vs普陀淘宝闪购 19:00,http://113.120.243.155:7788/964866913
乒乓球嘉年华 静安中安弘VS徐汇愚公科技 静安中安弘vs徐汇愚公科技 19:00,http://113.120.243.155:7788/965626409
乒乓球嘉年华 静安中安弘VS徐汇愚公科技 静安中安弘vs徐汇愚公科技 19:00,http://113.120.243.155:7788/964866926
疆超 博州队VS阿勒泰队 2026赛季新疆足球超级联赛第七轮: 博州VS阿勒泰 19:00,http://113.120.243.155:7788/965601439
浙BA 桐庐VS临安 2026赛季浙江省城市篮球联赛杭州赛区: 桐庐VS临安 19:00,http://113.120.243.155:7788/965789338
齐鲁超赛 济宁港航VS青岛平企联青春 2026赛季山东省齐鲁足球超级联赛第八轮: 济宁港航VS青岛平企联青春 19:00,http://113.120.243.155:7788/965833227
陇超 平凉队VS天水队 2026赛季甘肃省足球超级联赛第四轮: 平凉VS天水 19:00,http://113.120.243.155:7788/965835280
超三联赛 超三联赛 上海崇明大区赛 A档12进8及B档决赛 王冠证 李嘉伟 18:55,http://113.120.243.155:7788/965856390
世界杯 《绿茵狂想》第23期 绿茵狂想第23期 19:00,http://113.120.243.155:7788/965274204
楚超 恩施小土豆队VS襄阳东风风神队 2026湖北省城市足球联赛第九轮: 恩施小土豆vs襄阳东风风神 19:25,http://113.120.243.155:7788/964887562
楚超 十堰武当队VS天门衣尚队 2026湖北省城市足球联赛第九轮: 十堰武当vs天门衣尚 19:25,http://113.120.243.155:7788/964887572
楚超 黄冈祥云队VS咸宁外星人队 2026湖北省城市足球联赛第九轮: 黄冈vs咸宁外星人 19:25,http://113.120.243.155:7788/964887595
楚超 武汉华工科技队VS随州炎炎队 2026湖北省城市足球联赛第九轮: 武汉华工科技vs随州炎炎 19:25,http://113.120.243.155:7788/964887610
楚超 荆门金龙泉队VS鄂州临空队 2026湖北省城市足球联赛第九轮: 荆门金龙泉vs鄂州临空 19:25,http://113.120.243.155:7788/964887620
楚超 荆州恒隆队VS仙桃黄鳝队 2026湖北省城市足球联赛第九轮: 荆州恒隆vs仙桃黄鳝 19:25,http://113.120.243.155:7788/964887622
赣超 九江队VS抚州队 2026赛季江西省城市足球超级联赛第7轮: 九江VS抚州 19:30,http://113.120.243.155:7788/965595531
赣超 宜春队VS新余队 2026赛季江西省城市足球超级联赛第7轮: 宜春VS新余 19:30,http://113.120.243.155:7788/965595553
疆超 和田队VS喀什队 2026赛季新疆足球超级联赛第七轮: 和田VS喀什 19:30,http://113.120.243.155:7788/965601431
浙BA 吴兴VS德清 2026赛季浙江省城市篮球联赛湖州赛区: 吴兴VS德清 19:30,http://113.120.243.155:7788/965789278
浙BA 嘉善VS桐乡 2026赛季浙江省城市篮球联赛嘉兴赛区: 嘉善VS桐乡 19:30,http://113.120.243.155:7788/965789372
浙BA 武义VS婺城 2026赛季浙江省城市篮球联赛金华赛区: 武义VS婺城 19:30,http://113.120.243.155:7788/965789420
浙BA 遂昌VS庆元 2026赛季浙江省城市篮球联赛丽水赛区: 遂昌VS庆元 19:30,http://113.120.243.155:7788/965789473
桂BA 玉林市VS崇左市‌ 2026赛季广西城市篮球联赛第二轮: 玉林市VS崇左市 19:30,http://113.120.243.155:7788/965797769
桂BA 南宁市VS‌防城港市‌ 2026赛季广西城市篮球联赛第二轮: 南宁市VS防城港市 19:30,http://113.120.243.155:7788/965797797
桂BA 柳州市VS河池市 2026赛季广西城市篮球联赛第二轮: 柳州市VS河池市 19:30,http://113.120.243.155:7788/965797842
桂BA 百色市VS贺州市‌ 2026赛季广西城市篮球联赛第二轮: 百色市VS贺州市 19:30,http://113.120.243.155:7788/965797855
桂BA 桂林市VS来宾市 2026赛季广西城市篮球联赛第二轮: 桂林市VS来宾市 19:30,http://113.120.243.155:7788/965797891
粤BA 广州VS深圳 2026赛季广东省城市篮球联赛半决赛第一轮: 广州VS深圳 19:30,http://113.120.243.155:7788/965798902
粤BA 中山VS东莞 2026赛季广东省城市篮球联赛半决赛第一轮: 中山VS东莞 19:30,http://113.120.243.155:7788/965798921
齐鲁超赛 烟台队VS德州古贝春 2026赛季山东省齐鲁足球超级联赛第八轮: 烟台队VS德州古贝春 19:30,http://113.120.243.155:7788/965833304
齐鲁超赛 日照队VS东营队 2026赛季山东省齐鲁足球超级联赛第八轮: 日照队VS东营队 19:30,http://113.120.243.155:7788/965833474
齐鲁超赛 滨州创新队VS菏泽队 2026赛季山东省齐鲁足球超级联赛第八轮: 滨州创新队VS菏泽队 19:30,http://113.120.243.155:7788/965833512
浙BA 嵊泗VS普陀 2026赛季浙江省城市篮球联赛舟山赛区: 嵊泗VS普陀 19:30,http://113.120.243.155:7788/965836199
中超 大连英博海发VS武汉三镇 涂远 王宇 19:20,http://113.120.243.155:7788/965856437
中超 大连英博海发VS武汉三镇 赛场原声 19:20,http://113.120.243.155:7788/965856379
中超 北京国安VS山东泰山 娄一晨 李欣 程思钦 19:00,http://113.120.243.155:7788/965856585
中超 北京国安VS山东泰山 乔迁 19:20,http://113.120.243.155:7788/965856507
中超 北京国安VS山东泰山 数智战术视角 19:30,http://113.120.243.155:7788/965856493
中超 北京国安VS山东泰山 4K赛场原声 19:20,http://113.120.243.155:7788/965856486
东北超 通辽VS大连 2026赛季东北地区城市足球联赛第4轮: 通辽VS大连 19:35,http://113.120.243.155:7788/964851511
东北超 鸡西VS延边 2026赛季东北地区城市足球联赛第4轮: 鸡西VS延边 19:35,http://113.120.243.155:7788/964851536
东北超 长春VS呼和浩特 2026赛季东北地区城市足球联赛第4轮: 长春VS呼和浩特 19:35,http://113.120.243.155:7788/965834250
中超 天津津门虎VS深圳新鹏城 梁祥宇 鲁靖明 19:45,http://113.120.243.155:7788/965856348
中超 天津津门虎VS深圳新鹏城 赛场原声 19:45,http://113.120.243.155:7788/965856334
疆超 阿克苏队VS巴州队 2026赛季新疆足球超级联赛第七轮: 阿克苏VS巴州 20:00,http://113.120.243.155:7788/965601443
贵州村超 俾吊岑村足球队VS党调村贵州村徒队 2026赛季贵州村超联赛第十轮: 俾吊岑村VS党调村贵州村徒队 20:00,http://113.120.243.155:7788/965890798
世界杯 人机大战：谁是世界杯预言家 第10期 人机大战第10期 21:00,http://113.120.243.155:7788/965549816
男篮世预赛 南苏丹VS佛得角 赛场原声 21:50,http://113.120.243.155:7788/965833712
男篮世预赛 刚果共和国VS科特迪瓦 赛场原声 22:50,http://113.120.243.155:7788/965833723
男篮世预赛 马里VS乌干达 赛场原声 22:50,http://113.120.243.155:7788/965833725
BWF 半决赛 1号场地 23:00,http://113.120.243.155:7788/965801314
BWF 半决赛 2号场地 23:00,http://113.120.243.155:7788/965801354
BWF 半决赛 1号场地 23:00,http://113.120.243.155:7788/965801365
咪咕直播1,http://36.158.153.151/wh7f454c46tw2685790020_-1382757937/000000001000/3000000001000005308/index.m3u8?channel-id=FifastbLive&Contentid=3000000001000005308&livemode=1&stbId=3&version=1.0&owaccmark=3000000001000005308&owchid=FifastbLive&owsid=9508741778205091395&AuthInfo=%2A%2A%2A&IASHttpSessionId=RR2031620260508015131556656&icpid=1&RTS=1778205045&from=2&hms_devid=24338&online=1778205045&vqe=3
咪咕直播2,http://36.158.153.151/wh7f454c46tw408117256_-1481321511/000000001000/3000000001000005969/1.m3u8?channel-id=FifastbLive&Contentid=3000000001000005969&livemode=1&stbId=toShengfen&mode=1&version=1.0&owaccmark=3000000001000005969&owchid=FifastbLive&owsid=4489121778207108793&AuthInfo=%2A%2A%2A&IASHttpSessionId=RR767520260508022508910037&icpid=1&RTS=1778207062&from=2&hms_devid=24338&online=1778207062&vqe=3
咪咕直播3,http://36.158.153.146/wh7f454c46tw442846850_367060405/000000001000/3000000001000007218/1.m3u8?channel-id=FifastbLive&Contentid=3000000001000007218&livemode=1&stbId=toShengfen&mode=1&version=1.0&owaccmark=3000000001000007218&owchid=FifastbLive&owsid=8007561778207143514&AuthInfo=%2A%2A%2A&IASHttpSessionId=RR767520260508022542910387&icpid=1&RTS=1778207097&from=2&hms_devid=24334&online=1778207097&vqe=3
咪咕直播4,http://36.158.153.138/wh7f454c46tw474484094_-973412003/000000001000/3000000001000008001/1.m3u8?channel-id=FifastbLive&Contentid=3000000001000008001&livemode=1&stbId=toShengfen&mode=1&version=1.0&owaccmark=3000000001000008001&owchid=FifastbLive&owsid=7629561778207175167&AuthInfo=%2A%2A%2A&IASHttpSessionId=RR767520260508022614910698&icpid=1&RTS=1778207129&from=2&hms_devid=24340&online=1778207129&vqe=3
咪咕直播5,http://36.158.153.150/wh7f454c46tw506810884_-1890667922/000000001000/3000000001000008176/1.m3u8?channel-id=FifastbLive&Contentid=3000000001000008176&livemode=1&stbId=toShengfen&mode=1&version=1.0&owaccmark=3000000001000008176&owchid=FifastbLive&owsid=8605671778207207504&AuthInfo=%2A%2A%2A&IASHttpSessionId=RR767520260508022646911037&icpid=1&RTS=1778207161&from=2&hms_devid=24338&online=1778207161&vqe=3
咪咕直播6,http://36.158.153.151/wh7f454c46tw531201896_494326073/000000001000/3000000001000008379/1.m3u8?channel-id=FifastbLive&Contentid=3000000001000008379&livemode=1&stbId=toShengfen&mode=1&version=1.0&owaccmark=3000000001000008379&owchid=FifastbLive&owsid=2863641778207231882&AuthInfo=%2A%2A%2A&IASHttpSessionId=RR767520260508022711911304&icpid=1&RTS=1778207186&from=2&hms_devid=24338&online=1778207186&vqe=3
咪咕直播7,http://36.158.153.130/wh7f454c46tw552197240_-735080288/000000001000/3000000001000010129/1.m3u8?channel-id=FifastbLive&Contentid=3000000001000010129&livemode=1&stbId=toShengfen&mode=1&version=1.0&owaccmark=3000000001000010129&owchid=FifastbLive&owsid=2583691778207252894&AuthInfo=%2A%2A%2A&IASHttpSessionId=RR767520260508022732911541&icpid=1&RTS=1778207207&from=2&hms_devid=24336&online=1778207207&vqe=3
咪咕直播8,http://36.158.153.144/wh7f454c46tw577029808_1883198409/000000001000/3000000001000010948/1.m3u8?channel-id=FifastbLive&Contentid=3000000001000010948&livemode=1&stbId=toShengfen&mode=1&version=1.0&owaccmark=3000000001000010948&owchid=FifastbLive&owsid=2316161778207277741&AuthInfo=%2A%2A%2A&IASHttpSessionId=RR767520260508022757911843&icpid=1&RTS=1778207231&from=2&hms_devid=24337&online=1778207231&vqe=3
咪咕直播9,http://36.158.153.144/wh7f454c46tw966848602_904315639/000000001000/3000000001000028638/1.m3u8?channel-id=FifastbLive&Contentid=3000000001000028638&livemode=1&stbId=toShengfen&mode=1&version=1.0&owaccmark=3000000001000028638&owchid=FifastbLive&owsid=5857481778207667449&AuthInfo=%2A%2A%2A&IASHttpSessionId=RR511520260508023427479519&icpid=1&RTS=1778207621&from=2&hms_devid=24337&online=1778207621&vqe=3
咪咕直播10,http://36.158.153.150/wh7f454c46tw989914125_-351950703/000000001000/3000000001000031494/1.m3u8?channel-id=FifastbLive&Contentid=3000000001000031494&livemode=1&stbId=toShengfen&mode=1&version=1.0&owaccmark=3000000001000031494&owchid=FifastbLive&owsid=3563641778207690536&AuthInfo=%2A%2A%2A&IASHttpSessionId=RR511520260508023450479804&icpid=1&RTS=1778207644&from=2&hms_devid=24338&online=1778207644&vqe=3
咪咕直播11,http://36.158.153.136/wh7f454c46tw406267067_199821274/000000001000/3000000010000000097/1.m3u8?channel-id=FifastbLive&Contentid=3000000010000000097&livemode=1&stbId=toShengfen&mode=1&version=1.0&owaccmark=3000000010000000097&owchid=FifastbLive&owsid=1454801779036035627&AuthInfo=%2A%2A%2A&IASHttpSessionId=RR2466820260517164034331402&icpid=1&RTS=1779035989&from=2&hms_devid=24335&online=1779035989&vqe=3
咪咕直播12,http://36.158.153.151/wh7f454c46tw419474063_811340543/000000001000/3000000010000002019/1.m3u8?channel-id=FifastbLive&Contentid=3000000010000002019&livemode=1&stbId=toShengfen&mode=1&version=1.0&owaccmark=3000000010000002019&owchid=FifastbLive&owsid=1507581779036048813&AuthInfo=%2A%2A%2A&IASHttpSessionId=RR2466820260517164047331580&icpid=1&RTS=1779036003&from=2&hms_devid=24338&online=1779036003&vqe=3
咪咕直播13,http://36.158.153.144/wh7f454c46tw430885897_1300119621/000000001000/3000000010000002809/1.m3u8?channel-id=FifastbLive&Contentid=3000000010000002809&livemode=1&stbId=toShengfen&mode=1&version=1.0&owaccmark=3000000010000002809&owchid=FifastbLive&owsid=1153091779036060226&AuthInfo=%2A%2A%2A&IASHttpSessionId=RR2466820260517164058331726&icpid=1&RTS=1779036014&from=2&hms_devid=24337&online=1779036014&vqe=3
咪咕直播14,http://36.158.153.132/wh7f454c46tw468734735_1024237875/000000001000/3000000010000003915/1.m3u8?channel-id=FifastbLive&Contentid=3000000010000003915&livemode=1&stbId=toShengfen&mode=1&version=1.0&owaccmark=3000000010000003915&owchid=FifastbLive&owsid=6909561779036098108&AuthInfo=%2A%2A%2A&IASHttpSessionId=RR2466820260517164136332151&icpid=1&RTS=1779036052&from=2&hms_devid=24341&online=1779036052&vqe=3
咪咕直播15,http://36.158.153.140/wh7f454c46tw481063456_904524316/000000001000/3000000010000004193/1.m3u8?channel-id=FifastbLive&Contentid=3000000010000004193&livemode=1&stbId=toShengfen&mode=1&version=1.0&owaccmark=3000000010000004193&owchid=FifastbLive&owsid=7779431779036110437&AuthInfo=%2A%2A%2A&IASHttpSessionId=RR2466820260517164149332295&icpid=1&RTS=1779036064&from=2&hms_devid=24332&online=1779036064&vqe=3
咪咕直播16,http://36.158.153.149/wh7f454c46tw497388568_-566068954/000000001000/3000000010000005837/1.m3u8?channel-id=FifastbLive&Contentid=3000000010000005837&livemode=1&stbId=toShengfen&mode=1&version=1.0&owaccmark=3000000010000005837&owchid=FifastbLive&owsid=3288431779036126771&AuthInfo=%2A%2A%2A&IASHttpSessionId=RR2466820260517164205332540&icpid=1&RTS=1779036080&from=2&hms_devid=24333&online=1779036080&vqe=3
咪咕直播17,http://36.158.153.136/wh7f454c46tw584698308_72054865/000000001000/3000000010000006077/1.m3u8?channel-id=FifastbLive&Contentid=3000000010000006077&livemode=1&stbId=toShengfen&mode=1&version=1.0&owaccmark=3000000010000006077&owchid=FifastbLive&owsid=8892901779036214039&AuthInfo=%2A%2A%2A&IASHttpSessionId=RR2466020260517164332546167&icpid=1&RTS=1779036168&from=2&hms_devid=24335&online=1779036168&vqe=3
咪咕直播18,http://36.158.153.151/wh7f454c46tw594627617_-1371544123/000000001000/3000000010000006658/1.m3u8?channel-id=FifastbLive&Contentid=3000000010000006658&livemode=1&stbId=toShengfen&mode=1&version=1.0&owaccmark=3000000010000006658&owchid=FifastbLive&owsid=7943581779036223982&AuthInfo=%2A%2A%2A&IASHttpSessionId=RR2466020260517164342546302&icpid=1&RTS=1779036178&from=2&hms_devid=24338&online=1779036178&vqe=3
咪咕直播19,http://36.158.153.138/wh7f454c46tw604411971_1550518157/000000001000/3000000010000009788/1.m3u8?channel-id=FifastbLive&Contentid=3000000010000009788&livemode=1&stbId=toShengfen&mode=1&version=1.0&owaccmark=3000000010000009788&owchid=FifastbLive&owsid=2483331779036233774&AuthInfo=%2A%2A%2A&IASHttpSessionId=RR2466020260517164352546432&icpid=1&RTS=1779036187&from=2&hms_devid=24340&online=1779036187&vqe=3
咪咕直播20,http://36.158.153.141/wh7f454c46tw615908912_-173173267/000000001000/3000000010000010833/1.m3u8?channel-id=FifastbLive&Contentid=3000000010000010833&livemode=1&stbId=toShengfen&mode=1&version=1.0&owaccmark=3000000010000010833&owchid=FifastbLive&owsid=3707861779036245189&AuthInfo=%2A%2A%2A&IASHttpSessionId=RR2466020260517164403546579&icpid=1&RTS=1779036199&from=2&hms_devid=24332&online=1779036199&vqe=3
咪咕直播21,http://36.158.153.140/wh7f454c46tw626185827_-1514542136/000000001000/3000000010000011297/1.m3u8?channel-id=FifastbLive&Contentid=3000000010000011297&livemode=1&stbId=toShengfen&mode=1&version=1.0&owaccmark=3000000010000011297&owchid=FifastbLive&owsid=7694871779036255559&AuthInfo=%2A%2A%2A&IASHttpSessionId=RR2466020260517164414546722&icpid=1&RTS=1779036209&from=2&hms_devid=24332&online=1779036209&vqe=3
咪咕直播22,http://36.158.153.148/wh7f454c46tw642033873_1540499912/000000001000/3000000010000011518/1.m3u8?channel-id=FifastbLive&Contentid=3000000010000011518&livemode=1&stbId=toShengfen&mode=1&version=1.0&owaccmark=3000000010000011518&owchid=FifastbLive&owsid=5037291779036271404&AuthInfo=%2A%2A%2A&IASHttpSessionId=RR2466020260517164430546971&icpid=1&RTS=1779036225&from=2&hms_devid=24333&online=1779036225&vqe=3
咪咕直播23,http://36.158.153.140/wh7f454c46tw654871415_-1256393524/000000001000/3000000010000012558/1.m3u8?channel-id=FifastbLive&Contentid=3000000010000012558&livemode=1&stbId=toShengfen&mode=1&version=1.0&owaccmark=3000000010000012558&owchid=FifastbLive&owsid=1400791779036284216&AuthInfo=%2A%2A%2A&IASHttpSessionId=RR2466020260517164442547139&icpid=1&RTS=1779036238&from=2&hms_devid=24332&online=1779036238&vqe=3
咪咕直播24,http://36.158.153.148/wh7f454c46tw668771888_229235733/000000001000/3000000010000012616/1.m3u8?channel-id=FifastbLive&Contentid=3000000010000012616&livemode=1&stbId=toShengfen&mode=1&version=1.0&owaccmark=3000000010000012616&owchid=FifastbLive&owsid=1420821779036298136&AuthInfo=%2A%2A%2A&IASHttpSessionId=RR2466020260517164456547322&icpid=1&RTS=1779036252&from=2&hms_devid=24333&online=1779036252&vqe=3
咪咕直播25,http://36.158.153.137/wh7f454c46tw680022078_2009224341/000000001000/3000000010000015470/1.m3u8?channel-id=FifastbLive&Contentid=3000000010000015470&livemode=1&stbId=toShengfen&mode=1&version=1.0&owaccmark=3000000010000015470&owchid=FifastbLive&owsid=2858961779036309379&AuthInfo=%2A%2A%2A&IASHttpSessionId=RR2466020260517164508547468&icpid=1&RTS=1779036263&from=2&hms_devid=24335&online=1779036263&vqe=3
咪咕直播26,http://36.158.153.145/wh7f454c46tw694022473_-1452716434/000000001000/3000000010000015560/1.m3u8?channel-id=FifastbLive&Contentid=3000000010000015560&livemode=1&stbId=toShengfen&mode=1&version=1.0&owaccmark=3000000010000015560&owchid=FifastbLive&owsid=8948921779036323380&AuthInfo=%2A%2A%2A&IASHttpSessionId=RR2466020260517164522547649&icpid=1&RTS=1779036277&from=2&hms_devid=24337&online=1779036277&vqe=3
咪咕直播27,http://36.158.153.143/wh7f454c46tw704549512_1728097848/000000001000/3000000010000017678/1.m3u8?channel-id=FifastbLive&Contentid=3000000010000017678&livemode=1&stbId=toShengfen&mode=1&version=1.0&owaccmark=3000000010000017678&owchid=FifastbLive&owsid=8806711779036333802&AuthInfo=%2A%2A%2A&IASHttpSessionId=RR2466020260517164532547786&icpid=1&RTS=1779036288&from=2&hms_devid=24342&online=1779036288&vqe=3
咪咕直播28,http://36.158.153.133/wh7f454c46tw725560674_-1033028437/000000001000/3000000010000019839/1.m3u8?channel-id=FifastbLive&Contentid=3000000010000019839&livemode=1&stbId=toShengfen&mode=1&version=1.0&owaccmark=3000000010000019839&owchid=FifastbLive&owsid=1388861779036354924&AuthInfo=%2A%2A%2A&IASHttpSessionId=RR2466020260517164553548053&icpid=1&RTS=1779036309&from=2&hms_devid=24341&online=1779036309&vqe=3
咪咕直播29,http://36.158.153.140/wh7f454c46tw736084583_311421314/000000001000/3000000010000021904/1.m3u8?channel-id=FifastbLive&Contentid=3000000010000021904&livemode=1&stbId=toShengfen&mode=1&version=1.0&owaccmark=3000000010000021904&owchid=FifastbLive&owsid=9931791779036365441&AuthInfo=%2A%2A%2A&IASHttpSessionId=RR2466020260517164604548209&icpid=1&RTS=1779036319&from=2&hms_devid=24332&online=1779036319&vqe=3
咪咕直播30,http://36.158.153.149/wh7f454c46tw745351704_-1873016025/000000001000/3000000010000023434/1.m3u8?channel-id=FifastbLive&Contentid=3000000010000023434&livemode=1&stbId=toShengfen&mode=1&version=1.0&owaccmark=3000000010000023434&owchid=FifastbLive&owsid=1883611779036374725&AuthInfo=%2A%2A%2A&IASHttpSessionId=RR2466020260517164613548315&icpid=1&RTS=1779036328&from=2&hms_devid=24333&online=1779036328&vqe=3
咪咕直播1,http://gslbserv.itv.cmvideo.cn:80/5000000011000265001/1.m3u8?channel-id=FifastbLive&Contentid=3000000001000005308&livemode=1&stbId=toShengfen&mode=1
咪咕直播2,http://gslbserv.itv.cmvideo.cn:80/5000000011000265001/1.m3u8?channel-id=FifastbLive&Contentid=3000000001000005969&livemode=1&stbId=toShengfen&mode=1
咪咕直播3,http://gslbserv.itv.cmvideo.cn:80/5000000011000265001/1.m3u8?channel-id=FifastbLive&Contentid=3000000001000007218&livemode=1&stbId=toShengfen&mode=1
咪咕直播4,http://gslbserv.itv.cmvideo.cn:80/5000000011000265001/1.m3u8?channel-id=FifastbLive&Contentid=3000000001000008001&livemode=1&stbId=toShengfen&mode=1
咪咕直播5,http://gslbserv.itv.cmvideo.cn:80/5000000011000265001/1.m3u8?channel-id=FifastbLive&Contentid=3000000001000008176&livemode=1&stbId=toShengfen&mode=1
咪咕直播6,http://gslbserv.itv.cmvideo.cn:80/5000000011000265001/1.m3u8?channel-id=FifastbLive&Contentid=3000000001000008379&livemode=1&stbId=toShengfen&mode=1
咪咕直播7,http://gslbserv.itv.cmvideo.cn:80/5000000011000265001/1.m3u8?channel-id=FifastbLive&Contentid=3000000001000010129&livemode=1&stbId=toShengfen&mode=1
咪咕直播8,http://gslbserv.itv.cmvideo.cn:80/5000000011000265001/1.m3u8?channel-id=FifastbLive&Contentid=3000000001000010948&livemode=1&stbId=toShengfen&mode=1
咪咕直播9,http://gslbserv.itv.cmvideo.cn:80/5000000011000265001/1.m3u8?channel-id=FifastbLive&Contentid=3000000001000028638&livemode=1&stbId=toShengfen&mode=1
咪咕直播10,http://gslbserv.itv.cmvideo.cn:80/5000000011000265001/1.m3u8?channel-id=FifastbLive&Contentid=3000000001000031494&livemode=1&stbId=toShengfen&mode=1
咪咕直播11,http://gslbserv.itv.cmvideo.cn:80/5000000011000265001/1.m3u8?channel-id=FifastbLive&Contentid=3000000010000000097&livemode=1&stbId=toShengfen&mode=1
咪咕直播12,http://gslbserv.itv.cmvideo.cn:80/5000000011000265001/1.m3u8?channel-id=FifastbLive&Contentid=3000000010000002019&livemode=1&stbId=toShengfen&mode=1
咪咕直播13,http://gslbserv.itv.cmvideo.cn:80/5000000011000265001/1.m3u8?channel-id=FifastbLive&Contentid=3000000010000002809&livemode=1&stbId=toShengfen&mode=1
咪咕直播14,http://gslbserv.itv.cmvideo.cn:80/5000000011000265001/1.m3u8?channel-id=FifastbLive&Contentid=3000000010000003915&livemode=1&stbId=toShengfen&mode=1
咪咕直播15,http://gslbserv.itv.cmvideo.cn:80/5000000011000265001/1.m3u8?channel-id=FifastbLive&Contentid=3000000010000004193&livemode=1&stbId=toShengfen&mode=1
咪咕直播16,http://gslbserv.itv.cmvideo.cn:80/5000000011000265001/1.m3u8?channel-id=FifastbLive&Contentid=3000000010000005837&livemode=1&stbId=toShengfen&mode=1
咪咕直播17,http://gslbserv.itv.cmvideo.cn:80/5000000011000265001/1.m3u8?channel-id=FifastbLive&Contentid=3000000010000006077&livemode=1&stbId=toShengfen&mode=1
咪咕直播18,http://gslbserv.itv.cmvideo.cn:80/5000000011000265001/1.m3u8?channel-id=FifastbLive&Contentid=3000000010000006658&livemode=1&stbId=toShengfen&mode=1
咪咕直播19,http://gslbserv.itv.cmvideo.cn:80/5000000011000265001/1.m3u8?channel-id=FifastbLive&Contentid=3000000010000009788&livemode=1&stbId=toShengfen&mode=1
咪咕直播20,http://gslbserv.itv.cmvideo.cn:80/5000000011000265001/1.m3u8?channel-id=FifastbLive&Contentid=3000000010000010833&livemode=1&stbId=toShengfen&mode=1
咪咕直播21,http://gslbserv.itv.cmvideo.cn:80/5000000011000265001/1.m3u8?channel-id=FifastbLive&Contentid=3000000010000011297&livemode=1&stbId=toShengfen&mode=1
咪咕直播22,http://gslbserv.itv.cmvideo.cn:80/5000000011000265001/1.m3u8?channel-id=FifastbLive&Contentid=3000000010000011518&livemode=1&stbId=toShengfen&mode=1
咪咕直播23,http://gslbserv.itv.cmvideo.cn:80/5000000011000265001/1.m3u8?channel-id=FifastbLive&Contentid=3000000010000012558&livemode=1&stbId=toShengfen&mode=1
咪咕直播24,http://gslbserv.itv.cmvideo.cn:80/5000000011000265001/1.m3u8?channel-id=FifastbLive&Contentid=3000000010000012616&livemode=1&stbId=toShengfen&mode=1
咪咕直播25,http://gslbserv.itv.cmvideo.cn:80/5000000011000265001/1.m3u8?channel-id=FifastbLive&Contentid=3000000010000015470&livemode=1&stbId=toShengfen&mode=1
咪咕直播26,http://gslbserv.itv.cmvideo.cn:80/5000000011000265001/1.m3u8?channel-id=FifastbLive&Contentid=3000000010000015560&livemode=1&stbId=toShengfen&mode=1
咪咕直播27,http://gslbserv.itv.cmvideo.cn:80/5000000011000265001/1.m3u8?channel-id=FifastbLive&Contentid=3000000010000017678&livemode=1&stbId=toShengfen&mode=1
咪咕直播28,http://gslbserv.itv.cmvideo.cn:80/5000000011000265001/1.m3u8?channel-id=FifastbLive&Contentid=3000000010000019839&livemode=1&stbId=toShengfen&mode=1
咪咕直播29,http://gslbserv.itv.cmvideo.cn:80/5000000011000265001/1.m3u8?channel-id=FifastbLive&Contentid=3000000010000021904&livemode=1&stbId=toShengfen&mode=1
咪咕直播30,http://gslbserv.itv.cmvideo.cn:80/5000000011000265001/1.m3u8?channel-id=FifastbLive&Contentid=3000000010000023434&livemode=1&stbId=toShengfen&mode=1
采昌影剧台,https://cdn12.178.indevs.in/163189/0a6204ed0261460c
My Cinema Europe,https://cdn12.178.indevs.in/163189/5bda99f1c049edef
DreamWorks梦工厂动画,https://cdn12.178.indevs.in/163189/10395eb942c5a9b9
邵氏动作,http://38.75.136.137:98/gslb/dsdqpub/lbssdz.m3u8?auth=%2A%2A%2A
邵氏喜剧,http://38.75.136.137:98/gslb/dsdqpub/lbssxj.m3u8?auth=%2A%2A%2A
邵氏电影,http://38.75.136.137:98/gslb/dsdqpub/lbssdy.m3u8?auth=%2A%2A%2A
邵氏武侠,http://38.75.136.137:98/gslb/dsdqpub/lbsswx.m3u8?auth=%2A%2A%2A
HBO精选,http://23.237.104.106:8080/USA_HBO2/tracks-v1a1/mono.m3u8
Cinemax,http://23.237.104.106:8080/USA_CINEMAX/tracks-v1a1/mono.m3u8
Cinemax精选,http://23.237.104.106:8080/USA_MOREMAX/mono.m3u8
Cinemax经典,http://23.237.104.106:8080/USA_5STARMAX/tracks-v1a1/mono.m3u8
猫和老鼠轮播,https://live20.bozztv.com/giatvplayout7/giatv-208314/tracks-v1a1/mono.ts.m3u8
尼克少儿,http://23.237.104.106:8080/USA_NICKELODEON/tracks-v1a1/mono.m3u8
尼克少儿 俄罗斯,http://de2.mirror-tv.net:80/nickelodeon-hd/tracks-v1a1a2a3/mono.m3u8?token=%2A%2A%2A
CN卡通 捷克,https://estreams.tv.nej.cz/dash/CH_CARTOON_HD.ism/playlist.mpd
BOOMERANG,http://23.237.104.106:8080/USA_BOOMERANG/tracks-v1a1/mono.m3u8
COMEDY CENTRAL,http://23.237.104.106:8080/USA_COMEDY_CENTRAL/tracks-v1a1/mono.m3u8
Discovery,http://23.237.104.106:8080/USA_DISCOVERY/tracks-v1a1/mono.m3u8
Animal lPlanet,http://23.237.104.106:8080/USA_ANIMAL_PLANET/tracks-v1a1/mono.m3u8
BBC Earth,https://amg00793-amg00793c6-xumo-us-2669.playouts.now.amagi.tv/BBCStudios-BBCEarthA-hls/playlist.m3u8
AOD,https://o11.163189.xyz/stream/live/aod/
AEC,https://o11.163189.xyz/stream/live/aec/
星空卫视,http://122.224.58.42:85/tsfile/live/1024_1.m3u8?key=%2A%2A%2A&playlive=1&authid=%2A%2A%2A
邵氏电影,http://feilong123.vip/409990236/tv.php?id=ssdy
邵氏动作,http://feilong123.vip/409990236/tv.php?id=ssdz
邵氏喜剧,http://feilong123.vip/409990236/tv.php?id=ssxj
环球电视台,http://utv1.hqtvzb.com:9999/hls/world.m3u8
TVB明珠,https://mytv.cdn.loc.cc/o12.php?id=mzt
唐人卫视,https://ntd02.akamaized.net/HD-NY/tracks-v3a1/mono.m3u8
镜新闻,https://d36dgdk71xuzzg.cloudfront.net/v1/manifest/3a2ac8e6b6c76471996ebf627393d9c9417a60b6/linetv-6-627778910172-MediaTailor-production/c9b2313d-efdd-4777-9fae-573be8a86755/0.m3u8
广州南国都市,http://r.jdshipin.com/nWaZO
咪咕视频4K,http://r.jdshipin.com/ln4xk
咪咕视频4K-2,http://r.jdshipin.com/Lqdwf
星空国际,http://202.80.222.20/cdn/iptv/Tvod/001/channel2000023/1024.m3u8
镜新闻,https://d36dgdk71xuzzg.cloudfront.net/v1/manifest/3a2ac8e6b6c76471996ebf627393d9c9417a60b6/linetv-6-627778910172-MediaTailor-production/c9b2313d-efdd-4777-9fae-573be8a86755/0.m3u8
台视财经,http://74.91.26.218:82/live/ttvcj.m3u8
小公视,http://74.91.26.218:82/live/ptsse.m3u8
镜新闻,https://d36dgdk71xuzzg.cloudfront.net/v1/manifest/3a2ac8e6b6c76471996ebf627393d9c9417a60b6/linetv-6-627778910172-MediaTailor-production/f4d56046-82ba-474e-8499-ab2353dc7a9b/1.m3u8
华藏卫视,http://61.216.67.119:1935/HZTV/HZTV/chunklist.m3u8
华藏卫视,http://61.216.67.119:1935/HZTV/HZTV/playlist.m3u8
无线明珠(英),http://php.jdshipin.com/TVOD/iptv.php?id=mzt
AstroRio,http://php.jdshipin.com/PLTV/iptv.php?id=aod
香港C+_-频道,http://ottproxy2.ist.ooo/livehls/MOB-U1-NO/03.m3u8
纬来精彩频道,http://61.221.215.25:8800/hls/48/index.m3u8
tvbs闽南频道,http://61.221.215.25:8800/hls/9/index.m3u8
华文八套,https://francais-livews.cgtn.com/hls/LSvev95OuFZtKLc6CeKEFYXj220802LSTeV6PO0Ut9r71Uq3k5goCA220802cd/playlist.m3u8
华文七套,https://arabic-livews.cgtn.com/hls/LSveq57bErWLinBnxosqjisZ220802LSTefTAS9zc9mpU08y3np9TH220802cd/playlist.m3u8
华文三套,https://espanol-livews.cgtn.com/hls/LSveOGBaBw41Ea7ukkVAUdKQ220802LSTexu6xAuFH8VZNBLE1ZNEa220802cd/playlist.m3u8
华文四套,https://english-livetx.cgtn.com/hls/yypdyyctzb_hd.m3u8
华文五套,https://russian-livews.cgtn.com/hls/LSvexABhNipibK5KRuUkvHZ7220802LSTeze9o8tdFXMHsb1VosgoT220802cd/playlist.m3u8
唯心,http://mobile.ccdntech.com/transcoder/_definst_/vod164_Live/live/playlist.m3u8
唯心,http://mobile.ccdntech.com/transcoder/_definst_/vod164_Live/live/chunklist_w1177047531.m3u8
唯心,https://mobile.ccdntech.com/transcoder/_definst_/vod164_Live/live/chunklist_w1177047531.m3u8
生命电视,http://61.216.67.119:1935/lifetv/lifetv.stream/manifest.m3u8
香港佛陀,https://sg1.amtb.de/liveedge/_definst_/smil:livetv.smil/chunklist_w1071093527_b828000.m3u8
台湾|卍佛卫慈悲台,https://btsw-ott2b.cdn.hinet.net/live_bts/btsw01/playlist.m3u8
台湾|唯心WXTV2,http://61.216.67.119:1935/wxtv/wxtv.stream/playlist.m3u8
三時繫念法會,https://sg1.amtb.de/liveedge/_definst_/smil:sanshi_720p.smil/chunklist_w156722507_b828000.m3u8
网络念佛堂,https://sg1.amtb.de/liveedge/_definst_/smil:amtb.smil/chunklist_w1128537717_b428000.m3u8
华藏卫视,https://5ddce30eb4b55.streamlock.net/HZTV/HZTV/playlist.m3u8
悟道法师,https://tw2.amtb.de/liveedge/_definst_/smil:wdmaster.smil/playlist.m3u8
生命电视,https://5ddce30eb4b55.streamlock.net/lifetv/lifetv.stream/playlist.m3u8
唯心,https://5ddce30eb4b55.streamlock.net/wxtv/wxtvnow.stream/playlist.m3u8
唐人卫视,https://ntd02.akamaized.net/HD-NY/tracks-v3a1/mono.m3u8
越南广宁电视3台,https://live.baoquangninh.vn/qtvlive/tv3live.m3u8
华丽,http://o11.163189.xyz/stream/live/jade/
AOD,http://o11.163189.xyz/stream/live/aod/
欢喜,http://o11.163189.xyz/stream/live/hxt/
千禧,http://o11.163189.xyz/stream/live/tvbc/
tvbp,http://o11.163189.xyz/stream/tvb/tvbp/
唯心,https://mobile.ccdntech.com/transcoder/_definst_/vod164_Live/live/chunklist_w1177047531.m3u8
生命电视,http://61.216.67.119:1935/lifetv/lifetv.stream/manifest.m3u8
华藏卫视,http://61.216.67.119:1935/HZTV/HZTV/playlist.m3u8
台湾|唯心WXTV2,http://61.216.67.119:1935/wxtv/wxtv.stream/playlist.m3u8
华藏卫视,http://61.216.67.119:1935/HZTV/HZTV/chunklist.m3u8
华藏卫视,https://5ddce30eb4b55.streamlock.net/HZTV/HZTV/playlist.m3u8
悟道法师,https://tw2.amtb.de/liveedge/_definst_/smil:wdmaster.smil/playlist.m3u8
生命电视,https://5ddce30eb4b55.streamlock.net/lifetv/lifetv.stream/playlist.m3u8
唯心,https://5ddce30eb4b55.streamlock.net/wxtv/wxtvnow.stream/playlist.m3u8
有线18台,https://o11.163189.xyz/stream/tvb/tvbp/
星空国际,http://202.80.222.20/cdn/iptv/Tvod/001/channel2000023/1024.m3u8
镜新闻,https://d36dgdk71xuzzg.cloudfront.net/v1/manifest/3a2ac8e6b6c76471996ebf627393d9c9417a60b6/linetv-6-627778910172-MediaTailor-production/c9b2313d-efdd-4777-9fae-573be8a86755/0.m3u8
镜新闻,https://d36dgdk71xuzzg.cloudfront.net/v1/manifest/3a2ac8e6b6c76471996ebf627393d9c9417a60b6/linetv-6-627778910172-MediaTailor-production/f4d56046-82ba-474e-8499-ab2353dc7a9b/1.m3u8
华藏卫视,http://61.216.67.119:1935/HZTV/HZTV/chunklist.m3u8
华藏卫视,http://61.216.67.119:1935/HZTV/HZTV/playlist.m3u8
香港C+_-频道,http://ottproxy2.ist.ooo/livehls/MOB-U1-NO/03.m3u8
纬来精彩频道,http://61.221.215.25:8800/hls/48/index.m3u8
tvbs闽南频道,http://61.221.215.25:8800/hls/9/index.m3u8
镜新闻台,https://d36dgdk71xuzzg.cloudfront.net/v1/manifest/3a2ac8e6b6c76471996ebf627393d9c9417a60b6/linetv-6-627778910172-MediaTailor-production/81c30c93-82df-49c9-975c-61a17204cbba/1.m3u8
香港面包台,https://video.bread-tv.com:8091/hls-live24/online/index.m3u8
韩国新闻,http://amdlive.ctnd.com.edgesuite.net:80/arirang_1ch/smil:arirang_1ch.smil/chunklist_b2256000_sleng.m3u8
香港_C+_频道,http://ottproxy2.ist.ooo/livehls/MOB-U1-NO/03.m3u8
红牛运动,http://rbmn-live.akamaized.net/hls/live/590964/BoRB-AT/master_928.m3u8
FOCUS,http://38.64.72.148:80/hls/modn/list/4005/playlist.m3u8
中旺电视,http://38.64.72.148:80/hls/modn/list/4010/playlist.m3u8
唯心电视,http://mobile.ccdntech.com/transcoder/_definst_/vod164_Live/live/chunklist_w1177047531.m3u8
唯心电视,http://mobile.ccdntech.com/transcoder/_definst_/vod164_Live/live/playlist.m3u8
生命电视,http://61.216.67.119:1935/lifetv/lifetv.stream/manifest.m3u8
tvbs,http://61.221.215.25:8800/hls/9/index.m3u8
东森美洲2,http://38.64.72.148:80/hls/modn/list/2015/chunklist1.m3u8
东森新闻美洲,http://38.64.72.148:80/hls/modn/list/2015/chunklist0.m3u8
TVBS亚洲,http://38.64.72.148/hls/modn/list/4005/chunklist0.m3u8
TVBS亚洲,http://38.64.72.148/hls/modn/list/4005/playlist.m3u8
TVBS亚洲,http://38.64.72.148:80/hls/modn/list/4005/chunklist1.m3u8
TVBS亚洲,http://38.64.72.148/hls/modn/list/4005/chunklist1.m3u8
TVBS亚洲,http://38.64.72.148:80/hls/modn/list/4005/chunklist0.m3u8
三立戏剧,http://61.221.215.25:8800/hls/41/index.m3u8
HISTORY,http://37.27.111.214:8080/live/27/hls.m3u8
CNA,http://d2e1asnsl7br7b.cloudfront.net/7782e205e72f43aeb4a48ec97f66ebbe/index_5.m3u8?zshijd%24LR%E2%80%A2IPV4%E3%80%8E%E7%BA%BF%E8%B7%AF8%E3%80%8F=
TANG,https://ntd02.akamaized.net/HD-NY/tracks-v3a1/mono.m3u8
华藏卫视,http://61.216.67.119:1935/HZTV/HZTV/chunklist_w1827568404.m3u8
台湾|唯心WXTV2,http://61.216.67.119:1935/wxtv/wxtv.stream/playlist.m3u8
华藏卫视,https://5ddce30eb4b55.streamlock.net/HZTV/HZTV/playlist.m3u8
悟道法师,https://tw2.amtb.de/liveedge/_definst_/smil:wdmaster.smil/playlist.m3u8
生命电视,https://5ddce30eb4b55.streamlock.net/lifetv/lifetv.stream/playlist.m3u8
华丽台 xyz,http://cdn9.163189.xyz/smt1.1.php?id=Tvbjade
星空卫视频道,http://xhyx.gz.cn:1698/hls/35/index.m3u8
星空卫视频道,http://122.224.58.42:85/tsfile/live/1024_1.m3u8?key=%2A%2A%2A&playlive=1&authid=%2A%2A%2A
香港C+_-频道,http://ottproxy2.ist.ooo/livehls/MOB-U1-NO/03.m3u8
TVB 开,https://vdm6-hw.nbgdsygs.com/live/h6-2.flv
HOY TV,https://cdn.qd.je/163189/hoy
HOY TV,https://cdn.qd.je/163189/hoy2
Astro QJ,https://cdn.qd.je/163189/qj
黄金华剧台(WebVTT字幕),https://cdn.qd.je/163189/hjhjt
凤凰美洲台,http://15611-huge.cdn-o2.me/live/4b1cb29e33/9ea2b8c5e827/500958.ts
KTSF26洛杉磯三藩市,http://38.64.72.148/hls/modn/list/4026/chunklist0.m3u8
KTSF26洛杉磯三藩市,http://38.64.72.148/hls/modn/list/4026/chunklist1.m3u8
KTSF26洛杉磯三藩市,http://38.64.72.148/hls/modn/list/4026/playlist.m3u8
KTSF26洛杉磯三藩市,http://38.64.72.148:80/hls/modn/list/4026/chunklist0.m3u8
KTSF26洛杉磯三藩市,http://38.64.72.148:80/hls/modn/list/4026/chunklist1.m3u8
KTSF26洛杉磯三藩市,http://38.64.72.148:80/hls/modn/list/4026/playlist.m3u8
TVB亞洲劇臺[TVB Asian Select],http://67.220.71.199:2347/livehttpplay?channel_id=13022
香港C+,http://ottproxy2.ist.ooo/livehls/MOB-U1-NO/index.m3u8
HK第一台,https://rthkaudio1-lh.akamaihd.net/i/radio1_1@355864/master.m3u8
HK第二台,https://rthkaudio2-lh.akamaihd.net/i/radio2_1@355865/master.m3u8
香港電台第二台 RTHK Radio 2 – Kowloon HK,https://rthkradio2-live.akamaized.net/hls/live/2040078/radio2/index_64_a.m3u8
星河音乐台,http://stream.hndt.com/live/1061/playlist.m3u8
HK第三台,https://rthkaudio3-lh.akamaihd.net/i/radio3_1@355866/master.m3u8
HK第四台,https://rthkaudio4-lh.akamaihd.net/i/radio4_1@355867/master.m3u8
HK第五台,https://rthkaudio5-lh.akamaihd.net/i/radio5_1@355868/master.m3u8
香港電台第五台 – RTHK Radio 5 – Kowloon HK,https://rthkradio5-live.akamaized.net/hls/live/2040081/radio5/master.m3u8
HK普通话台,https://rthkaudio6-lh.akamaihd.net/i/radiopth_1@355869/master.m3u8
CNR香港之声1-Voice of Hong Kong-Kowloon City,https://rthkradiocnrhk-live.akamaized.net/hls/live/2046111/radiocnrhk/master.m3u8
老澳门直播,https://vdm6-ali.hrypl168.com/live/a6.flv
三立戏剧频道,http://61.221.215.25:8800/hls/41/index.m3u8
纬来精彩频道,http://61.221.215.25:8800/hls/48/index.m3u8
动物星球频道,http://61.221.215.25:8800/hls/57/index.m3u8
中旺電視,http://38.64.72.148/hls/modn/list/4010/chunklist0.m3u8
中旺電視,http://38.64.72.148/hls/modn/list/4010/chunklist1.m3u8
中旺電視,http://38.64.72.148/hls/modn/list/4010/playlist.m3u8
中旺電視,http://38.64.72.148:80/hls/modn/list/4010/chunklist0.m3u8
中旺電視,http://38.64.72.148:80/hls/modn/list/4010/playlist.m3u8
美國城市衛視,http://38.64.72.148/hls/modn/list/4028/chunklist0.m3u8
美國城市衛視,http://38.64.72.148/hls/modn/list/4028/chunklist1.m3u8
美國城市衛視,http://38.64.72.148/hls/modn/list/4028/playlist.m3u8
美國城市衛視,http://38.64.72.148:80/hls/modn/list/4028/chunklist0.m3u8
美國城市衛視,http://38.64.72.148:80/hls/modn/list/4028/chunklist1.m3u8
美國城市衛視,http://38.64.72.148:80/hls/modn/list/4028/playlist.m3u8
博斯網球[BoSi Tennis],http://67.220.71.199:2347/livehttpplay?channel_id=42026
TVBS,http://38.64.72.148:80/hls/modn/list/4005/chunklist1.m3u8
靖远电视台,https://play.kankanlive.com/live/1658390970673988.m3u8
静宁新闻综合,https://play.kankanlive.com/live/1658194434596952.m3u8
星空卫视,http://122.224.58.42:85/tsfile/live/1024_1.m3u8?key=%2A%2A%2A&playlive=1&authid=%2A%2A%2A
华文八套,https://francais-livews.cgtn.com/hls/LSvev95OuFZtKLc6CeKEFYXj220802LSTeV6PO0Ut9r71Uq3k5goCA220802cd/playlist.m3u8
唯心,http://mobile.ccdntech.com/transcoder/_definst_/vod164_Live/live/chunklist_w1177047531.m3u8
台湾|唯心WXTV2,http://61.216.67.119:1935/wxtv/wxtv.stream/playlist.m3u8
华藏卫视,https://5ddce30eb4b55.streamlock.net/HZTV/HZTV/playlist.m3u8
悟道法师,https://tw2.amtb.de/liveedge/_definst_/smil:wdmaster.smil/playlist.m3u8
生命电视,https://5ddce30eb4b55.streamlock.net/lifetv/lifetv.stream/playlist.m3u8
東森中國台,http://38.64.72.148/hls/modn/list/2003/chunklist0.m3u8
東森中國台,http://38.64.72.148/hls/modn/list/2003/chunklist1.m3u8
東森中國台,http://38.64.72.148/hls/modn/list/2003/playlist.m3u8
東森中國台,http://38.64.72.148:80/hls/modn/list/2003/chunklist0.m3u8
東森中國台,http://38.64.72.148:80/hls/modn/list/2003/chunklist1.m3u8
東森中國台,http://38.64.72.148:80/hls/modn/list/2003/playlist.m3u8
東森超視美洲台,http://38.64.72.148/hls/modn/list/2013/chunklist0.m3u8
東森超視美洲台,http://38.64.72.148/hls/modn/list/2013/chunklist1.m3u8
東森超視美洲台,http://38.64.72.148/hls/modn/list/2013/playlist.m3u8
東森美洲衛視,http://38.64.72.148/hls/modn/list/2015/chunklist0.m3u8
東森美洲衛視,http://38.64.72.148/hls/modn/list/2015/chunklist1.m3u8
東森美洲衛視,http://38.64.72.148/hls/modn/list/2015/playlist.m3u8
東森美洲HD,http://38.64.72.148/hls/modn/list/2016/chunklist0.m3u8
東森美洲HD,http://38.64.72.148/hls/modn/list/2016/chunklist1.m3u8
東森美洲HD,http://38.64.72.148/hls/modn/list/2016/playlist.m3u8
漢天衛視,http://38.64.72.148/hls/modn/list/4025/chunklist0.m3u8
漢天衛視,http://38.64.72.148/hls/modn/list/4025/chunklist1.m3u8
漢天衛視,http://38.64.72.148/hls/modn/list/4025/playlist.m3u8
漢天衛視,http://38.64.72.148:80/hls/modn/list/4025/chunklist0.m3u8
漢天衛視,http://38.64.72.148:80/hls/modn/list/4025/chunklist1.m3u8
漢天衛視,http://38.64.72.148:80/hls/modn/list/4025/playlist.m3u8
唯心,https://5ddce30eb4b55.streamlock.net/wxtv/wxtvnow.stream/playlist.m3u8
GOOD2,https://dqhxk7sbp7xog.cloudfront.net/hls-live/goodtv/_definst_/liveevent/live-ch2-2.m3u8
GOOD2,http://live-350k.streamingfast.net/hls-live/goodtv/_definst_/liveevent/live-ch2-1.m3u8
GOODTV,http://live-350k.streamingfast.net/hls-live/goodtv/_definst_/liveevent/live-ch1-1.m3u8
GOODTV,https://dqhxk7sbp7xog.cloudfront.net/hls-live/goodtv/_definst_/liveevent/live-ch1-2.m3u8
GoodTV (1080p),http://mobliestream.c3tv.com:1935/live/goodtv.sdp/playlist.m3u8
东森 AMERICA,http://38.64.72.148:80/hls/modn/list/2015/chunklist1.m3u8
东森 AMERICA,http://38.64.72.148:80/hls/modn/list/2015/chunklist0.m3u8
东森 AMERICA,http://38.64.72.148:80/hls/modn/list/2015/playlist.m3u8
东森美洲 HD,http://38.64.72.148:80/hls/modn/list/2016/chunklist0.m3u8
东森美洲 HD,http://38.64.72.148:80/hls/modn/list/2016/chunklist1.m3u8
东森美洲 HD,http://38.64.72.148:80/hls/modn/list/2016/playlist.m3u8
东森超视 34.5,http://38.64.72.148:80/hls/modn/list/2013/playlist.m3u8
东森超视 34.5,http://38.64.72.148:80/hls/modn/list/2013/chunklist0.m3u8
东森超视 34.5,http://38.64.72.148:80/hls/modn/list/2013/chunklist1.m3u8
爱地球频道,https://stream1.freetv.fun/9b6ac39cf69d7a8710b6ee03009781695b898afb49cb5f98ecea39697016c2f7.m3u8
红牛REDBULL TV,https://rbmn-live.akamaized.net/hls/live/590964/BoRB-AT/master_3360.m3u8
广州南国都市,https://tencentplay.gztv.com/live/nanguodushi.m3u8?txSecret=%2A%2A%2A&txTime=1903e7b17de
耀才财经,https://v3.mediacast.hk/webcast/bshdlive-pc/playlist.m3u8
半岛新闻「阿拉伯」,http://live-hls-web-aja.getaj.net/AJA/02.m3u8?zshijd=
KCTV_광주,http://119.77.96.184:1935/chn05/chn05/chunklist_w1306745753.m3u8
半·新闻,http://live-hls-web-aja.getaj.net/AJA/02.m3u8
俄·IGITV蓝光,http://hls-igi.cdnvideo.ru/igi/igi_hq/playlist.m3u8
法·24台,http://tv.balkanweb.com/news24/livestream/playlist.m3u8
泰·THAIPBS,http://thaipbs-live.cdn.byteark.com/live-en/playlist_720p/index.m3u8
泰·公共三台,http://thaipbs-live.cdn.byteark.com/live/playlist_1080p/index.m3u8
BBS佛教广播,http://bbstv.clouducs.com:1935/bbstv-live/livestream/chunklist_w1403706733.m3u8
泰国 ASTV News 1,http://news1.live14.com/stream/news1_hi.m3u8
朝鲜中央台,http://119.77.96.184:1935/chn05/chn05/chunklist_w644291506.m3u8
新加坡国际,https://d2e1asnsl7br7b.cloudfront.net/7782e205e72f43aeb4a48ec97f66ebbe/index_4.m3u8
新加坡中文台,https://d2e1asnsl7br7b.cloudfront.net/7782e205e72f43aeb4a48ec97f66ebbe/index_4.m3u8?zshijd=
新加坡CNA,https://d2e1asnsl7br7b.cloudfront.net/7782e205e72f43aeb4a48ec97f66ebbe/index.m3u8
CNA新闻,https://d2e1asnsl7br7b.cloudfront.net/7782e205e72f43aeb4a48ec97f66ebbe/index_5.m3u8
tvN,https://d2zyqoz1zsj2mq.cloudfront.net/v1/master/3722c60a815c199d9c0ef36c5b73da68a62b09d1/cc-i9yul1lyegl6e-ssai-prd/6d07fe2a_003a_4879_acfc_44e3c3c10f03/hls/playlist.m3u8?tvN=
tvN,http://154.219.125.7:8088/iptv2026.php?key=%2A%2A%2A&id=tvN
NOW ROCK,https://php.946985.filegear-sg.me/mytv265.php?id=NOWR
NOW 90s00s,https://php.946985.filegear-sg.me/mytv265.php?id=NOW9
Concerto,https://php.946985.filegear-sg.me/mytv265.php?id=CONC
TRACE Urban,https://php.946985.filegear-sg.me/mytv265.php?id=TRUR
韩国Arirang (Opt-1),http://amdlive.ctnd.com.edgesuite.net/arirang_1ch/smil:arirang_1ch.smil/playlist.m3u8
越南ANTVHD,http://antvlive.ab5c6921.cdnviet.com/antv/playlist.m3u8
美国Free IPTV,http://stream.srg-ssr.ch/m/rsj/mp3_128
美国July.12.2018,http://stream.srg-ssr.ch/m/rsc_de/mp3_128
美国Red Bull TV SD,http://rbmn-live.akamaized.net/hls/live/590964/BoRB-AT/master_1660.m3u8
德国Noa 4 Norderstedt,http://hls1.wtnet.de/noa4/apple/wifi6500.m3u8
德国Noa 4 Hamburg,http://hls1.wtnet.de/noa4hh/apple/wifi6500.m3u8
意大利Canale 7,http://wms.shared.streamshow.it:1935/canale7/canale7/live.m3u8
意大利Radio Iglesias,http://wms.shared.streamshow.it/visualradio/mp4:visualradio/chunklist.m3u8
意大利SuperTV,http://wms.shared.streamshow.it:1935/supertv/supertv/live.m3u8
西班牙TeleSafor,http://video.telesafor.com/hls/video_low.m3u8
俄罗斯Astrakhan 24 (Opt-2),http://streaming.astrakhan.ru/astrakhan24/index.m3u8
俄罗斯First Music (Opt-3),http://rtmp.one.by:1200
俄罗斯RBC (Opt-1),http://92.50.128.180/utv/1358/index.m3u8
俄罗斯RBC (Opt-2),http://online.video.rbc.ru/online/rbctv_480p/index.m3u8
俄罗斯RBC (Opt-3),http://online.video.rbc.ru/online/rbctv_576p/index.m3u8
俄罗斯Shanson TV (Opt-1),http://hls.shansontv.cdnvideo.ru/shansontv/smil:shansontv.smil/playlist.m3u8
俄罗斯Shanson TV (Opt-2),http://chanson-video.hostingradio.ru:8080/hls/chansonabr/live.m3u8
俄罗斯TRO Soyuz,http://live2.mediacdn.ru/sr1/tro/playlist.m3u8
波兰TV Kujawy (Opt-1),http://stream.tvkujawy.pl:8080/live/broadcast.m3u8
波兰TV Torun,http://217.173.176.107:1935/live/ngrp:tvk.stream_all/master.m3u8
新西兰Three,http://mediaworks-i.akamaihd.net/hls/live/220435/3812193411001/3news_live/master.m3u8
哥斯达黎加 Extrema TV,http://livestreamcdn.net:1935/ExtremaTV/ExtremaTV/playlist.m3u8
马其顿 Sky Folk TV,http://skyfolk.mk/live.m3u8
乌克兰100% News,http://85.238.112.40:8810/hls_sec/239.33.16.32-.m3u8
捷克Retro (Opt-1),http://stream.mediawork.cz/retrotv/retrotvHQ1/playlist.m3u8
斯洛伐克TV 8,http://109.74.145.11:1935/tv8/mp4:tv8.stream_360p/chunklist_w974670813.m3u8
拉脱维亚RETV,http://edge-telia1.tiesraides.lv/live/retv.lv.1_1/playlist_b1825196.m3u8
拉脱维亚TV Net,http://player.tvnet.lv/stream/amlst:61659/chunklist_w1822312625_b528000_pd892000.m3u8
希腊Ionian Channel,http://stream.ioniantv.gr:8081/ionian/live/playlist.m3u8
伊朗PBC Tapesh TV,http://iptv.tapesh.tv/tapesh/playlist.m3u8
伊拉克 Al Sharqiya,http://ns8.indexforce.com:1935/home/mystream/playlist.m3u8
伊拉克 Sharqiya News,http://ns8.indexforce.com:1935/alsharqiyalive/mystream/playlist.m3u8
英国BBC新闻 美国版,https://d3pxo1qcgzxtxs.cloudfront.net/10005/99951298/hls/playlist.m3u8?ads.xumo_channelId=99951298
天空新闻,https://xumo-drct-skynews-nc91a.fast.nbcuni.com/live/master.m3u8
美国CNN,https://ds2c506obo7m8.cloudfront.net/v1/master/3722c60a815c199d9c0ef36c5b73da68a62b09d1/cc-7zjq3tdqasbg8/index.m3u8
美国CNN 英国版,https://d3fzntptkfpmvg.cloudfront.net/v1/master/3722c60a815c199d9c0ef36c5b73da68a62b09d1/cc-6rc4k0y56fezj/CNNFAST_GB.m3u8
美国Bloomberg,https://d3h4bmiab2fzqu.cloudfront.net/v1/master/3722c60a815c199d9c0ef36c5b73da68a62b09d1/Bloomberg-kr-prod/index.m3u8
俄罗斯RT,https://rt-glb.rttv.com/dvr/rtnews/playlist.m3u8
俄罗斯金砖TV,https://chibrics.mediacdn.ru/cdn/brics/chinese/tracks-v1a1/mono.m3u8
法国France 24,https://amg00106-france24-france24-samsunguk-qvpp8.amagi.tv/playlist/amg00106-france24-france24-samsunguk/playlist.m3u8
日本NHK国际,https://media-osa.hls.nhkworld.jp/hls/w/live/master.m3u8
卡塔尔Al Jazeera 英文,https://live-hls-apps-aje-v3-fa.getaj.net/AJE/index.m3u8
卡特尔Al Jazeera 阿语,http://live-hls-web-aja.getaj.net/AJA/index.m3u8
俄罗斯BRIDGE DELUXE,http://194.143.150.123:8080/udp/239.195.5.213:1234
俄罗斯ЖAPA,http://194.143.150.123:8080/udp/239.195.5.11:1234
美国MTV LIVE,http://23.237.104.106:8080/USA_MTV_LIVE/tracks-v1a1/mono.m3u8
韩国K-POP by CJ ENM,https://dah0tmei2n9kh.cloudfront.net/f4acc9ba_daae_4ed0_b836_32126cead919/hls/chunklist.m3u8
韩国NEW KPOP,https://jmp2.uk/stvp-GB17000088V
荷兰Sol Música,https://d2glyu450vvghm.cloudfront.net/v1/master/3722c60a815c199d9c0ef36c5b73da68a62b09d1/cc-21u4g5cjglv02/sm.m3u8
英国Trace Urban,https://amg01131-tracetv-traceurbanuk-samsunguk-6r213.amagi.tv/ts-eu-w1-n2/playlist/amg01131-tracetv-traceurbanuk-samsunguk/playlist.m3u8
Cinemax,http://23.237.104.106:8080/USA_CINEMAX/tracks-v1a1/mono.m3u8
Cinemax精选,http://23.237.104.106:8080/USA_MOREMAX/mono.m3u8
Cinemax经典,http://23.237.104.106:8080/USA_5STARMAX/tracks-v1a1/mono.m3u8
猫和老鼠轮播,https://live20.bozztv.com/giatvplayout7/giatv-208314/tracks-v1a1/mono.ts.m3u8
尼克少儿,http://23.237.104.106:8080/USA_NICKELODEON/tracks-v1a1/mono.m3u8
BOOMERANG,http://23.237.104.106:8080/USA_BOOMERANG/tracks-v1a1/mono.m3u8
COMEDY CENTRAL,http://23.237.104.106:8080/USA_COMEDY_CENTRAL/tracks-v1a1/mono.m3u8
Discovery,http://23.237.104.106:8080/USA_DISCOVERY/tracks-v1a1/mono.m3u8
Animal lPlanet,http://23.237.104.106:8080/USA_ANIMAL_PLANET/tracks-v1a1/mono.m3u8
BBC Earth,https://amg00793-amg00793c6-xumo-us-2669.playouts.now.amagi.tv/BBCStudios-BBCEarthA-hls/playlist.m3u8
流言终结者,https://d1cgf0ptrv4t22.cloudfront.net/v1/master/3722c60a815c199d9c0ef36c5b73da68a62b09d1/cc-xvoparaodgcw9/Mythbusters_GB.m3u8
美国NBA,http://23.237.104.106:8080/USA_NBA/tracks-v1a1/mono.m3u8
美国NBC体育,https://xumo-xumoent-vc-122-sjv70.fast.nbcuni.com/live/master.m3u8
美国UFC,https://linear-893.frequency.stream/dist/xumo/893/hls/master/playlist.m3u8
十二大美女-爱拼才会赢,https://vdse.bdstatic.com//947888684a9500b7e69c78dd0fd35040.mp4?authorization=%2A%2A%2A&vid=14688132578918791970
十二大美女-歌声恋情,https://vdse.bdstatic.com//7413ea8c0e002b164ffd99fde5182370.mp4?authorization=%2A%2A%2A&vid=16415816302014399182
十二大美女-干一杯,https://vdse.bdstatic.com//b676018dee919644ffc87c7a244eedca.mp4?authorization=%2A%2A%2A&vid=11188405398298939943
十二大美女-无彩我爱你,https://vdse.bdstatic.com//17aceb93dbe94dcfd1982fe03f99d6fd.mp4?authorization=%2A%2A%2A&vid=15442575642667098236
十二大美女-烧酒话,https://vdse.bdstatic.com//bfb7e30301e9ad1c5faf8d7d6e22f182.mp4?authorization=%2A%2A%2A&vid=532754481032104181
十二大美女 爱情的骗子我问你,https://vdse.bdstatic.com//b75dd411ccffd896ed6b59b0ae7c3f76.mp4?authorization=%2A%2A%2A&vid=16626384881931026188
十二大美女-免失志,https://vdse.bdstatic.com//4a5b49cad43b81caa2edc42b56b26569.mp4?authorization=%2A%2A%2A&vid=16455190826790542585
十二大美女-浪子的心情,https://vdse.bdstatic.com//5fc324285dbcefd05d3e91e720db3764.mp4?authorization=%2A%2A%2A&vid=13343181227075835227
十二大美女-欢喜干一杯,https://vdse.bdstatic.com//a0b032d52aabef7d3d02481dfae9066f.mp4?authorization=%2A%2A%2A&vid=16350566780393606006
十二大美女-爱人跟人走,https://vdse.bdstatic.com//e99e6d4b2a92fd54183006f24944824d.mp4?authorization=%2A%2A%2A&vid=156665520060877615
十二大美女 何婉绮初恋,https://vdse.bdstatic.com//88fe509770f41537b66ce101691dd613.mp4?authorization=%2A%2A%2A&vid=14425968552843121691
十二大美女-奋斗的歌手,https://vdse.bdstatic.com//59118c8039313117a8bec2e6e635eeab.mp4?authorization=%2A%2A%2A&vid=14981890922355697963
十二大美女 心花为你开,https://vdse.bdstatic.com//f3333907186707d5ebdff85c26b6895a.mp4?authorization=%2A%2A%2A&vid=17837352199574657495
十二大美女~人生的第一步https://vdse.bdstatic.com//fc9f3d4b03a50a98223a78e79b54bbe7.mp4?authorization=bce-auth-v1%2F40f207e648424f47b2e3dfbb1014b1a5%2F2026-02-06T05%3A52%3A27Z%2F-1%2Fhost%2Fd4011dabf4ae23ea388cbb154f24bd649ce2883149fcf177ca7befd5e278e1da&vid=10887033688777677099
十二大美女天星伴天涯,https://vdse.bdstatic.com//e0e8f7834038699c09f8550ba9559e11.mp4?authorization=%2A%2A%2A&vid=12252885074073708945
十二大美女-最后的探戈,https://vdse.bdstatic.com//b9ef3895d98b53abfbeb4d032e6dd217.mp4?authorization=%2A%2A%2A&vid=16857354027581824780
十二大美女-.修复歌曲,https://vdse.bdstatic.com//0e24446e72ae93b97f7b026097bf05be.mp4?authorization=%2A%2A%2A&vid=12446329619533354686
十二大美女-爱情一阵风,https://vdse.bdstatic.com//5e37b3a54bed836f2d5f58493427ff08.mp4?authorization=%2A%2A%2A&vid=2318966086876078718
酒廊情歌:榕树下,https://vdse.bdstatic.com//dbe5ddb91acf7acb61d09e662d993b74.mp4
酒廊情歌:恰似你的温柔,https://vdse.bdstatic.com//3eb13b19f67f0fba5f8ba65815708459.mp4
酒廊情歌:巧合,https://vdse.bdstatic.com//59b6c53bba9eadf7c0703fee54829857.mp4
酒廊情歌:爱你一万年,https://vdse.bdstatic.com//c0af82d62033a3a755f6d42e2114c2f2.mp4
酒廊情歌:誓言,https://vdse.bdstatic.com//8a7710f88c6230ad4b6d82fe09c45831.mp4
酒廊情歌:美酒加咖啡,https://vdse.bdstatic.com//4f153d098dfd2a11b9b0a354896d95be.mp4
酒廊情歌:秋词,https://vdse.bdstatic.com//baec55d45e7d3219fdeb376dd0f302c9.mp4
酒廊情歌:求你再爱我,https://vdse.bdstatic.com//5dc97e000b48848cadb36f236ef58777.mp4
酒廊情歌:意难忘,https://vdse.bdstatic.com//6b7aca334af0c3c29583a30ba6f0c351.mp4
酒廊情歌:请你放开我,https://vdse.bdstatic.com//8e572ec50645c3e26450d4e2dd78be66.mp4
酒廊情歌:往日的旧梦,https://vdse.bdstatic.com//3656fb157b09adfce39c03f284722f1b.mp4
酒廊情歌:晚风,https://vdse.bdstatic.com//731598617814525329cdf52f003c2783.mp4
酒廊情歌:爱情像气球,https://vdse.bdstatic.com//247ab722a184988b5f9c0afb85ffddab.mp4
酒廊情歌:一曲情未了,https://vdse.bdstatic.com//a0f745fdb8d1e47ccb4f9a6c717a4aef.mp4
酒廊情歌:我不再叹息,https://vdse.bdstatic.com//e0848d4f4fdb5b3e71c4740ba64050c4.mp4
酒廊情歌:黄色的玫瑰,https://vdse.bdstatic.com//1807417472afb96887278561c6347bc9.mp4
酒廊情歌:白兰香,https://vdse.bdstatic.com//99ed9d60b68d7a9763b2a7dc372083f8.mp4
酒廊情歌:真情比酒浓,https://vdse.bdstatic.com//78c3ea9eee9ae792d8182f3281927b4f.mp4
酒廊情歌:爱在夕阳下,https://vdse.bdstatic.com//4165ce9144b385401417dc31980bf6b2.mp4
酒廊情歌:冬恋,https://vdse.bdstatic.com//532ea1b65b88bec3696f434d471619ea.mp4
酒廊情歌:一缕相思情,https://vdse.bdstatic.com//78c488f339b30f9e728eded58a33294c.mp4
酒廊情歌:爱不是占有,https://vdse.bdstatic.com//8b6256021e7567c22d30233b994eb392.mp4
酒廊情歌:人儿不能留,https://vdse.bdstatic.com//cf0cd5537817e990605fc3da8ce1b4be.mp4
酒廊情歌:爱情长跑,https://vdse.bdstatic.com//c0fa59f0d5007551d157d39120fccea9.mp4
酒廊情歌:夜空,https://vdse.bdstatic.com//eb3aa9d59b5aece8dbd56f6aa144d12d.mp4
酒廊情歌:泪洒爱河桥,https://vdse.bdstatic.com//b1e66a7251cb25547c362076b58dce06.mp4
酒廊情歌:梦难留,https://vdse.bdstatic.com//90b3ab3b3ee5006c803e309afe0af060.mp4
CGTN,http://gslbserv.itv.cmvideo.cn:80/1.m3u8?channel-id=ystenlive&Contentid=1000000002000009569&livemode=1&stbId=yu&mode=1&%244M=
CGTN,https://0472.org/hls/cgtn.m3u8
CGTN记录,http://gslbserv.itv.cmvideo.cn:80/1.m3u8?channel-id=ystenlive&Contentid=8428799834696888424&livemode=1&stbId=yu&mode=1&%242M=
CGTN记录,https://0472.org/hls/cgtnd.m3u8?3.24.120%3A5140=
CGTN记录,https://0472.org/hls/cgtnd.m3u8
CEC汉语文化,http://play.cec-tv.com.cn/channel/cec-tv1.m3u8
CEC国际旅游,http://play.cec-tv.com.cn/channel/cec-tv2.m3u8
CEC国际教育,http://play.cec-tv.com.cn/channel/cec-tv3.m3u8
CEC国际健康,http://play.cec-tv.com.cn/channel/cec-tv4.m3u8
内蒙古视,http://m.061899.xyz/mg/nmgws
黑龙江视,http://m.061899.xyz/mg/hljws
咪咕体育,http://m.061899.xyz/mg/mgty
东方纪实,http://m.061899.xyz/mg/xjs
红色轮播,http://m.061899.xyz/mg/hslb
金色剧场,http://m.061899.xyz/mg/jsjc
乡村振兴,http://m.061899.xyz/mg/xczx
CGTN纪录,https://english-livetx.cgtn.com/hls/yypdjlctzb_hd.m3u8
卡酷卡通,http://221.7.175.154:8445/tsfile/live/1015_1.m3u8?key=%2A%2A%2A&playlive=1&authid=%2A%2A%2A
cct4欧洲,http://go.bkpcp.top/mg/cctv4o
cct4美洲,http://go.bkpcp.top/mg/cctv4m
黑龙江视,http://go.bkpcp.top/mg/hljws
央视精品,http://107.150.60.122/live/ysjp.m3u8
央视精品,http://38.75.136.137:98/gslb/dsdqpub/ysjp.m3u8?auth=%2A%2A%2A
央视精品,https://live.264788.xyz/channel/yangshiwenhuajingpin?streamid=bc185d1ef1e528922e83efd845006277&livekey=01WgOR41rriMmMkzNsd0UoaxJRwetZdxIvtVk
央视精品,http://183.11.239.36:808/hls/97/index.m3u8
卫生健康,https://live.264788.xyz/channel/weishengjiankang?streamid=bc185d1ef1e528922e83efd845006277&livekey=01WgOR41rriMmMkzNsd0UoaxJRwetZdxIvtVk
卫生健康,http://107.150.60.122/live/wsjk.m3u8
卫生健康,http://38.75.136.137:98/gslb/dsdqpub/wsjk.m3u8?auth=%2A%2A%2A
卫生健康,http://tonyk.56301232.xyz:3477/rtp/239.37.0.229:5540
国学频道,http://38.75.136.137:98/gslb/dsdqpub/gxpd.m3u8?auth=%2A%2A%2A
大湾区卫视(国际版),http://38.75.136.137:98/gslb/dsdqpub/gdgj.m3u8?auth=%2A%2A%2A
广东移动,http://38.75.136.137:98/gslb/dsdqpub/gdyd.m3u8?auth=%2A%2A%2A
广东4K超高清,http://38.75.136.137:98/gslb/dsdqpub/gdtvs3.m3u8?auth=%2A%2A%2A
广西移动,http://38.75.136.137:98/gslb/dsdqpub/gxyd.m3u8?auth=%2A%2A%2A
天津影视,http://38.75.136.137:98/gslb/dsdqpub/tjtv3.m3u8?auth=%2A%2A%2A
天津教育,http://38.75.136.137:98/gslb/dsdqpub/tjtv6.m3u8?auth=%2A%2A%2A
林正英影院,http://38.75.136.137:98/gslb/dsdqpub/lblzy.m3u8?auth=%2A%2A%2A
邵氏电影,http://38.75.136.137:98/gslb/dsdqpub/lbssdy.m3u8?auth=%2A%2A%2A
邵氏动作,http://38.75.136.137:98/gslb/dsdqpub/lbssdz.m3u8?auth=%2A%2A%2A
邵氏武侠,http://38.75.136.137:98/gslb/dsdqpub/lbsswx.m3u8?auth=%2A%2A%2A
邵氏喜剧,http://38.75.136.137:98/gslb/dsdqpub/lbssxj.m3u8?auth=%2A%2A%2A
周润发电影,http://38.75.136.137:98/gslb/dsdqpub/lbzrf.m3u8?auth=%2A%2A%2A
cctv5p,http://38.75.136.137:98/gslb/dsdqbv/cctv5p.m3u8?auth=%2A%2A%2A
浙江4K,http://rihou.cc:555/tv/浙江卫视4K
广东4K,http://rihou.cc:555/tv/广东卫视4K
四川4K,http://rihou.cc:555/tv/四川卫视4K
山东4K,http://rihou.cc:555/tv/山东卫视
河南4K,http://rihou.cc:555/tv/河南卫视4K
浙江4k,http://ddns.xryo.cn:8888/udp/239.111.205.65:5140
广东4k,http://ddns.xryo.cn:8888/udp/239.111.205.103:5140
山东4k,http://ddns.xryo.cn:8888/udp/239.111.205.66:5140
四川4k,http://ddns.xryo.cn:8888/udp/239.111.205.62:5140
浙江卫视4K,https://bd-xwl.cztv.com/live/channel4k2160p.m3u8
浙江卫视4K,http://ali-xwl.cztv.com/live/channel4k2160p.m3u8
广东4K,http://ikuai.haleeyo.cn:9003/udp/239.77.0.27:5146
浙江4k,http://ddns.xryo.cn:8888/udp/239.111.205.65:5140
广东4k,http://ddns.xryo.cn:8888/udp/239.111.205.103:5140
山东4k,http://ddns.xryo.cn:8888/udp/239.111.205.66:5140
四川4k,http://ddns.xryo.cn:8888/udp/239.111.205.62:5140
广东卫视4K,http://58.37.29.210:9001/rtp/233.18.204.218:5140
山东卫视4K,http://58.37.29.210:9001/rtp/233.18.204.228:5140
四川卫视4K,http://58.37.29.210:9001/rtp/233.18.204.225:5140
浙江卫视4K,http://58.37.29.210:9001/rtp/233.18.204.229:5140
欢笑剧场4K,http://58.37.29.210:9001/rtp/233.18.204.115:5140
欢笑剧场4K,http://58.37.29.210:9001/rtp/233.18.204.205:5140
BesTV4K动画,http://58.37.29.210:9001/rtp/233.18.204.171:5140
BesTV4K电影,http://58.37.29.210:9001/rtp/233.18.204.169:5140
BesTV4K记录,http://58.37.29.210:9001/rtp/233.18.204.170:5140
天翼高清4K,http://58.37.29.210:9001/rtp/233.18.204.201:5140
四川卫视4KHD,http://58.37.29.210:9001/rtp/233.18.204.99:5140
广东卫视4K,http://218.81.49.34:10010/rtp/233.18.204.218:5140
山东卫视4K,http://218.81.49.34:10010/rtp/233.18.204.228:5140
四川卫视4K,http://218.81.49.34:10010/rtp/233.18.204.225:5140
浙江卫视4K,http://218.81.49.34:10010/rtp/233.18.204.229:5140
欢笑剧场4K,http://218.81.49.34:10010/rtp/233.18.204.115:5140
欢笑剧场4K,http://218.81.49.34:10010/rtp/233.18.204.205:5140
BesTV4K动画,http://218.81.49.34:10010/rtp/233.18.204.171:5140
BesTV4K电影,http://218.81.49.34:10010/rtp/233.18.204.169:5140
BesTV4K记录,http://218.81.49.34:10010/rtp/233.18.204.170:5140
天翼高清4K,http://218.81.49.34:10010/rtp/233.18.204.201:5140
四川卫视4KHD,http://218.81.49.34:10010/rtp/233.18.204.99:5140
真4K,http://183.220.20.17:4321/rtp/239.11.0.122:5140
真4K,http://183.222.15.202:4321/rtp/239.11.0.122:5140
广东卫视4K,http://183.47.2.156:16883/udp/239.77.0.65:5146
广东卫视4K,http://183.47.2.156:16883/udp/239.77.0.66:5146
浙江卫视4K,http://183.47.2.156:16883/udp/239.77.0.58:5146
四川卫视4K,http://183.47.2.156:16883/udp/239.77.0.60:5146
山东卫视4K,http://183.47.2.156:16883/udp/239.77.0.61:5146
广东综艺4K,http://183.47.2.156:16883/udp/239.77.0.252:5146
广东4K超高清,http://183.47.2.156:16883/udp/239.77.0.245:5146
广东4K超高清,http://183.47.2.156:16883/udp/239.77.1.237:5146
广东4K超高清,http://183.47.2.156:16883/udp/239.77.0.244:5146
广东卫视4K,http://59.35.185.47:8188/udp/239.77.0.65:5146
广东卫视4K,http://59.35.185.47:8188/udp/239.77.0.66:5146
浙江卫视4K,http://59.35.185.47:8188/udp/239.77.0.58:5146
四川卫视4K,http://59.35.185.47:8188/udp/239.77.0.60:5146
山东卫视4K,http://59.35.185.47:8188/udp/239.77.0.61:5146
广东综艺4K,http://59.35.185.47:8188/udp/239.77.0.252:5146
广东4K超高清,http://59.35.185.47:8188/udp/239.77.0.245:5146
广东4K超高清,http://59.35.185.47:8188/udp/239.77.1.237:5146
广东4K超高清,http://59.35.185.47:8188/udp/239.77.0.244:5146
广东卫视4K,http://218.94.90.74:57585/rtp/239.49.1.26:8000
广东卫视4K,http://218.94.90.74:57585/rtp/239.49.1.24:8000
欢笑剧场4K,http://218.94.90.74:57585/rtp/239.49.8.106:8000
山东卫视4K,http://218.94.90.74:57585/rtp/239.49.1.72:8000
四川卫视4K,http://218.94.90.74:57585/rtp/239.49.1.66:8000
浙江卫视4K,http://218.94.90.74:57585/rtp/239.49.1.64:8000
广东卫视4K,http://222.95.12.2:4022/rtp/239.49.1.26:8000
广东卫视4K,http://222.95.12.2:4022/rtp/239.49.1.24:8000
欢笑剧场4K,http://222.95.12.2:4022/rtp/239.49.8.106:8000
山东卫视4K,http://222.95.12.2:4022/rtp/239.49.1.72:8000
四川卫视4K,http://222.95.12.2:4022/rtp/239.49.1.66:8000
浙江卫视4K,http://222.95.12.2:4022/rtp/239.49.1.64:8000
北京IPTV4K超清,http://222.128.26.62:4001/rtp/239.3.1.249:8001
北京IPTV4K超清,http://114.254.185.98:8099/rtp/239.3.1.249:8001
广东卫视4K,http://182.135.66.163:18888/rtp/239.94.0.114:5140
山东卫视4K,http://182.135.66.163:18888/rtp/239.94.0.120:5140
四川卫视4K,http://182.135.66.163:18888/rtp/239.94.0.115:5140
浙江卫视4K,http://182.135.66.163:18888/rtp/239.94.0.118:5140
欢笑剧场4K,http://182.135.66.163:18888/rtp/239.94.1.176:5140
4K少儿,http://182.135.66.163:18888/rtp/239.94.1.70:5140
4K纪实,http://182.135.66.163:18888/rtp/239.94.1.69:5140
4K视界,http://182.135.66.163:18888/rtp/239.94.1.60:5140
天翼高清4K,http://182.135.66.163:18888/rtp/239.94.2.40:5140
天翼高清4K,http://182.135.66.163:18888/rtp/239.94.2.41:5140
广东卫视4K,http://182.135.66.163:1888/rtp/239.94.0.114:5140
山东卫视4K,http://182.135.66.163:1888/rtp/239.94.0.120:5140
四川卫视4K,http://182.135.66.163:1888/rtp/239.94.0.115:5140
浙江卫视4K,http://182.135.66.163:1888/rtp/239.94.0.118:5140
欢笑剧场4K,http://182.135.66.163:1888/rtp/239.94.1.176:5140
4K少儿,http://182.135.66.163:1888/rtp/239.94.1.70:5140
4K纪实,http://182.135.66.163:1888/rtp/239.94.1.69:5140
4K视界,http://182.135.66.163:1888/rtp/239.94.1.60:5140
天翼高清4K,http://182.135.66.163:1888/rtp/239.94.2.40:5140
天翼高清4K,http://182.135.66.163:1888/rtp/239.94.2.41:5140
广州南国频道,http://tencentplaygzrb01.gztv.com/live/nanguodushi.m3u8
湛江新闻综合,http://gbtv-rtmp-self.zjwtv.com/zjtv/zhpd.m3u8
广州南国都市,https://tencentplay.gztv.com/live/nanguodushi.m3u8?txSecret=%2A%2A%2A&txTime=1903e7b17de
韶关综合,https://www.sgmsw.cn/videos/tv/201805/1308/SB05RIYZOU8JR418AUQOF62CAJQ08D0E/hls/live.m3u8
鄂托克旗电视台,http://110.19.181.138:10080/hls/F509Rh7GR/F509Rh7GR_live.m3u8
福州新闻,http://live.zohi.tv/video/s10001-fztv-1/index.m3u8
富宁电视台,http://m3u8.channel.wsrtv.com.cn/cms/videos/nmip-media/channellive/channel13/playlist.m3u8
高邮一套新闻综合频道,http://gaoyou-tv-hls.cm.jstv.com/gaoyou-tv/gaoyouxw.m3u8
广安新闻综合频道,http://live1.gatv.com.cn:85/live/XWZH.m3u8
广州南国都市频道,https://tencentplay.gztv.com/live/nanguodushi.m3u8?txSecret=%2A%2A%2A&txTime=19182c0a3f6
金湖新闻综合,http://jinhu-tv-hls.cm.jstv.com/jinhu-tv/jinhuzh.m3u8?zjiangsd=
金华东阳综合,http://l.cztvcloud.com/channels/lantian/SXdongyang1/720p.m3u8
荆门公共频道,http://stream.jmtv.com.cn/ngpd/sd/live.m3u8
荆门教育频道,http://stream.jmtv.com.cn/ggsh/sd/live.m3u8
丽水青田综合,http://l.cztvcloud.com/channels/lantian/SXqingtian1/720p.m3u8
丽水松阳综合,http://l.cztvcloud.com/channels/lantian/SXsongyang1/720p.m3u8
丽水遂昌综合,http://l.cztvcloud.com/channels/lantian/SXsuichang1/720p.m3u8
丽水云和综合,http://l.cztvcloud.com/channels/lantian/SXyunhe1/720p.m3u8
临平新闻综合频道,http://l.cztvcloud.com/channels/lantian/SXyuhang2/720p.m3u8
泸州公共频道,http://m3u8.channel.luzhoubs.com/nmip-media/channellive/channel102221/playlist.m3u8
泸州科教频道,http://m3u8.channel.luzhoubs.com/nmip-media/channellive/channel103074/playlist.m3u8
面包台,https://video.bread-tv.com:8091/hls-live24/online/index.m3u8
宁波象山综合,http://l.cztvcloud.com/channels/lantian/SXxiangshan1/720p.m3u8
宁波余姚生活,http://l.cztvcloud.com/channels/lantian/SXyuyao2/720p.m3u8
宁波余姚综合,http://l.cztvcloud.com/channels/lantian/SXyuyao1/720p.m3u8
淇县电视台,http://tvpull.dxhmt.cn:9081/tv/10622-1.m3u8
衢州开化综合,http://l.cztvcloud.com/channels/lantian/SXkaihua1/720p.m3u8
衢州龙游生活,https://l.cztvcloud.com/channels/lantian/SXlongyou2/720p.m3u8
汝阳综合频道,http://tvpull.dxhmt.cn:9081/tv/10326-1.m3u8
万州科教频道,http://123.146.162.24:8017/Cz7WPb8/800/live.m3u8
万州影视文艺频道,http://123.146.162.24:8017/d4ceB1a/1000/live.m3u8
文山公共频道,http://m3u8.channel.wsrtv.com.cn/cms/videos/nmip-media/channellive/channel8/playlist.m3u8
西畴电视台,http://m3u8.channel.wsrtv.com.cn/cms/videos/nmip-media/channellive/channel11/playlist.m3u8
新安电视台综合频道,http://tvpull.dxhmt.cn/tv/10323-1.m3u8
新加坡国际,https://d2e1asnsl7br7b.cloudfront.net/7782e205e72f43aeb4a48ec97f66ebbe/index_4.m3u8
新加坡中文台,https://d2e1asnsl7br7b.cloudfront.net/7782e205e72f43aeb4a48ec97f66ebbe/index_4.m3u8?zshijd=
烟台影视频道,http://live.yantaitv.cn/live/e9f1d9045d474c31884d13fa4ffbbd16/a4a9b3704d854756907845107cc56129-1.m3u8
余杭未来频道,http://l.cztvcloud.com/channels/lantian/SXyuhang3/720p.m3u8
镇江民生,http://zjtv-wshls.homecdn.com/live/2aa16.m3u8
湘潭公共频道,http://live.hnxttv.com:9601/live/dspd/800K/tzwj_video.m3u8
湘潭公共频道,http://live.hnxttv.com:9601/live/dspd/800K/tzwj_video.m3u8?zhund=
湖北公共新闻,http://www.zyhfm.com:8088/rtp/239.69.1.40:9880
黄陂新闻,http://livehprm.hptv.com.cn/zbpd/sd/live.m3u8
十堰经济,https://p8.vzan.com/slowlive/701367497774448672/live.m3u8
荆门教育,http://stream.jmtv.com.cn/ggsh/sd/live.m3u8
湖北公共新闻,http://kkk.888.3116598.xyz/api.php?n=ghbzhx&id=5d8Iyz&tk=YGJeCMRBQ0DY
CCTV17农业农村,http://113.120.243.155:7788/673168256
CGTN,http://113.120.243.155:7788/609017205
赛事最经典,http://113.120.243.155:7788/646596895
体坛名栏汇,http://113.120.243.155:7788/629943305
24小时城市联赛轮播台,http://113.120.243.155:7788/915512915
武术世界,http://113.120.243.155:7788/958475359
上视东方影视,http://113.120.243.155:7788/617290047
公共新闻频道,http://113.120.243.155:7788/626064693
财富天下,http://113.120.243.155:7788/956923159
建党105周年巡礼,http://113.120.243.155:7788/713600957
和美乡途轮播台,http://113.120.243.155:7788/713591450
南方影视,http://113.120.243.155:7788/614961829
中华特产,http://113.120.243.155:7788/959986618
国产凌凌漆,https://c1.rrcdnbf2.com/video/guochanlinglingqi/HD国语/index.m3u8
大内密探零零发,https://p.bvvvvvvvvv1f.com/video/daneimitanlinglingfa/HD国语/index.m3u8
鹿鼎记2:神龙教,https://vip.ffzy-play7.com/20230101/10739_492582b8/2000k/hls/mixed.m3u8
鹿鼎记2:神龙教,https://ukzy.ukubf4.com/20220404/gfSdtuvX/index.m3u8
济公,https://c1.rrcdnbf3.com/video/jigong/HD国语/index.m3u8
大话西游之大圣娶亲,https://p.bvvvvvvvvv1f.com/video/dahuaxiyouzhidashengquqin/HD国语/index.m3u8
大话西游之月光宝盒,https://p.bvvvvvvvvv1f.com/video/dahuaxiyouzhiyueguangbaohe/HD国语/index.m3u8
审死官,https://ukzy.ukubf4.com/20220407/OxgWrcNR/index.m3u8
审死官,https://c1.rrcdnbf6.com/video/shensiguan/HD国语/index.m3u8
九品芝麻官,https://vip.ffzy-play6.com/20221205/9996_68ad8079/3000k/hls/mixed.m3u8
九品芝麻官,https://ukzy.ukubf4.com/20220407/CQI7owSE/index.m3u8
唐伯虎点秋香,https://c1.rrcdnbf2.com/video/tangbohudianqiuxiang/HD国语/index.m3u8
唐伯虎点秋香,https://ukzy.ukubf4.com/20220407/wnsgZzX9/index.m3u8
武状元苏乞儿,https://vip.ffzy-play7.com/20221112/3309_a8fac958/2000k/hls/mixed.m3u8
武状元苏乞儿,https://p.bvvvvvvvvv1f.com/video/wuzhuangyuansuqier/HD国语/index.m3u8
逃学威龙1,https://c1.rrcdnbf2.com/video/taoxueweilong/HD国语/index.m3u8
逃学威龙1,https://vip.ffzy-play6.com/20221112/6099_f4649b91/3000k/hls/mixed.m3u8
逃学威龙2,https://c1.rrcdnbf2.com/video/taoxueweilong2/HD国语/index.m3u8
逃学威龙2,https://vip.ffzy-play6.com/20221112/6101_3ea56df6/3000k/hls/mixed.m3u8
逃学威龙3之龙过鸡年,https://c1.rrcdnbf2.com/video/taoxueweilong3zhilongguojinian/HD国语/index.m3u8
逃学威龙3之龙过鸡年,https://vip.ffzy-play6.com/20221112/6103_d6c1afdb/3000k/hls/mixed.m3u8
逃学英雄传,https://c1.rrcdnbf2.com/video/taoxueyingxiongchuan/HD国语/index.m3u8
逃学英雄传,https://vip.ffzy-play7.com/20221209/9162_6cf398aa/2000k/hls/mixed.m3u8
整蛊专家,https://p.bvvvvvvvvv1f.com/video/zhengguzhuanjia/HD国语/index.m3u8
百变星君,https://p.bvvvvvvvvv1f.com/video/baibianxingjun/HD国语/index.m3u8
新精武门1991,https://c1.rrcdnbf2.com/video/xinjingwumen1991/HD国语/index.m3u8
龙的传人,https://p.bvvvvvvvvv1f.com/video/longdechuanren/HD国语/index.m3u8
霹雳先锋,https://p.bvvvvvvvvv1f.com/video/pilixianfeng/HD国语/index.m3u8
咖喱辣椒,https://ukzy.ukubf4.com/20220407/2mftU655/index.m3u8
赌圣,https://c1.ddbbffcdn.com/video/dusheng1990/HD国语/index.m3u8
赌侠,https://p.bvvvvvvvvv1f.com/video/duxia/HD国语%E7%89%88/index.m3u8
千王之王,https://ukzy.ukubf4.com/20220331/8qlDdjip/index.m3u8
食神,https://c1.rrcdnbf3.com/video/shishen/HD国语/index.m3u8
少林足球,https://c1.ddbbffcdn.com/video/shaolinzuqiu/HD国语/index.m3u8
长江七号,https://p.bvvvvvvvvv1f.com/video/changjiangqihao/HD国语/index.m3u8
喜剧之王,https://c1.rrcdnbf2.com/video/xijuzhiwang1999/HD国语/index.m3u8
荒野求生其他,http://cfss.cc/cdn/huya/593667.flv
野行者其他,http://cfss.cc/cdn/huya/20072663.flv
跳舞其他,http://cfss.cc/cdn/huya/24634408.flv
茶啊二中动画,http://cfss.cc/cdn/huya/11213191.flv
哆啦A梦动漫,http://cfss.cc/cdn/huya/11601963.flv
航海王动漫,http://cfss.cc/cdn/huya/16913382.flv
七龙珠动漫,http://cfss.cc/cdn/huya/11601966.flv
猫和老鼠动漫,http://cfss.cc/cdn/huya/11352879.flv
中华小当家动漫,http://cfss.cc/cdn/huya/11342413.flv
新水浒传,http://cfss.cc/cdn/huya/11342384.flv
神探狄仁杰第一部,http://cfss.cc/cdn/huya/11352958.flv
神探狄仁杰第三部,http://cfss.cc/cdn/huya/11342425.flv
倚天屠龙记,http://cfss.cc/cdn/huya/11342403.flv
铁齿铜牙纪晓岚,http://cfss.cc/cdn/huya/11342396.flv
亮剑,http://cfss.cc/cdn/huya/30080238.flv
士兵突击,http://cfss.cc/cdn/huya/11342430.flv
康熙王朝,http://cfss.cc/cdn/huya/11352940.flv
鬼吹灯之精绝古城,http://cfss.cc/cdn/huya/11352871.flv
鬼吹灯之怒晴湘西,http://cfss.cc/cdn/huya/11602075.flv
鬼吹灯之龙岭迷窟,http://cfss.cc/cdn/huya/29465863.flv
鬼吹灯之云南虫谷,http://cfss.cc/cdn/huya/11352898.flv
雪豹,http://cfss.cc/cdn/huya/29580970.flv
陈情令,http://cfss.cc/cdn/huya/29465862.flv
哆啦A梦,http://cfss.cc/cdn/huya/11601963.flv
古天乐电影,http://cfss.cc/cdn/huya/29982675.flv
狄仁杰系列,http://cfss.cc/cdn/huya/30080229.flv
士兵突击,http://cfss.cc/cdn/huya/11342430.flv
倚天屠龙记,http://cfss.cc/cdn/huya/11342403.flv
铁齿铜牙纪晓岚,http://cfss.cc/cdn/huya/11342396.flv
康熙王朝,http://cfss.cc/cdn/huya/11352940.flv
陈情令,http://cfss.cc/cdn/huya/29465862.flv
鬼吹灯之精绝古城,http://cfss.cc/cdn/huya/11352871.flv
鬼吹灯之怒晴湘西,http://cfss.cc/cdn/huya/11602075.flv
鬼吹灯之龙岭迷窟,http://cfss.cc/cdn/huya/29465863.flv
鬼吹灯之云南虫谷,http://cfss.cc/cdn/huya/11352898.flv
西游记1,http://cfss.cc/cdn/huya/23728660.flv
寻秦记,http://cfss.cc/cdn/huya/23864973.flv
倚天屠龙记,http://cfss.cc/cdn/huya/23734246.flv
法政先锋,http://cfss.cc/cdn/huya/23863804.flv
使徒行者,http://cfss.cc/cdn/huya/23734256.flv
鉴证实录,http://cfss.cc/cdn/huya/23903183.flv
创世纪,http://cfss.cc/cdn/huya/23749083.flv
大时代,http://cfss.cc/cdn/huya/23865161.flv
野蛮亲家,http://cfss.cc/cdn/huya/23863796.flv
哆啦A梦,http://cfss.cc/cdn/huya/11601963.flv
古天乐电影,http://cfss.cc/cdn/huya/29982675.flv
狄仁杰系列,http://cfss.cc/cdn/huya/30080229.flv
雪豹,http://cfss.cc/cdn/huya/29580970.flv
士兵突击,http://cfss.cc/cdn/huya/11342430.flv
倚天屠龙记,http://cfss.cc/cdn/huya/11342403.flv
铁齿铜牙纪晓岚,http://cfss.cc/cdn/huya/11342396.flv
康熙王朝,http://cfss.cc/cdn/huya/11352940.flv
鬼吹灯之精绝古城,http://cfss.cc/cdn/huya/11352871.flv
鬼吹灯之怒晴湘西,http://cfss.cc/cdn/huya/11602075.flv
鬼吹灯之龙岭迷窟,http://cfss.cc/cdn/huya/29465863.flv
鬼吹灯之云南虫谷,http://cfss.cc/cdn/huya/11352898.flv
家有儿女,http://cfss.cc/cdn/huya/30335591.flv
西游记1,http://cfss.cc/cdn/huya/23728660.flv
寻秦记,http://cfss.cc/cdn/huya/23864973.flv
倚天屠龙记,http://cfss.cc/cdn/huya/23734246.flv
法政先锋,http://cfss.cc/cdn/huya/23863804.flv
使徒行者,http://cfss.cc/cdn/huya/23734256.flv
鉴证实录,http://cfss.cc/cdn/huya/23903183.flv
创世纪,http://cfss.cc/cdn/huya/23749083.flv
大时代,http://cfss.cc/cdn/huya/23865161.flv
野蛮亲家,http://cfss.cc/cdn/huya/23863796.flv
哆啦A梦,http://cfss.cc/cdn/huya/11601963.flv
喜羊羊与灰太狼,http://cfss.cc/cdn/huya/23865080.flv
古天乐电影,http://cfss.cc/cdn/huya/29982675.flv
狄仁杰系列,http://cfss.cc/cdn/huya/30080229.flv
雪豹,http://cfss.cc/cdn/huya/29580970.flv
士兵突击,http://cfss.cc/cdn/huya/11342430.flv
倚天屠龙记,http://cfss.cc/cdn/huya/11342403.flv
铁齿铜牙纪晓岚,http://cfss.cc/cdn/huya/11342396.flv
康熙王朝,http://cfss.cc/cdn/huya/11352940.flv
鬼吹灯之精绝古城,http://cfss.cc/cdn/huya/11352871.flv
鬼吹灯之怒晴湘西,http://cfss.cc/cdn/huya/11602075.flv
鬼吹灯之龙岭迷窟,http://cfss.cc/cdn/huya/29465863.flv
鬼吹灯之云南虫谷,http://cfss.cc/cdn/huya/11352898.flv
乌龙闯情关,http://cfss.cc/cdn/huya/26355767.flv
家有儿女,http://cfss.cc/cdn/huya/30335591.flv
永夜星河,http://cfss.cc/cdn/huya/23734169.flv
柳舟计,http://cfss.cc/cdn/huya/23860039.flv
玫瑰的故事,http://cfss.cc/cdn/huya/23865142.flv
梦中的那片海,http://cfss.cc/cdn/huya/26355765.flv
大秦赋,http://cfss.cc/cdn/huya/23903130.flv
唐诡之西行,http://cfss.cc/cdn/huya/26355763.flv
西游记1,http://cfss.cc/cdn/huya/23728660.flv
寻秦记,http://cfss.cc/cdn/huya/29465848.flv
法政先锋,http://cfss.cc/cdn/huya/23863804.flv
使徒行者,http://cfss.cc/cdn/huya/23734256.flv
鉴证实录,http://cfss.cc/cdn/huya/23903183.flv
创世纪,http://cfss.cc/cdn/huya/29465852.flv
大时代,http://cfss.cc/cdn/huya/23865161.flv
创世纪,http://cfss.cc/cdn/huya/23749083.flv
大时代,http://cfss.cc/cdn/huya/23865161.flv
野蛮亲家,http://cfss.cc/cdn/huya/23863796.flv
哆啦A梦,http://cfss.cc/cdn/huya/11601963.flv
喜羊羊与灰太狼,http://cfss.cc/cdn/huya/23865080.flv
古天乐电影,http://cfss.cc/cdn/huya/29982675.flv
狄仁杰系列,http://cfss.cc/cdn/huya/30080229.flv
雪豹,http://cfss.cc/cdn/huya/29580970.flv
士兵突击,http://cfss.cc/cdn/huya/11342430.flv
倚天屠龙记,http://cfss.cc/cdn/huya/11342403.flv
铁齿铜牙纪晓岚,http://cfss.cc/cdn/huya/11342396.flv
康熙王朝,http://cfss.cc/cdn/huya/11352940.flv
鬼吹灯之精绝古城,http://cfss.cc/cdn/huya/11352871.flv
鬼吹灯之怒晴湘西,http://cfss.cc/cdn/huya/11602075.flv
鬼吹灯之龙岭迷窟,http://cfss.cc/cdn/huya/29465863.flv
鬼吹灯之云南虫谷,http://cfss.cc/cdn/huya/11352898.flv
乌龙闯情关,http://cfss.cc/cdn/huya/26355767.flv
家有儿女,http://cfss.cc/cdn/huya/30335591.flv
永夜星河,http://cfss.cc/cdn/huya/23734169.flv
柳舟计,http://cfss.cc/cdn/huya/23860039.flv
玫瑰的故事,http://cfss.cc/cdn/huya/23865142.flv
梦中的那片海,http://cfss.cc/cdn/huya/26355765.flv
大秦赋,http://cfss.cc/cdn/huya/23903130.flv
唐诡之西行,http://cfss.cc/cdn/huya/26355763.flv
西游记1,http://cfss.cc/cdn/huya/23728660.flv
寻秦记,http://cfss.cc/cdn/huya/29465848.flv
法政先锋,http://cfss.cc/cdn/huya/23863804.flv
使徒行者,http://cfss.cc/cdn/huya/23734256.flv
鉴证实录,http://cfss.cc/cdn/huya/23903183.flv
创世纪,http://cfss.cc/cdn/huya/29465852.flv
大时代,http://cfss.cc/cdn/huya/23865161.flv
放映厅轮播,http://cfss.cc/cdn/huya/11602077.flv
周润发轮播,http://cfss.cc/cdn/huya/11342387.flv
五福星轮播,http://cfss.cc/cdn/huya/11282233.flv
古天乐轮播,http://cfss.cc/cdn/huya/11602041.flv
邱淑贞轮播,http://cfss.cc/cdn/huya/11352949.flv
周海媚轮播,http://cfss.cc/cdn/huya/11279247.flv
吴京轮播,http://cfss.cc/cdn/huya/11602041.flv
海盗轮播,http://cfss.cc/cdn/huya/21059595.flv
救援轮播,http://cfss.cc/cdn/huya/21059594.flv
小鬼头轮播,http://cfss.cc/cdn/huya/11352963.flv
陈翔六点频道,http://cfss.cc/cdn/huya/11274154.flv
不挤影院频道,http://cfss.cc/cdn/huya/11352897.flv
超异能族频道,http://cfss.cc/cdn/huya/21059586.flv
怪兽系列频道,http://cfss.cc/cdn/huya/21059554.flv
杰森斯坦频道,http://cfss.cc/cdn/huya/21059588.flv
寻秦记轮播,http://cfss.cc/cdn/huya/29465848.flv
寻秦记轮播,http://cfss.cc/cdn/huya/29633850.flv
西游记轮播,http://cfss.cc/cdn/huya/29465859.flv
法证先锋频道,http://cfss.cc/cdn/huya/29465861.flv
刑事侦缉频道,http://cfss.cc/cdn/huya/29465856.flv
大唐双龙频道,http://cfss.cc/cdn/huya/29465850.flv
洗冤录轮播,http://cfss.cc/cdn/huya/29465851.flv
创世纪轮播,http://cfss.cc/cdn/huya/29465852.flv
封神榜轮播,http://cfss.cc/cdn/huya/29465849.flv
活佛济公频道,http://cfss.cc/cdn/huya/23903123.flv
倚天屠龙频道,http://cfss.cc/cdn/huya/27834853.flv
鹿鼎记98频道,http://cfss.cc/cdn/huya/26355806.flv
小李飞刀频道,http://cfss.cc/cdn/huya/11342417.flv
水月洞天频道,http://cfss.cc/cdn/huya/21059567.flv
绝代双娇频道,http://cfss.cc/cdn/huya/29465867.flv
风云雄霸频道,http://cfss.cc/cdn/huya/21059612.flv
如懿传轮播,http://cfss.cc/cdn/huya/29465868.flv
芈月传轮播,http://cfss.cc/cdn/huya/11352975.flv
延禧攻略频道,http://cfss.cc/cdn/huya/26355864.flv
王子青蛙频道,http://cfss.cc/cdn/huya/11601964.flv
永夜星河频道,http://cfss.cc/cdn/huya/23734169.flv
玫瑰故事频道,http://cfss.cc/cdn/huya/23865142.flv
漫长季节频道,http://cfss.cc/cdn/huya/11342393.flv
梦华录轮播,http://cfss.cc/cdn/huya/11336590.flv
乌龙院闯频道,http://cfss.cc/cdn/huya/26355767.flv
新楚留香频道,http://cfss.cc/cdn/huya/26355848.flv
新楚留香频道,http://cfss.cc/cdn/huya/23863804.flv
无心法师频道,http://cfss.cc/cdn/huya/30080233.flv
征服轮播,http://cfss.cc/cdn/huya/30311494.flv
龙珠轮播,http://cfss.cc/cdn/huya/10279885.flv
叮当全集频道,http://cfss.cc/cdn/huya/11601963.flv
樱桃小丸频道,http://cfss.cc/cdn/huya/11342394.flv
精绝古城频道,http://cfss.cc/cdn/huya/11352871.flv
怒晴湘西频道,http://cfss.cc/cdn/huya/11602075.flv
龙岭迷窟频道,http://cfss.cc/cdn/huya/29465863.flv
云南虫谷频道,http://cfss.cc/cdn/huya/11352898.flv
亮剑轮播,http://cfss.cc/cdn/huya/30080238.flv
民兵葛二频道,http://cfss.cc/cdn/huya/11602072.flv
我的团长频道,http://cfss.cc/cdn/huya/11352910.flv
铁道游击频道,http://cfss.cc/cdn/huya/11352936.flv
铁梨花轮播,http://cfss.cc/cdn/huya/11352912.flv
康熙微服频道,http://cfss.cc/cdn/huya/11342418.flv
御赐仵作频道,http://cfss.cc/cdn/huya/11352948.flv
新水浒传频道,http://cfss.cc/cdn/huya/11342384.flv
开端轮播,http://cfss.cc/cdn/huya/11342397.flv
神探狄仁频道,http://cfss.cc/cdn/huya/11352958.flv
新三国演频道,http://cfss.cc/cdn/huya/11352944.flv
问心轮播,http://cfss.cc/cdn/huya/11352890.flv
家有儿女频道,http://cfss.cc/cdn/huya/29774370.flv
全职高手频道,http://cfss.cc/cdn/huya/11352901.flv
炊事班的频道,http://cfss.cc/cdn/huya/19524135.flv
医馆笑传频道,http://cfss.cc/cdn/huya/11352891.flv
杨光生活频道,http://cfss.cc/cdn/huya/11602085.flv
陈情令轮播,http://cfss.cc/cdn/huya/29465862.flv
神医喜来频道,http://cfss.cc/cdn/huya/11601978.flv
大宋提刑频道,http://cfss.cc/cdn/huya/26355856.flv
鹊刀门传频道,http://cfss.cc/cdn/huya/29805872.flv
白鹿原轮播,http://cfss.cc/cdn/huya/11342416.flv
长相思轮播,http://cfss.cc/cdn/huya/11336593.flv
你是我的频道,http://cfss.cc/cdn/huya/11352920.flv
一代枭雄频道,http://cfss.cc/cdn/huya/11342398.flv
庆余年轮播,http://cfss.cc/cdn/huya/11352960.flv
铁齿铜牙频道,http://cfss.cc/cdn/huya/11342396.flv
雪中悍刀频道,http://cfss.cc/cdn/huya/11336592.flv
星汉灿烂频道,http://cfss.cc/cdn/huya/11336591.flv
将夜轮播,http://cfss.cc/cdn/huya/11352885.flv
父母爱情频道,http://cfss.cc/cdn/huya/11602071.flv
大染坊轮播,http://cfss.cc/cdn/huya/11602086.flv
地下交通频道,http://cfss.cc/cdn/huya/11342433.flv
邻里一家频道,http://cfss.cc/cdn/huya/11342426.flv
士兵突击频道,http://cfss.cc/cdn/huya/11342430.flv
电视剧一频道,http://cfss.cc/cdn/huya/29465862.flv
电视剧二频道,http://cfss.cc/cdn/huya/11336591.flv
电视剧三频道,http://cfss.cc/cdn/huya/21059563.flv
电视剧四频道,http://cfss.cc/cdn/huya/26355783.flv
电视剧五频道,http://cfss.cc/cdn/huya/11352912.flv
电视剧六频道,http://cfss.cc/cdn/huya/11352936.flv
电视剧七频道,http://cfss.cc/cdn/huya/21059630.flv
电视剧八频道,http://cfss.cc/cdn/huya/26355775.flv
电视剧九频道,http://cfss.cc/cdn/huya/21059594.flv
电视剧十频道,http://cfss.cc/cdn/huya/11336592.flv
电视剧十一道,http://cfss.cc/cdn/huya/11602088.flv
周杰伦精选120首,https://txmov2.a.kwimgs.com/upic/2023/06/18/23/BMjAyMzA2MTgyMzE1MjBfMzQ4MzI0MjA1OF8xMDU4Nzc4MzAzNjZfMF8z_b_B386baa1bb2c0c48626a830ff69393771.mp4
林俊杰精选81首,https://txmov2.a.kwimgs.com/upic/2024/01/09/12/BMjAyNDAxMDkxMjA2MDdfMzQ4MzI0MjA1OF8xMjE2Nzg4Mjk4NTZfMF8z_b_Bc9f7d3b0c4b69136e61d8328a8538bd2.mp4?clientCacheKey=3xajh8b4u5j6uva_b.mp4
潘玮柏精选28首,https://txmov2.a.kwimgs.com/upic/2021/02/18/21/BMjAyMTAyMTgyMTI0MzNfODI4NTk1NTQ0XzQ0NTk2NzM2MDU3XzJfMw==_b_B92f3c6849966ee988590af29cfd9237b.mp4?tag=1-1750435163-std-1-6qxcke5wod-82a7afd374de76aa&clientCacheKey=3xabaxhvbd3me8s_b.mp4
SHE精选40首,https://txmov2.a.kwimgs.com/upic/2023/07/30/19/BMjAyMzA3MzAxOTEyNDhfODI4NTk1NTQ0XzEwOTI2ODgxNTQyOF8yXzM=_b_B1770e5ac950c20cda3df1678ded64cbc.mp4
徐良精选30首,https://alimov2.a.kwimgs.com/upic/2024/05/08/20/BMjAyNDA1MDgyMDAyMjFfMTg1NzcxNTYxOF8xMzE5MDIyNTY0NzNfMl8z_b_B62cb1e50d6a0dea4efc3e6da93662aa4.mp4
许嵩精选30首,https://alimov2.a.kwimgs.com/upic/2020/09/14/21/BMjAyMDA5MTQyMTMzMDdfODI4NTk1NTQ0XzM2MDUzMTE1NjM5XzJfMw==_b_B789c6ea6a87d1b67019f19f16c9f71f7.mp4
汪苏泷精选20首,https://txmov2.a.kwimgs.com/upic/2020/09/30/22/BMjAyMDA5MzAyMjA3NDNfODI4NTk1NTQ0XzM2ODY2MzQxNzg4XzJfMw==_b_Bb726df27e24fda5e4d31b724d84ab8d4.mp4
陶喆精选30首,https://txmov2.a.kwimgs.com/upic/2023/08/06/13/BMjAyMzA4MDYxMzEzMzhfODM0NDUzMTQ2XzEwOTgxMDA2NzAyNF8wXzM=_b_B5e5a6bf1ef67081a9a226a2f6145ea2d.mp4
陈奕迅精选34首,https://txmov2.a.kwimgs.com/upic/2022/12/22/17/BMjAyMjEyMjIxNzM3NDNfMTg1NzcxNTYxOF85MTcyMjE1NDQzNV8yXzM=_b_B16479ab3769c6fcfed15a06b75c2656e.mp4
邓紫棋精选30首,https://txmov2.a.kwimgs.com/upic/2023/05/08/12/BMjAyMzA1MDgxMjIwNTNfMzQ4MzI0MjA1OF8xMDI1NjYyMjM5MDZfMF8z_b_B0675fa55fe8ce0583fb05fa02330e9f1.mp4
薛之谦精选30首,https://txmov2.a.kwimgs.com/upic/2023/07/28/13/BMjAyMzA3MjgxMzUwMzRfODM0NDUzMTQ2XzEwOTA3NjA4NDU2Nl8wXzM=_b_B480250201ec7378867d92e4d29f7a644.mp4
五月天精选37首,https://txmov2.a.kwimgs.com/upic/2021/12/07/23/BMjAyMTEyMDcyMzU2MzBfMjgwMTM4ODFfNjIzMTcwNTU3MTlfMl8z_b_Bd70a16353267a52b31d11f2cb77c6c5b.mp4
蔡依林精选102首,https://txmov2.a.kwimgs.com/upic/2025/06/12/20/BMjAyNTA2MTIyMDUzMjFfNDQzMTI2Mjg0XzE2NjY1MzM5MjYxMV8yXzM=_b_B3bed4c7c1a80388966791d398e318edd.mp4
任然精选20首,https://txmov2.a.kwimgs.com/upic/2020/09/23/14/BMjAyMDA5MjMxNDA1MjFfMTc4NDYxNDcyNl8zNjQ5NDI4NzI1Nl8yXzM=_b_B0f6d5151ab2c346816996328a0b66b78.mp4
张韶涵精选96首,https://txmov2.a.kwimgs.com/upic/2023/04/24/02/BMjAyMzA0MjQwMjA4MDlfMjE0OTExOTI2N18xMDEzNTM2NjA5OTFfMF8z_b_Baa658d527c452cd09e6dc0e9684c1bed.mp4
王心凌精选69首,https://txmov2.a.kwimgs.com/upic/2023/07/26/22/BMjAyMzA3MjYyMjExNTNfMzYxMjUyNDA3MV8xMDg5NTQ4NjE1ODlfMF8z_b_Bdded2693ce6f7de089cfd7030b45bef7.mp4
莫文蔚精选72首,https://txmov2.a.kwimgs.com/upic/2023/07/27/21/BMjAyMzA3MjcyMTQ2MjdfMzYxMjUyNDA3MV8xMDkwMzM1MjA2NTJfMF8z_b_B144de29e473911c6e9187c9d591b8943.mp4
陈慧琳精选30首,https://txmov2.a.kwimgs.com/upic/2025/02/09/20/BMjAyNTAyMDkyMDIzNTVfMTg1NzcxNTYxOF8xNTY0NDk2NjMzNTZfMl8z_b_Bd072695cb8d3a79a9d1ac8cdb5b3b3bc.mp4
蔡健雅精选30首,https://txmov2.a.kwimgs.com/upic/2023/08/18/21/BMjAyMzA4MTgyMTA4MzZfODM0NDUzMTQ2XzExMDgyNTA1MjcwM18wXzM=_b_B0d509c2419313652932c68153a65e4ed.mp4
王杰精选30首,https://txmov2.a.kwimgs.com/upic/2020/09/06/17/BMjAyMDA5MDYxNzU1MjJfMTc4NDYxNDcyNl8zNTYyMjQ2ODIxNl8yXzM=_b_Bc35f6a28c8cf25ea947bc122c176b034.mp4
乔洋精选20首,https://txmov2.a.kwimgs.com/upic/2024/01/05/17/BMjAyNDAxMDUxNzEwMTJfNDQzMTI2Mjg0XzEyMTM5OTg3NTU2MV8yXzM=_b_Bf81e0b3d32a3fe727949531d0929868e.mp4
庄心妍精选44首,https://txmov2.a.kwimgs.com/upic/2023/09/29/09/BMjAyMzA5MjkwOTEzMDVfMjE0OTExOTI2N18xMTM3OTU3ODM3NzFfMF8z_b_B1909889bf55e6af6f994b05596fb589f.mp4
梁静茹精选40首,https://txmov2.a.kwimgs.com/upic/2023/08/06/13/BMjAyMzA4MDYxMzA3MTVfODM0NDUzMTQ2XzEwOTgwOTYwMjQ1OV8wXzM=_b_Bd9c215cb7ac961de3d5db54cb7bffed6.mp4
王力宏精选30首,https://txmov2.a.kwimgs.com/upic/2020/09/30/21/BMjAyMDA5MzAyMTU2NTNfODI4NTk1NTQ0XzM2ODY1NDA2MDM3XzJfMw==_b_Bf61393cb3ef5f8ab4b687ae367ed1211.mp4
孙燕姿精选30首,https://txmov2.a.kwimgs.com/upic/2020/07/15/19/BMjAyMDA3MTUxOTA1MzhfNTAyNzg4MTc0XzMY影视NDIzMzUwMjAyXzJfMw==_b_Bd09b171541ea966fd7a324624cfe6c16.mp4
周深精选72首,https://txmov2.a.kwimgs.com/upic/2023/08/07/21/BMjAyMzA4MDcyMTAzMzZfMzYxMjUyNDA3MV8xMDk5Mjc3MDcwMTFfMF8z_b_B707fdf2100370008b57219d4a1dab568.mp4
颜人中精选36首,https://www.iesdouyin.com/aweme/v1/playwm/?video_id=v0200fg10000d07m1fnog65i93c1s7qg&ratio=720p&line=0
张惠妹精选10首,https://www.iesdouyin.com/aweme/v1/playwm/?video_id=v0200fg10000cpfe9nfog65hhstjqpn0&ratio=720p&line=0
刘若英精选50首,https://www.iesdouyin.com/aweme/v1/playwm/?video_id=v0300fg10000csi2q17og65ogriq3jv0&ratio=720p&line=0
Alin精选16首,https://www.iesdouyin.com/aweme/v1/playwm/?video_id=v0300fg10000cvt3q87og65l7fblbmog&ratio=720p&line=0
杨丞琳精选30首,https://txmov2.a.kwimgs.com/upic/2020/09/20/20/BMjAyMDA5MjAyMDAyMDdfODI4NTk1NTQ0XzM2MzcyMzIwMzYzXzJfMw==_b_B8aa481540d89fe5ec2b3507f8209c663.mp4?tag=1-1750931214-std-1-wz3snqjkat-8298da1fe959ffc7&clientCacheKey=3x8t5k75nb5mzyc_b.mp4&tt=b&di=739f67b1&bp=12681&ali_redirect_ex_hot=66666800&ali_redirect_ex_beacon=1
卓依婷40首,https://txmov2.a.kwimgs.com/bs3/video-hls/5252041701152345508_hlsb.m3u8
姜育恒40首,https://txmov2.a.kwimgs.com/bs3/video-hls/5228116320942620413_hlsb.m3u8
童安格40首,https://txmov2.a.kwimgs.com/bs3/video-hls/5251760219003853218_hlsb.m3u8
魏佳艺40首,https://txmov2.a.kwimgs.com/bs3/video-hls/5226427471582302532_hlsb.m3u8
云朵40首,https://txmov2.a.kwimgs.com/bs3/video-hls/5246412201505505933_hlsb.m3u8
韩宝仪40首,https://txmov2.a.kwimgs.com/bs3/video-hls/5250634324924434598_hlsb.m3u8
王心凌40首,https://txmov2.a.kwimgs.com/bs3/video-hls/5210946351305777158_hlsb.m3u8
金海心38首,https://txmov2.a.kwimgs.com/bs3/video-hls/5202783577818793385_hlsb.m3u8
任贤齐36首,https://txmov2.a.kwimgs.com/bs3/video-hls/5254012023525680703_hlsb.m3u8
陈瑞36首,https://txmov2.a.kwimgs.com/bs3/video-hls/5204472429788093934_hlsb.m3u8
串烧36首,https://txmov2.a.kwimgs.com/bs3/video-hls/5198561450301066675_hlsb.m3u8
林志炫34首,https://txmov2.a.kwimgs.com/bs3/video-hls/5253449075409106514_hlsb.m3u8
经典33首,https://txmov2.a.kwimgs.com/bs3/video-hls/5211790793651941963_hlsb.m3u8
陈淑桦32首,https://txmov2.a.kwimgs.com/bs3/video-hls/5207850128833175307_hlsb.m3u8
林俊杰31首,https://txmov2.a.kwimgs.com/bs3/video-hls/5231212549905475206_hlsb.m3u8
陶喆30首,https://txmov2.a.kwimgs.com/bs3/video-hls/5239938277375381611_hlsb.m3u8
汪明荃30首,https://txmov2.a.kwimgs.com/bs3/video-hls/5202502102851767269_hlsb.m3u8
林忆莲30首,https://txmov2.a.kwimgs.com/bs3/video-hls/5250071375165662691_hlsb.m3u8
腾格尔30首,https://txmov2.a.kwimgs.com/bs3/video-hls/5242471550986018227_hlsb.m3u8
许蒿30首,https://txmov2.a.kwimgs.com/bs3/video-hls/5246693673328160378_hlsb.m3u8
刀郎《山河廖哉》,https://vdse.bdstatic.com//5f006559d60e485ba725c1026772717f.mp4
滚石30周年1,https://vd4.bdstatic.com/mda-pcm3pzs1j2kvmfm9/sc/cae_h264/1679454636577317374/mda-pcm3pzs1j2kvmfm9.mp4
滚石30周年2,https://vd2.bdstatic.com/mda-pcn3qntu84eiy4pc/sc/cae_h264/1679561914049416863/mda-pcn3qntu84eiy4pc.mp4
滚石30周年3,https://vd2.bdstatic.com/mda-pcp3iqdppmthfzci/sc/cae_h264/1679642719825011459/mda-pcp3iqdppmthfzci.mp4
滚石30周年4,https://vd3.bdstatic.com/mda-pcq4butqfxcsjzti/720p/h264/1679713620358576605/mda-pcq4butqfxcsjzti.mp4
滚石30周年5,https://vd2.bdstatic.com/mda-pcrhk948v4pndg1s/sc/cae_h264/1679834952626832748/mda-pcrhk948v4pndg1s.mp4
滚石30周年6,https://vd2.bdstatic.com/mda-pcs5igsua7b9ckm6/sc/cae_h264/1679890569447039341/mda-pcs5igsua7b9ckm6.mp4
滚石30周年7,https://vd2.bdstatic.com/mda-pct3seu4xp05j12h/sc/cae_h264/1679972602825023270/mda-pct3seu4xp05j12h.mp4
滚石30周年8,https://vd3.bdstatic.com/mda-pcu4evdtgnbx20e4/sc/cae_h264/1680071973199685855/mda-pcu4evdtgnbx20e4.mp4
滚石30周年9,https://vd4.bdstatic.com/mda-pcv45r3sh41w18xp/sc/cae_h264/1680145973409946990/mda-pcv45r3sh41w18xp.mp4
滚石30周年10,https://vd2.bdstatic.com/mda-pcwexybyavexzpnp/sc/cae_h264/1680331669243313968/mda-pcwexybyavexzpnp.mp4
滚石30周年11,https://vd2.bdstatic.com/mda-pd1djkedcsd6zf4m/720p/h264/1680428126358674178/mda-pd1djkedcsd6zf4m.mp4
滚石30周年12,https://vd4.bdstatic.com/mda-pd1fyefdw9cy4syj/sc/cae_h264/1680434683296583972/mda-pd1fyefdw9cy4syj.mp4
滚石30周年13,https://vd4.bdstatic.com/mda-pd1pn0se84vp5e76/sc/cae_h264/1680454160874637654/mda-pd1pn0se84vp5e76.mp4
鄂托克旗电视台,http://110.19.181.138:10080/hls/F509Rh7GR/F509Rh7GR_live.m3u8
封丘一套新闻综合频道,http://live.dxhmt.cn:9081/tv/10727-1.m3u8
福州新闻,http://live.zohi.tv/video/s10001-fztv-1/index.m3u8
富宁电视台,http://m3u8.channel.wsrtv.com.cn/cms/videos/nmip-media/channellive/channel13/playlist.m3u8
高邮一套新闻综合频道,http://gaoyou-tv-hls.cm.jstv.com/gaoyou-tv/gaoyouxw.m3u8
广安新闻综合频道,http://live1.gatv.com.cn:85/live/XWZH.m3u8
广州南国都市频道,https://tencentplay.gztv.com/live/nanguodushi.m3u8?txSecret=%2A%2A%2A&txTime=19182c0a3f6
杭州余杭综合,http://l.cztvcloud.com/channels/lantian/SXyuhang1/720p.m3u8
淮滨新闻综合频道,http://live.dxhmt.cn:9081/tv/11527-1.m3u8
获嘉新闻综合频道,http://live.dxhmt.cn:9081/tv/10724-1.m3u8
济源电视台一套,http://live.dxhmt.cn:9081/tv/19001-1.m3u8
建安新闻综合频道,http://live.dxhmt.cn:9081/tv/11003-1.m3u8
金湖新闻综合,http://jinhu-tv-hls.cm.jstv.com/jinhu-tv/jinhuzh.m3u8?zjiangsd=
金华东阳综合,http://l.cztvcloud.com/channels/lantian/SXdongyang1/720p.m3u8
荆门公共频道,http://stream.jmtv.com.cn/ngpd/sd/live.m3u8
荆门教育频道,http://stream.jmtv.com.cn/ggsh/sd/live.m3u8
浚县电视台,http://live.dxhmt.cn:9081/tv/10621-1.m3u8
开封公共频道,http://tvpull.dxhmt.cn:9081/tv/10200-3.m3u8
丽水青田综合,http://l.cztvcloud.com/channels/lantian/SXqingtian1/720p.m3u8
丽水松阳综合,http://l.cztvcloud.com/channels/lantian/SXsongyang1/720p.m3u8
丽水遂昌综合,http://l.cztvcloud.com/channels/lantian/SXsuichang1/720p.m3u8
丽水云和综合,http://l.cztvcloud.com/channels/lantian/SXyunhe1/720p.m3u8
林州新闻综合频道,http://live.dxhmt.cn:9081/tv/10581-1.m3u8
临平新闻综合频道,http://l.cztvcloud.com/channels/lantian/SXyuhang2/720p.m3u8
泸州公共频道,http://m3u8.channel.luzhoubs.com/nmip-media/channellive/channel102221/playlist.m3u8
泸州科教频道,http://m3u8.channel.luzhoubs.com/nmip-media/channellive/channel103074/playlist.m3u8
鲁山新闻综合频道,http://live.dxhmt.cn:9081/tv/10423-1.m3u8
鹿邑综合频道,http://live.dxhmt.cn:9081/tv/11628-1.m3u8
栾川新闻综合频道,http://live.dxhmt.cn:9081/tv/10324-1.m3u8
罗山新闻综合频道,http://live.dxhmt.cn:9081/tv/11521-1.m3u8
孟州新闻综合频道,http://live.dxhmt.cn:9081/tv/10883-1.m3u8
面包台,https://video.bread-tv.com:8091/hls-live24/online/index.m3u8
宁波象山综合,http://l.cztvcloud.com/channels/lantian/SXxiangshan1/720p.m3u8
宁波余姚生活,http://l.cztvcloud.com/channels/lantian/SXyuyao2/720p.m3u8
宁波余姚综合,http://l.cztvcloud.com/channels/lantian/SXyuyao1/720p.m3u8
